
/Users/sabrinapiazza/solara-rover/pico_firmware/src/claw_controllerv3/build/claw_dc.elf:     file format elf32-littlearm

Sections:
Idx Name          Size      VMA       LMA       File off  Algn
  0 .boot2        00000100  10000000  10000000  00001000  2**0
                  CONTENTS, ALLOC, LOAD, READONLY, CODE
  1 .text         00006444  10000100  10000100  00001100  2**3
                  CONTENTS, ALLOC, LOAD, READONLY, CODE
  2 .rodata       000014b8  10006548  10006548  00007548  2**3
                  CONTENTS, ALLOC, LOAD, READONLY, DATA
  3 .binary_info  00000020  10007a00  10007a00  00008a00  2**2
                  CONTENTS, ALLOC, LOAD, READONLY, DATA
  4 .ram_vector_table 000000c0  20000000  20000000  0000a000  2**2
                  ALLOC
  5 .uninitialized_data 00000000  200000c0  200000c0  00009cc0  2**0
                  CONTENTS
  6 .data         00000c00  200000c0  10007a20  000090c0  2**4
                  CONTENTS, ALLOC, LOAD, READONLY, CODE
  7 .tdata        00000000  20000cc0  20000cc0  00009cc0  2**0
                  CONTENTS, ALLOC, LOAD, DATA, THREAD_LOCAL
  8 .tbss         00000000  20000cc0  20000cc0  00000000  2**0
                  ALLOC, THREAD_LOCAL
  9 .bss          00000ef8  20000cc0  10008620  00009cc0  2**3
                  ALLOC
 10 .heap         00000800  20001bb8  10008620  0000abb8  2**2
                  ALLOC, READONLY
 11 .scratch_x    00000000  20040000  20040000  00009cc0  2**0
                  CONTENTS
 12 .scratch_y    00000000  20041000  20041000  00009cc0  2**0
                  CONTENTS
 13 .stack_dummy  00000800  20041000  20041000  0000a000  2**5
                  ALLOC, READONLY
 14 .ARM.attributes 00000028  00000000  00000000  00009cc0  2**0
                  CONTENTS, READONLY
 15 .comment      00000045  00000000  00000000  00009ce8  2**0
                  CONTENTS, READONLY
 16 .debug_info   0002b160  00000000  00000000  00009d2d  2**0
                  CONTENTS, READONLY, DEBUGGING, OCTETS
 17 .debug_abbrev 000081e4  00000000  00000000  00034e8d  2**0
                  CONTENTS, READONLY, DEBUGGING, OCTETS
 18 .debug_loclists 00011ec5  00000000  00000000  0003d071  2**0
                  CONTENTS, READONLY, DEBUGGING, OCTETS
 19 .debug_aranges 000016e0  00000000  00000000  0004ef38  2**3
                  CONTENTS, READONLY, DEBUGGING, OCTETS
 20 .debug_rnglists 0000198d  00000000  00000000  00050618  2**0
                  CONTENTS, READONLY, DEBUGGING, OCTETS
 21 .debug_line   0001b6f2  00000000  00000000  00051fa5  2**0
                  CONTENTS, READONLY, DEBUGGING, OCTETS
 22 .debug_str    00008c62  00000000  00000000  0006d697  2**0
                  CONTENTS, READONLY, DEBUGGING, OCTETS
 23 .debug_frame  00003288  00000000  00000000  000762fc  2**2
                  CONTENTS, READONLY, DEBUGGING, OCTETS
 24 .debug_line_str 00000395  00000000  00000000  00079584  2**0
                  CONTENTS, READONLY, DEBUGGING, OCTETS

/Users/sabrinapiazza/solara-rover/pico_firmware/src/claw_controllerv3/build/claw_dc.elf:     file format elf32-littlearm


Disassembly of section .boot2:

10000000 <__boot2_start__>:
10000000:	4b32b500 	.word	0x4b32b500
10000004:	60582021 	.word	0x60582021
10000008:	21026898 	.word	0x21026898
1000000c:	60984388 	.word	0x60984388
10000010:	611860d8 	.word	0x611860d8
10000014:	4b2e6158 	.word	0x4b2e6158
10000018:	60992100 	.word	0x60992100
1000001c:	61592102 	.word	0x61592102
10000020:	22f02101 	.word	0x22f02101
10000024:	492b5099 	.word	0x492b5099
10000028:	21016019 	.word	0x21016019
1000002c:	20356099 	.word	0x20356099
10000030:	f844f000 	.word	0xf844f000
10000034:	42902202 	.word	0x42902202
10000038:	2106d014 	.word	0x2106d014
1000003c:	f0006619 	.word	0xf0006619
10000040:	6e19f834 	.word	0x6e19f834
10000044:	66192101 	.word	0x66192101
10000048:	66182000 	.word	0x66182000
1000004c:	f000661a 	.word	0xf000661a
10000050:	6e19f82c 	.word	0x6e19f82c
10000054:	6e196e19 	.word	0x6e196e19
10000058:	f0002005 	.word	0xf0002005
1000005c:	2101f82f 	.word	0x2101f82f
10000060:	d1f94208 	.word	0xd1f94208
10000064:	60992100 	.word	0x60992100
10000068:	6019491b 	.word	0x6019491b
1000006c:	60592100 	.word	0x60592100
10000070:	481b491a 	.word	0x481b491a
10000074:	21016001 	.word	0x21016001
10000078:	21eb6099 	.word	0x21eb6099
1000007c:	21a06619 	.word	0x21a06619
10000080:	f0006619 	.word	0xf0006619
10000084:	2100f812 	.word	0x2100f812
10000088:	49166099 	.word	0x49166099
1000008c:	60014814 	.word	0x60014814
10000090:	60992101 	.word	0x60992101
10000094:	2800bc01 	.word	0x2800bc01
10000098:	4700d000 	.word	0x4700d000
1000009c:	49134812 	.word	0x49134812
100000a0:	c8036008 	.word	0xc8036008
100000a4:	8808f380 	.word	0x8808f380
100000a8:	b5034708 	.word	0xb5034708
100000ac:	20046a99 	.word	0x20046a99
100000b0:	d0fb4201 	.word	0xd0fb4201
100000b4:	42012001 	.word	0x42012001
100000b8:	bd03d1f8 	.word	0xbd03d1f8
100000bc:	6618b502 	.word	0x6618b502
100000c0:	f7ff6618 	.word	0xf7ff6618
100000c4:	6e18fff2 	.word	0x6e18fff2
100000c8:	bd026e18 	.word	0xbd026e18
100000cc:	40020000 	.word	0x40020000
100000d0:	18000000 	.word	0x18000000
100000d4:	00070000 	.word	0x00070000
100000d8:	005f0300 	.word	0x005f0300
100000dc:	00002221 	.word	0x00002221
100000e0:	180000f4 	.word	0x180000f4
100000e4:	a0002022 	.word	0xa0002022
100000e8:	10000100 	.word	0x10000100
100000ec:	e000ed08 	.word	0xe000ed08
	...
100000fc:	7a4eb274 	.word	0x7a4eb274

Disassembly of section .text:

10000100 <__VECTOR_TABLE>:
10000100:	20042000 	.word	0x20042000
10000104:	100001f7 	.word	0x100001f7
10000108:	100001cb 	.word	0x100001cb
1000010c:	100001cd 	.word	0x100001cd
10000110:	100001c9 	.word	0x100001c9
10000114:	100001c9 	.word	0x100001c9
10000118:	100001c9 	.word	0x100001c9
1000011c:	100001c9 	.word	0x100001c9
10000120:	100001c9 	.word	0x100001c9
10000124:	100001c9 	.word	0x100001c9
10000128:	100001c9 	.word	0x100001c9
1000012c:	100001cf 	.word	0x100001cf
10000130:	100001c9 	.word	0x100001c9
10000134:	100001c9 	.word	0x100001c9
10000138:	100001d1 	.word	0x100001d1
1000013c:	100001d3 	.word	0x100001d3
10000140:	100001c1 	.word	0x100001c1
10000144:	100001c1 	.word	0x100001c1
10000148:	100001c1 	.word	0x100001c1
1000014c:	100001c1 	.word	0x100001c1
10000150:	100001c1 	.word	0x100001c1
10000154:	100001c1 	.word	0x100001c1
10000158:	100001c1 	.word	0x100001c1
1000015c:	100001c1 	.word	0x100001c1
10000160:	100001c1 	.word	0x100001c1
10000164:	100001c1 	.word	0x100001c1
10000168:	100001c1 	.word	0x100001c1
1000016c:	100001c1 	.word	0x100001c1
10000170:	100001c1 	.word	0x100001c1
10000174:	100001c1 	.word	0x100001c1
10000178:	100001c1 	.word	0x100001c1
1000017c:	100001c1 	.word	0x100001c1
10000180:	100001c1 	.word	0x100001c1
10000184:	100001c1 	.word	0x100001c1
10000188:	100001c1 	.word	0x100001c1
1000018c:	100001c1 	.word	0x100001c1
10000190:	100001c1 	.word	0x100001c1
10000194:	100001c1 	.word	0x100001c1
10000198:	100001c1 	.word	0x100001c1
1000019c:	100001c1 	.word	0x100001c1
100001a0:	100001c1 	.word	0x100001c1
100001a4:	100001c1 	.word	0x100001c1
100001a8:	100001c1 	.word	0x100001c1
100001ac:	100001c1 	.word	0x100001c1
100001b0:	100001c1 	.word	0x100001c1
100001b4:	100001c1 	.word	0x100001c1
100001b8:	100001c1 	.word	0x100001c1
100001bc:	100001c1 	.word	0x100001c1

100001c0 <__unhandled_user_irq>:
100001c0:	f3ef 8005 	mrs	r0, IPSR
100001c4:	3810      	subs	r0, #16

100001c6 <unhandled_user_irq_num_in_r0>:
100001c6:	be00      	bkpt	0x0000

100001c8 <isr_invalid>:
100001c8:	be00      	bkpt	0x0000

100001ca <isr_nmi>:
100001ca:	be00      	bkpt	0x0000

100001cc <isr_hardfault>:
100001cc:	be00      	bkpt	0x0000

100001ce <isr_svcall>:
100001ce:	be00      	bkpt	0x0000

100001d0 <isr_pendsv>:
100001d0:	be00      	bkpt	0x0000

100001d2 <isr_systick>:
100001d2:	be00      	bkpt	0x0000

100001d4 <__default_isrs_end>:
100001d4:	7188ebf2 	.word	0x7188ebf2
100001d8:	10007a00 	.word	0x10007a00
100001dc:	10007a20 	.word	0x10007a20
100001e0:	10000238 	.word	0x10000238
100001e4:	e71aa390 	.word	0xe71aa390

100001e8 <_entry_point>:
100001e8:	481e      	ldr	r0, [pc, #120]	@ (10000264 <data_cpy_table+0x2c>)

100001ea <_enter_vtable_in_r0>:
100001ea:	491f      	ldr	r1, [pc, #124]	@ (10000268 <data_cpy_table+0x30>)
100001ec:	6008      	str	r0, [r1, #0]
100001ee:	c806      	ldmia	r0!, {r1, r2}
100001f0:	f381 8808 	msr	MSP, r1
100001f4:	4710      	bx	r2

100001f6 <_reset_handler>:
100001f6:	481d      	ldr	r0, [pc, #116]	@ (1000026c <data_cpy_table+0x34>)
100001f8:	6800      	ldr	r0, [r0, #0]
100001fa:	2800      	cmp	r0, #0
100001fc:	d001      	beq.n	10000202 <hold_non_core0_in_bootrom+0x4>

100001fe <hold_non_core0_in_bootrom>:
100001fe:	4819      	ldr	r0, [pc, #100]	@ (10000264 <data_cpy_table+0x2c>)
10000200:	e7f3      	b.n	100001ea <_enter_vtable_in_r0>
10000202:	a40d      	add	r4, pc, #52	@ (adr r4, 10000238 <data_cpy_table>)
10000204:	cc0e      	ldmia	r4!, {r1, r2, r3}
10000206:	2900      	cmp	r1, #0
10000208:	d002      	beq.n	10000210 <hold_non_core0_in_bootrom+0x12>
1000020a:	f000 f812 	bl	10000232 <data_cpy>
1000020e:	e7f9      	b.n	10000204 <hold_non_core0_in_bootrom+0x6>
10000210:	4917      	ldr	r1, [pc, #92]	@ (10000270 <data_cpy_table+0x38>)
10000212:	4a18      	ldr	r2, [pc, #96]	@ (10000274 <data_cpy_table+0x3c>)
10000214:	2000      	movs	r0, #0
10000216:	e000      	b.n	1000021a <bss_fill_test>

10000218 <bss_fill_loop>:
10000218:	c101      	stmia	r1!, {r0}

1000021a <bss_fill_test>:
1000021a:	4291      	cmp	r1, r2
1000021c:	d1fc      	bne.n	10000218 <bss_fill_loop>

1000021e <platform_entry>:
1000021e:	4916      	ldr	r1, [pc, #88]	@ (10000278 <data_cpy_table+0x40>)
10000220:	4788      	blx	r1
10000222:	4916      	ldr	r1, [pc, #88]	@ (1000027c <data_cpy_table+0x44>)
10000224:	4788      	blx	r1
10000226:	4916      	ldr	r1, [pc, #88]	@ (10000280 <data_cpy_table+0x48>)
10000228:	4788      	blx	r1
1000022a:	be00      	bkpt	0x0000
1000022c:	e7fd      	b.n	1000022a <platform_entry+0xc>

1000022e <data_cpy_loop>:
1000022e:	c901      	ldmia	r1!, {r0}
10000230:	c201      	stmia	r2!, {r0}

10000232 <data_cpy>:
10000232:	429a      	cmp	r2, r3
10000234:	d3fb      	bcc.n	1000022e <data_cpy_loop>
10000236:	4770      	bx	lr

10000238 <data_cpy_table>:
10000238:	10007a20 	.word	0x10007a20
1000023c:	200000c0 	.word	0x200000c0
10000240:	20000cc0 	.word	0x20000cc0
10000244:	10008620 	.word	0x10008620
10000248:	20040000 	.word	0x20040000
1000024c:	20040000 	.word	0x20040000
10000250:	10008620 	.word	0x10008620
10000254:	20041000 	.word	0x20041000
10000258:	20041000 	.word	0x20041000
1000025c:	00000000 	.word	0x00000000
10000260:	4770      	bx	lr
10000262:	0000      	.short	0x0000
10000264:	00000000 	.word	0x00000000
10000268:	e000ed08 	.word	0xe000ed08
1000026c:	d0000000 	.word	0xd0000000
10000270:	20000cc0 	.word	0x20000cc0
10000274:	20001bb8 	.word	0x20001bb8
10000278:	100033d5 	.word	0x100033d5
1000027c:	100002d5 	.word	0x100002d5
10000280:	10003395 	.word	0x10003395

10000284 <_init>:
10000284:	b5f8      	push	{r3, r4, r5, r6, r7, lr}
10000286:	46c0      	nop			@ (mov r8, r8)

10000288 <register_tm_clones>:
10000288:	4806      	ldr	r0, [pc, #24]	@ (100002a4 <register_tm_clones+0x1c>)
1000028a:	4907      	ldr	r1, [pc, #28]	@ (100002a8 <register_tm_clones+0x20>)
1000028c:	1a09      	subs	r1, r1, r0
1000028e:	108b      	asrs	r3, r1, #2
10000290:	0fc9      	lsrs	r1, r1, #31
10000292:	18c9      	adds	r1, r1, r3
10000294:	b510      	push	{r4, lr}
10000296:	1049      	asrs	r1, r1, #1
10000298:	d003      	beq.n	100002a2 <register_tm_clones+0x1a>
1000029a:	4b04      	ldr	r3, [pc, #16]	@ (100002ac <register_tm_clones+0x24>)
1000029c:	2b00      	cmp	r3, #0
1000029e:	d000      	beq.n	100002a2 <register_tm_clones+0x1a>
100002a0:	4798      	blx	r3
100002a2:	bd10      	pop	{r4, pc}
100002a4:	20000cc0 	.word	0x20000cc0
100002a8:	20000cc0 	.word	0x20000cc0
100002ac:	00000000 	.word	0x00000000

100002b0 <frame_dummy>:
100002b0:	4b05      	ldr	r3, [pc, #20]	@ (100002c8 <frame_dummy+0x18>)
100002b2:	b510      	push	{r4, lr}
100002b4:	2b00      	cmp	r3, #0
100002b6:	d003      	beq.n	100002c0 <frame_dummy+0x10>
100002b8:	4904      	ldr	r1, [pc, #16]	@ (100002cc <frame_dummy+0x1c>)
100002ba:	4805      	ldr	r0, [pc, #20]	@ (100002d0 <frame_dummy+0x20>)
100002bc:	e000      	b.n	100002c0 <frame_dummy+0x10>
100002be:	bf00      	nop
100002c0:	f7ff ffe2 	bl	10000288 <register_tm_clones>
100002c4:	bd10      	pop	{r4, pc}
100002c6:	46c0      	nop			@ (mov r8, r8)
100002c8:	00000000 	.word	0x00000000
100002cc:	20001954 	.word	0x20001954
100002d0:	10006544 	.word	0x10006544

100002d4 <main>:
100002d4:	b5f0      	push	{r4, r5, r6, r7, lr}
100002d6:	46c6      	mov	lr, r8
100002d8:	b500      	push	{lr}
100002da:	f003 f99b 	bl	10003614 <stdio_init_all>
100002de:	2104      	movs	r1, #4
100002e0:	201c      	movs	r0, #28
100002e2:	f000 f86f 	bl	100003c4 <gpio_set_function>
100002e6:	2104      	movs	r1, #4
100002e8:	201b      	movs	r0, #27
100002ea:	f000 f86b 	bl	100003c4 <gpio_set_function>
100002ee:	4b26      	ldr	r3, [pc, #152]	@ (10000388 <main+0xb4>)
100002f0:	22fa      	movs	r2, #250	@ 0xfa
100002f2:	00d2      	lsls	r2, r2, #3
100002f4:	67da      	str	r2, [r3, #124]	@ 0x7c
100002f6:	669a      	str	r2, [r3, #104]	@ 0x68
100002f8:	4a24      	ldr	r2, [pc, #144]	@ (1000038c <main+0xb8>)
100002fa:	2188      	movs	r1, #136	@ 0x88
100002fc:	505a      	str	r2, [r3, r1]
100002fe:	675a      	str	r2, [r3, #116]	@ 0x74
10000300:	4b23      	ldr	r3, [pc, #140]	@ (10000390 <main+0xbc>)
10000302:	681a      	ldr	r2, [r3, #0]
10000304:	2301      	movs	r3, #1
10000306:	0019      	movs	r1, r3
10000308:	4391      	bics	r1, r2
1000030a:	4a22      	ldr	r2, [pc, #136]	@ (10000394 <main+0xc0>)
1000030c:	6011      	str	r1, [r2, #0]
1000030e:	4a22      	ldr	r2, [pc, #136]	@ (10000398 <main+0xc4>)
10000310:	6812      	ldr	r2, [r2, #0]
10000312:	4393      	bics	r3, r2
10000314:	4a21      	ldr	r2, [pc, #132]	@ (1000039c <main+0xc8>)
10000316:	6013      	str	r3, [r2, #0]
10000318:	4821      	ldr	r0, [pc, #132]	@ (100003a0 <main+0xcc>)
1000031a:	f003 f97f 	bl	1000361c <__wrap_puts>
1000031e:	4f21      	ldr	r7, [pc, #132]	@ (100003a4 <main+0xd0>)
10000320:	683a      	ldr	r2, [r7, #0]
10000322:	4b21      	ldr	r3, [pc, #132]	@ (100003a8 <main+0xd4>)
10000324:	4053      	eors	r3, r2
10000326:	041b      	lsls	r3, r3, #16
10000328:	0c1b      	lsrs	r3, r3, #16
1000032a:	4e20      	ldr	r6, [pc, #128]	@ (100003ac <main+0xd8>)
1000032c:	6033      	str	r3, [r6, #0]
1000032e:	4b20      	ldr	r3, [pc, #128]	@ (100003b0 <main+0xdc>)
10000330:	4698      	mov	r8, r3
10000332:	681b      	ldr	r3, [r3, #0]
10000334:	0c1b      	lsrs	r3, r3, #16
10000336:	041b      	lsls	r3, r3, #16
10000338:	4c1e      	ldr	r4, [pc, #120]	@ (100003b4 <main+0xe0>)
1000033a:	6023      	str	r3, [r4, #0]
1000033c:	25fa      	movs	r5, #250	@ 0xfa
1000033e:	00ed      	lsls	r5, r5, #3
10000340:	0028      	movs	r0, r5
10000342:	f000 ff31 	bl	100011a8 <sleep_ms>
10000346:	481c      	ldr	r0, [pc, #112]	@ (100003b8 <main+0xe4>)
10000348:	f003 f968 	bl	1000361c <__wrap_puts>
1000034c:	683b      	ldr	r3, [r7, #0]
1000034e:	041b      	lsls	r3, r3, #16
10000350:	0c1b      	lsrs	r3, r3, #16
10000352:	6033      	str	r3, [r6, #0]
10000354:	4643      	mov	r3, r8
10000356:	681b      	ldr	r3, [r3, #0]
10000358:	0c1b      	lsrs	r3, r3, #16
1000035a:	041b      	lsls	r3, r3, #16
1000035c:	6023      	str	r3, [r4, #0]
1000035e:	2064      	movs	r0, #100	@ 0x64
10000360:	f000 ff22 	bl	100011a8 <sleep_ms>
10000364:	4815      	ldr	r0, [pc, #84]	@ (100003bc <main+0xe8>)
10000366:	f003 f959 	bl	1000361c <__wrap_puts>
1000036a:	683b      	ldr	r3, [r7, #0]
1000036c:	041b      	lsls	r3, r3, #16
1000036e:	0c1b      	lsrs	r3, r3, #16
10000370:	6033      	str	r3, [r6, #0]
10000372:	4643      	mov	r3, r8
10000374:	681a      	ldr	r2, [r3, #0]
10000376:	4b12      	ldr	r3, [pc, #72]	@ (100003c0 <main+0xec>)
10000378:	4053      	eors	r3, r2
1000037a:	0c1b      	lsrs	r3, r3, #16
1000037c:	041b      	lsls	r3, r3, #16
1000037e:	6023      	str	r3, [r4, #0]
10000380:	0028      	movs	r0, r5
10000382:	f000 ff11 	bl	100011a8 <sleep_ms>
10000386:	e7c7      	b.n	10000318 <main+0x44>
10000388:	40050000 	.word	0x40050000
1000038c:	00004e20 	.word	0x00004e20
10000390:	40050078 	.word	0x40050078
10000394:	40051078 	.word	0x40051078
10000398:	40050064 	.word	0x40050064
1000039c:	40051064 	.word	0x40051064
100003a0:	10006548 	.word	0x10006548
100003a4:	40050084 	.word	0x40050084
100003a8:	00003a98 	.word	0x00003a98
100003ac:	40051084 	.word	0x40051084
100003b0:	40050070 	.word	0x40050070
100003b4:	40051070 	.word	0x40051070
100003b8:	10006558 	.word	0x10006558
100003bc:	10006564 	.word	0x10006564
100003c0:	3a980000 	.word	0x3a980000

100003c4 <gpio_set_function>:
100003c4:	b510      	push	{r4, lr}
100003c6:	0083      	lsls	r3, r0, #2
100003c8:	4a08      	ldr	r2, [pc, #32]	@ (100003ec <gpio_set_function+0x28>)
100003ca:	189a      	adds	r2, r3, r2
100003cc:	6814      	ldr	r4, [r2, #0]
100003ce:	2240      	movs	r2, #64	@ 0x40
100003d0:	4054      	eors	r4, r2
100003d2:	3280      	adds	r2, #128	@ 0x80
100003d4:	4022      	ands	r2, r4
100003d6:	4c06      	ldr	r4, [pc, #24]	@ (100003f0 <gpio_set_function+0x2c>)
100003d8:	46a4      	mov	ip, r4
100003da:	4463      	add	r3, ip
100003dc:	601a      	str	r2, [r3, #0]
100003de:	00c0      	lsls	r0, r0, #3
100003e0:	4b04      	ldr	r3, [pc, #16]	@ (100003f4 <gpio_set_function+0x30>)
100003e2:	469c      	mov	ip, r3
100003e4:	4460      	add	r0, ip
100003e6:	6041      	str	r1, [r0, #4]
100003e8:	bd10      	pop	{r4, pc}
100003ea:	46c0      	nop			@ (mov r8, r8)
100003ec:	4001c004 	.word	0x4001c004
100003f0:	4001d004 	.word	0x4001d004
100003f4:	40014000 	.word	0x40014000

100003f8 <rp2040_chip_version>:
100003f8:	b510      	push	{r4, lr}
100003fa:	2380      	movs	r3, #128	@ 0x80
100003fc:	05db      	lsls	r3, r3, #23
100003fe:	6818      	ldr	r0, [r3, #0]
10000400:	0503      	lsls	r3, r0, #20
10000402:	0d1b      	lsrs	r3, r3, #20
10000404:	4a0b      	ldr	r2, [pc, #44]	@ (10000434 <rp2040_chip_version+0x3c>)
10000406:	4293      	cmp	r3, r2
10000408:	d107      	bne.n	1000041a <rp2040_chip_version+0x22>
1000040a:	4b0b      	ldr	r3, [pc, #44]	@ (10000438 <rp2040_chip_version+0x40>)
1000040c:	4003      	ands	r3, r0
1000040e:	2280      	movs	r2, #128	@ 0x80
10000410:	0192      	lsls	r2, r2, #6
10000412:	4293      	cmp	r3, r2
10000414:	d107      	bne.n	10000426 <rp2040_chip_version+0x2e>
10000416:	0f00      	lsrs	r0, r0, #28
10000418:	bd10      	pop	{r4, pc}
1000041a:	4b08      	ldr	r3, [pc, #32]	@ (1000043c <rp2040_chip_version+0x44>)
1000041c:	4a08      	ldr	r2, [pc, #32]	@ (10000440 <rp2040_chip_version+0x48>)
1000041e:	4809      	ldr	r0, [pc, #36]	@ (10000444 <rp2040_chip_version+0x4c>)
10000420:	2113      	movs	r1, #19
10000422:	f002 ffbb 	bl	1000339c <__assert_func>
10000426:	4b08      	ldr	r3, [pc, #32]	@ (10000448 <rp2040_chip_version+0x50>)
10000428:	4a05      	ldr	r2, [pc, #20]	@ (10000440 <rp2040_chip_version+0x48>)
1000042a:	4806      	ldr	r0, [pc, #24]	@ (10000444 <rp2040_chip_version+0x4c>)
1000042c:	2114      	movs	r1, #20
1000042e:	f002 ffb5 	bl	1000339c <__assert_func>
10000432:	46c0      	nop			@ (mov r8, r8)
10000434:	00000927 	.word	0x00000927
10000438:	0ffff000 	.word	0x0ffff000
1000043c:	10006574 	.word	0x10006574
10000440:	100071f4 	.word	0x100071f4
10000444:	10006598 	.word	0x10006598
10000448:	100065e8 	.word	0x100065e8

1000044c <panic>:
1000044c:	b40f      	push	{r0, r1, r2, r3}
1000044e:	b500      	push	{lr}
10000450:	b083      	sub	sp, #12
10000452:	4808      	ldr	r0, [pc, #32]	@ (10000474 <panic+0x28>)
10000454:	f003 f8e2 	bl	1000361c <__wrap_puts>
10000458:	9b04      	ldr	r3, [sp, #16]
1000045a:	2b00      	cmp	r3, #0
1000045c:	d007      	beq.n	1000046e <panic+0x22>
1000045e:	a905      	add	r1, sp, #20
10000460:	9101      	str	r1, [sp, #4]
10000462:	0018      	movs	r0, r3
10000464:	f003 f8ea 	bl	1000363c <__wrap_vprintf>
10000468:	4803      	ldr	r0, [pc, #12]	@ (10000478 <panic+0x2c>)
1000046a:	f003 f8d7 	bl	1000361c <__wrap_puts>
1000046e:	2001      	movs	r0, #1
10000470:	f002 ff8e 	bl	10003390 <_exit>
10000474:	100065fc 	.word	0x100065fc
10000478:	1000660c 	.word	0x1000660c

1000047c <hw_claim_lock>:
1000047c:	f3ef 8010 	mrs	r0, PRIMASK
10000480:	b672      	cpsid	i
10000482:	4b03      	ldr	r3, [pc, #12]	@ (10000490 <hw_claim_lock+0x14>)
10000484:	681b      	ldr	r3, [r3, #0]
10000486:	2b00      	cmp	r3, #0
10000488:	d0fb      	beq.n	10000482 <hw_claim_lock+0x6>
1000048a:	f3bf 8f5f 	dmb	sy
1000048e:	4770      	bx	lr
10000490:	d000012c 	.word	0xd000012c

10000494 <hw_claim_unlock>:
10000494:	f3bf 8f5f 	dmb	sy
10000498:	4b02      	ldr	r3, [pc, #8]	@ (100004a4 <hw_claim_unlock+0x10>)
1000049a:	2200      	movs	r2, #0
1000049c:	601a      	str	r2, [r3, #0]
1000049e:	f380 8810 	msr	PRIMASK, r0
100004a2:	4770      	bx	lr
100004a4:	d000012c 	.word	0xd000012c

100004a8 <hw_claim_or_assert>:
100004a8:	b5f8      	push	{r3, r4, r5, r6, r7, lr}
100004aa:	0006      	movs	r6, r0
100004ac:	000c      	movs	r4, r1
100004ae:	0015      	movs	r5, r2
100004b0:	f7ff ffe4 	bl	1000047c <hw_claim_lock>
100004b4:	08e3      	lsrs	r3, r4, #3
100004b6:	18f7      	adds	r7, r6, r3
100004b8:	5cf1      	ldrb	r1, [r6, r3]
100004ba:	2207      	movs	r2, #7
100004bc:	4022      	ands	r2, r4
100004be:	2301      	movs	r3, #1
100004c0:	4093      	lsls	r3, r2
100004c2:	420b      	tst	r3, r1
100004c4:	d105      	bne.n	100004d2 <hw_claim_or_assert+0x2a>
100004c6:	b2db      	uxtb	r3, r3
100004c8:	430b      	orrs	r3, r1
100004ca:	703b      	strb	r3, [r7, #0]
100004cc:	f7ff ffe2 	bl	10000494 <hw_claim_unlock>
100004d0:	bdf8      	pop	{r3, r4, r5, r6, r7, pc}
100004d2:	0021      	movs	r1, r4
100004d4:	0028      	movs	r0, r5
100004d6:	f7ff ffb9 	bl	1000044c <panic>

100004da <hw_claim_unused_from_range>:
100004da:	b5f0      	push	{r4, r5, r6, r7, lr}
100004dc:	b083      	sub	sp, #12
100004de:	0006      	movs	r6, r0
100004e0:	9101      	str	r1, [sp, #4]
100004e2:	0014      	movs	r4, r2
100004e4:	001f      	movs	r7, r3
100004e6:	f7ff ffc9 	bl	1000047c <hw_claim_lock>
100004ea:	e000      	b.n	100004ee <hw_claim_unused_from_range+0x14>
100004ec:	3401      	adds	r4, #1
100004ee:	42bc      	cmp	r4, r7
100004f0:	d80c      	bhi.n	1000050c <hw_claim_unused_from_range+0x32>
100004f2:	08e3      	lsrs	r3, r4, #3
100004f4:	18f5      	adds	r5, r6, r3
100004f6:	5cf3      	ldrb	r3, [r6, r3]
100004f8:	2107      	movs	r1, #7
100004fa:	4021      	ands	r1, r4
100004fc:	2201      	movs	r2, #1
100004fe:	408a      	lsls	r2, r1
10000500:	421a      	tst	r2, r3
10000502:	d1f3      	bne.n	100004ec <hw_claim_unused_from_range+0x12>
10000504:	b2d2      	uxtb	r2, r2
10000506:	431a      	orrs	r2, r3
10000508:	702a      	strb	r2, [r5, #0]
1000050a:	e001      	b.n	10000510 <hw_claim_unused_from_range+0x36>
1000050c:	2401      	movs	r4, #1
1000050e:	4264      	negs	r4, r4
10000510:	f7ff ffc0 	bl	10000494 <hw_claim_unlock>
10000514:	2c00      	cmp	r4, #0
10000516:	db02      	blt.n	1000051e <hw_claim_unused_from_range+0x44>
10000518:	0020      	movs	r0, r4
1000051a:	b003      	add	sp, #12
1000051c:	bdf0      	pop	{r4, r5, r6, r7, pc}
1000051e:	9b01      	ldr	r3, [sp, #4]
10000520:	2b00      	cmp	r3, #0
10000522:	d0f9      	beq.n	10000518 <hw_claim_unused_from_range+0x3e>
10000524:	9808      	ldr	r0, [sp, #32]
10000526:	f7ff ff91 	bl	1000044c <panic>
	...

1000052c <next_striped_spin_lock_num>:
1000052c:	4a05      	ldr	r2, [pc, #20]	@ (10000544 <next_striped_spin_lock_num+0x18>)
1000052e:	7810      	ldrb	r0, [r2, #0]
10000530:	1c43      	adds	r3, r0, #1
10000532:	b2db      	uxtb	r3, r3
10000534:	7013      	strb	r3, [r2, #0]
10000536:	2b17      	cmp	r3, #23
10000538:	d902      	bls.n	10000540 <next_striped_spin_lock_num+0x14>
1000053a:	0013      	movs	r3, r2
1000053c:	2210      	movs	r2, #16
1000053e:	701a      	strb	r2, [r3, #0]
10000540:	4770      	bx	lr
10000542:	46c0      	nop			@ (mov r8, r8)
10000544:	20000bf0 	.word	0x20000bf0

10000548 <spin_lock_claim_unused>:
10000548:	b510      	push	{r4, lr}
1000054a:	b082      	sub	sp, #8
1000054c:	0001      	movs	r1, r0
1000054e:	4c05      	ldr	r4, [pc, #20]	@ (10000564 <spin_lock_claim_unused+0x1c>)
10000550:	4b05      	ldr	r3, [pc, #20]	@ (10000568 <spin_lock_claim_unused+0x20>)
10000552:	9300      	str	r3, [sp, #0]
10000554:	231f      	movs	r3, #31
10000556:	2218      	movs	r2, #24
10000558:	0020      	movs	r0, r4
1000055a:	f7ff ffbe 	bl	100004da <hw_claim_unused_from_range>
1000055e:	b002      	add	sp, #8
10000560:	bd10      	pop	{r4, pc}
10000562:	46c0      	nop			@ (mov r8, r8)
10000564:	200014e8 	.word	0x200014e8
10000568:	10006610 	.word	0x10006610

1000056c <spin_locks_reset>:
1000056c:	2300      	movs	r3, #0
1000056e:	e007      	b.n	10000580 <spin_locks_reset+0x14>
10000570:	4a05      	ldr	r2, [pc, #20]	@ (10000588 <spin_locks_reset+0x1c>)
10000572:	189a      	adds	r2, r3, r2
10000574:	0092      	lsls	r2, r2, #2
10000576:	f3bf 8f5f 	dmb	sy
1000057a:	2100      	movs	r1, #0
1000057c:	6011      	str	r1, [r2, #0]
1000057e:	3301      	adds	r3, #1
10000580:	2b1f      	cmp	r3, #31
10000582:	d9f5      	bls.n	10000570 <spin_locks_reset+0x4>
10000584:	4770      	bx	lr
10000586:	46c0      	nop			@ (mov r8, r8)
10000588:	34000040 	.word	0x34000040

1000058c <set_raw_irq_handler_and_unlock>:
1000058c:	4b07      	ldr	r3, [pc, #28]	@ (100005ac <set_raw_irq_handler_and_unlock+0x20>)
1000058e:	689b      	ldr	r3, [r3, #8]
10000590:	3010      	adds	r0, #16
10000592:	0080      	lsls	r0, r0, #2
10000594:	5019      	str	r1, [r3, r0]
10000596:	f3bf 8f5f 	dmb	sy
1000059a:	f3bf 8f5f 	dmb	sy
1000059e:	4b04      	ldr	r3, [pc, #16]	@ (100005b0 <set_raw_irq_handler_and_unlock+0x24>)
100005a0:	2100      	movs	r1, #0
100005a2:	6019      	str	r1, [r3, #0]
100005a4:	f382 8810 	msr	PRIMASK, r2
100005a8:	4770      	bx	lr
100005aa:	46c0      	nop			@ (mov r8, r8)
100005ac:	e000ed00 	.word	0xe000ed00
100005b0:	d0000124 	.word	0xd0000124

100005b4 <nvic_ipr0>:
100005b4:	4800      	ldr	r0, [pc, #0]	@ (100005b8 <nvic_ipr0+0x4>)
100005b6:	4770      	bx	lr
100005b8:	e000e400 	.word	0xe000e400

100005bc <runtime_init_per_core_irq_priorities>:
100005bc:	b510      	push	{r4, lr}
100005be:	f7ff fff9 	bl	100005b4 <nvic_ipr0>
100005c2:	2300      	movs	r3, #0
100005c4:	e002      	b.n	100005cc <runtime_init_per_core_irq_priorities+0x10>
100005c6:	4a03      	ldr	r2, [pc, #12]	@ (100005d4 <runtime_init_per_core_irq_priorities+0x18>)
100005c8:	c004      	stmia	r0!, {r2}
100005ca:	3301      	adds	r3, #1
100005cc:	2b07      	cmp	r3, #7
100005ce:	d9fa      	bls.n	100005c6 <runtime_init_per_core_irq_priorities+0xa>
100005d0:	bd10      	pop	{r4, pc}
100005d2:	46c0      	nop			@ (mov r8, r8)
100005d4:	80808080 	.word	0x80808080

100005d8 <resolve_j_16>:
100005d8:	b510      	push	{r4, lr}
100005da:	8803      	ldrh	r3, [r0, #0]
100005dc:	0ada      	lsrs	r2, r3, #11
100005de:	2a1c      	cmp	r2, #28
100005e0:	d105      	bne.n	100005ee <resolve_j_16+0x16>
100005e2:	055b      	lsls	r3, r3, #21
100005e4:	155b      	asrs	r3, r3, #21
100005e6:	3302      	adds	r3, #2
100005e8:	005b      	lsls	r3, r3, #1
100005ea:	18c0      	adds	r0, r0, r3
100005ec:	bd10      	pop	{r4, pc}
100005ee:	4b03      	ldr	r3, [pc, #12]	@ (100005fc <resolve_j_16+0x24>)
100005f0:	4a03      	ldr	r2, [pc, #12]	@ (10000600 <resolve_j_16+0x28>)
100005f2:	218e      	movs	r1, #142	@ 0x8e
100005f4:	4803      	ldr	r0, [pc, #12]	@ (10000604 <resolve_j_16+0x2c>)
100005f6:	0049      	lsls	r1, r1, #1
100005f8:	f002 fed0 	bl	1000339c <__assert_func>
100005fc:	1000662c 	.word	0x1000662c
10000600:	10007230 	.word	0x10007230
10000604:	10006644 	.word	0x10006644

10000608 <make_j_16>:
10000608:	b510      	push	{r4, lr}
1000060a:	1a09      	subs	r1, r1, r0
1000060c:	1f0b      	subs	r3, r1, #4
1000060e:	4a0a      	ldr	r2, [pc, #40]	@ (10000638 <make_j_16+0x30>)
10000610:	1888      	adds	r0, r1, r2
10000612:	4a0a      	ldr	r2, [pc, #40]	@ (1000063c <make_j_16+0x34>)
10000614:	4290      	cmp	r0, r2
10000616:	d808      	bhi.n	1000062a <make_j_16+0x22>
10000618:	07c9      	lsls	r1, r1, #31
1000061a:	d406      	bmi.n	1000062a <make_j_16+0x22>
1000061c:	105b      	asrs	r3, r3, #1
1000061e:	055b      	lsls	r3, r3, #21
10000620:	0d5b      	lsrs	r3, r3, #21
10000622:	4807      	ldr	r0, [pc, #28]	@ (10000640 <make_j_16+0x38>)
10000624:	4318      	orrs	r0, r3
10000626:	b280      	uxth	r0, r0
10000628:	bd10      	pop	{r4, pc}
1000062a:	4b06      	ldr	r3, [pc, #24]	@ (10000644 <make_j_16+0x3c>)
1000062c:	4a06      	ldr	r2, [pc, #24]	@ (10000648 <make_j_16+0x40>)
1000062e:	2187      	movs	r1, #135	@ 0x87
10000630:	4806      	ldr	r0, [pc, #24]	@ (1000064c <make_j_16+0x44>)
10000632:	0049      	lsls	r1, r1, #1
10000634:	f002 feb2 	bl	1000339c <__assert_func>
10000638:	000007fc 	.word	0x000007fc
1000063c:	00000ffe 	.word	0x00000ffe
10000640:	ffffe000 	.word	0xffffe000
10000644:	10006690 	.word	0x10006690
10000648:	10007224 	.word	0x10007224
1000064c:	10006644 	.word	0x10006644

10000650 <irq_is_enabled>:
10000650:	2301      	movs	r3, #1
10000652:	4083      	lsls	r3, r0
10000654:	4a03      	ldr	r2, [pc, #12]	@ (10000664 <irq_is_enabled+0x14>)
10000656:	6810      	ldr	r0, [r2, #0]
10000658:	4018      	ands	r0, r3
1000065a:	1e43      	subs	r3, r0, #1
1000065c:	4198      	sbcs	r0, r3
1000065e:	b2c0      	uxtb	r0, r0
10000660:	4770      	bx	lr
10000662:	46c0      	nop			@ (mov r8, r8)
10000664:	e000e100 	.word	0xe000e100

10000668 <irq_set_mask_n_enabled>:
10000668:	2a00      	cmp	r2, #0
1000066a:	d005      	beq.n	10000678 <irq_set_mask_n_enabled+0x10>
1000066c:	4b04      	ldr	r3, [pc, #16]	@ (10000680 <irq_set_mask_n_enabled+0x18>)
1000066e:	22c0      	movs	r2, #192	@ 0xc0
10000670:	0052      	lsls	r2, r2, #1
10000672:	5099      	str	r1, [r3, r2]
10000674:	6019      	str	r1, [r3, #0]
10000676:	4770      	bx	lr
10000678:	4a01      	ldr	r2, [pc, #4]	@ (10000680 <irq_set_mask_n_enabled+0x18>)
1000067a:	2380      	movs	r3, #128	@ 0x80
1000067c:	50d1      	str	r1, [r2, r3]
1000067e:	e7fa      	b.n	10000676 <irq_set_mask_n_enabled+0xe>
10000680:	e000e100 	.word	0xe000e100

10000684 <irq_set_enabled>:
10000684:	b510      	push	{r4, lr}
10000686:	000a      	movs	r2, r1
10000688:	231f      	movs	r3, #31
1000068a:	4003      	ands	r3, r0
1000068c:	2101      	movs	r1, #1
1000068e:	4099      	lsls	r1, r3
10000690:	0940      	lsrs	r0, r0, #5
10000692:	f7ff ffe9 	bl	10000668 <irq_set_mask_n_enabled>
10000696:	bd10      	pop	{r4, pc}

10000698 <irq_set_pending>:
10000698:	2301      	movs	r3, #1
1000069a:	4083      	lsls	r3, r0
1000069c:	4a01      	ldr	r2, [pc, #4]	@ (100006a4 <irq_set_pending+0xc>)
1000069e:	6013      	str	r3, [r2, #0]
100006a0:	4770      	bx	lr
100006a2:	46c0      	nop			@ (mov r8, r8)
100006a4:	e000e200 	.word	0xe000e200

100006a8 <irq_get_vtable_handler>:
100006a8:	4b02      	ldr	r3, [pc, #8]	@ (100006b4 <irq_get_vtable_handler+0xc>)
100006aa:	689b      	ldr	r3, [r3, #8]
100006ac:	3010      	adds	r0, #16
100006ae:	0080      	lsls	r0, r0, #2
100006b0:	58c0      	ldr	r0, [r0, r3]
100006b2:	4770      	bx	lr
100006b4:	e000ed00 	.word	0xe000ed00

100006b8 <irq_has_shared_handler>:
100006b8:	b510      	push	{r4, lr}
100006ba:	f7ff fff5 	bl	100006a8 <irq_get_vtable_handler>
100006be:	4b04      	ldr	r3, [pc, #16]	@ (100006d0 <irq_has_shared_handler+0x18>)
100006c0:	1ac3      	subs	r3, r0, r3
100006c2:	2000      	movs	r0, #0
100006c4:	222f      	movs	r2, #47	@ 0x2f
100006c6:	429a      	cmp	r2, r3
100006c8:	4140      	adcs	r0, r0
100006ca:	b2c0      	uxtb	r0, r0
100006cc:	bd10      	pop	{r4, pc}
100006ce:	46c0      	nop			@ (mov r8, r8)
100006d0:	20000bf4 	.word	0x20000bf4

100006d4 <irq_set_exclusive_handler>:
100006d4:	b570      	push	{r4, r5, r6, lr}
100006d6:	0004      	movs	r4, r0
100006d8:	000d      	movs	r5, r1
100006da:	f3ef 8610 	mrs	r6, PRIMASK
100006de:	b672      	cpsid	i
100006e0:	4b0c      	ldr	r3, [pc, #48]	@ (10000714 <irq_set_exclusive_handler+0x40>)
100006e2:	681b      	ldr	r3, [r3, #0]
100006e4:	2b00      	cmp	r3, #0
100006e6:	d0fb      	beq.n	100006e0 <irq_set_exclusive_handler+0xc>
100006e8:	f3bf 8f5f 	dmb	sy
100006ec:	0020      	movs	r0, r4
100006ee:	f7ff ffdb 	bl	100006a8 <irq_get_vtable_handler>
100006f2:	4b09      	ldr	r3, [pc, #36]	@ (10000718 <irq_set_exclusive_handler+0x44>)
100006f4:	4298      	cmp	r0, r3
100006f6:	d001      	beq.n	100006fc <irq_set_exclusive_handler+0x28>
100006f8:	42a8      	cmp	r0, r5
100006fa:	d105      	bne.n	10000708 <irq_set_exclusive_handler+0x34>
100006fc:	0032      	movs	r2, r6
100006fe:	0029      	movs	r1, r5
10000700:	0020      	movs	r0, r4
10000702:	f7ff ff43 	bl	1000058c <set_raw_irq_handler_and_unlock>
10000706:	bd70      	pop	{r4, r5, r6, pc}
10000708:	4b04      	ldr	r3, [pc, #16]	@ (1000071c <irq_set_exclusive_handler+0x48>)
1000070a:	4a05      	ldr	r2, [pc, #20]	@ (10000720 <irq_set_exclusive_handler+0x4c>)
1000070c:	4805      	ldr	r0, [pc, #20]	@ (10000724 <irq_set_exclusive_handler+0x50>)
1000070e:	21ed      	movs	r1, #237	@ 0xed
10000710:	f002 fe44 	bl	1000339c <__assert_func>
10000714:	d0000124 	.word	0xd0000124
10000718:	100001c1 	.word	0x100001c1
1000071c:	100066c0 	.word	0x100066c0
10000720:	10007258 	.word	0x10007258
10000724:	10006644 	.word	0x10006644

10000728 <irq_add_shared_handler>:
10000728:	b5f0      	push	{r4, r5, r6, r7, lr}
1000072a:	46de      	mov	lr, fp
1000072c:	4657      	mov	r7, sl
1000072e:	464e      	mov	r6, r9
10000730:	4645      	mov	r5, r8
10000732:	b5e0      	push	{r5, r6, r7, lr}
10000734:	b089      	sub	sp, #36	@ 0x24
10000736:	4681      	mov	r9, r0
10000738:	9101      	str	r1, [sp, #4]
1000073a:	0015      	movs	r5, r2
1000073c:	f3ef 8b10 	mrs	fp, PRIMASK
10000740:	b672      	cpsid	i
10000742:	4b6f      	ldr	r3, [pc, #444]	@ (10000900 <irq_add_shared_handler+0x1d8>)
10000744:	681b      	ldr	r3, [r3, #0]
10000746:	2b00      	cmp	r3, #0
10000748:	d0fb      	beq.n	10000742 <irq_add_shared_handler+0x1a>
1000074a:	f3bf 8f5f 	dmb	sy
1000074e:	4b6d      	ldr	r3, [pc, #436]	@ (10000904 <irq_add_shared_handler+0x1dc>)
10000750:	2600      	movs	r6, #0
10000752:	579e      	ldrsb	r6, [r3, r6]
10000754:	2e00      	cmp	r6, #0
10000756:	db40      	blt.n	100007da <irq_add_shared_handler+0xb2>
10000758:	0074      	lsls	r4, r6, #1
1000075a:	19a4      	adds	r4, r4, r6
1000075c:	00a4      	lsls	r4, r4, #2
1000075e:	486a      	ldr	r0, [pc, #424]	@ (10000908 <irq_add_shared_handler+0x1e0>)
10000760:	1824      	adds	r4, r4, r0
10000762:	2206      	movs	r2, #6
10000764:	56a2      	ldrsb	r2, [r4, r2]
10000766:	4b67      	ldr	r3, [pc, #412]	@ (10000904 <irq_add_shared_handler+0x1dc>)
10000768:	701a      	strb	r2, [r3, #0]
1000076a:	4b68      	ldr	r3, [pc, #416]	@ (1000090c <irq_add_shared_handler+0x1e4>)
1000076c:	689a      	ldr	r2, [r3, #8]
1000076e:	464b      	mov	r3, r9
10000770:	3310      	adds	r3, #16
10000772:	009b      	lsls	r3, r3, #2
10000774:	58d3      	ldr	r3, [r2, r3]
10000776:	4698      	mov	r8, r3
10000778:	1a1b      	subs	r3, r3, r0
1000077a:	2b2f      	cmp	r3, #47	@ 0x2f
1000077c:	d93b      	bls.n	100007f6 <irq_add_shared_handler+0xce>
1000077e:	4b64      	ldr	r3, [pc, #400]	@ (10000910 <irq_add_shared_handler+0x1e8>)
10000780:	4598      	cmp	r8, r3
10000782:	d131      	bne.n	100007e8 <irq_add_shared_handler+0xc0>
10000784:	af05      	add	r7, sp, #20
10000786:	4b63      	ldr	r3, [pc, #396]	@ (10000914 <irq_add_shared_handler+0x1ec>)
10000788:	803b      	strh	r3, [r7, #0]
1000078a:	4963      	ldr	r1, [pc, #396]	@ (10000918 <irq_add_shared_handler+0x1f0>)
1000078c:	0073      	lsls	r3, r6, #1
1000078e:	469a      	mov	sl, r3
10000790:	1998      	adds	r0, r3, r6
10000792:	0080      	lsls	r0, r0, #2
10000794:	4b5c      	ldr	r3, [pc, #368]	@ (10000908 <irq_add_shared_handler+0x1e0>)
10000796:	4698      	mov	r8, r3
10000798:	4440      	add	r0, r8
1000079a:	3002      	adds	r0, #2
1000079c:	f7ff ff34 	bl	10000608 <make_j_16>
100007a0:	8078      	strh	r0, [r7, #2]
100007a2:	4b5e      	ldr	r3, [pc, #376]	@ (1000091c <irq_add_shared_handler+0x1f4>)
100007a4:	80bb      	strh	r3, [r7, #4]
100007a6:	23ff      	movs	r3, #255	@ 0xff
100007a8:	71bb      	strb	r3, [r7, #6]
100007aa:	71fd      	strb	r5, [r7, #7]
100007ac:	9b01      	ldr	r3, [sp, #4]
100007ae:	9307      	str	r3, [sp, #28]
100007b0:	0033      	movs	r3, r6
100007b2:	4453      	add	r3, sl
100007b4:	009b      	lsls	r3, r3, #2
100007b6:	4443      	add	r3, r8
100007b8:	cf07      	ldmia	r7!, {r0, r1, r2}
100007ba:	c307      	stmia	r3!, {r0, r1, r2}
100007bc:	2301      	movs	r3, #1
100007be:	431c      	orrs	r4, r3
100007c0:	46a0      	mov	r8, r4
100007c2:	465a      	mov	r2, fp
100007c4:	4641      	mov	r1, r8
100007c6:	4648      	mov	r0, r9
100007c8:	f7ff fee0 	bl	1000058c <set_raw_irq_handler_and_unlock>
100007cc:	b009      	add	sp, #36	@ 0x24
100007ce:	bcf0      	pop	{r4, r5, r6, r7}
100007d0:	46bb      	mov	fp, r7
100007d2:	46b2      	mov	sl, r6
100007d4:	46a9      	mov	r9, r5
100007d6:	46a0      	mov	r8, r4
100007d8:	bdf0      	pop	{r4, r5, r6, r7, pc}
100007da:	4b51      	ldr	r3, [pc, #324]	@ (10000920 <irq_add_shared_handler+0x1f8>)
100007dc:	4a51      	ldr	r2, [pc, #324]	@ (10000924 <irq_add_shared_handler+0x1fc>)
100007de:	21be      	movs	r1, #190	@ 0xbe
100007e0:	4851      	ldr	r0, [pc, #324]	@ (10000928 <irq_add_shared_handler+0x200>)
100007e2:	0049      	lsls	r1, r1, #1
100007e4:	f002 fdda 	bl	1000339c <__assert_func>
100007e8:	4b50      	ldr	r3, [pc, #320]	@ (1000092c <irq_add_shared_handler+0x204>)
100007ea:	4a4e      	ldr	r2, [pc, #312]	@ (10000924 <irq_add_shared_handler+0x1fc>)
100007ec:	2184      	movs	r1, #132	@ 0x84
100007ee:	484e      	ldr	r0, [pc, #312]	@ (10000928 <irq_add_shared_handler+0x200>)
100007f0:	31ff      	adds	r1, #255	@ 0xff
100007f2:	f002 fdd3 	bl	1000339c <__assert_func>
100007f6:	2301      	movs	r3, #1
100007f8:	4642      	mov	r2, r8
100007fa:	439a      	bics	r2, r3
100007fc:	4692      	mov	sl, r2
100007fe:	1a10      	subs	r0, r2, r0
10000800:	210c      	movs	r1, #12
10000802:	f001 f8bf 	bl	10001984 <__wrap___aeabi_uidiv>
10000806:	2900      	cmp	r1, #0
10000808:	d10f      	bne.n	1000082a <irq_add_shared_handler+0x102>
1000080a:	4653      	mov	r3, sl
1000080c:	2700      	movs	r7, #0
1000080e:	79da      	ldrb	r2, [r3, #7]
10000810:	42aa      	cmp	r2, r5
10000812:	d912      	bls.n	1000083a <irq_add_shared_handler+0x112>
10000814:	2106      	movs	r1, #6
10000816:	5659      	ldrsb	r1, [r3, r1]
10000818:	2900      	cmp	r1, #0
1000081a:	db0d      	blt.n	10000838 <irq_add_shared_handler+0x110>
1000081c:	004a      	lsls	r2, r1, #1
1000081e:	1852      	adds	r2, r2, r1
10000820:	0092      	lsls	r2, r2, #2
10000822:	4939      	ldr	r1, [pc, #228]	@ (10000908 <irq_add_shared_handler+0x1e0>)
10000824:	001f      	movs	r7, r3
10000826:	188b      	adds	r3, r1, r2
10000828:	e7f1      	b.n	1000080e <irq_add_shared_handler+0xe6>
1000082a:	4b41      	ldr	r3, [pc, #260]	@ (10000930 <irq_add_shared_handler+0x208>)
1000082c:	4a3d      	ldr	r2, [pc, #244]	@ (10000924 <irq_add_shared_handler+0x1fc>)
1000082e:	21ca      	movs	r1, #202	@ 0xca
10000830:	483d      	ldr	r0, [pc, #244]	@ (10000928 <irq_add_shared_handler+0x200>)
10000832:	0049      	lsls	r1, r1, #1
10000834:	f002 fdb2 	bl	1000339c <__assert_func>
10000838:	001f      	movs	r7, r3
1000083a:	2f00      	cmp	r7, #0
1000083c:	d02e      	beq.n	1000089c <irq_add_shared_handler+0x174>
1000083e:	ab05      	add	r3, sp, #20
10000840:	4a3c      	ldr	r2, [pc, #240]	@ (10000934 <irq_add_shared_handler+0x20c>)
10000842:	801a      	strh	r2, [r3, #0]
10000844:	3a81      	subs	r2, #129	@ 0x81
10000846:	805a      	strh	r2, [r3, #2]
10000848:	2306      	movs	r3, #6
1000084a:	56fb      	ldrsb	r3, [r7, r3]
1000084c:	9302      	str	r3, [sp, #8]
1000084e:	2b00      	cmp	r3, #0
10000850:	da17      	bge.n	10000882 <irq_add_shared_handler+0x15a>
10000852:	4839      	ldr	r0, [pc, #228]	@ (10000938 <irq_add_shared_handler+0x210>)
10000854:	ab05      	add	r3, sp, #20
10000856:	469a      	mov	sl, r3
10000858:	8098      	strh	r0, [r3, #4]
1000085a:	9a02      	ldr	r2, [sp, #8]
1000085c:	719a      	strb	r2, [r3, #6]
1000085e:	71dd      	strb	r5, [r3, #7]
10000860:	9a01      	ldr	r2, [sp, #4]
10000862:	9207      	str	r2, [sp, #28]
10000864:	1d38      	adds	r0, r7, #4
10000866:	0021      	movs	r1, r4
10000868:	f7ff fece 	bl	10000608 <make_j_16>
1000086c:	80b8      	strh	r0, [r7, #4]
1000086e:	71be      	strb	r6, [r7, #6]
10000870:	4b25      	ldr	r3, [pc, #148]	@ (10000908 <irq_add_shared_handler+0x1e0>)
10000872:	0072      	lsls	r2, r6, #1
10000874:	1992      	adds	r2, r2, r6
10000876:	0092      	lsls	r2, r2, #2
10000878:	189b      	adds	r3, r3, r2
1000087a:	4652      	mov	r2, sl
1000087c:	ca13      	ldmia	r2!, {r0, r1, r4}
1000087e:	c313      	stmia	r3!, {r0, r1, r4}
10000880:	e79f      	b.n	100007c2 <irq_add_shared_handler+0x9a>
10000882:	1d38      	adds	r0, r7, #4
10000884:	f7ff fea8 	bl	100005d8 <resolve_j_16>
10000888:	0001      	movs	r1, r0
1000088a:	0070      	lsls	r0, r6, #1
1000088c:	1980      	adds	r0, r0, r6
1000088e:	0080      	lsls	r0, r0, #2
10000890:	4b1d      	ldr	r3, [pc, #116]	@ (10000908 <irq_add_shared_handler+0x1e0>)
10000892:	18c0      	adds	r0, r0, r3
10000894:	3004      	adds	r0, #4
10000896:	f7ff feb7 	bl	10000608 <make_j_16>
1000089a:	e7db      	b.n	10000854 <irq_add_shared_handler+0x12c>
1000089c:	af05      	add	r7, sp, #20
1000089e:	4b1d      	ldr	r3, [pc, #116]	@ (10000914 <irq_add_shared_handler+0x1ec>)
100008a0:	803b      	strh	r3, [r7, #0]
100008a2:	491d      	ldr	r1, [pc, #116]	@ (10000918 <irq_add_shared_handler+0x1f0>)
100008a4:	0073      	lsls	r3, r6, #1
100008a6:	9302      	str	r3, [sp, #8]
100008a8:	199b      	adds	r3, r3, r6
100008aa:	009b      	lsls	r3, r3, #2
100008ac:	4a16      	ldr	r2, [pc, #88]	@ (10000908 <irq_add_shared_handler+0x1e0>)
100008ae:	4690      	mov	r8, r2
100008b0:	001a      	movs	r2, r3
100008b2:	4442      	add	r2, r8
100008b4:	9203      	str	r2, [sp, #12]
100008b6:	1c90      	adds	r0, r2, #2
100008b8:	f7ff fea6 	bl	10000608 <make_j_16>
100008bc:	8078      	strh	r0, [r7, #2]
100008be:	9a03      	ldr	r2, [sp, #12]
100008c0:	1d10      	adds	r0, r2, #4
100008c2:	4651      	mov	r1, sl
100008c4:	f7ff fea0 	bl	10000608 <make_j_16>
100008c8:	80b8      	strh	r0, [r7, #4]
100008ca:	4b1c      	ldr	r3, [pc, #112]	@ (1000093c <irq_add_shared_handler+0x214>)
100008cc:	4652      	mov	r2, sl
100008ce:	4641      	mov	r1, r8
100008d0:	1a52      	subs	r2, r2, r1
100008d2:	4152      	adcs	r2, r2
100008d4:	4353      	muls	r3, r2
100008d6:	0d1b      	lsrs	r3, r3, #20
100008d8:	71bb      	strb	r3, [r7, #6]
100008da:	71fd      	strb	r5, [r7, #7]
100008dc:	9a01      	ldr	r2, [sp, #4]
100008de:	9207      	str	r2, [sp, #28]
100008e0:	9b02      	ldr	r3, [sp, #8]
100008e2:	199b      	adds	r3, r3, r6
100008e4:	009b      	lsls	r3, r3, #2
100008e6:	4443      	add	r3, r8
100008e8:	cf07      	ldmia	r7!, {r0, r1, r2}
100008ea:	c307      	stmia	r3!, {r0, r1, r2}
100008ec:	4b11      	ldr	r3, [pc, #68]	@ (10000934 <irq_add_shared_handler+0x20c>)
100008ee:	4652      	mov	r2, sl
100008f0:	8013      	strh	r3, [r2, #0]
100008f2:	3b81      	subs	r3, #129	@ 0x81
100008f4:	8053      	strh	r3, [r2, #2]
100008f6:	2301      	movs	r3, #1
100008f8:	431c      	orrs	r4, r3
100008fa:	46a0      	mov	r8, r4
100008fc:	e761      	b.n	100007c2 <irq_add_shared_handler+0x9a>
100008fe:	46c0      	nop			@ (mov r8, r8)
10000900:	d0000124 	.word	0xd0000124
10000904:	20001bb1 	.word	0x20001bb1
10000908:	20000bf4 	.word	0x20000bf4
1000090c:	e000ed00 	.word	0xe000ed00
10000910:	100001c1 	.word	0x100001c1
10000914:	ffffa100 	.word	0xffffa100
10000918:	20000c24 	.word	0x20000c24
1000091c:	ffffbd01 	.word	0xffffbd01
10000920:	100066f8 	.word	0x100066f8
10000924:	10007240 	.word	0x10007240
10000928:	10006644 	.word	0x10006644
1000092c:	10006720 	.word	0x10006720
10000930:	10006748 	.word	0x10006748
10000934:	00004801 	.word	0x00004801
10000938:	0000bd01 	.word	0x0000bd01
1000093c:	0000aaaa 	.word	0x0000aaaa

10000940 <irq_add_tail_to_free_list>:
10000940:	b5f8      	push	{r3, r4, r5, r6, r7, lr}
10000942:	2201      	movs	r2, #1
10000944:	4302      	orrs	r2, r0
10000946:	4b2c      	ldr	r3, [pc, #176]	@ (100009f8 <irq_add_tail_to_free_list+0xb8>)
10000948:	1ad3      	subs	r3, r2, r3
1000094a:	2b2f      	cmp	r3, #47	@ 0x2f
1000094c:	d828      	bhi.n	100009a0 <irq_add_tail_to_free_list+0x60>
1000094e:	f3ef 8305 	mrs	r3, IPSR
10000952:	2b00      	cmp	r3, #0
10000954:	d02a      	beq.n	100009ac <irq_add_tail_to_free_list+0x6c>
10000956:	f3ef 8410 	mrs	r4, PRIMASK
1000095a:	b672      	cpsid	i
1000095c:	4927      	ldr	r1, [pc, #156]	@ (100009fc <irq_add_tail_to_free_list+0xbc>)
1000095e:	6809      	ldr	r1, [r1, #0]
10000960:	2900      	cmp	r1, #0
10000962:	d0fb      	beq.n	1000095c <irq_add_tail_to_free_list+0x1c>
10000964:	f3bf 8f5f 	dmb	sy
10000968:	4d23      	ldr	r5, [pc, #140]	@ (100009f8 <irq_add_tail_to_free_list+0xb8>)
1000096a:	4925      	ldr	r1, [pc, #148]	@ (10000a00 <irq_add_tail_to_free_list+0xc0>)
1000096c:	0006      	movs	r6, r0
1000096e:	1b76      	subs	r6, r6, r5
10000970:	4176      	adcs	r6, r6
10000972:	4371      	muls	r1, r6
10000974:	0d09      	lsrs	r1, r1, #20
10000976:	b24d      	sxtb	r5, r1
10000978:	4922      	ldr	r1, [pc, #136]	@ (10000a04 <irq_add_tail_to_free_list+0xc4>)
1000097a:	6889      	ldr	r1, [r1, #8]
1000097c:	009b      	lsls	r3, r3, #2
1000097e:	58c9      	ldr	r1, [r1, r3]
10000980:	4291      	cmp	r1, r2
10000982:	d019      	beq.n	100009b8 <irq_add_tail_to_free_list+0x78>
10000984:	2100      	movs	r1, #0
10000986:	2903      	cmp	r1, #3
10000988:	d830      	bhi.n	100009ec <irq_add_tail_to_free_list+0xac>
1000098a:	4b1b      	ldr	r3, [pc, #108]	@ (100009f8 <irq_add_tail_to_free_list+0xb8>)
1000098c:	004a      	lsls	r2, r1, #1
1000098e:	1852      	adds	r2, r2, r1
10000990:	0092      	lsls	r2, r2, #2
10000992:	189b      	adds	r3, r3, r2
10000994:	799b      	ldrb	r3, [r3, #6]
10000996:	b25b      	sxtb	r3, r3
10000998:	42ab      	cmp	r3, r5
1000099a:	d01d      	beq.n	100009d8 <irq_add_tail_to_free_list+0x98>
1000099c:	3101      	adds	r1, #1
1000099e:	e7f2      	b.n	10000986 <irq_add_tail_to_free_list+0x46>
100009a0:	4b19      	ldr	r3, [pc, #100]	@ (10000a08 <irq_add_tail_to_free_list+0xc8>)
100009a2:	4a1a      	ldr	r2, [pc, #104]	@ (10000a0c <irq_add_tail_to_free_list+0xcc>)
100009a4:	481a      	ldr	r0, [pc, #104]	@ (10000a10 <irq_add_tail_to_free_list+0xd0>)
100009a6:	491b      	ldr	r1, [pc, #108]	@ (10000a14 <irq_add_tail_to_free_list+0xd4>)
100009a8:	f002 fcf8 	bl	1000339c <__assert_func>
100009ac:	4b1a      	ldr	r3, [pc, #104]	@ (10000a18 <irq_add_tail_to_free_list+0xd8>)
100009ae:	4a17      	ldr	r2, [pc, #92]	@ (10000a0c <irq_add_tail_to_free_list+0xcc>)
100009b0:	4817      	ldr	r0, [pc, #92]	@ (10000a10 <irq_add_tail_to_free_list+0xd0>)
100009b2:	491a      	ldr	r1, [pc, #104]	@ (10000a1c <irq_add_tail_to_free_list+0xdc>)
100009b4:	f002 fcf2 	bl	1000339c <__assert_func>
100009b8:	4a12      	ldr	r2, [pc, #72]	@ (10000a04 <irq_add_tail_to_free_list+0xc4>)
100009ba:	6892      	ldr	r2, [r2, #8]
100009bc:	4918      	ldr	r1, [pc, #96]	@ (10000a20 <irq_add_tail_to_free_list+0xe0>)
100009be:	50d1      	str	r1, [r2, r3]
100009c0:	4b18      	ldr	r3, [pc, #96]	@ (10000a24 <irq_add_tail_to_free_list+0xe4>)
100009c2:	781a      	ldrb	r2, [r3, #0]
100009c4:	7182      	strb	r2, [r0, #6]
100009c6:	701d      	strb	r5, [r3, #0]
100009c8:	f3bf 8f5f 	dmb	sy
100009cc:	4b0b      	ldr	r3, [pc, #44]	@ (100009fc <irq_add_tail_to_free_list+0xbc>)
100009ce:	2200      	movs	r2, #0
100009d0:	601a      	str	r2, [r3, #0]
100009d2:	f384 8810 	msr	PRIMASK, r4
100009d6:	bdf8      	pop	{r3, r4, r5, r6, r7, pc}
100009d8:	4b07      	ldr	r3, [pc, #28]	@ (100009f8 <irq_add_tail_to_free_list+0xb8>)
100009da:	004a      	lsls	r2, r1, #1
100009dc:	1856      	adds	r6, r2, r1
100009de:	00b6      	lsls	r6, r6, #2
100009e0:	199e      	adds	r6, r3, r6
100009e2:	27ff      	movs	r7, #255	@ 0xff
100009e4:	71b7      	strb	r7, [r6, #6]
100009e6:	4a10      	ldr	r2, [pc, #64]	@ (10000a28 <irq_add_tail_to_free_list+0xe8>)
100009e8:	80b2      	strh	r2, [r6, #4]
100009ea:	e7e9      	b.n	100009c0 <irq_add_tail_to_free_list+0x80>
100009ec:	4b0f      	ldr	r3, [pc, #60]	@ (10000a2c <irq_add_tail_to_free_list+0xec>)
100009ee:	4a07      	ldr	r2, [pc, #28]	@ (10000a0c <irq_add_tail_to_free_list+0xcc>)
100009f0:	4807      	ldr	r0, [pc, #28]	@ (10000a10 <irq_add_tail_to_free_list+0xd0>)
100009f2:	490f      	ldr	r1, [pc, #60]	@ (10000a30 <irq_add_tail_to_free_list+0xf0>)
100009f4:	f002 fcd2 	bl	1000339c <__assert_func>
100009f8:	20000bf4 	.word	0x20000bf4
100009fc:	d0000124 	.word	0xd0000124
10000a00:	0000aaaa 	.word	0x0000aaaa
10000a04:	e000ed00 	.word	0xe000ed00
10000a08:	100067cc 	.word	0x100067cc
10000a0c:	10007208 	.word	0x10007208
10000a10:	10006644 	.word	0x10006644
10000a14:	0000027f 	.word	0x0000027f
10000a18:	100067f4 	.word	0x100067f4
10000a1c:	00000282 	.word	0x00000282
10000a20:	100001c1 	.word	0x100001c1
10000a24:	20001bb1 	.word	0x20001bb1
10000a28:	ffffbd01 	.word	0xffffbd01
10000a2c:	10006800 	.word	0x10006800
10000a30:	00000293 	.word	0x00000293

10000a34 <user_irq_claim_unused>:
10000a34:	b510      	push	{r4, lr}
10000a36:	b082      	sub	sp, #8
10000a38:	0001      	movs	r1, r0
10000a3a:	4c07      	ldr	r4, [pc, #28]	@ (10000a58 <user_irq_claim_unused+0x24>)
10000a3c:	4b07      	ldr	r3, [pc, #28]	@ (10000a5c <user_irq_claim_unused+0x28>)
10000a3e:	9300      	str	r3, [sp, #0]
10000a40:	2305      	movs	r3, #5
10000a42:	2200      	movs	r2, #0
10000a44:	0020      	movs	r0, r4
10000a46:	f7ff fd48 	bl	100004da <hw_claim_unused_from_range>
10000a4a:	2800      	cmp	r0, #0
10000a4c:	db01      	blt.n	10000a52 <user_irq_claim_unused+0x1e>
10000a4e:	231f      	movs	r3, #31
10000a50:	1a18      	subs	r0, r3, r0
10000a52:	b002      	add	sp, #8
10000a54:	bd10      	pop	{r4, pc}
10000a56:	46c0      	nop			@ (mov r8, r8)
10000a58:	20001bb5 	.word	0x20001bb5
10000a5c:	10006808 	.word	0x10006808

10000a60 <lock_init>:
10000a60:	4b02      	ldr	r3, [pc, #8]	@ (10000a6c <lock_init+0xc>)
10000a62:	469c      	mov	ip, r3
10000a64:	4461      	add	r1, ip
10000a66:	0089      	lsls	r1, r1, #2
10000a68:	6001      	str	r1, [r0, #0]
10000a6a:	4770      	bx	lr
10000a6c:	34000040 	.word	0x34000040

10000a70 <mutex_init>:
10000a70:	b510      	push	{r4, lr}
10000a72:	0004      	movs	r4, r0
10000a74:	f7ff fd5a 	bl	1000052c <next_striped_spin_lock_num>
10000a78:	0001      	movs	r1, r0
10000a7a:	0020      	movs	r0, r4
10000a7c:	f7ff fff0 	bl	10000a60 <lock_init>
10000a80:	23ff      	movs	r3, #255	@ 0xff
10000a82:	7123      	strb	r3, [r4, #4]
10000a84:	f3bf 8f5f 	dmb	sy
10000a88:	bd10      	pop	{r4, pc}

10000a8a <recursive_mutex_init>:
10000a8a:	b510      	push	{r4, lr}
10000a8c:	0004      	movs	r4, r0
10000a8e:	f7ff fd4d 	bl	1000052c <next_striped_spin_lock_num>
10000a92:	0001      	movs	r1, r0
10000a94:	0020      	movs	r0, r4
10000a96:	f7ff ffe3 	bl	10000a60 <lock_init>
10000a9a:	23ff      	movs	r3, #255	@ 0xff
10000a9c:	7123      	strb	r3, [r4, #4]
10000a9e:	2300      	movs	r3, #0
10000aa0:	7163      	strb	r3, [r4, #5]
10000aa2:	f3bf 8f5f 	dmb	sy
10000aa6:	bd10      	pop	{r4, pc}

10000aa8 <runtime_init_mutex>:
10000aa8:	b510      	push	{r4, lr}
10000aaa:	4c0d      	ldr	r4, [pc, #52]	@ (10000ae0 <runtime_init_mutex+0x38>)
10000aac:	e009      	b.n	10000ac2 <runtime_init_mutex+0x1a>
10000aae:	4b0d      	ldr	r3, [pc, #52]	@ (10000ae4 <runtime_init_mutex+0x3c>)
10000ab0:	4a0d      	ldr	r2, [pc, #52]	@ (10000ae8 <runtime_init_mutex+0x40>)
10000ab2:	480e      	ldr	r0, [pc, #56]	@ (10000aec <runtime_init_mutex+0x44>)
10000ab4:	211a      	movs	r1, #26
10000ab6:	f002 fc71 	bl	1000339c <__assert_func>
10000aba:	0020      	movs	r0, r4
10000abc:	f7ff ffd8 	bl	10000a70 <mutex_init>
10000ac0:	3408      	adds	r4, #8
10000ac2:	4b0b      	ldr	r3, [pc, #44]	@ (10000af0 <runtime_init_mutex+0x48>)
10000ac4:	429c      	cmp	r4, r3
10000ac6:	d209      	bcs.n	10000adc <runtime_init_mutex+0x34>
10000ac8:	6823      	ldr	r3, [r4, #0]
10000aca:	2b00      	cmp	r3, #0
10000acc:	d0f5      	beq.n	10000aba <runtime_init_mutex+0x12>
10000ace:	2b01      	cmp	r3, #1
10000ad0:	d1ed      	bne.n	10000aae <runtime_init_mutex+0x6>
10000ad2:	0020      	movs	r0, r4
10000ad4:	f7ff ffd9 	bl	10000a8a <recursive_mutex_init>
10000ad8:	3408      	adds	r4, #8
10000ada:	e7f2      	b.n	10000ac2 <runtime_init_mutex+0x1a>
10000adc:	bd10      	pop	{r4, pc}
10000ade:	46c0      	nop			@ (mov r8, r8)
10000ae0:	20000cb8 	.word	0x20000cb8
10000ae4:	10006824 	.word	0x10006824
10000ae8:	10007298 	.word	0x10007298
10000aec:	10006844 	.word	0x10006844
10000af0:	20000cc0 	.word	0x20000cc0

10000af4 <critical_section_init_with_lock_num>:
10000af4:	4b03      	ldr	r3, [pc, #12]	@ (10000b04 <critical_section_init_with_lock_num+0x10>)
10000af6:	469c      	mov	ip, r3
10000af8:	4461      	add	r1, ip
10000afa:	0089      	lsls	r1, r1, #2
10000afc:	6001      	str	r1, [r0, #0]
10000afe:	f3bf 8f5f 	dmb	sy
10000b02:	4770      	bx	lr
10000b04:	34000040 	.word	0x34000040

10000b08 <critical_section_init>:
10000b08:	b510      	push	{r4, lr}
10000b0a:	0004      	movs	r4, r0
10000b0c:	2001      	movs	r0, #1
10000b0e:	f7ff fd1b 	bl	10000548 <spin_lock_claim_unused>
10000b12:	0001      	movs	r1, r0
10000b14:	0020      	movs	r0, r4
10000b16:	f7ff ffed 	bl	10000af4 <critical_section_init_with_lock_num>
10000b1a:	bd10      	pop	{r4, pc}

10000b1c <ta_set_timeout>:
10000b1c:	b530      	push	{r4, r5, lr}
10000b1e:	6a84      	ldr	r4, [r0, #40]	@ 0x28
10000b20:	1b15      	subs	r5, r2, r4
10000b22:	1d0b      	adds	r3, r1, #4
10000b24:	009b      	lsls	r3, r3, #2
10000b26:	581b      	ldr	r3, [r3, r0]
10000b28:	1b1b      	subs	r3, r3, r4
10000b2a:	429d      	cmp	r5, r3
10000b2c:	d304      	bcc.n	10000b38 <ta_set_timeout+0x1c>
10000b2e:	6a04      	ldr	r4, [r0, #32]
10000b30:	2301      	movs	r3, #1
10000b32:	408b      	lsls	r3, r1
10000b34:	4223      	tst	r3, r4
10000b36:	d102      	bne.n	10000b3e <ta_set_timeout+0x22>
10000b38:	3104      	adds	r1, #4
10000b3a:	0089      	lsls	r1, r1, #2
10000b3c:	500a      	str	r2, [r1, r0]
10000b3e:	bd30      	pop	{r4, r5, pc}

10000b40 <make_alarm_id>:
10000b40:	0400      	lsls	r0, r0, #16
10000b42:	4308      	orrs	r0, r1
10000b44:	4770      	bx	lr
	...

10000b48 <sleep_until_callback>:
10000b48:	4b0a      	ldr	r3, [pc, #40]	@ (10000b74 <sleep_until_callback+0x2c>)
10000b4a:	6819      	ldr	r1, [r3, #0]
10000b4c:	f3ef 8310 	mrs	r3, PRIMASK
10000b50:	b672      	cpsid	i
10000b52:	680a      	ldr	r2, [r1, #0]
10000b54:	2a00      	cmp	r2, #0
10000b56:	d0fc      	beq.n	10000b52 <sleep_until_callback+0xa>
10000b58:	f3bf 8f5f 	dmb	sy
10000b5c:	4a05      	ldr	r2, [pc, #20]	@ (10000b74 <sleep_until_callback+0x2c>)
10000b5e:	6812      	ldr	r2, [r2, #0]
10000b60:	f3bf 8f5f 	dmb	sy
10000b64:	2100      	movs	r1, #0
10000b66:	6011      	str	r1, [r2, #0]
10000b68:	f383 8810 	msr	PRIMASK, r3
10000b6c:	bf40      	sev
10000b6e:	2000      	movs	r0, #0
10000b70:	2100      	movs	r1, #0
10000b72:	4770      	bx	lr
10000b74:	20001b90 	.word	0x20001b90

10000b78 <alarm_pool_irq_handler>:
10000b78:	b5f0      	push	{r4, r5, r6, r7, lr}
10000b7a:	46de      	mov	lr, fp
10000b7c:	4657      	mov	r7, sl
10000b7e:	464e      	mov	r6, r9
10000b80:	4645      	mov	r5, r8
10000b82:	b5e0      	push	{r5, r6, r7, lr}
10000b84:	b087      	sub	sp, #28
10000b86:	f3ef 8305 	mrs	r3, IPSR
10000b8a:	2203      	movs	r2, #3
10000b8c:	401a      	ands	r2, r3
10000b8e:	4692      	mov	sl, r2
10000b90:	4bae      	ldr	r3, [pc, #696]	@ (10000e4c <alarm_pool_irq_handler+0x2d4>)
10000b92:	0092      	lsls	r2, r2, #2
10000b94:	58d7      	ldr	r7, [r2, r3]
10000b96:	783b      	ldrb	r3, [r7, #0]
10000b98:	4553      	cmp	r3, sl
10000b9a:	d107      	bne.n	10000bac <alarm_pool_irq_handler+0x34>
10000b9c:	2301      	movs	r3, #1
10000b9e:	4652      	mov	r2, sl
10000ba0:	4093      	lsls	r3, r2
10000ba2:	4699      	mov	r9, r3
10000ba4:	4baa      	ldr	r3, [pc, #680]	@ (10000e50 <alarm_pool_irq_handler+0x2d8>)
10000ba6:	464a      	mov	r2, r9
10000ba8:	601a      	str	r2, [r3, #0]
10000baa:	e125      	b.n	10000df8 <alarm_pool_irq_handler+0x280>
10000bac:	4ba9      	ldr	r3, [pc, #676]	@ (10000e54 <alarm_pool_irq_handler+0x2dc>)
10000bae:	4aaa      	ldr	r2, [pc, #680]	@ (10000e58 <alarm_pool_irq_handler+0x2e0>)
10000bb0:	48aa      	ldr	r0, [pc, #680]	@ (10000e5c <alarm_pool_irq_handler+0x2e4>)
10000bb2:	2192      	movs	r1, #146	@ 0x92
10000bb4:	f002 fbf2 	bl	1000339c <__assert_func>
10000bb8:	697a      	ldr	r2, [r7, #20]
10000bba:	0073      	lsls	r3, r6, #1
10000bbc:	199b      	adds	r3, r3, r6
10000bbe:	00db      	lsls	r3, r3, #3
10000bc0:	4690      	mov	r8, r2
10000bc2:	4498      	add	r8, r3
10000bc4:	4643      	mov	r3, r8
10000bc6:	689c      	ldr	r4, [r3, #8]
10000bc8:	68dd      	ldr	r5, [r3, #12]
10000bca:	48a5      	ldr	r0, [pc, #660]	@ (10000e60 <alarm_pool_irq_handler+0x2e8>)
10000bcc:	f000 fbae 	bl	1000132c <timer_time_us_64>
10000bd0:	1b00      	subs	r0, r0, r4
10000bd2:	41a9      	sbcs	r1, r5
10000bd4:	2900      	cmp	r1, #0
10000bd6:	da00      	bge.n	10000bda <alarm_pool_irq_handler+0x62>
10000bd8:	e116      	b.n	10000e08 <alarm_pool_irq_handler+0x290>
10000bda:	2d00      	cmp	r5, #0
10000bdc:	db74      	blt.n	10000cc8 <alarm_pool_irq_handler+0x150>
10000bde:	4643      	mov	r3, r8
10000be0:	691b      	ldr	r3, [r3, #16]
10000be2:	469b      	mov	fp, r3
10000be4:	4b9f      	ldr	r3, [pc, #636]	@ (10000e64 <alarm_pool_irq_handler+0x2ec>)
10000be6:	459b      	cmp	fp, r3
10000be8:	d04f      	beq.n	10000c8a <alarm_pool_irq_handler+0x112>
10000bea:	2308      	movs	r3, #8
10000bec:	5ef8      	ldrsh	r0, [r7, r3]
10000bee:	4643      	mov	r3, r8
10000bf0:	8859      	ldrh	r1, [r3, #2]
10000bf2:	b289      	uxth	r1, r1
10000bf4:	f7ff ffa4 	bl	10000b40 <make_alarm_id>
10000bf8:	4643      	mov	r3, r8
10000bfa:	6959      	ldr	r1, [r3, #20]
10000bfc:	47d8      	blx	fp
10000bfe:	9002      	str	r0, [sp, #8]
10000c00:	9103      	str	r1, [sp, #12]
10000c02:	9902      	ldr	r1, [sp, #8]
10000c04:	9a03      	ldr	r2, [sp, #12]
10000c06:	000b      	movs	r3, r1
10000c08:	0010      	movs	r0, r2
10000c0a:	4313      	orrs	r3, r2
10000c0c:	d05c      	beq.n	10000cc8 <alarm_pool_irq_handler+0x150>
10000c0e:	0013      	movs	r3, r2
10000c10:	000a      	movs	r2, r1
10000c12:	2800      	cmp	r0, #0
10000c14:	da47      	bge.n	10000ca6 <alarm_pool_irq_handler+0x12e>
10000c16:	1aa4      	subs	r4, r4, r2
10000c18:	419d      	sbcs	r5, r3
10000c1a:	9400      	str	r4, [sp, #0]
10000c1c:	9501      	str	r5, [sp, #4]
10000c1e:	4643      	mov	r3, r8
10000c20:	9c00      	ldr	r4, [sp, #0]
10000c22:	9d01      	ldr	r5, [sp, #4]
10000c24:	609c      	str	r4, [r3, #8]
10000c26:	60dd      	str	r5, [r3, #12]
10000c28:	2100      	movs	r1, #0
10000c2a:	5e59      	ldrsh	r1, [r3, r1]
10000c2c:	2900      	cmp	r1, #0
10000c2e:	da00      	bge.n	10000c32 <alarm_pool_irq_handler+0xba>
10000c30:	e0ea      	b.n	10000e08 <alarm_pool_irq_handler+0x290>
10000c32:	6978      	ldr	r0, [r7, #20]
10000c34:	004b      	lsls	r3, r1, #1
10000c36:	185b      	adds	r3, r3, r1
10000c38:	00db      	lsls	r3, r3, #3
10000c3a:	18c3      	adds	r3, r0, r3
10000c3c:	689a      	ldr	r2, [r3, #8]
10000c3e:	68db      	ldr	r3, [r3, #12]
10000c40:	1aa4      	subs	r4, r4, r2
10000c42:	419d      	sbcs	r5, r3
10000c44:	2d00      	cmp	r5, #0
10000c46:	da00      	bge.n	10000c4a <alarm_pool_irq_handler+0xd2>
10000c48:	e0de      	b.n	10000e08 <alarm_pool_irq_handler+0x290>
10000c4a:	8139      	strh	r1, [r7, #8]
10000c4c:	003d      	movs	r5, r7
10000c4e:	3508      	adds	r5, #8
10000c50:	4684      	mov	ip, r0
10000c52:	9104      	str	r1, [sp, #16]
10000c54:	002a      	movs	r2, r5
10000c56:	9705      	str	r7, [sp, #20]
10000c58:	46b3      	mov	fp, r6
10000c5a:	9e00      	ldr	r6, [sp, #0]
10000c5c:	9f01      	ldr	r7, [sp, #4]
10000c5e:	9b04      	ldr	r3, [sp, #16]
10000c60:	2b00      	cmp	r3, #0
10000c62:	db2a      	blt.n	10000cba <alarm_pool_irq_handler+0x142>
10000c64:	2300      	movs	r3, #0
10000c66:	5ed4      	ldrsh	r4, [r2, r3]
10000c68:	0063      	lsls	r3, r4, #1
10000c6a:	191b      	adds	r3, r3, r4
10000c6c:	00db      	lsls	r3, r3, #3
10000c6e:	4463      	add	r3, ip
10000c70:	689c      	ldr	r4, [r3, #8]
10000c72:	68dd      	ldr	r5, [r3, #12]
10000c74:	0030      	movs	r0, r6
10000c76:	0039      	movs	r1, r7
10000c78:	1b00      	subs	r0, r0, r4
10000c7a:	41a9      	sbcs	r1, r5
10000c7c:	2900      	cmp	r1, #0
10000c7e:	db1c      	blt.n	10000cba <alarm_pool_irq_handler+0x142>
10000c80:	001a      	movs	r2, r3
10000c82:	2100      	movs	r1, #0
10000c84:	5e59      	ldrsh	r1, [r3, r1]
10000c86:	9104      	str	r1, [sp, #16]
10000c88:	e7e9      	b.n	10000c5e <alarm_pool_irq_handler+0xe6>
10000c8a:	4643      	mov	r3, r8
10000c8c:	695b      	ldr	r3, [r3, #20]
10000c8e:	469b      	mov	fp, r3
10000c90:	691b      	ldr	r3, [r3, #16]
10000c92:	4658      	mov	r0, fp
10000c94:	4798      	blx	r3
10000c96:	2800      	cmp	r0, #0
10000c98:	d016      	beq.n	10000cc8 <alarm_pool_irq_handler+0x150>
10000c9a:	465b      	mov	r3, fp
10000c9c:	681a      	ldr	r2, [r3, #0]
10000c9e:	685b      	ldr	r3, [r3, #4]
10000ca0:	9202      	str	r2, [sp, #8]
10000ca2:	9303      	str	r3, [sp, #12]
10000ca4:	e7ad      	b.n	10000c02 <alarm_pool_irq_handler+0x8a>
10000ca6:	486e      	ldr	r0, [pc, #440]	@ (10000e60 <alarm_pool_irq_handler+0x2e8>)
10000ca8:	f000 fb40 	bl	1000132c <timer_time_us_64>
10000cac:	9b02      	ldr	r3, [sp, #8]
10000cae:	9c03      	ldr	r4, [sp, #12]
10000cb0:	181b      	adds	r3, r3, r0
10000cb2:	414c      	adcs	r4, r1
10000cb4:	9300      	str	r3, [sp, #0]
10000cb6:	9401      	str	r4, [sp, #4]
10000cb8:	e7b1      	b.n	10000c1e <alarm_pool_irq_handler+0xa6>
10000cba:	9904      	ldr	r1, [sp, #16]
10000cbc:	9f05      	ldr	r7, [sp, #20]
10000cbe:	465e      	mov	r6, fp
10000cc0:	4643      	mov	r3, r8
10000cc2:	8019      	strh	r1, [r3, #0]
10000cc4:	8016      	strh	r6, [r2, #0]
10000cc6:	e09f      	b.n	10000e08 <alarm_pool_irq_handler+0x290>
10000cc8:	4643      	mov	r3, r8
10000cca:	2200      	movs	r2, #0
10000ccc:	5e9b      	ldrsh	r3, [r3, r2]
10000cce:	813b      	strh	r3, [r7, #8]
10000cd0:	693a      	ldr	r2, [r7, #16]
10000cd2:	f3ef 8310 	mrs	r3, PRIMASK
10000cd6:	b672      	cpsid	i
10000cd8:	6811      	ldr	r1, [r2, #0]
10000cda:	2900      	cmp	r1, #0
10000cdc:	d0fc      	beq.n	10000cd8 <alarm_pool_irq_handler+0x160>
10000cde:	f3bf 8f5f 	dmb	sy
10000ce2:	2102      	movs	r1, #2
10000ce4:	5e7a      	ldrsh	r2, [r7, r1]
10000ce6:	4641      	mov	r1, r8
10000ce8:	800a      	strh	r2, [r1, #0]
10000cea:	807e      	strh	r6, [r7, #2]
10000cec:	693a      	ldr	r2, [r7, #16]
10000cee:	f3bf 8f5f 	dmb	sy
10000cf2:	2100      	movs	r1, #0
10000cf4:	6011      	str	r1, [r2, #0]
10000cf6:	f383 8810 	msr	PRIMASK, r3
10000cfa:	e085      	b.n	10000e08 <alarm_pool_irq_handler+0x290>
10000cfc:	6939      	ldr	r1, [r7, #16]
10000cfe:	f3ef 8310 	mrs	r3, PRIMASK
10000d02:	b672      	cpsid	i
10000d04:	680a      	ldr	r2, [r1, #0]
10000d06:	2a00      	cmp	r2, #0
10000d08:	d0fc      	beq.n	10000d04 <alarm_pool_irq_handler+0x18c>
10000d0a:	f3bf 8f5f 	dmb	sy
10000d0e:	88b8      	ldrh	r0, [r7, #4]
10000d10:	b200      	sxth	r0, r0
10000d12:	2201      	movs	r2, #1
10000d14:	4252      	negs	r2, r2
10000d16:	80ba      	strh	r2, [r7, #4]
10000d18:	693a      	ldr	r2, [r7, #16]
10000d1a:	f3bf 8f5f 	dmb	sy
10000d1e:	2100      	movs	r1, #0
10000d20:	6011      	str	r1, [r2, #0]
10000d22:	f383 8810 	msr	PRIMASK, r3
10000d26:	0005      	movs	r5, r0
10000d28:	46bc      	mov	ip, r7
10000d2a:	e01c      	b.n	10000d66 <alarm_pool_irq_handler+0x1ee>
10000d2c:	9304      	str	r3, [sp, #16]
10000d2e:	2200      	movs	r2, #0
10000d30:	5e9a      	ldrsh	r2, [r3, r2]
10000d32:	2a00      	cmp	r2, #0
10000d34:	db0e      	blt.n	10000d54 <alarm_pool_irq_handler+0x1dc>
10000d36:	9b04      	ldr	r3, [sp, #16]
10000d38:	2100      	movs	r1, #0
10000d3a:	5e59      	ldrsh	r1, [r3, r1]
10000d3c:	004b      	lsls	r3, r1, #1
10000d3e:	185b      	adds	r3, r3, r1
10000d40:	00db      	lsls	r3, r3, #3
10000d42:	4463      	add	r3, ip
10000d44:	6898      	ldr	r0, [r3, #8]
10000d46:	68d9      	ldr	r1, [r3, #12]
10000d48:	0034      	movs	r4, r6
10000d4a:	003d      	movs	r5, r7
10000d4c:	1a24      	subs	r4, r4, r0
10000d4e:	418d      	sbcs	r5, r1
10000d50:	2d00      	cmp	r5, #0
10000d52:	daeb      	bge.n	10000d2c <alarm_pool_irq_handler+0x1b4>
10000d54:	9904      	ldr	r1, [sp, #16]
10000d56:	465d      	mov	r5, fp
10000d58:	9b00      	ldr	r3, [sp, #0]
10000d5a:	469c      	mov	ip, r3
10000d5c:	4644      	mov	r4, r8
10000d5e:	800d      	strh	r5, [r1, #0]
10000d60:	2300      	movs	r3, #0
10000d62:	5ee5      	ldrsh	r5, [r4, r3]
10000d64:	8022      	strh	r2, [r4, #0]
10000d66:	2d00      	cmp	r5, #0
10000d68:	db12      	blt.n	10000d90 <alarm_pool_irq_handler+0x218>
10000d6a:	4663      	mov	r3, ip
10000d6c:	6958      	ldr	r0, [r3, #20]
10000d6e:	006c      	lsls	r4, r5, #1
10000d70:	1964      	adds	r4, r4, r5
10000d72:	00e4      	lsls	r4, r4, #3
10000d74:	1904      	adds	r4, r0, r4
10000d76:	68a6      	ldr	r6, [r4, #8]
10000d78:	68e7      	ldr	r7, [r4, #12]
10000d7a:	4661      	mov	r1, ip
10000d7c:	3108      	adds	r1, #8
10000d7e:	2208      	movs	r2, #8
10000d80:	5e9a      	ldrsh	r2, [r3, r2]
10000d82:	46ab      	mov	fp, r5
10000d84:	9104      	str	r1, [sp, #16]
10000d86:	4663      	mov	r3, ip
10000d88:	9300      	str	r3, [sp, #0]
10000d8a:	46a0      	mov	r8, r4
10000d8c:	4684      	mov	ip, r0
10000d8e:	e7d0      	b.n	10000d32 <alarm_pool_irq_handler+0x1ba>
10000d90:	4667      	mov	r7, ip
10000d92:	e03e      	b.n	10000e12 <alarm_pool_irq_handler+0x29a>
10000d94:	2300      	movs	r3, #0
10000d96:	71bb      	strb	r3, [r7, #6]
10000d98:	0039      	movs	r1, r7
10000d9a:	3108      	adds	r1, #8
10000d9c:	2308      	movs	r3, #8
10000d9e:	5ef8      	ldrsh	r0, [r7, r3]
10000da0:	e00e      	b.n	10000dc0 <alarm_pool_irq_handler+0x248>
10000da2:	2401      	movs	r4, #1
10000da4:	4264      	negs	r4, r4
10000da6:	17e5      	asrs	r5, r4, #31
10000da8:	6094      	str	r4, [r2, #8]
10000daa:	60d5      	str	r5, [r2, #12]
10000dac:	2408      	movs	r4, #8
10000dae:	5f3b      	ldrsh	r3, [r7, r4]
10000db0:	4283      	cmp	r3, r0
10000db2:	d004      	beq.n	10000dbe <alarm_pool_irq_handler+0x246>
10000db4:	800e      	strh	r6, [r1, #0]
10000db6:	2408      	movs	r4, #8
10000db8:	5f3b      	ldrsh	r3, [r7, r4]
10000dba:	8013      	strh	r3, [r2, #0]
10000dbc:	8138      	strh	r0, [r7, #8]
10000dbe:	0030      	movs	r0, r6
10000dc0:	1c43      	adds	r3, r0, #1
10000dc2:	d029      	beq.n	10000e18 <alarm_pool_irq_handler+0x2a0>
10000dc4:	697c      	ldr	r4, [r7, #20]
10000dc6:	0043      	lsls	r3, r0, #1
10000dc8:	181b      	adds	r3, r3, r0
10000dca:	00db      	lsls	r3, r3, #3
10000dcc:	18e2      	adds	r2, r4, r3
10000dce:	5ee6      	ldrsh	r6, [r4, r3]
10000dd0:	8853      	ldrh	r3, [r2, #2]
10000dd2:	b21b      	sxth	r3, r3
10000dd4:	2b00      	cmp	r3, #0
10000dd6:	dbe4      	blt.n	10000da2 <alarm_pool_irq_handler+0x22a>
10000dd8:	0011      	movs	r1, r2
10000dda:	e7f0      	b.n	10000dbe <alarm_pool_irq_handler+0x246>
10000ddc:	0022      	movs	r2, r4
10000dde:	002b      	movs	r3, r5
10000de0:	4651      	mov	r1, sl
10000de2:	481f      	ldr	r0, [pc, #124]	@ (10000e60 <alarm_pool_irq_handler+0x2e8>)
10000de4:	f7ff fe9a 	bl	10000b1c <ta_set_timeout>
10000de8:	481d      	ldr	r0, [pc, #116]	@ (10000e60 <alarm_pool_irq_handler+0x2e8>)
10000dea:	f000 fa9f 	bl	1000132c <timer_time_us_64>
10000dee:	1a24      	subs	r4, r4, r0
10000df0:	418d      	sbcs	r5, r1
10000df2:	2d00      	cmp	r5, #0
10000df4:	dc22      	bgt.n	10000e3c <alarm_pool_irq_handler+0x2c4>
10000df6:	d01f      	beq.n	10000e38 <alarm_pool_irq_handler+0x2c0>
10000df8:	4b19      	ldr	r3, [pc, #100]	@ (10000e60 <alarm_pool_irq_handler+0x2e8>)
10000dfa:	464a      	mov	r2, r9
10000dfc:	635a      	str	r2, [r3, #52]	@ 0x34
10000dfe:	2308      	movs	r3, #8
10000e00:	5efe      	ldrsh	r6, [r7, r3]
10000e02:	2e00      	cmp	r6, #0
10000e04:	db00      	blt.n	10000e08 <alarm_pool_irq_handler+0x290>
10000e06:	e6d7      	b.n	10000bb8 <alarm_pool_irq_handler+0x40>
10000e08:	88bb      	ldrh	r3, [r7, #4]
10000e0a:	b21b      	sxth	r3, r3
10000e0c:	2b00      	cmp	r3, #0
10000e0e:	db00      	blt.n	10000e12 <alarm_pool_irq_handler+0x29a>
10000e10:	e774      	b.n	10000cfc <alarm_pool_irq_handler+0x184>
10000e12:	79bb      	ldrb	r3, [r7, #6]
10000e14:	2b00      	cmp	r3, #0
10000e16:	d1bd      	bne.n	10000d94 <alarm_pool_irq_handler+0x21c>
10000e18:	2308      	movs	r3, #8
10000e1a:	5efa      	ldrsh	r2, [r7, r3]
10000e1c:	2a00      	cmp	r2, #0
10000e1e:	db0d      	blt.n	10000e3c <alarm_pool_irq_handler+0x2c4>
10000e20:	6979      	ldr	r1, [r7, #20]
10000e22:	0053      	lsls	r3, r2, #1
10000e24:	189b      	adds	r3, r3, r2
10000e26:	00db      	lsls	r3, r3, #3
10000e28:	18cb      	adds	r3, r1, r3
10000e2a:	689c      	ldr	r4, [r3, #8]
10000e2c:	68dd      	ldr	r5, [r3, #12]
10000e2e:	1c63      	adds	r3, r4, #1
10000e30:	d1d4      	bne.n	10000ddc <alarm_pool_irq_handler+0x264>
10000e32:	1c6b      	adds	r3, r5, #1
10000e34:	d0d8      	beq.n	10000de8 <alarm_pool_irq_handler+0x270>
10000e36:	e7d1      	b.n	10000ddc <alarm_pool_irq_handler+0x264>
10000e38:	2c00      	cmp	r4, #0
10000e3a:	d0dd      	beq.n	10000df8 <alarm_pool_irq_handler+0x280>
10000e3c:	bf40      	sev
10000e3e:	b007      	add	sp, #28
10000e40:	bcf0      	pop	{r4, r5, r6, r7}
10000e42:	46bb      	mov	fp, r7
10000e44:	46b2      	mov	sl, r6
10000e46:	46a9      	mov	r9, r5
10000e48:	46a0      	mov	r8, r4
10000e4a:	bdf0      	pop	{r4, r5, r6, r7, pc}
10000e4c:	20001974 	.word	0x20001974
10000e50:	4005703c 	.word	0x4005703c
10000e54:	100068e0 	.word	0x100068e0
10000e58:	100072c4 	.word	0x100072c4
10000e5c:	1000690c 	.word	0x1000690c
10000e60:	40054000 	.word	0x40054000
10000e64:	10000b79 	.word	0x10000b79

10000e68 <ta_enable_irq_handler>:
10000e68:	b570      	push	{r4, r5, r6, lr}
10000e6a:	0004      	movs	r4, r0
10000e6c:	000d      	movs	r5, r1
10000e6e:	0011      	movs	r1, r2
10000e70:	2601      	movs	r6, #1
10000e72:	40ae      	lsls	r6, r5
10000e74:	6206      	str	r6, [r0, #32]
10000e76:	0028      	movs	r0, r5
10000e78:	f7ff fc2c 	bl	100006d4 <irq_set_exclusive_handler>
10000e7c:	2101      	movs	r1, #1
10000e7e:	0028      	movs	r0, r5
10000e80:	f7ff fc00 	bl	10000684 <irq_set_enabled>
10000e84:	4b02      	ldr	r3, [pc, #8]	@ (10000e90 <ta_enable_irq_handler+0x28>)
10000e86:	469c      	mov	ip, r3
10000e88:	4464      	add	r4, ip
10000e8a:	6026      	str	r6, [r4, #0]
10000e8c:	bd70      	pop	{r4, r5, r6, pc}
10000e8e:	46c0      	nop			@ (mov r8, r8)
10000e90:	00002038 	.word	0x00002038

10000e94 <alarm_pool_post_alloc_init>:
10000e94:	b5f8      	push	{r3, r4, r5, r6, r7, lr}
10000e96:	46ce      	mov	lr, r9
10000e98:	4647      	mov	r7, r8
10000e9a:	b580      	push	{r7, lr}
10000e9c:	0006      	movs	r6, r0
10000e9e:	4689      	mov	r9, r1
10000ea0:	4690      	mov	r8, r2
10000ea2:	001f      	movs	r7, r3
10000ea4:	60c1      	str	r1, [r0, #12]
10000ea6:	f7ff fb41 	bl	1000052c <next_striped_spin_lock_num>
10000eaa:	4b15      	ldr	r3, [pc, #84]	@ (10000f00 <alarm_pool_post_alloc_init+0x6c>)
10000eac:	469c      	mov	ip, r3
10000eae:	4460      	add	r0, ip
10000eb0:	0080      	lsls	r0, r0, #2
10000eb2:	6130      	str	r0, [r6, #16]
10000eb4:	4643      	mov	r3, r8
10000eb6:	7033      	strb	r3, [r6, #0]
10000eb8:	b2bb      	uxth	r3, r7
10000eba:	8173      	strh	r3, [r6, #10]
10000ebc:	22d0      	movs	r2, #208	@ 0xd0
10000ebe:	0612      	lsls	r2, r2, #24
10000ec0:	7812      	ldrb	r2, [r2, #0]
10000ec2:	7072      	strb	r2, [r6, #1]
10000ec4:	2201      	movs	r2, #1
10000ec6:	4252      	negs	r2, r2
10000ec8:	8132      	strh	r2, [r6, #8]
10000eca:	80b2      	strh	r2, [r6, #4]
10000ecc:	189b      	adds	r3, r3, r2
10000ece:	8073      	strh	r3, [r6, #2]
10000ed0:	2400      	movs	r4, #0
10000ed2:	e006      	b.n	10000ee2 <alarm_pool_post_alloc_init+0x4e>
10000ed4:	1e62      	subs	r2, r4, #1
10000ed6:	6973      	ldr	r3, [r6, #20]
10000ed8:	0065      	lsls	r5, r4, #1
10000eda:	192d      	adds	r5, r5, r4
10000edc:	00ed      	lsls	r5, r5, #3
10000ede:	535a      	strh	r2, [r3, r5]
10000ee0:	3401      	adds	r4, #1
10000ee2:	42bc      	cmp	r4, r7
10000ee4:	d3f6      	bcc.n	10000ed4 <alarm_pool_post_alloc_init+0x40>
10000ee6:	4b07      	ldr	r3, [pc, #28]	@ (10000f04 <alarm_pool_post_alloc_init+0x70>)
10000ee8:	4642      	mov	r2, r8
10000eea:	0092      	lsls	r2, r2, #2
10000eec:	50d6      	str	r6, [r2, r3]
10000eee:	4a06      	ldr	r2, [pc, #24]	@ (10000f08 <alarm_pool_post_alloc_init+0x74>)
10000ef0:	4641      	mov	r1, r8
10000ef2:	4648      	mov	r0, r9
10000ef4:	f7ff ffb8 	bl	10000e68 <ta_enable_irq_handler>
10000ef8:	bcc0      	pop	{r6, r7}
10000efa:	46b9      	mov	r9, r7
10000efc:	46b0      	mov	r8, r6
10000efe:	bdf8      	pop	{r3, r4, r5, r6, r7, pc}
10000f00:	34000040 	.word	0x34000040
10000f04:	20001974 	.word	0x20001974
10000f08:	10000b79 	.word	0x10000b79

10000f0c <alarm_pool_get_default>:
10000f0c:	b510      	push	{r4, lr}
10000f0e:	4b06      	ldr	r3, [pc, #24]	@ (10000f28 <alarm_pool_get_default+0x1c>)
10000f10:	691b      	ldr	r3, [r3, #16]
10000f12:	2b00      	cmp	r3, #0
10000f14:	d001      	beq.n	10000f1a <alarm_pool_get_default+0xe>
10000f16:	4804      	ldr	r0, [pc, #16]	@ (10000f28 <alarm_pool_get_default+0x1c>)
10000f18:	bd10      	pop	{r4, pc}
10000f1a:	4b04      	ldr	r3, [pc, #16]	@ (10000f2c <alarm_pool_get_default+0x20>)
10000f1c:	4a04      	ldr	r2, [pc, #16]	@ (10000f30 <alarm_pool_get_default+0x24>)
10000f1e:	4805      	ldr	r0, [pc, #20]	@ (10000f34 <alarm_pool_get_default+0x28>)
10000f20:	2165      	movs	r1, #101	@ 0x65
10000f22:	f002 fa3b 	bl	1000339c <__assert_func>
10000f26:	46c0      	nop			@ (mov r8, r8)
10000f28:	20000c3c 	.word	0x20000c3c
10000f2c:	10006954 	.word	0x10006954
10000f30:	100072ac 	.word	0x100072ac
10000f34:	1000690c 	.word	0x1000690c

10000f38 <alarm_pool_add_alarm_at_force_in_context>:
10000f38:	b5f8      	push	{r3, r4, r5, r6, r7, lr}
10000f3a:	0004      	movs	r4, r0
10000f3c:	6905      	ldr	r5, [r0, #16]
10000f3e:	f3ef 8010 	mrs	r0, PRIMASK
10000f42:	b672      	cpsid	i
10000f44:	6829      	ldr	r1, [r5, #0]
10000f46:	2900      	cmp	r1, #0
10000f48:	d0fc      	beq.n	10000f44 <alarm_pool_add_alarm_at_force_in_context+0xc>
10000f4a:	f3bf 8f5f 	dmb	sy
10000f4e:	2102      	movs	r1, #2
10000f50:	5e66      	ldrsh	r6, [r4, r1]
10000f52:	6965      	ldr	r5, [r4, #20]
10000f54:	0071      	lsls	r1, r6, #1
10000f56:	1989      	adds	r1, r1, r6
10000f58:	00c9      	lsls	r1, r1, #3
10000f5a:	186d      	adds	r5, r5, r1
10000f5c:	2e00      	cmp	r6, #0
10000f5e:	db02      	blt.n	10000f66 <alarm_pool_add_alarm_at_force_in_context+0x2e>
10000f60:	2700      	movs	r7, #0
10000f62:	5fe9      	ldrsh	r1, [r5, r7]
10000f64:	8061      	strh	r1, [r4, #2]
10000f66:	6921      	ldr	r1, [r4, #16]
10000f68:	f3bf 8f5f 	dmb	sy
10000f6c:	2700      	movs	r7, #0
10000f6e:	600f      	str	r7, [r1, #0]
10000f70:	f380 8810 	msr	PRIMASK, r0
10000f74:	2e00      	cmp	r6, #0
10000f76:	db2c      	blt.n	10000fd2 <alarm_pool_add_alarm_at_force_in_context+0x9a>
10000f78:	9906      	ldr	r1, [sp, #24]
10000f7a:	6129      	str	r1, [r5, #16]
10000f7c:	9907      	ldr	r1, [sp, #28]
10000f7e:	6169      	str	r1, [r5, #20]
10000f80:	60aa      	str	r2, [r5, #8]
10000f82:	60eb      	str	r3, [r5, #12]
10000f84:	886b      	ldrh	r3, [r5, #2]
10000f86:	3301      	adds	r3, #1
10000f88:	045b      	lsls	r3, r3, #17
10000f8a:	0c59      	lsrs	r1, r3, #17
10000f8c:	2b00      	cmp	r3, #0
10000f8e:	d100      	bne.n	10000f92 <alarm_pool_add_alarm_at_force_in_context+0x5a>
10000f90:	2101      	movs	r1, #1
10000f92:	8069      	strh	r1, [r5, #2]
10000f94:	0030      	movs	r0, r6
10000f96:	f7ff fdd3 	bl	10000b40 <make_alarm_id>
10000f9a:	6921      	ldr	r1, [r4, #16]
10000f9c:	f3ef 8310 	mrs	r3, PRIMASK
10000fa0:	b672      	cpsid	i
10000fa2:	680a      	ldr	r2, [r1, #0]
10000fa4:	2a00      	cmp	r2, #0
10000fa6:	d0fc      	beq.n	10000fa2 <alarm_pool_add_alarm_at_force_in_context+0x6a>
10000fa8:	f3bf 8f5f 	dmb	sy
10000fac:	88a2      	ldrh	r2, [r4, #4]
10000fae:	802a      	strh	r2, [r5, #0]
10000fb0:	80a6      	strh	r6, [r4, #4]
10000fb2:	6922      	ldr	r2, [r4, #16]
10000fb4:	f3bf 8f5f 	dmb	sy
10000fb8:	2100      	movs	r1, #0
10000fba:	6011      	str	r1, [r2, #0]
10000fbc:	f383 8810 	msr	PRIMASK, r3
10000fc0:	68e3      	ldr	r3, [r4, #12]
10000fc2:	7821      	ldrb	r1, [r4, #0]
10000fc4:	2201      	movs	r2, #1
10000fc6:	408a      	lsls	r2, r1
10000fc8:	4903      	ldr	r1, [pc, #12]	@ (10000fd8 <alarm_pool_add_alarm_at_force_in_context+0xa0>)
10000fca:	468c      	mov	ip, r1
10000fcc:	4463      	add	r3, ip
10000fce:	601a      	str	r2, [r3, #0]
10000fd0:	bdf8      	pop	{r3, r4, r5, r6, r7, pc}
10000fd2:	2001      	movs	r0, #1
10000fd4:	4240      	negs	r0, r0
10000fd6:	e7fb      	b.n	10000fd0 <alarm_pool_add_alarm_at_force_in_context+0x98>
10000fd8:	0000203c 	.word	0x0000203c

10000fdc <alarm_pool_add_alarm_at>:
10000fdc:	b570      	push	{r4, r5, r6, lr}
10000fde:	b082      	sub	sp, #8
10000fe0:	0006      	movs	r6, r0
10000fe2:	0014      	movs	r4, r2
10000fe4:	001d      	movs	r5, r3
10000fe6:	ab08      	add	r3, sp, #32
10000fe8:	781b      	ldrb	r3, [r3, #0]
10000fea:	2b00      	cmp	r3, #0
10000fec:	d107      	bne.n	10000ffe <alarm_pool_add_alarm_at+0x22>
10000fee:	f000 f9b3 	bl	10001358 <time_us_64>
10000ff2:	0022      	movs	r2, r4
10000ff4:	002b      	movs	r3, r5
10000ff6:	1a12      	subs	r2, r2, r0
10000ff8:	418b      	sbcs	r3, r1
10000ffa:	2b00      	cmp	r3, #0
10000ffc:	db0a      	blt.n	10001014 <alarm_pool_add_alarm_at+0x38>
10000ffe:	9b07      	ldr	r3, [sp, #28]
10001000:	9301      	str	r3, [sp, #4]
10001002:	9b06      	ldr	r3, [sp, #24]
10001004:	9300      	str	r3, [sp, #0]
10001006:	0022      	movs	r2, r4
10001008:	002b      	movs	r3, r5
1000100a:	0030      	movs	r0, r6
1000100c:	f7ff ff94 	bl	10000f38 <alarm_pool_add_alarm_at_force_in_context>
10001010:	b002      	add	sp, #8
10001012:	bd70      	pop	{r4, r5, r6, pc}
10001014:	2000      	movs	r0, #0
10001016:	e7fb      	b.n	10001010 <alarm_pool_add_alarm_at+0x34>

10001018 <add_alarm_at>:
10001018:	b5f0      	push	{r4, r5, r6, r7, lr}
1000101a:	46c6      	mov	lr, r8
1000101c:	b500      	push	{lr}
1000101e:	b084      	sub	sp, #16
10001020:	0005      	movs	r5, r0
10001022:	4688      	mov	r8, r1
10001024:	0016      	movs	r6, r2
10001026:	001f      	movs	r7, r3
10001028:	ab0a      	add	r3, sp, #40	@ 0x28
1000102a:	781c      	ldrb	r4, [r3, #0]
1000102c:	f7ff ff6e 	bl	10000f0c <alarm_pool_get_default>
10001030:	9402      	str	r4, [sp, #8]
10001032:	9701      	str	r7, [sp, #4]
10001034:	9600      	str	r6, [sp, #0]
10001036:	002a      	movs	r2, r5
10001038:	4643      	mov	r3, r8
1000103a:	f7ff ffcf 	bl	10000fdc <alarm_pool_add_alarm_at>
1000103e:	b004      	add	sp, #16
10001040:	bc80      	pop	{r7}
10001042:	46b8      	mov	r8, r7
10001044:	bdf0      	pop	{r4, r5, r6, r7, pc}
	...

10001048 <alarm_pool_cancel_alarm>:
10001048:	b530      	push	{r4, r5, lr}
1000104a:	0004      	movs	r4, r0
1000104c:	140a      	asrs	r2, r1, #16
1000104e:	8943      	ldrh	r3, [r0, #10]
10001050:	429a      	cmp	r2, r3
10001052:	da2e      	bge.n	100010b2 <alarm_pool_cancel_alarm+0x6a>
10001054:	6940      	ldr	r0, [r0, #20]
10001056:	0053      	lsls	r3, r2, #1
10001058:	189b      	adds	r3, r3, r2
1000105a:	00db      	lsls	r3, r3, #3
1000105c:	18c3      	adds	r3, r0, r3
1000105e:	6925      	ldr	r5, [r4, #16]
10001060:	f3ef 8210 	mrs	r2, PRIMASK
10001064:	b672      	cpsid	i
10001066:	6828      	ldr	r0, [r5, #0]
10001068:	2800      	cmp	r0, #0
1000106a:	d0fc      	beq.n	10001066 <alarm_pool_cancel_alarm+0x1e>
1000106c:	f3bf 8f5f 	dmb	sy
10001070:	8858      	ldrh	r0, [r3, #2]
10001072:	b285      	uxth	r5, r0
10001074:	0409      	lsls	r1, r1, #16
10001076:	0c09      	lsrs	r1, r1, #16
10001078:	4288      	cmp	r0, r1
1000107a:	d012      	beq.n	100010a2 <alarm_pool_cancel_alarm+0x5a>
1000107c:	2000      	movs	r0, #0
1000107e:	6923      	ldr	r3, [r4, #16]
10001080:	f3bf 8f5f 	dmb	sy
10001084:	2100      	movs	r1, #0
10001086:	6019      	str	r1, [r3, #0]
10001088:	f382 8810 	msr	PRIMASK, r2
1000108c:	2800      	cmp	r0, #0
1000108e:	d011      	beq.n	100010b4 <alarm_pool_cancel_alarm+0x6c>
10001090:	68e3      	ldr	r3, [r4, #12]
10001092:	7821      	ldrb	r1, [r4, #0]
10001094:	2201      	movs	r2, #1
10001096:	408a      	lsls	r2, r1
10001098:	4907      	ldr	r1, [pc, #28]	@ (100010b8 <alarm_pool_cancel_alarm+0x70>)
1000109a:	468c      	mov	ip, r1
1000109c:	4463      	add	r3, ip
1000109e:	601a      	str	r2, [r3, #0]
100010a0:	e008      	b.n	100010b4 <alarm_pool_cancel_alarm+0x6c>
100010a2:	4906      	ldr	r1, [pc, #24]	@ (100010bc <alarm_pool_cancel_alarm+0x74>)
100010a4:	4329      	orrs	r1, r5
100010a6:	b289      	uxth	r1, r1
100010a8:	8059      	strh	r1, [r3, #2]
100010aa:	2301      	movs	r3, #1
100010ac:	71a3      	strb	r3, [r4, #6]
100010ae:	2001      	movs	r0, #1
100010b0:	e7e5      	b.n	1000107e <alarm_pool_cancel_alarm+0x36>
100010b2:	2000      	movs	r0, #0
100010b4:	bd30      	pop	{r4, r5, pc}
100010b6:	46c0      	nop			@ (mov r8, r8)
100010b8:	0000203c 	.word	0x0000203c
100010bc:	ffff8000 	.word	0xffff8000

100010c0 <cancel_alarm>:
100010c0:	b510      	push	{r4, lr}
100010c2:	0004      	movs	r4, r0
100010c4:	f7ff ff22 	bl	10000f0c <alarm_pool_get_default>
100010c8:	0021      	movs	r1, r4
100010ca:	f7ff ffbd 	bl	10001048 <alarm_pool_cancel_alarm>
100010ce:	bd10      	pop	{r4, pc}

100010d0 <alarm_pool_core_num>:
100010d0:	7840      	ldrb	r0, [r0, #1]
100010d2:	4770      	bx	lr

100010d4 <sleep_until>:
100010d4:	b5f0      	push	{r4, r5, r6, r7, lr}
100010d6:	b083      	sub	sp, #12
100010d8:	0006      	movs	r6, r0
100010da:	000f      	movs	r7, r1
100010dc:	f3ef 8305 	mrs	r3, IPSR
100010e0:	2b00      	cmp	r3, #0
100010e2:	d11a      	bne.n	1000111a <sleep_until+0x46>
100010e4:	2406      	movs	r4, #6
100010e6:	4264      	negs	r4, r4
100010e8:	17e5      	asrs	r5, r4, #31
100010ea:	19a4      	adds	r4, r4, r6
100010ec:	417d      	adcs	r5, r7
100010ee:	428d      	cmp	r5, r1
100010f0:	d802      	bhi.n	100010f8 <sleep_until+0x24>
100010f2:	d103      	bne.n	100010fc <sleep_until+0x28>
100010f4:	4284      	cmp	r4, r0
100010f6:	d901      	bls.n	100010fc <sleep_until+0x28>
100010f8:	2400      	movs	r4, #0
100010fa:	2500      	movs	r5, #0
100010fc:	f000 f92c 	bl	10001358 <time_us_64>
10001100:	0022      	movs	r2, r4
10001102:	002b      	movs	r3, r5
10001104:	1a12      	subs	r2, r2, r0
10001106:	418b      	sbcs	r3, r1
10001108:	2b00      	cmp	r3, #0
1000110a:	dc0b      	bgt.n	10001124 <sleep_until+0x50>
1000110c:	d008      	beq.n	10001120 <sleep_until+0x4c>
1000110e:	0030      	movs	r0, r6
10001110:	0039      	movs	r1, r7
10001112:	f000 f929 	bl	10001368 <busy_wait_until>
10001116:	b003      	add	sp, #12
10001118:	bdf0      	pop	{r4, r5, r6, r7, pc}
1000111a:	4816      	ldr	r0, [pc, #88]	@ (10001174 <sleep_until+0xa0>)
1000111c:	f7ff f996 	bl	1000044c <panic>
10001120:	2a00      	cmp	r2, #0
10001122:	d0f4      	beq.n	1000110e <sleep_until+0x3a>
10001124:	4a14      	ldr	r2, [pc, #80]	@ (10001178 <sleep_until+0xa4>)
10001126:	2300      	movs	r3, #0
10001128:	9300      	str	r3, [sp, #0]
1000112a:	0020      	movs	r0, r4
1000112c:	0029      	movs	r1, r5
1000112e:	f7ff ff73 	bl	10001018 <add_alarm_at>
10001132:	2800      	cmp	r0, #0
10001134:	da13      	bge.n	1000115e <sleep_until+0x8a>
10001136:	e7ea      	b.n	1000110e <sleep_until+0x3a>
10001138:	4b10      	ldr	r3, [pc, #64]	@ (1000117c <sleep_until+0xa8>)
1000113a:	6819      	ldr	r1, [r3, #0]
1000113c:	f3ef 8310 	mrs	r3, PRIMASK
10001140:	b672      	cpsid	i
10001142:	680a      	ldr	r2, [r1, #0]
10001144:	2a00      	cmp	r2, #0
10001146:	d0fc      	beq.n	10001142 <sleep_until+0x6e>
10001148:	f3bf 8f5f 	dmb	sy
1000114c:	4a0b      	ldr	r2, [pc, #44]	@ (1000117c <sleep_until+0xa8>)
1000114e:	6812      	ldr	r2, [r2, #0]
10001150:	f3bf 8f5f 	dmb	sy
10001154:	2100      	movs	r1, #0
10001156:	6011      	str	r1, [r2, #0]
10001158:	f383 8810 	msr	PRIMASK, r3
1000115c:	bf20      	wfe
1000115e:	4b08      	ldr	r3, [pc, #32]	@ (10001180 <sleep_until+0xac>)
10001160:	6a5b      	ldr	r3, [r3, #36]	@ 0x24
10001162:	429d      	cmp	r5, r3
10001164:	d8e8      	bhi.n	10001138 <sleep_until+0x64>
10001166:	4906      	ldr	r1, [pc, #24]	@ (10001180 <sleep_until+0xac>)
10001168:	6a89      	ldr	r1, [r1, #40]	@ 0x28
1000116a:	42a1      	cmp	r1, r4
1000116c:	d2cf      	bcs.n	1000110e <sleep_until+0x3a>
1000116e:	429d      	cmp	r5, r3
10001170:	d1cd      	bne.n	1000110e <sleep_until+0x3a>
10001172:	e7e1      	b.n	10001138 <sleep_until+0x64>
10001174:	10006978 	.word	0x10006978
10001178:	10000b49 	.word	0x10000b49
1000117c:	20001b90 	.word	0x20001b90
10001180:	40054000 	.word	0x40054000

10001184 <sleep_us>:
10001184:	b570      	push	{r4, r5, r6, lr}
10001186:	0004      	movs	r4, r0
10001188:	000d      	movs	r5, r1
1000118a:	f000 f8e5 	bl	10001358 <time_us_64>
1000118e:	1900      	adds	r0, r0, r4
10001190:	4169      	adcs	r1, r5
10001192:	2900      	cmp	r1, #0
10001194:	db02      	blt.n	1000119c <sleep_us+0x18>
10001196:	f7ff ff9d 	bl	100010d4 <sleep_until>
1000119a:	bd70      	pop	{r4, r5, r6, pc}
1000119c:	2001      	movs	r0, #1
1000119e:	4240      	negs	r0, r0
100011a0:	4900      	ldr	r1, [pc, #0]	@ (100011a4 <sleep_us+0x20>)
100011a2:	e7f8      	b.n	10001196 <sleep_us+0x12>
100011a4:	7fffffff 	.word	0x7fffffff

100011a8 <sleep_ms>:
100011a8:	b510      	push	{r4, lr}
100011aa:	22fa      	movs	r2, #250	@ 0xfa
100011ac:	0092      	lsls	r2, r2, #2
100011ae:	2300      	movs	r3, #0
100011b0:	2100      	movs	r1, #0
100011b2:	f000 ff7d 	bl	100020b0 <__wrap___aeabi_lmul>
100011b6:	f7ff ffe5 	bl	10001184 <sleep_us>
100011ba:	bd10      	pop	{r4, pc}

100011bc <best_effort_wfe_or_timeout>:
100011bc:	b5f0      	push	{r4, r5, r6, r7, lr}
100011be:	46ce      	mov	lr, r9
100011c0:	4647      	mov	r7, r8
100011c2:	b580      	push	{r7, lr}
100011c4:	b083      	sub	sp, #12
100011c6:	0005      	movs	r5, r0
100011c8:	000c      	movs	r4, r1
100011ca:	f3ef 8305 	mrs	r3, IPSR
100011ce:	2b00      	cmp	r3, #0
100011d0:	d015      	beq.n	100011fe <best_effort_wfe_or_timeout+0x42>
100011d2:	4b3f      	ldr	r3, [pc, #252]	@ (100012d0 <best_effort_wfe_or_timeout+0x114>)
100011d4:	6a5b      	ldr	r3, [r3, #36]	@ 0x24
100011d6:	428b      	cmp	r3, r1
100011d8:	d309      	bcc.n	100011ee <best_effort_wfe_or_timeout+0x32>
100011da:	4a3d      	ldr	r2, [pc, #244]	@ (100012d0 <best_effort_wfe_or_timeout+0x114>)
100011dc:	6a92      	ldr	r2, [r2, #40]	@ 0x28
100011de:	4282      	cmp	r2, r0
100011e0:	d20b      	bcs.n	100011fa <best_effort_wfe_or_timeout+0x3e>
100011e2:	428b      	cmp	r3, r1
100011e4:	d001      	beq.n	100011ea <best_effort_wfe_or_timeout+0x2e>
100011e6:	2001      	movs	r0, #1
100011e8:	e002      	b.n	100011f0 <best_effort_wfe_or_timeout+0x34>
100011ea:	2000      	movs	r0, #0
100011ec:	e000      	b.n	100011f0 <best_effort_wfe_or_timeout+0x34>
100011ee:	2000      	movs	r0, #0
100011f0:	b003      	add	sp, #12
100011f2:	bcc0      	pop	{r6, r7}
100011f4:	46b9      	mov	r9, r7
100011f6:	46b0      	mov	r8, r6
100011f8:	bdf0      	pop	{r4, r5, r6, r7, pc}
100011fa:	2001      	movs	r0, #1
100011fc:	e7f8      	b.n	100011f0 <best_effort_wfe_or_timeout+0x34>
100011fe:	f7ff fe85 	bl	10000f0c <alarm_pool_get_default>
10001202:	68c3      	ldr	r3, [r0, #12]
10001204:	4699      	mov	r9, r3
10001206:	7803      	ldrb	r3, [r0, #0]
10001208:	4698      	mov	r8, r3
1000120a:	002e      	movs	r6, r5
1000120c:	0027      	movs	r7, r4
1000120e:	4648      	mov	r0, r9
10001210:	f000 f88c 	bl	1000132c <timer_time_us_64>
10001214:	0002      	movs	r2, r0
10001216:	000b      	movs	r3, r1
10001218:	1ab6      	subs	r6, r6, r2
1000121a:	419f      	sbcs	r7, r3
1000121c:	4643      	mov	r3, r8
1000121e:	3304      	adds	r3, #4
10001220:	009b      	lsls	r3, r3, #2
10001222:	464a      	mov	r2, r9
10001224:	589b      	ldr	r3, [r3, r2]
10001226:	1a1b      	subs	r3, r3, r0
10001228:	2200      	movs	r2, #0
1000122a:	42ba      	cmp	r2, r7
1000122c:	dc0f      	bgt.n	1000124e <best_effort_wfe_or_timeout+0x92>
1000122e:	d00c      	beq.n	1000124a <best_effort_wfe_or_timeout+0x8e>
10001230:	bf20      	wfe
10001232:	4b27      	ldr	r3, [pc, #156]	@ (100012d0 <best_effort_wfe_or_timeout+0x114>)
10001234:	6a5b      	ldr	r3, [r3, #36]	@ 0x24
10001236:	429c      	cmp	r4, r3
10001238:	d82d      	bhi.n	10001296 <best_effort_wfe_or_timeout+0xda>
1000123a:	4a25      	ldr	r2, [pc, #148]	@ (100012d0 <best_effort_wfe_or_timeout+0x114>)
1000123c:	6a92      	ldr	r2, [r2, #40]	@ 0x28
1000123e:	42aa      	cmp	r2, r5
10001240:	d22b      	bcs.n	1000129a <best_effort_wfe_or_timeout+0xde>
10001242:	429c      	cmp	r4, r3
10001244:	d025      	beq.n	10001292 <best_effort_wfe_or_timeout+0xd6>
10001246:	2001      	movs	r0, #1
10001248:	e7d2      	b.n	100011f0 <best_effort_wfe_or_timeout+0x34>
1000124a:	42b3      	cmp	r3, r6
1000124c:	d9f0      	bls.n	10001230 <best_effort_wfe_or_timeout+0x74>
1000124e:	4a21      	ldr	r2, [pc, #132]	@ (100012d4 <best_effort_wfe_or_timeout+0x118>)
10001250:	2300      	movs	r3, #0
10001252:	9300      	str	r3, [sp, #0]
10001254:	0028      	movs	r0, r5
10001256:	0021      	movs	r1, r4
10001258:	f7ff fede 	bl	10001018 <add_alarm_at>
1000125c:	2800      	cmp	r0, #0
1000125e:	dd1e      	ble.n	1000129e <best_effort_wfe_or_timeout+0xe2>
10001260:	4b1b      	ldr	r3, [pc, #108]	@ (100012d0 <best_effort_wfe_or_timeout+0x114>)
10001262:	6a5b      	ldr	r3, [r3, #36]	@ 0x24
10001264:	429c      	cmp	r4, r3
10001266:	d805      	bhi.n	10001274 <best_effort_wfe_or_timeout+0xb8>
10001268:	4a19      	ldr	r2, [pc, #100]	@ (100012d0 <best_effort_wfe_or_timeout+0x114>)
1000126a:	6a92      	ldr	r2, [r2, #40]	@ 0x28
1000126c:	42aa      	cmp	r2, r5
1000126e:	d202      	bcs.n	10001276 <best_effort_wfe_or_timeout+0xba>
10001270:	429c      	cmp	r4, r3
10001272:	d100      	bne.n	10001276 <best_effort_wfe_or_timeout+0xba>
10001274:	bf20      	wfe
10001276:	f7ff ff23 	bl	100010c0 <cancel_alarm>
1000127a:	4b15      	ldr	r3, [pc, #84]	@ (100012d0 <best_effort_wfe_or_timeout+0x114>)
1000127c:	6a5b      	ldr	r3, [r3, #36]	@ 0x24
1000127e:	429c      	cmp	r4, r3
10001280:	d821      	bhi.n	100012c6 <best_effort_wfe_or_timeout+0x10a>
10001282:	4a13      	ldr	r2, [pc, #76]	@ (100012d0 <best_effort_wfe_or_timeout+0x114>)
10001284:	6a92      	ldr	r2, [r2, #40]	@ 0x28
10001286:	42aa      	cmp	r2, r5
10001288:	d21f      	bcs.n	100012ca <best_effort_wfe_or_timeout+0x10e>
1000128a:	429c      	cmp	r4, r3
1000128c:	d019      	beq.n	100012c2 <best_effort_wfe_or_timeout+0x106>
1000128e:	2001      	movs	r0, #1
10001290:	e7ae      	b.n	100011f0 <best_effort_wfe_or_timeout+0x34>
10001292:	2000      	movs	r0, #0
10001294:	e7ac      	b.n	100011f0 <best_effort_wfe_or_timeout+0x34>
10001296:	2000      	movs	r0, #0
10001298:	e7aa      	b.n	100011f0 <best_effort_wfe_or_timeout+0x34>
1000129a:	2001      	movs	r0, #1
1000129c:	e7a8      	b.n	100011f0 <best_effort_wfe_or_timeout+0x34>
1000129e:	4b0c      	ldr	r3, [pc, #48]	@ (100012d0 <best_effort_wfe_or_timeout+0x114>)
100012a0:	6a5b      	ldr	r3, [r3, #36]	@ 0x24
100012a2:	429c      	cmp	r4, r3
100012a4:	d809      	bhi.n	100012ba <best_effort_wfe_or_timeout+0xfe>
100012a6:	4a0a      	ldr	r2, [pc, #40]	@ (100012d0 <best_effort_wfe_or_timeout+0x114>)
100012a8:	6a92      	ldr	r2, [r2, #40]	@ 0x28
100012aa:	42aa      	cmp	r2, r5
100012ac:	d207      	bcs.n	100012be <best_effort_wfe_or_timeout+0x102>
100012ae:	429c      	cmp	r4, r3
100012b0:	d001      	beq.n	100012b6 <best_effort_wfe_or_timeout+0xfa>
100012b2:	2001      	movs	r0, #1
100012b4:	e79c      	b.n	100011f0 <best_effort_wfe_or_timeout+0x34>
100012b6:	2000      	movs	r0, #0
100012b8:	e79a      	b.n	100011f0 <best_effort_wfe_or_timeout+0x34>
100012ba:	2000      	movs	r0, #0
100012bc:	e798      	b.n	100011f0 <best_effort_wfe_or_timeout+0x34>
100012be:	2001      	movs	r0, #1
100012c0:	e796      	b.n	100011f0 <best_effort_wfe_or_timeout+0x34>
100012c2:	2000      	movs	r0, #0
100012c4:	e794      	b.n	100011f0 <best_effort_wfe_or_timeout+0x34>
100012c6:	2000      	movs	r0, #0
100012c8:	e792      	b.n	100011f0 <best_effort_wfe_or_timeout+0x34>
100012ca:	2001      	movs	r0, #1
100012cc:	e790      	b.n	100011f0 <best_effort_wfe_or_timeout+0x34>
100012ce:	46c0      	nop			@ (mov r8, r8)
100012d0:	40054000 	.word	0x40054000
100012d4:	10000b49 	.word	0x10000b49

100012d8 <alarm_pool_get_default_timer>:
100012d8:	4800      	ldr	r0, [pc, #0]	@ (100012dc <alarm_pool_get_default_timer+0x4>)
100012da:	4770      	bx	lr
100012dc:	40054000 	.word	0x40054000

100012e0 <runtime_init_default_alarm_pool>:
100012e0:	b510      	push	{r4, lr}
100012e2:	4b0b      	ldr	r3, [pc, #44]	@ (10001310 <runtime_init_default_alarm_pool+0x30>)
100012e4:	691b      	ldr	r3, [r3, #16]
100012e6:	2b00      	cmp	r3, #0
100012e8:	d004      	beq.n	100012f4 <runtime_init_default_alarm_pool+0x14>
100012ea:	480a      	ldr	r0, [pc, #40]	@ (10001314 <runtime_init_default_alarm_pool+0x34>)
100012ec:	210a      	movs	r1, #10
100012ee:	f7ff fbb7 	bl	10000a60 <lock_init>
100012f2:	bd10      	pop	{r4, pc}
100012f4:	f7ff fff0 	bl	100012d8 <alarm_pool_get_default_timer>
100012f8:	0004      	movs	r4, r0
100012fa:	2103      	movs	r1, #3
100012fc:	f000 f80c 	bl	10001318 <timer_hardware_alarm_claim>
10001300:	4803      	ldr	r0, [pc, #12]	@ (10001310 <runtime_init_default_alarm_pool+0x30>)
10001302:	2310      	movs	r3, #16
10001304:	2203      	movs	r2, #3
10001306:	0021      	movs	r1, r4
10001308:	f7ff fdc4 	bl	10000e94 <alarm_pool_post_alloc_init>
1000130c:	e7ed      	b.n	100012ea <runtime_init_default_alarm_pool+0xa>
1000130e:	46c0      	nop			@ (mov r8, r8)
10001310:	20000c3c 	.word	0x20000c3c
10001314:	20001b90 	.word	0x20001b90

10001318 <timer_hardware_alarm_claim>:
10001318:	b510      	push	{r4, lr}
1000131a:	4a02      	ldr	r2, [pc, #8]	@ (10001324 <timer_hardware_alarm_claim+0xc>)
1000131c:	4802      	ldr	r0, [pc, #8]	@ (10001328 <timer_hardware_alarm_claim+0x10>)
1000131e:	f7ff f8c3 	bl	100004a8 <hw_claim_or_assert>
10001322:	bd10      	pop	{r4, pc}
10001324:	100069c8 	.word	0x100069c8
10001328:	200014ec 	.word	0x200014ec

1000132c <timer_time_us_64>:
1000132c:	0002      	movs	r2, r0
1000132e:	6a43      	ldr	r3, [r0, #36]	@ 0x24
10001330:	6a90      	ldr	r0, [r2, #40]	@ 0x28
10001332:	0019      	movs	r1, r3
10001334:	6a53      	ldr	r3, [r2, #36]	@ 0x24
10001336:	4299      	cmp	r1, r3
10001338:	d1fa      	bne.n	10001330 <timer_time_us_64+0x4>
1000133a:	4770      	bx	lr

1000133c <timer_busy_wait_until>:
1000133c:	6a41      	ldr	r1, [r0, #36]	@ 0x24
1000133e:	e000      	b.n	10001342 <timer_busy_wait_until+0x6>
10001340:	6a41      	ldr	r1, [r0, #36]	@ 0x24
10001342:	4299      	cmp	r1, r3
10001344:	d3fc      	bcc.n	10001340 <timer_busy_wait_until+0x4>
10001346:	e000      	b.n	1000134a <timer_busy_wait_until+0xe>
10001348:	6a41      	ldr	r1, [r0, #36]	@ 0x24
1000134a:	4299      	cmp	r1, r3
1000134c:	d102      	bne.n	10001354 <timer_busy_wait_until+0x18>
1000134e:	6a81      	ldr	r1, [r0, #40]	@ 0x28
10001350:	4291      	cmp	r1, r2
10001352:	d3f9      	bcc.n	10001348 <timer_busy_wait_until+0xc>
10001354:	4770      	bx	lr
	...

10001358 <time_us_64>:
10001358:	b510      	push	{r4, lr}
1000135a:	4802      	ldr	r0, [pc, #8]	@ (10001364 <time_us_64+0xc>)
1000135c:	f7ff ffe6 	bl	1000132c <timer_time_us_64>
10001360:	bd10      	pop	{r4, pc}
10001362:	46c0      	nop			@ (mov r8, r8)
10001364:	40054000 	.word	0x40054000

10001368 <busy_wait_until>:
10001368:	b510      	push	{r4, lr}
1000136a:	0002      	movs	r2, r0
1000136c:	000b      	movs	r3, r1
1000136e:	4802      	ldr	r0, [pc, #8]	@ (10001378 <busy_wait_until+0x10>)
10001370:	f7ff ffe4 	bl	1000133c <timer_busy_wait_until>
10001374:	bd10      	pop	{r4, pc}
10001376:	46c0      	nop			@ (mov r8, r8)
10001378:	40054000 	.word	0x40054000

1000137c <clock_configure_internal>:
1000137c:	b5f8      	push	{r3, r4, r5, r6, r7, lr}
1000137e:	46d6      	mov	lr, sl
10001380:	4647      	mov	r7, r8
10001382:	b580      	push	{r7, lr}
10001384:	0006      	movs	r6, r0
10001386:	000d      	movs	r5, r1
10001388:	0017      	movs	r7, r2
1000138a:	4698      	mov	r8, r3
1000138c:	0044      	lsls	r4, r0, #1
1000138e:	1824      	adds	r4, r4, r0
10001390:	00a4      	lsls	r4, r4, #2
10001392:	4b29      	ldr	r3, [pc, #164]	@ (10001438 <clock_configure_internal+0xbc>)
10001394:	469c      	mov	ip, r3
10001396:	4464      	add	r4, ip
10001398:	6863      	ldr	r3, [r4, #4]
1000139a:	9a08      	ldr	r2, [sp, #32]
1000139c:	4293      	cmp	r3, r2
1000139e:	d200      	bcs.n	100013a2 <clock_configure_internal+0x26>
100013a0:	6062      	str	r2, [r4, #4]
100013a2:	1f33      	subs	r3, r6, #4
100013a4:	b2db      	uxtb	r3, r3
100013a6:	469a      	mov	sl, r3
100013a8:	2b01      	cmp	r3, #1
100013aa:	d92e      	bls.n	1000140a <clock_configure_internal+0x8e>
100013ac:	2280      	movs	r2, #128	@ 0x80
100013ae:	0112      	lsls	r2, r2, #4
100013b0:	23c0      	movs	r3, #192	@ 0xc0
100013b2:	019b      	lsls	r3, r3, #6
100013b4:	18e3      	adds	r3, r4, r3
100013b6:	601a      	str	r2, [r3, #0]
100013b8:	4b20      	ldr	r3, [pc, #128]	@ (1000143c <clock_configure_internal+0xc0>)
100013ba:	00b2      	lsls	r2, r6, #2
100013bc:	58d1      	ldr	r1, [r2, r3]
100013be:	2900      	cmp	r1, #0
100013c0:	d007      	beq.n	100013d2 <clock_configure_internal+0x56>
100013c2:	6958      	ldr	r0, [r3, #20]
100013c4:	f000 fade 	bl	10001984 <__wrap___aeabi_uidiv>
100013c8:	3001      	adds	r0, #1
100013ca:	0043      	lsls	r3, r0, #1
100013cc:	181b      	adds	r3, r3, r0
100013ce:	3b03      	subs	r3, #3
100013d0:	d2fd      	bcs.n	100013ce <clock_configure_internal+0x52>
100013d2:	017f      	lsls	r7, r7, #5
100013d4:	6823      	ldr	r3, [r4, #0]
100013d6:	405f      	eors	r7, r3
100013d8:	23e0      	movs	r3, #224	@ 0xe0
100013da:	403b      	ands	r3, r7
100013dc:	2280      	movs	r2, #128	@ 0x80
100013de:	0152      	lsls	r2, r2, #5
100013e0:	18a2      	adds	r2, r4, r2
100013e2:	6013      	str	r3, [r2, #0]
100013e4:	4653      	mov	r3, sl
100013e6:	2b01      	cmp	r3, #1
100013e8:	d91a      	bls.n	10001420 <clock_configure_internal+0xa4>
100013ea:	2380      	movs	r3, #128	@ 0x80
100013ec:	019b      	lsls	r3, r3, #6
100013ee:	18e3      	adds	r3, r4, r3
100013f0:	2280      	movs	r2, #128	@ 0x80
100013f2:	0112      	lsls	r2, r2, #4
100013f4:	601a      	str	r2, [r3, #0]
100013f6:	9b08      	ldr	r3, [sp, #32]
100013f8:	6063      	str	r3, [r4, #4]
100013fa:	4b10      	ldr	r3, [pc, #64]	@ (1000143c <clock_configure_internal+0xc0>)
100013fc:	00b6      	lsls	r6, r6, #2
100013fe:	4642      	mov	r2, r8
10001400:	50f2      	str	r2, [r6, r3]
10001402:	bcc0      	pop	{r6, r7}
10001404:	46ba      	mov	sl, r7
10001406:	46b0      	mov	r8, r6
10001408:	bdf8      	pop	{r3, r4, r5, r6, r7, pc}
1000140a:	2d01      	cmp	r5, #1
1000140c:	d1ce      	bne.n	100013ac <clock_configure_internal+0x30>
1000140e:	2203      	movs	r2, #3
10001410:	23c0      	movs	r3, #192	@ 0xc0
10001412:	019b      	lsls	r3, r3, #6
10001414:	18e3      	adds	r3, r4, r3
10001416:	601a      	str	r2, [r3, #0]
10001418:	68a3      	ldr	r3, [r4, #8]
1000141a:	07db      	lsls	r3, r3, #31
1000141c:	d5fc      	bpl.n	10001418 <clock_configure_internal+0x9c>
1000141e:	e7d8      	b.n	100013d2 <clock_configure_internal+0x56>
10001420:	6821      	ldr	r1, [r4, #0]
10001422:	4069      	eors	r1, r5
10001424:	2303      	movs	r3, #3
10001426:	400b      	ands	r3, r1
10001428:	6013      	str	r3, [r2, #0]
1000142a:	68a3      	ldr	r3, [r4, #8]
1000142c:	2201      	movs	r2, #1
1000142e:	40aa      	lsls	r2, r5
10001430:	421a      	tst	r2, r3
10001432:	d0fa      	beq.n	1000142a <clock_configure_internal+0xae>
10001434:	e7d9      	b.n	100013ea <clock_configure_internal+0x6e>
10001436:	46c0      	nop			@ (mov r8, r8)
10001438:	40008000 	.word	0x40008000
1000143c:	200014f0 	.word	0x200014f0

10001440 <clock_configure_int_divider>:
10001440:	b5f0      	push	{r4, r5, r6, r7, lr}
10001442:	b083      	sub	sp, #12
10001444:	0005      	movs	r5, r0
10001446:	000e      	movs	r6, r1
10001448:	0017      	movs	r7, r2
1000144a:	0018      	movs	r0, r3
1000144c:	9908      	ldr	r1, [sp, #32]
1000144e:	f000 fa99 	bl	10001984 <__wrap___aeabi_uidiv>
10001452:	0003      	movs	r3, r0
10001454:	9a08      	ldr	r2, [sp, #32]
10001456:	0214      	lsls	r4, r2, #8
10001458:	9400      	str	r4, [sp, #0]
1000145a:	003a      	movs	r2, r7
1000145c:	0031      	movs	r1, r6
1000145e:	0028      	movs	r0, r5
10001460:	f7ff ff8c 	bl	1000137c <clock_configure_internal>
10001464:	b003      	add	sp, #12
10001466:	bdf0      	pop	{r4, r5, r6, r7, pc}

10001468 <clock_configure_undivided>:
10001468:	b510      	push	{r4, lr}
1000146a:	b082      	sub	sp, #8
1000146c:	2480      	movs	r4, #128	@ 0x80
1000146e:	0064      	lsls	r4, r4, #1
10001470:	9400      	str	r4, [sp, #0]
10001472:	f7ff ff83 	bl	1000137c <clock_configure_internal>
10001476:	b002      	add	sp, #8
10001478:	bd10      	pop	{r4, pc}
	...

1000147c <clock_get_hz>:
1000147c:	4b01      	ldr	r3, [pc, #4]	@ (10001484 <clock_get_hz+0x8>)
1000147e:	0080      	lsls	r0, r0, #2
10001480:	58c0      	ldr	r0, [r0, r3]
10001482:	4770      	bx	lr
10001484:	200014f0 	.word	0x200014f0

10001488 <pll_init>:
10001488:	b5f0      	push	{r4, r5, r6, r7, lr}
1000148a:	46c6      	mov	lr, r8
1000148c:	b500      	push	{lr}
1000148e:	0004      	movs	r4, r0
10001490:	000e      	movs	r6, r1
10001492:	0017      	movs	r7, r2
10001494:	001d      	movs	r5, r3
10001496:	4837      	ldr	r0, [pc, #220]	@ (10001574 <pll_init+0xec>)
10001498:	f000 fa74 	bl	10001984 <__wrap___aeabi_uidiv>
1000149c:	4680      	mov	r8, r0
1000149e:	4b36      	ldr	r3, [pc, #216]	@ (10001578 <pll_init+0xf0>)
100014a0:	18fa      	adds	r2, r7, r3
100014a2:	4b36      	ldr	r3, [pc, #216]	@ (1000157c <pll_init+0xf4>)
100014a4:	429a      	cmp	r2, r3
100014a6:	d839      	bhi.n	1000151c <pll_init+0x94>
100014a8:	0001      	movs	r1, r0
100014aa:	0038      	movs	r0, r7
100014ac:	f000 fa6a 	bl	10001984 <__wrap___aeabi_uidiv>
100014b0:	0002      	movs	r2, r0
100014b2:	3a10      	subs	r2, #16
100014b4:	2398      	movs	r3, #152	@ 0x98
100014b6:	005b      	lsls	r3, r3, #1
100014b8:	429a      	cmp	r2, r3
100014ba:	d835      	bhi.n	10001528 <pll_init+0xa0>
100014bc:	1e6b      	subs	r3, r5, #1
100014be:	2b06      	cmp	r3, #6
100014c0:	d838      	bhi.n	10001534 <pll_init+0xac>
100014c2:	9b06      	ldr	r3, [sp, #24]
100014c4:	3b01      	subs	r3, #1
100014c6:	2b06      	cmp	r3, #6
100014c8:	d834      	bhi.n	10001534 <pll_init+0xac>
100014ca:	093f      	lsrs	r7, r7, #4
100014cc:	4547      	cmp	r7, r8
100014ce:	d337      	bcc.n	10001540 <pll_init+0xb8>
100014d0:	042d      	lsls	r5, r5, #16
100014d2:	9b06      	ldr	r3, [sp, #24]
100014d4:	031b      	lsls	r3, r3, #12
100014d6:	431d      	orrs	r5, r3
100014d8:	6823      	ldr	r3, [r4, #0]
100014da:	2b00      	cmp	r3, #0
100014dc:	db36      	blt.n	1000154c <pll_init+0xc4>
100014de:	4b28      	ldr	r3, [pc, #160]	@ (10001580 <pll_init+0xf8>)
100014e0:	429c      	cmp	r4, r3
100014e2:	d044      	beq.n	1000156e <pll_init+0xe6>
100014e4:	220c      	movs	r2, #12
100014e6:	2301      	movs	r3, #1
100014e8:	4093      	lsls	r3, r2
100014ea:	4a26      	ldr	r2, [pc, #152]	@ (10001584 <pll_init+0xfc>)
100014ec:	6013      	str	r3, [r2, #0]
100014ee:	4a26      	ldr	r2, [pc, #152]	@ (10001588 <pll_init+0x100>)
100014f0:	6013      	str	r3, [r2, #0]
100014f2:	4a26      	ldr	r2, [pc, #152]	@ (1000158c <pll_init+0x104>)
100014f4:	6812      	ldr	r2, [r2, #0]
100014f6:	0019      	movs	r1, r3
100014f8:	4391      	bics	r1, r2
100014fa:	1e0a      	subs	r2, r1, #0
100014fc:	d1f9      	bne.n	100014f2 <pll_init+0x6a>
100014fe:	6026      	str	r6, [r4, #0]
10001500:	60a0      	str	r0, [r4, #8]
10001502:	4b23      	ldr	r3, [pc, #140]	@ (10001590 <pll_init+0x108>)
10001504:	18e3      	adds	r3, r4, r3
10001506:	3221      	adds	r2, #33	@ 0x21
10001508:	601a      	str	r2, [r3, #0]
1000150a:	6822      	ldr	r2, [r4, #0]
1000150c:	2a00      	cmp	r2, #0
1000150e:	dafc      	bge.n	1000150a <pll_init+0x82>
10001510:	60e5      	str	r5, [r4, #12]
10001512:	2208      	movs	r2, #8
10001514:	601a      	str	r2, [r3, #0]
10001516:	bc80      	pop	{r7}
10001518:	46b8      	mov	r8, r7
1000151a:	bdf0      	pop	{r4, r5, r6, r7, pc}
1000151c:	4b1d      	ldr	r3, [pc, #116]	@ (10001594 <pll_init+0x10c>)
1000151e:	4a1e      	ldr	r2, [pc, #120]	@ (10001598 <pll_init+0x110>)
10001520:	481e      	ldr	r0, [pc, #120]	@ (1000159c <pll_init+0x114>)
10001522:	2111      	movs	r1, #17
10001524:	f001 ff3a 	bl	1000339c <__assert_func>
10001528:	4b1d      	ldr	r3, [pc, #116]	@ (100015a0 <pll_init+0x118>)
1000152a:	4a1b      	ldr	r2, [pc, #108]	@ (10001598 <pll_init+0x110>)
1000152c:	481b      	ldr	r0, [pc, #108]	@ (1000159c <pll_init+0x114>)
1000152e:	2119      	movs	r1, #25
10001530:	f001 ff34 	bl	1000339c <__assert_func>
10001534:	4b1b      	ldr	r3, [pc, #108]	@ (100015a4 <pll_init+0x11c>)
10001536:	4a18      	ldr	r2, [pc, #96]	@ (10001598 <pll_init+0x110>)
10001538:	4818      	ldr	r0, [pc, #96]	@ (1000159c <pll_init+0x114>)
1000153a:	211c      	movs	r1, #28
1000153c:	f001 ff2e 	bl	1000339c <__assert_func>
10001540:	4b19      	ldr	r3, [pc, #100]	@ (100015a8 <pll_init+0x120>)
10001542:	4a15      	ldr	r2, [pc, #84]	@ (10001598 <pll_init+0x110>)
10001544:	4815      	ldr	r0, [pc, #84]	@ (1000159c <pll_init+0x114>)
10001546:	2123      	movs	r1, #35	@ 0x23
10001548:	f001 ff28 	bl	1000339c <__assert_func>
1000154c:	6822      	ldr	r2, [r4, #0]
1000154e:	233f      	movs	r3, #63	@ 0x3f
10001550:	4013      	ands	r3, r2
10001552:	42b3      	cmp	r3, r6
10001554:	d1c3      	bne.n	100014de <pll_init+0x56>
10001556:	68a3      	ldr	r3, [r4, #8]
10001558:	051b      	lsls	r3, r3, #20
1000155a:	0d1b      	lsrs	r3, r3, #20
1000155c:	4283      	cmp	r3, r0
1000155e:	d1be      	bne.n	100014de <pll_init+0x56>
10001560:	68e3      	ldr	r3, [r4, #12]
10001562:	22ee      	movs	r2, #238	@ 0xee
10001564:	02d2      	lsls	r2, r2, #11
10001566:	4013      	ands	r3, r2
10001568:	42ab      	cmp	r3, r5
1000156a:	d1b8      	bne.n	100014de <pll_init+0x56>
1000156c:	e7d3      	b.n	10001516 <pll_init+0x8e>
1000156e:	220d      	movs	r2, #13
10001570:	e7b9      	b.n	100014e6 <pll_init+0x5e>
10001572:	46c0      	nop			@ (mov r8, r8)
10001574:	00b71b00 	.word	0x00b71b00
10001578:	d34be880 	.word	0xd34be880
1000157c:	32a9f880 	.word	0x32a9f880
10001580:	4002c000 	.word	0x4002c000
10001584:	4000e000 	.word	0x4000e000
10001588:	4000f000 	.word	0x4000f000
1000158c:	4000c008 	.word	0x4000c008
10001590:	00003004 	.word	0x00003004
10001594:	100069ec 	.word	0x100069ec
10001598:	100072dc 	.word	0x100072dc
1000159c:	10006a3c 	.word	0x10006a3c
100015a0:	10006a88 	.word	0x10006a88
100015a4:	10006aa4 	.word	0x10006aa4
100015a8:	10006af0 	.word	0x10006af0

100015ac <watchdog_update>:
100015ac:	4b02      	ldr	r3, [pc, #8]	@ (100015b8 <watchdog_update+0xc>)
100015ae:	681a      	ldr	r2, [r3, #0]
100015b0:	4b02      	ldr	r3, [pc, #8]	@ (100015bc <watchdog_update+0x10>)
100015b2:	605a      	str	r2, [r3, #4]
100015b4:	4770      	bx	lr
100015b6:	46c0      	nop			@ (mov r8, r8)
100015b8:	2000194c 	.word	0x2000194c
100015bc:	40058000 	.word	0x40058000

100015c0 <_watchdog_enable>:
100015c0:	b510      	push	{r4, lr}
100015c2:	4b17      	ldr	r3, [pc, #92]	@ (10001620 <_watchdog_enable+0x60>)
100015c4:	2280      	movs	r2, #128	@ 0x80
100015c6:	05d2      	lsls	r2, r2, #23
100015c8:	601a      	str	r2, [r3, #0]
100015ca:	4b16      	ldr	r3, [pc, #88]	@ (10001624 <_watchdog_enable+0x64>)
100015cc:	4a16      	ldr	r2, [pc, #88]	@ (10001628 <_watchdog_enable+0x68>)
100015ce:	601a      	str	r2, [r3, #0]
100015d0:	2900      	cmp	r1, #0
100015d2:	d00a      	beq.n	100015ea <_watchdog_enable+0x2a>
100015d4:	4b15      	ldr	r3, [pc, #84]	@ (1000162c <_watchdog_enable+0x6c>)
100015d6:	22e0      	movs	r2, #224	@ 0xe0
100015d8:	04d2      	lsls	r2, r2, #19
100015da:	601a      	str	r2, [r3, #0]
100015dc:	2800      	cmp	r0, #0
100015de:	d109      	bne.n	100015f4 <_watchdog_enable+0x34>
100015e0:	4b12      	ldr	r3, [pc, #72]	@ (1000162c <_watchdog_enable+0x6c>)
100015e2:	2280      	movs	r2, #128	@ 0x80
100015e4:	0612      	lsls	r2, r2, #24
100015e6:	601a      	str	r2, [r3, #0]
100015e8:	bd10      	pop	{r4, pc}
100015ea:	4b0d      	ldr	r3, [pc, #52]	@ (10001620 <_watchdog_enable+0x60>)
100015ec:	22e0      	movs	r2, #224	@ 0xe0
100015ee:	04d2      	lsls	r2, r2, #19
100015f0:	601a      	str	r2, [r3, #0]
100015f2:	e7f3      	b.n	100015dc <_watchdog_enable+0x1c>
100015f4:	0143      	lsls	r3, r0, #5
100015f6:	1a1b      	subs	r3, r3, r0
100015f8:	009b      	lsls	r3, r3, #2
100015fa:	1818      	adds	r0, r3, r0
100015fc:	0100      	lsls	r0, r0, #4
100015fe:	4b0c      	ldr	r3, [pc, #48]	@ (10001630 <_watchdog_enable+0x70>)
10001600:	6018      	str	r0, [r3, #0]
10001602:	2380      	movs	r3, #128	@ 0x80
10001604:	045b      	lsls	r3, r3, #17
10001606:	4298      	cmp	r0, r3
10001608:	d302      	bcc.n	10001610 <_watchdog_enable+0x50>
1000160a:	4b09      	ldr	r3, [pc, #36]	@ (10001630 <_watchdog_enable+0x70>)
1000160c:	4a09      	ldr	r2, [pc, #36]	@ (10001634 <_watchdog_enable+0x74>)
1000160e:	601a      	str	r2, [r3, #0]
10001610:	f7ff ffcc 	bl	100015ac <watchdog_update>
10001614:	4b05      	ldr	r3, [pc, #20]	@ (1000162c <_watchdog_enable+0x6c>)
10001616:	2280      	movs	r2, #128	@ 0x80
10001618:	05d2      	lsls	r2, r2, #23
1000161a:	601a      	str	r2, [r3, #0]
1000161c:	e7e4      	b.n	100015e8 <_watchdog_enable+0x28>
1000161e:	46c0      	nop			@ (mov r8, r8)
10001620:	4005b000 	.word	0x4005b000
10001624:	40012008 	.word	0x40012008
10001628:	0001fffc 	.word	0x0001fffc
1000162c:	4005a000 	.word	0x4005a000
10001630:	2000194c 	.word	0x2000194c
10001634:	00ffffff 	.word	0x00ffffff

10001638 <watchdog_reboot>:
10001638:	b510      	push	{r4, lr}
1000163a:	0003      	movs	r3, r0
1000163c:	0010      	movs	r0, r2
1000163e:	4a0c      	ldr	r2, [pc, #48]	@ (10001670 <watchdog_reboot+0x38>)
10001640:	2480      	movs	r4, #128	@ 0x80
10001642:	05e4      	lsls	r4, r4, #23
10001644:	6014      	str	r4, [r2, #0]
10001646:	2b00      	cmp	r3, #0
10001648:	d00d      	beq.n	10001666 <watchdog_reboot+0x2e>
1000164a:	2201      	movs	r2, #1
1000164c:	4313      	orrs	r3, r2
1000164e:	4a09      	ldr	r2, [pc, #36]	@ (10001674 <watchdog_reboot+0x3c>)
10001650:	4c09      	ldr	r4, [pc, #36]	@ (10001678 <watchdog_reboot+0x40>)
10001652:	61d4      	str	r4, [r2, #28]
10001654:	4c09      	ldr	r4, [pc, #36]	@ (1000167c <watchdog_reboot+0x44>)
10001656:	405c      	eors	r4, r3
10001658:	6214      	str	r4, [r2, #32]
1000165a:	6251      	str	r1, [r2, #36]	@ 0x24
1000165c:	6293      	str	r3, [r2, #40]	@ 0x28
1000165e:	2100      	movs	r1, #0
10001660:	f7ff ffae 	bl	100015c0 <_watchdog_enable>
10001664:	bd10      	pop	{r4, pc}
10001666:	4b03      	ldr	r3, [pc, #12]	@ (10001674 <watchdog_reboot+0x3c>)
10001668:	2200      	movs	r2, #0
1000166a:	61da      	str	r2, [r3, #28]
1000166c:	e7f7      	b.n	1000165e <watchdog_reboot+0x26>
1000166e:	46c0      	nop			@ (mov r8, r8)
10001670:	4005b000 	.word	0x4005b000
10001674:	40058000 	.word	0x40058000
10001678:	b007c0d3 	.word	0xb007c0d3
1000167c:	4ff83f2d 	.word	0x4ff83f2d

10001680 <tick_start>:
10001680:	2380      	movs	r3, #128	@ 0x80
10001682:	009b      	lsls	r3, r3, #2
10001684:	430b      	orrs	r3, r1
10001686:	4a01      	ldr	r2, [pc, #4]	@ (1000168c <tick_start+0xc>)
10001688:	62d3      	str	r3, [r2, #44]	@ 0x2c
1000168a:	4770      	bx	lr
1000168c:	40058000 	.word	0x40058000

10001690 <rom_func_lookup>:
10001690:	b510      	push	{r4, lr}
10001692:	0001      	movs	r1, r0
10001694:	2318      	movs	r3, #24
10001696:	881b      	ldrh	r3, [r3, #0]
10001698:	2214      	movs	r2, #20
1000169a:	8810      	ldrh	r0, [r2, #0]
1000169c:	4798      	blx	r3
1000169e:	bd10      	pop	{r4, pc}

100016a0 <rom_data_lookup>:
100016a0:	b510      	push	{r4, lr}
100016a2:	0001      	movs	r1, r0
100016a4:	2318      	movs	r3, #24
100016a6:	881b      	ldrh	r3, [r3, #0]
100016a8:	2216      	movs	r2, #22
100016aa:	8810      	ldrh	r0, [r2, #0]
100016ac:	4798      	blx	r3
100016ae:	bd10      	pop	{r4, pc}

100016b0 <rom_funcs_lookup>:
100016b0:	b5f0      	push	{r4, r5, r6, r7, lr}
100016b2:	46c6      	mov	lr, r8
100016b4:	b500      	push	{lr}
100016b6:	0007      	movs	r7, r0
100016b8:	000e      	movs	r6, r1
100016ba:	2500      	movs	r5, #0
100016bc:	2301      	movs	r3, #1
100016be:	4698      	mov	r8, r3
100016c0:	e000      	b.n	100016c4 <rom_funcs_lookup+0x14>
100016c2:	3501      	adds	r5, #1
100016c4:	42b5      	cmp	r5, r6
100016c6:	d20a      	bcs.n	100016de <rom_funcs_lookup+0x2e>
100016c8:	00ac      	lsls	r4, r5, #2
100016ca:	193c      	adds	r4, r7, r4
100016cc:	6820      	ldr	r0, [r4, #0]
100016ce:	f7ff ffdf 	bl	10001690 <rom_func_lookup>
100016d2:	6020      	str	r0, [r4, #0]
100016d4:	2800      	cmp	r0, #0
100016d6:	d1f4      	bne.n	100016c2 <rom_funcs_lookup+0x12>
100016d8:	2300      	movs	r3, #0
100016da:	4698      	mov	r8, r3
100016dc:	e7f1      	b.n	100016c2 <rom_funcs_lookup+0x12>
100016de:	4640      	mov	r0, r8
100016e0:	bc80      	pop	{r7}
100016e2:	46b8      	mov	r8, r7
100016e4:	bdf0      	pop	{r4, r5, r6, r7, pc}
	...

100016e8 <rom_reset_usb_boot_extra>:
100016e8:	b570      	push	{r4, r5, r6, lr}
100016ea:	0004      	movs	r4, r0
100016ec:	000d      	movs	r5, r1
100016ee:	4806      	ldr	r0, [pc, #24]	@ (10001708 <rom_reset_usb_boot_extra+0x20>)
100016f0:	f7ff ffce 	bl	10001690 <rom_func_lookup>
100016f4:	0003      	movs	r3, r0
100016f6:	2c00      	cmp	r4, #0
100016f8:	db03      	blt.n	10001702 <rom_reset_usb_boot_extra+0x1a>
100016fa:	2001      	movs	r0, #1
100016fc:	40a0      	lsls	r0, r4
100016fe:	0029      	movs	r1, r5
10001700:	4798      	blx	r3
10001702:	2000      	movs	r0, #0
10001704:	e7fb      	b.n	100016fe <rom_reset_usb_boot_extra+0x16>
10001706:	46c0      	nop			@ (mov r8, r8)
10001708:	00004255 	.word	0x00004255

1000170c <xosc_init>:
1000170c:	4b07      	ldr	r3, [pc, #28]	@ (1000172c <xosc_init+0x20>)
1000170e:	22aa      	movs	r2, #170	@ 0xaa
10001710:	0112      	lsls	r2, r2, #4
10001712:	601a      	str	r2, [r3, #0]
10001714:	228d      	movs	r2, #141	@ 0x8d
10001716:	0052      	lsls	r2, r2, #1
10001718:	60da      	str	r2, [r3, #12]
1000171a:	4b05      	ldr	r3, [pc, #20]	@ (10001730 <xosc_init+0x24>)
1000171c:	4a05      	ldr	r2, [pc, #20]	@ (10001734 <xosc_init+0x28>)
1000171e:	601a      	str	r2, [r3, #0]
10001720:	4b02      	ldr	r3, [pc, #8]	@ (1000172c <xosc_init+0x20>)
10001722:	685b      	ldr	r3, [r3, #4]
10001724:	2b00      	cmp	r3, #0
10001726:	dafb      	bge.n	10001720 <xosc_init+0x14>
10001728:	4770      	bx	lr
1000172a:	46c0      	nop			@ (mov r8, r8)
1000172c:	40024000 	.word	0x40024000
10001730:	40026000 	.word	0x40026000
10001734:	00fab000 	.word	0x00fab000

10001738 <runtime_run_initializers_from>:
10001738:	b510      	push	{r4, lr}
1000173a:	0004      	movs	r4, r0
1000173c:	e001      	b.n	10001742 <runtime_run_initializers_from+0xa>
1000173e:	cc08      	ldmia	r4!, {r3}
10001740:	4798      	blx	r3
10001742:	4b02      	ldr	r3, [pc, #8]	@ (1000174c <runtime_run_initializers_from+0x14>)
10001744:	429c      	cmp	r4, r3
10001746:	d3fa      	bcc.n	1000173e <runtime_run_initializers_from+0x6>
10001748:	bd10      	pop	{r4, pc}
1000174a:	46c0      	nop			@ (mov r8, r8)
1000174c:	1000653c 	.word	0x1000653c

10001750 <first_per_core_initializer>:
10001750:	4770      	bx	lr
	...

10001754 <runtime_run_initializers>:
10001754:	b510      	push	{r4, lr}
10001756:	4802      	ldr	r0, [pc, #8]	@ (10001760 <runtime_run_initializers+0xc>)
10001758:	f7ff ffee 	bl	10001738 <runtime_run_initializers_from>
1000175c:	bd10      	pop	{r4, pc}
1000175e:	46c0      	nop			@ (mov r8, r8)
10001760:	10006500 	.word	0x10006500

10001764 <runtime_init_early_resets>:
10001764:	4b05      	ldr	r3, [pc, #20]	@ (1000177c <runtime_init_early_resets+0x18>)
10001766:	4a06      	ldr	r2, [pc, #24]	@ (10001780 <runtime_init_early_resets+0x1c>)
10001768:	601a      	str	r2, [r3, #0]
1000176a:	4b06      	ldr	r3, [pc, #24]	@ (10001784 <runtime_init_early_resets+0x20>)
1000176c:	4a06      	ldr	r2, [pc, #24]	@ (10001788 <runtime_init_early_resets+0x24>)
1000176e:	601a      	str	r2, [r3, #0]
10001770:	4b06      	ldr	r3, [pc, #24]	@ (1000178c <runtime_init_early_resets+0x28>)
10001772:	681a      	ldr	r2, [r3, #0]
10001774:	4b04      	ldr	r3, [pc, #16]	@ (10001788 <runtime_init_early_resets+0x24>)
10001776:	4393      	bics	r3, r2
10001778:	d1fa      	bne.n	10001770 <runtime_init_early_resets+0xc>
1000177a:	4770      	bx	lr
1000177c:	4000e000 	.word	0x4000e000
10001780:	fefbcdbf 	.word	0xfefbcdbf
10001784:	4000f000 	.word	0x4000f000
10001788:	003c7ffe 	.word	0x003c7ffe
1000178c:	4000c008 	.word	0x4000c008

10001790 <runtime_init_usb_power_down>:
10001790:	4b04      	ldr	r3, [pc, #16]	@ (100017a4 <runtime_init_usb_power_down+0x14>)
10001792:	6cdb      	ldr	r3, [r3, #76]	@ 0x4c
10001794:	2b00      	cmp	r3, #0
10001796:	d103      	bne.n	100017a0 <runtime_init_usb_power_down+0x10>
10001798:	4b03      	ldr	r3, [pc, #12]	@ (100017a8 <runtime_init_usb_power_down+0x18>)
1000179a:	2280      	movs	r2, #128	@ 0x80
1000179c:	02d2      	lsls	r2, r2, #11
1000179e:	601a      	str	r2, [r3, #0]
100017a0:	4770      	bx	lr
100017a2:	46c0      	nop			@ (mov r8, r8)
100017a4:	50110000 	.word	0x50110000
100017a8:	5011204c 	.word	0x5011204c

100017ac <runtime_init_post_clock_resets>:
100017ac:	4b04      	ldr	r3, [pc, #16]	@ (100017c0 <runtime_init_post_clock_resets+0x14>)
100017ae:	4a05      	ldr	r2, [pc, #20]	@ (100017c4 <runtime_init_post_clock_resets+0x18>)
100017b0:	601a      	str	r2, [r3, #0]
100017b2:	4b05      	ldr	r3, [pc, #20]	@ (100017c8 <runtime_init_post_clock_resets+0x1c>)
100017b4:	681b      	ldr	r3, [r3, #0]
100017b6:	43db      	mvns	r3, r3
100017b8:	01db      	lsls	r3, r3, #7
100017ba:	d1fa      	bne.n	100017b2 <runtime_init_post_clock_resets+0x6>
100017bc:	4770      	bx	lr
100017be:	46c0      	nop			@ (mov r8, r8)
100017c0:	4000f000 	.word	0x4000f000
100017c4:	01ffffff 	.word	0x01ffffff
100017c8:	4000c008 	.word	0x4000c008

100017cc <runtime_init_rp2040_gpio_ie_disable>:
100017cc:	4b03      	ldr	r3, [pc, #12]	@ (100017dc <runtime_init_rp2040_gpio_ie_disable+0x10>)
100017ce:	2240      	movs	r2, #64	@ 0x40
100017d0:	679a      	str	r2, [r3, #120]	@ 0x78
100017d2:	675a      	str	r2, [r3, #116]	@ 0x74
100017d4:	671a      	str	r2, [r3, #112]	@ 0x70
100017d6:	66da      	str	r2, [r3, #108]	@ 0x6c
100017d8:	4770      	bx	lr
100017da:	46c0      	nop			@ (mov r8, r8)
100017dc:	4001f000 	.word	0x4001f000

100017e0 <runtime_init_spin_locks_reset>:
100017e0:	b510      	push	{r4, lr}
100017e2:	f7fe fec3 	bl	1000056c <spin_locks_reset>
100017e6:	bd10      	pop	{r4, pc}

100017e8 <runtime_init_install_ram_vector_table>:
100017e8:	b510      	push	{r4, lr}
100017ea:	4a0c      	ldr	r2, [pc, #48]	@ (1000181c <runtime_init_install_ram_vector_table+0x34>)
100017ec:	4b0c      	ldr	r3, [pc, #48]	@ (10001820 <runtime_init_install_ram_vector_table+0x38>)
100017ee:	1ad2      	subs	r2, r2, r3
100017f0:	1092      	asrs	r2, r2, #2
100017f2:	0014      	movs	r4, r2
100017f4:	2a30      	cmp	r2, #48	@ 0x30
100017f6:	d900      	bls.n	100017fa <runtime_init_install_ram_vector_table+0x12>
100017f8:	2230      	movs	r2, #48	@ 0x30
100017fa:	0092      	lsls	r2, r2, #2
100017fc:	4809      	ldr	r0, [pc, #36]	@ (10001824 <runtime_init_install_ram_vector_table+0x3c>)
100017fe:	4908      	ldr	r1, [pc, #32]	@ (10001820 <runtime_init_install_ram_vector_table+0x38>)
10001800:	f000 fcc8 	bl	10002194 <__wrap___aeabi_memcpy>
10001804:	e004      	b.n	10001810 <runtime_init_install_ram_vector_table+0x28>
10001806:	4a08      	ldr	r2, [pc, #32]	@ (10001828 <runtime_init_install_ram_vector_table+0x40>)
10001808:	4b06      	ldr	r3, [pc, #24]	@ (10001824 <runtime_init_install_ram_vector_table+0x3c>)
1000180a:	00a1      	lsls	r1, r4, #2
1000180c:	50ca      	str	r2, [r1, r3]
1000180e:	3401      	adds	r4, #1
10001810:	2c2f      	cmp	r4, #47	@ 0x2f
10001812:	d9f8      	bls.n	10001806 <runtime_init_install_ram_vector_table+0x1e>
10001814:	4b03      	ldr	r3, [pc, #12]	@ (10001824 <runtime_init_install_ram_vector_table+0x3c>)
10001816:	4a05      	ldr	r2, [pc, #20]	@ (1000182c <runtime_init_install_ram_vector_table+0x44>)
10001818:	6093      	str	r3, [r2, #8]
1000181a:	bd10      	pop	{r4, pc}
1000181c:	100001c0 	.word	0x100001c0
10001820:	10000100 	.word	0x10000100
10001824:	20000000 	.word	0x20000000
10001828:	100001c1 	.word	0x100001c1
1000182c:	e000ed00 	.word	0xe000ed00

10001830 <start_all_ticks>:
10001830:	b570      	push	{r4, r5, r6, lr}
10001832:	2004      	movs	r0, #4
10001834:	f7ff fe22 	bl	1000147c <clock_get_hz>
10001838:	4906      	ldr	r1, [pc, #24]	@ (10001854 <start_all_ticks+0x24>)
1000183a:	f000 f8a3 	bl	10001984 <__wrap___aeabi_uidiv>
1000183e:	0005      	movs	r5, r0
10001840:	2400      	movs	r4, #0
10001842:	2c00      	cmp	r4, #0
10001844:	dd00      	ble.n	10001848 <start_all_ticks+0x18>
10001846:	bd70      	pop	{r4, r5, r6, pc}
10001848:	b2e0      	uxtb	r0, r4
1000184a:	0029      	movs	r1, r5
1000184c:	f7ff ff18 	bl	10001680 <tick_start>
10001850:	3401      	adds	r4, #1
10001852:	e7f6      	b.n	10001842 <start_all_ticks+0x12>
10001854:	000f4240 	.word	0x000f4240

10001858 <runtime_init_clocks>:
10001858:	b530      	push	{r4, r5, lr}
1000185a:	b083      	sub	sp, #12
1000185c:	4b27      	ldr	r3, [pc, #156]	@ (100018fc <runtime_init_clocks+0xa4>)
1000185e:	2200      	movs	r2, #0
10001860:	679a      	str	r2, [r3, #120]	@ 0x78
10001862:	f7ff ff53 	bl	1000170c <xosc_init>
10001866:	4b26      	ldr	r3, [pc, #152]	@ (10001900 <runtime_init_clocks+0xa8>)
10001868:	2201      	movs	r2, #1
1000186a:	601a      	str	r2, [r3, #0]
1000186c:	4b23      	ldr	r3, [pc, #140]	@ (100018fc <runtime_init_clocks+0xa4>)
1000186e:	6c5b      	ldr	r3, [r3, #68]	@ 0x44
10001870:	2b01      	cmp	r3, #1
10001872:	d1fb      	bne.n	1000186c <runtime_init_clocks+0x14>
10001874:	4b23      	ldr	r3, [pc, #140]	@ (10001904 <runtime_init_clocks+0xac>)
10001876:	2203      	movs	r2, #3
10001878:	601a      	str	r2, [r3, #0]
1000187a:	4b20      	ldr	r3, [pc, #128]	@ (100018fc <runtime_init_clocks+0xa4>)
1000187c:	6b9b      	ldr	r3, [r3, #56]	@ 0x38
1000187e:	2b01      	cmp	r3, #1
10001880:	d1fb      	bne.n	1000187a <runtime_init_clocks+0x22>
10001882:	3301      	adds	r3, #1
10001884:	9300      	str	r3, [sp, #0]
10001886:	3304      	adds	r3, #4
10001888:	4a1f      	ldr	r2, [pc, #124]	@ (10001908 <runtime_init_clocks+0xb0>)
1000188a:	2101      	movs	r1, #1
1000188c:	481f      	ldr	r0, [pc, #124]	@ (1000190c <runtime_init_clocks+0xb4>)
1000188e:	f7ff fdfb 	bl	10001488 <pll_init>
10001892:	2305      	movs	r3, #5
10001894:	9300      	str	r3, [sp, #0]
10001896:	4a1e      	ldr	r2, [pc, #120]	@ (10001910 <runtime_init_clocks+0xb8>)
10001898:	2101      	movs	r1, #1
1000189a:	481e      	ldr	r0, [pc, #120]	@ (10001914 <runtime_init_clocks+0xbc>)
1000189c:	f7ff fdf4 	bl	10001488 <pll_init>
100018a0:	4b1d      	ldr	r3, [pc, #116]	@ (10001918 <runtime_init_clocks+0xc0>)
100018a2:	2200      	movs	r2, #0
100018a4:	2102      	movs	r1, #2
100018a6:	2004      	movs	r0, #4
100018a8:	f7ff fdde 	bl	10001468 <clock_configure_undivided>
100018ac:	4d1b      	ldr	r5, [pc, #108]	@ (1000191c <runtime_init_clocks+0xc4>)
100018ae:	002b      	movs	r3, r5
100018b0:	2200      	movs	r2, #0
100018b2:	2101      	movs	r1, #1
100018b4:	2005      	movs	r0, #5
100018b6:	f7ff fdd7 	bl	10001468 <clock_configure_undivided>
100018ba:	4c19      	ldr	r4, [pc, #100]	@ (10001920 <runtime_init_clocks+0xc8>)
100018bc:	0023      	movs	r3, r4
100018be:	2200      	movs	r2, #0
100018c0:	2100      	movs	r1, #0
100018c2:	2007      	movs	r0, #7
100018c4:	f7ff fdd0 	bl	10001468 <clock_configure_undivided>
100018c8:	0023      	movs	r3, r4
100018ca:	2200      	movs	r2, #0
100018cc:	2100      	movs	r1, #0
100018ce:	2008      	movs	r0, #8
100018d0:	f7ff fdca 	bl	10001468 <clock_configure_undivided>
100018d4:	2380      	movs	r3, #128	@ 0x80
100018d6:	00db      	lsls	r3, r3, #3
100018d8:	9300      	str	r3, [sp, #0]
100018da:	0023      	movs	r3, r4
100018dc:	2200      	movs	r2, #0
100018de:	2100      	movs	r1, #0
100018e0:	2009      	movs	r0, #9
100018e2:	f7ff fdad 	bl	10001440 <clock_configure_int_divider>
100018e6:	002b      	movs	r3, r5
100018e8:	2200      	movs	r2, #0
100018ea:	2100      	movs	r1, #0
100018ec:	2006      	movs	r0, #6
100018ee:	f7ff fdbb 	bl	10001468 <clock_configure_undivided>
100018f2:	f7ff ff9d 	bl	10001830 <start_all_ticks>
100018f6:	b003      	add	sp, #12
100018f8:	bd30      	pop	{r4, r5, pc}
100018fa:	46c0      	nop			@ (mov r8, r8)
100018fc:	40008000 	.word	0x40008000
10001900:	4000b03c 	.word	0x4000b03c
10001904:	4000b030 	.word	0x4000b030
10001908:	59682f00 	.word	0x59682f00
1000190c:	40028000 	.word	0x40028000
10001910:	47868c00 	.word	0x47868c00
10001914:	4002c000 	.word	0x4002c000
10001918:	00b71b00 	.word	0x00b71b00
1000191c:	07735940 	.word	0x07735940
10001920:	02dc6c00 	.word	0x02dc6c00

10001924 <__aeabi_bits_init>:
10001924:	4801      	ldr	r0, [pc, #4]	@ (1000192c <__aeabi_bits_init+0x8>)
10001926:	2104      	movs	r1, #4
10001928:	4b01      	ldr	r3, [pc, #4]	@ (10001930 <__aeabi_bits_init+0xc>)
1000192a:	4718      	bx	r3
1000192c:	20000c60 	.word	0x20000c60
10001930:	100016b1 	.word	0x100016b1

10001934 <__wrap___aeabi_idiv>:
10001934:	4a12      	ldr	r2, [pc, #72]	@ (10001980 <divmod_s32s32_savestate+0x18>)
10001936:	6f93      	ldr	r3, [r2, #120]	@ 0x78
10001938:	089b      	lsrs	r3, r3, #2
1000193a:	d215      	bcs.n	10001968 <divmod_s32s32_savestate>

1000193c <divmod_s32s32_unsafe>:
1000193c:	6690      	str	r0, [r2, #104]	@ 0x68
1000193e:	66d1      	str	r1, [r2, #108]	@ 0x6c
10001940:	2900      	cmp	r1, #0
10001942:	d005      	beq.n	10001950 <divmod_s32s32_unsafe+0x14>
10001944:	e7ff      	b.n	10001946 <divmod_s32s32_unsafe+0xa>
10001946:	e7ff      	b.n	10001948 <divmod_s32s32_unsafe+0xc>
10001948:	e7ff      	b.n	1000194a <divmod_s32s32_unsafe+0xe>
1000194a:	6f51      	ldr	r1, [r2, #116]	@ 0x74
1000194c:	6f10      	ldr	r0, [r2, #112]	@ 0x70
1000194e:	4770      	bx	lr
10001950:	b504      	push	{r2, lr}
10001952:	2180      	movs	r1, #128	@ 0x80
10001954:	0609      	lsls	r1, r1, #24
10001956:	17c2      	asrs	r2, r0, #31
10001958:	4051      	eors	r1, r2
1000195a:	2800      	cmp	r0, #0
1000195c:	d000      	beq.n	10001960 <divmod_s32s32_unsafe+0x24>
1000195e:	43c8      	mvns	r0, r1
10001960:	f004 fd7e 	bl	10006460 <____aeabi_idiv0_veneer>
10001964:	2100      	movs	r1, #0
10001966:	bd04      	pop	{r2, pc}

10001968 <divmod_s32s32_savestate>:
10001968:	b5f0      	push	{r4, r5, r6, r7, lr}
1000196a:	6e14      	ldr	r4, [r2, #96]	@ 0x60
1000196c:	6e55      	ldr	r5, [r2, #100]	@ 0x64
1000196e:	6f57      	ldr	r7, [r2, #116]	@ 0x74
10001970:	6f16      	ldr	r6, [r2, #112]	@ 0x70
10001972:	f7ff ffe3 	bl	1000193c <divmod_s32s32_unsafe>
10001976:	6614      	str	r4, [r2, #96]	@ 0x60
10001978:	6655      	str	r5, [r2, #100]	@ 0x64
1000197a:	6757      	str	r7, [r2, #116]	@ 0x74
1000197c:	6716      	str	r6, [r2, #112]	@ 0x70
1000197e:	bdf0      	pop	{r4, r5, r6, r7, pc}
10001980:	d0000000 	.word	0xd0000000

10001984 <__wrap___aeabi_uidiv>:
10001984:	4a11      	ldr	r2, [pc, #68]	@ (100019cc <divmod_u32u32_savestate+0x18>)
10001986:	6f93      	ldr	r3, [r2, #120]	@ 0x78
10001988:	089b      	lsrs	r3, r3, #2
1000198a:	d213      	bcs.n	100019b4 <divmod_u32u32_savestate>

1000198c <divmod_u32u32_unsafe>:
1000198c:	6610      	str	r0, [r2, #96]	@ 0x60
1000198e:	6651      	str	r1, [r2, #100]	@ 0x64
10001990:	2900      	cmp	r1, #0
10001992:	d005      	beq.n	100019a0 <divmod_u32u32_unsafe+0x14>
10001994:	e7ff      	b.n	10001996 <divmod_u32u32_unsafe+0xa>
10001996:	e7ff      	b.n	10001998 <divmod_u32u32_unsafe+0xc>
10001998:	e7ff      	b.n	1000199a <divmod_u32u32_unsafe+0xe>
1000199a:	6f51      	ldr	r1, [r2, #116]	@ 0x74
1000199c:	6f10      	ldr	r0, [r2, #112]	@ 0x70
1000199e:	4770      	bx	lr
100019a0:	b504      	push	{r2, lr}
100019a2:	2800      	cmp	r0, #0
100019a4:	d001      	beq.n	100019aa <divmod_u32u32_unsafe+0x1e>
100019a6:	2000      	movs	r0, #0
100019a8:	43c0      	mvns	r0, r0
100019aa:	f004 fd59 	bl	10006460 <____aeabi_idiv0_veneer>
100019ae:	2100      	movs	r1, #0
100019b0:	bd04      	pop	{r2, pc}
100019b2:	46c0      	nop			@ (mov r8, r8)

100019b4 <divmod_u32u32_savestate>:
100019b4:	b5f0      	push	{r4, r5, r6, r7, lr}
100019b6:	6e14      	ldr	r4, [r2, #96]	@ 0x60
100019b8:	6e55      	ldr	r5, [r2, #100]	@ 0x64
100019ba:	6f57      	ldr	r7, [r2, #116]	@ 0x74
100019bc:	6f16      	ldr	r6, [r2, #112]	@ 0x70
100019be:	f7ff ffe5 	bl	1000198c <divmod_u32u32_unsafe>
100019c2:	6614      	str	r4, [r2, #96]	@ 0x60
100019c4:	6655      	str	r5, [r2, #100]	@ 0x64
100019c6:	6757      	str	r7, [r2, #116]	@ 0x74
100019c8:	6716      	str	r6, [r2, #112]	@ 0x70
100019ca:	bdf0      	pop	{r4, r5, r6, r7, pc}
100019cc:	d0000000 	.word	0xd0000000

100019d0 <__wrap___aeabi_ldivmod>:
100019d0:	4694      	mov	ip, r2
100019d2:	4a4a      	ldr	r2, [pc, #296]	@ (10001afc <udiv0+0x1a>)
100019d4:	6f92      	ldr	r2, [r2, #120]	@ 0x78
100019d6:	0892      	lsrs	r2, r2, #2
100019d8:	4662      	mov	r2, ip
100019da:	d201      	bcs.n	100019e0 <divmod_s64s64_savestate>
100019dc:	e028      	b.n	10001a30 <divmod_s64s64_unsafe>
100019de:	46c0      	nop			@ (mov r8, r8)

100019e0 <divmod_s64s64_savestate>:
100019e0:	b5f0      	push	{r4, r5, r6, r7, lr}
100019e2:	4e46      	ldr	r6, [pc, #280]	@ (10001afc <udiv0+0x1a>)
100019e4:	6e34      	ldr	r4, [r6, #96]	@ 0x60
100019e6:	6e75      	ldr	r5, [r6, #100]	@ 0x64
100019e8:	6f77      	ldr	r7, [r6, #116]	@ 0x74
100019ea:	6f36      	ldr	r6, [r6, #112]	@ 0x70
100019ec:	f000 f820 	bl	10001a30 <divmod_s64s64_unsafe>
100019f0:	4694      	mov	ip, r2
100019f2:	4a42      	ldr	r2, [pc, #264]	@ (10001afc <udiv0+0x1a>)
100019f4:	6614      	str	r4, [r2, #96]	@ 0x60
100019f6:	6655      	str	r5, [r2, #100]	@ 0x64
100019f8:	6757      	str	r7, [r2, #116]	@ 0x74
100019fa:	6716      	str	r6, [r2, #112]	@ 0x70
100019fc:	4662      	mov	r2, ip
100019fe:	bdf0      	pop	{r4, r5, r6, r7, pc}

10001a00 <__wrap___aeabi_uldivmod>:
10001a00:	4694      	mov	ip, r2
10001a02:	4a3e      	ldr	r2, [pc, #248]	@ (10001afc <udiv0+0x1a>)
10001a04:	6f92      	ldr	r2, [r2, #120]	@ 0x78
10001a06:	0892      	lsrs	r2, r2, #2
10001a08:	4662      	mov	r2, ip
10001a0a:	d201      	bcs.n	10001a10 <divmod_u64u64_savestate>
10001a0c:	e054      	b.n	10001ab8 <divmod_u64u64_unsafe>
10001a0e:	46c0      	nop			@ (mov r8, r8)

10001a10 <divmod_u64u64_savestate>:
10001a10:	b5f0      	push	{r4, r5, r6, r7, lr}
10001a12:	4e3a      	ldr	r6, [pc, #232]	@ (10001afc <udiv0+0x1a>)
10001a14:	6e34      	ldr	r4, [r6, #96]	@ 0x60
10001a16:	6e75      	ldr	r5, [r6, #100]	@ 0x64
10001a18:	6f77      	ldr	r7, [r6, #116]	@ 0x74
10001a1a:	6f36      	ldr	r6, [r6, #112]	@ 0x70
10001a1c:	f000 f84c 	bl	10001ab8 <divmod_u64u64_unsafe>
10001a20:	4694      	mov	ip, r2
10001a22:	4a36      	ldr	r2, [pc, #216]	@ (10001afc <udiv0+0x1a>)
10001a24:	6614      	str	r4, [r2, #96]	@ 0x60
10001a26:	6655      	str	r5, [r2, #100]	@ 0x64
10001a28:	6757      	str	r7, [r2, #116]	@ 0x74
10001a2a:	6716      	str	r6, [r2, #112]	@ 0x70
10001a2c:	4662      	mov	r2, ip
10001a2e:	bdf0      	pop	{r4, r5, r6, r7, pc}

10001a30 <divmod_s64s64_unsafe>:
10001a30:	2b00      	cmp	r3, #0
10001a32:	db24      	blt.n	10001a7e <l42_1+0x26>
10001a34:	d011      	beq.n	10001a5a <l42_1+0x2>
10001a36:	2900      	cmp	r1, #0
10001a38:	da3e      	bge.n	10001ab8 <divmod_u64u64_unsafe>
10001a3a:	b500      	push	{lr}
10001a3c:	43c9      	mvns	r1, r1
10001a3e:	4240      	negs	r0, r0
10001a40:	d100      	bne.n	10001a44 <l40_1>
10001a42:	3101      	adds	r1, #1

10001a44 <l40_1>:
10001a44:	f000 f838 	bl	10001ab8 <divmod_u64u64_unsafe>
10001a48:	43c9      	mvns	r1, r1
10001a4a:	4240      	negs	r0, r0
10001a4c:	d100      	bne.n	10001a50 <l41_1>
10001a4e:	3101      	adds	r1, #1

10001a50 <l41_1>:
10001a50:	43db      	mvns	r3, r3
10001a52:	4252      	negs	r2, r2
10001a54:	d100      	bne.n	10001a58 <l42_1>
10001a56:	3301      	adds	r3, #1

10001a58 <l42_1>:
10001a58:	bd00      	pop	{pc}
10001a5a:	2a00      	cmp	r2, #0
10001a5c:	d1eb      	bne.n	10001a36 <divmod_s64s64_unsafe+0x6>
10001a5e:	2800      	cmp	r0, #0
10001a60:	d101      	bne.n	10001a66 <l42_1+0xe>
10001a62:	2900      	cmp	r1, #0
10001a64:	d005      	beq.n	10001a72 <l42_1+0x1a>
10001a66:	2000      	movs	r0, #0
10001a68:	0fc9      	lsrs	r1, r1, #31
10001a6a:	07c9      	lsls	r1, r1, #31
10001a6c:	d101      	bne.n	10001a72 <l42_1+0x1a>
10001a6e:	43c0      	mvns	r0, r0
10001a70:	0841      	lsrs	r1, r0, #1
10001a72:	b500      	push	{lr}
10001a74:	f004 fcec 	bl	10006450 <____aeabi_ldiv0_veneer>
10001a78:	2200      	movs	r2, #0
10001a7a:	2300      	movs	r3, #0
10001a7c:	bd00      	pop	{pc}
10001a7e:	b500      	push	{lr}
10001a80:	2900      	cmp	r1, #0
10001a82:	db0a      	blt.n	10001a9a <l44_1+0x2>
10001a84:	43db      	mvns	r3, r3
10001a86:	4252      	negs	r2, r2
10001a88:	d100      	bne.n	10001a8c <l43_1>
10001a8a:	3301      	adds	r3, #1

10001a8c <l43_1>:
10001a8c:	f000 f814 	bl	10001ab8 <divmod_u64u64_unsafe>
10001a90:	43c9      	mvns	r1, r1
10001a92:	4240      	negs	r0, r0
10001a94:	d100      	bne.n	10001a98 <l44_1>
10001a96:	3101      	adds	r1, #1

10001a98 <l44_1>:
10001a98:	bd00      	pop	{pc}
10001a9a:	43c9      	mvns	r1, r1
10001a9c:	4240      	negs	r0, r0
10001a9e:	d100      	bne.n	10001aa2 <l45_1>
10001aa0:	3101      	adds	r1, #1

10001aa2 <l45_1>:
10001aa2:	43db      	mvns	r3, r3
10001aa4:	4252      	negs	r2, r2
10001aa6:	d100      	bne.n	10001aaa <l46_1>
10001aa8:	3301      	adds	r3, #1

10001aaa <l46_1>:
10001aaa:	f000 f805 	bl	10001ab8 <divmod_u64u64_unsafe>
10001aae:	43db      	mvns	r3, r3
10001ab0:	4252      	negs	r2, r2
10001ab2:	d100      	bne.n	10001ab6 <l47_1>
10001ab4:	3301      	adds	r3, #1

10001ab6 <l47_1>:
10001ab6:	bd00      	pop	{pc}

10001ab8 <divmod_u64u64_unsafe>:
10001ab8:	2900      	cmp	r1, #0
10001aba:	d123      	bne.n	10001b04 <y64>
10001abc:	2b00      	cmp	r3, #0
10001abe:	d118      	bne.n	10001af2 <udiv0+0x10>
10001ac0:	2a00      	cmp	r2, #0
10001ac2:	d00c      	beq.n	10001ade <divmod_u64u64_unsafe+0x26>
10001ac4:	46bc      	mov	ip, r7
10001ac6:	4f0d      	ldr	r7, [pc, #52]	@ (10001afc <udiv0+0x1a>)
10001ac8:	6638      	str	r0, [r7, #96]	@ 0x60
10001aca:	667a      	str	r2, [r7, #100]	@ 0x64
10001acc:	2100      	movs	r1, #0
10001ace:	2300      	movs	r3, #0
10001ad0:	e7ff      	b.n	10001ad2 <divmod_u64u64_unsafe+0x1a>
10001ad2:	e7ff      	b.n	10001ad4 <divmod_u64u64_unsafe+0x1c>
10001ad4:	e7ff      	b.n	10001ad6 <divmod_u64u64_unsafe+0x1e>
10001ad6:	6f7a      	ldr	r2, [r7, #116]	@ 0x74
10001ad8:	6f38      	ldr	r0, [r7, #112]	@ 0x70
10001ada:	4667      	mov	r7, ip
10001adc:	4770      	bx	lr
10001ade:	2800      	cmp	r0, #0
10001ae0:	d001      	beq.n	10001ae6 <udiv0+0x4>

10001ae2 <udiv0>:
10001ae2:	4807      	ldr	r0, [pc, #28]	@ (10001b00 <udiv0+0x1e>)
10001ae4:	0001      	movs	r1, r0
10001ae6:	b500      	push	{lr}
10001ae8:	f004 fcb2 	bl	10006450 <____aeabi_ldiv0_veneer>
10001aec:	2200      	movs	r2, #0
10001aee:	2300      	movs	r3, #0
10001af0:	bd00      	pop	{pc}
10001af2:	0002      	movs	r2, r0
10001af4:	000b      	movs	r3, r1
10001af6:	2000      	movs	r0, #0
10001af8:	2100      	movs	r1, #0
10001afa:	4770      	bx	lr
10001afc:	d0000000 	.word	0xd0000000
10001b00:	ffffffff 	.word	0xffffffff

10001b04 <y64>:
10001b04:	2b00      	cmp	r3, #0
10001b06:	d000      	beq.n	10001b0a <y64+0x6>
10001b08:	e0bf      	b.n	10001c8a <y64_x48>
10001b0a:	0c13      	lsrs	r3, r2, #16
10001b0c:	d128      	bne.n	10001b60 <y64_x32>
10001b0e:	2a00      	cmp	r2, #0
10001b10:	d0e7      	beq.n	10001ae2 <udiv0>
10001b12:	b480      	push	{r7}
10001b14:	4f11      	ldr	r7, [pc, #68]	@ (10001b5c <y64+0x58>)
10001b16:	6639      	str	r1, [r7, #96]	@ 0x60
10001b18:	667a      	str	r2, [r7, #100]	@ 0x64
10001b1a:	e7ff      	b.n	10001b1c <y64+0x18>
10001b1c:	e7ff      	b.n	10001b1e <y64+0x1a>
10001b1e:	b430      	push	{r4, r5}
10001b20:	0c04      	lsrs	r4, r0, #16
10001b22:	6f7b      	ldr	r3, [r7, #116]	@ 0x74
10001b24:	6f39      	ldr	r1, [r7, #112]	@ 0x70
10001b26:	041b      	lsls	r3, r3, #16
10001b28:	4323      	orrs	r3, r4
10001b2a:	663b      	str	r3, [r7, #96]	@ 0x60
10001b2c:	667a      	str	r2, [r7, #100]	@ 0x64
10001b2e:	e7ff      	b.n	10001b30 <y64+0x2c>
10001b30:	e7ff      	b.n	10001b32 <y64+0x2e>
10001b32:	e7ff      	b.n	10001b34 <y64+0x30>
10001b34:	46c0      	nop			@ (mov r8, r8)
10001b36:	b284      	uxth	r4, r0
10001b38:	6f7b      	ldr	r3, [r7, #116]	@ 0x74
10001b3a:	6f3d      	ldr	r5, [r7, #112]	@ 0x70
10001b3c:	041b      	lsls	r3, r3, #16
10001b3e:	4323      	orrs	r3, r4
10001b40:	663b      	str	r3, [r7, #96]	@ 0x60
10001b42:	667a      	str	r2, [r7, #100]	@ 0x64
10001b44:	e7ff      	b.n	10001b46 <y64+0x42>
10001b46:	e7ff      	b.n	10001b48 <y64+0x44>
10001b48:	46c0      	nop			@ (mov r8, r8)
10001b4a:	2300      	movs	r3, #0
10001b4c:	042c      	lsls	r4, r5, #16
10001b4e:	0c2d      	lsrs	r5, r5, #16
10001b50:	6f7a      	ldr	r2, [r7, #116]	@ 0x74
10001b52:	6f38      	ldr	r0, [r7, #112]	@ 0x70
10001b54:	1900      	adds	r0, r0, r4
10001b56:	4169      	adcs	r1, r5
10001b58:	bcb0      	pop	{r4, r5, r7}
10001b5a:	4770      	bx	lr
10001b5c:	d0000000 	.word	0xd0000000

10001b60 <y64_x32>:
10001b60:	b5f0      	push	{r4, r5, r6, r7, lr}
10001b62:	4694      	mov	ip, r2
10001b64:	2500      	movs	r5, #0
10001b66:	0e14      	lsrs	r4, r2, #24
10001b68:	d101      	bne.n	10001b6e <y64_x32+0xe>
10001b6a:	0212      	lsls	r2, r2, #8
10001b6c:	3508      	adds	r5, #8
10001b6e:	0f14      	lsrs	r4, r2, #28
10001b70:	d101      	bne.n	10001b76 <y64_x32+0x16>
10001b72:	0112      	lsls	r2, r2, #4
10001b74:	3504      	adds	r5, #4
10001b76:	0f94      	lsrs	r4, r2, #30
10001b78:	d101      	bne.n	10001b7e <y64_x32+0x1e>
10001b7a:	0092      	lsls	r2, r2, #2
10001b7c:	3502      	adds	r5, #2
10001b7e:	0fd4      	lsrs	r4, r2, #31
10001b80:	d101      	bne.n	10001b86 <y64_x32+0x26>
10001b82:	0052      	lsls	r2, r2, #1
10001b84:	3501      	adds	r5, #1
10001b86:	0bd4      	lsrs	r4, r2, #15
10001b88:	3401      	adds	r4, #1
10001b8a:	4f25      	ldr	r7, [pc, #148]	@ (10001c20 <y64_x32+0xc0>)
10001b8c:	667c      	str	r4, [r7, #100]	@ 0x64
10001b8e:	4c25      	ldr	r4, [pc, #148]	@ (10001c24 <y64_x32+0xc4>)
10001b90:	663c      	str	r4, [r7, #96]	@ 0x60
10001b92:	0c0e      	lsrs	r6, r1, #16
10001b94:	b293      	uxth	r3, r2
10001b96:	e7ff      	b.n	10001b98 <y64_x32+0x38>
10001b98:	e7ff      	b.n	10001b9a <y64_x32+0x3a>
10001b9a:	e7ff      	b.n	10001b9c <y64_x32+0x3c>
10001b9c:	6f3c      	ldr	r4, [r7, #112]	@ 0x70
10001b9e:	4366      	muls	r6, r4
10001ba0:	0c36      	lsrs	r6, r6, #16
10001ba2:	0377      	lsls	r7, r6, #13
10001ba4:	46be      	mov	lr, r7
10001ba6:	4373      	muls	r3, r6
10001ba8:	0bdf      	lsrs	r7, r3, #15
10001baa:	045b      	lsls	r3, r3, #17
10001bac:	1ac0      	subs	r0, r0, r3
10001bae:	41b9      	sbcs	r1, r7
10001bb0:	0c13      	lsrs	r3, r2, #16
10001bb2:	4373      	muls	r3, r6
10001bb4:	18db      	adds	r3, r3, r3
10001bb6:	1ac9      	subs	r1, r1, r3
10001bb8:	08ce      	lsrs	r6, r1, #3
10001bba:	4366      	muls	r6, r4
10001bbc:	0c36      	lsrs	r6, r6, #16
10001bbe:	44b6      	add	lr, r6
10001bc0:	b293      	uxth	r3, r2
10001bc2:	4373      	muls	r3, r6
10001bc4:	0f1f      	lsrs	r7, r3, #28
10001bc6:	011b      	lsls	r3, r3, #4
10001bc8:	1ac0      	subs	r0, r0, r3
10001bca:	41b9      	sbcs	r1, r7
10001bcc:	0c13      	lsrs	r3, r2, #16
10001bce:	4373      	muls	r3, r6
10001bd0:	0b1f      	lsrs	r7, r3, #12
10001bd2:	051b      	lsls	r3, r3, #20
10001bd4:	1ac0      	subs	r0, r0, r3
10001bd6:	41b9      	sbcs	r1, r7
10001bd8:	0d86      	lsrs	r6, r0, #22
10001bda:	028f      	lsls	r7, r1, #10
10001bdc:	433e      	orrs	r6, r7
10001bde:	4366      	muls	r6, r4
10001be0:	0c36      	lsrs	r6, r6, #16
10001be2:	2d09      	cmp	r5, #9
10001be4:	db24      	blt.n	10001c30 <last0>
10001be6:	0a52      	lsrs	r2, r2, #9
10001be8:	4372      	muls	r2, r6
10001bea:	1a80      	subs	r0, r0, r2
10001bec:	0377      	lsls	r7, r6, #13
10001bee:	0a46      	lsrs	r6, r0, #9
10001bf0:	4366      	muls	r6, r4
10001bf2:	0c36      	lsrs	r6, r6, #16
10001bf4:	2316      	movs	r3, #22
10001bf6:	1b5b      	subs	r3, r3, r5
10001bf8:	40de      	lsrs	r6, r3
10001bfa:	40df      	lsrs	r7, r3
10001bfc:	19bf      	adds	r7, r7, r6
10001bfe:	4664      	mov	r4, ip
10001c00:	4366      	muls	r6, r4
10001c02:	1b82      	subs	r2, r0, r6
10001c04:	4670      	mov	r0, lr
10001c06:	3504      	adds	r5, #4
10001c08:	3306      	adds	r3, #6
10001c0a:	0001      	movs	r1, r0
10001c0c:	40d9      	lsrs	r1, r3
10001c0e:	40a8      	lsls	r0, r5
10001c10:	19c0      	adds	r0, r0, r7
10001c12:	d300      	bcc.n	10001c16 <y64_x32+0xb6>
10001c14:	3101      	adds	r1, #1
10001c16:	42a2      	cmp	r2, r4
10001c18:	d206      	bcs.n	10001c28 <y64_x32+0xc8>
10001c1a:	2300      	movs	r3, #0
10001c1c:	bdf0      	pop	{r4, r5, r6, r7, pc}
10001c1e:	0000      	.short	0x0000
10001c20:	d0000000 	.word	0xd0000000
10001c24:	ffffffff 	.word	0xffffffff
10001c28:	1b12      	subs	r2, r2, r4
10001c2a:	3001      	adds	r0, #1
10001c2c:	d3f3      	bcc.n	10001c16 <y64_x32+0xb6>
10001c2e:	e7f1      	b.n	10001c14 <y64_x32+0xb4>

10001c30 <last0>:
10001c30:	2709      	movs	r7, #9
10001c32:	1b7f      	subs	r7, r7, r5
10001c34:	40fe      	lsrs	r6, r7
10001c36:	4664      	mov	r4, ip
10001c38:	b2a2      	uxth	r2, r4
10001c3a:	4372      	muls	r2, r6
10001c3c:	1a80      	subs	r0, r0, r2
10001c3e:	d200      	bcs.n	10001c42 <last0+0x12>
10001c40:	3901      	subs	r1, #1
10001c42:	0c22      	lsrs	r2, r4, #16
10001c44:	4372      	muls	r2, r6
10001c46:	0c13      	lsrs	r3, r2, #16
10001c48:	0412      	lsls	r2, r2, #16
10001c4a:	1a82      	subs	r2, r0, r2
10001c4c:	4199      	sbcs	r1, r3
10001c4e:	000b      	movs	r3, r1
10001c50:	4670      	mov	r0, lr
10001c52:	3504      	adds	r5, #4
10001c54:	3713      	adds	r7, #19
10001c56:	0001      	movs	r1, r0
10001c58:	40f9      	lsrs	r1, r7
10001c5a:	40a8      	lsls	r0, r5
10001c5c:	1980      	adds	r0, r0, r6
10001c5e:	d300      	bcc.n	10001c62 <last0+0x32>
10001c60:	3101      	adds	r1, #1
10001c62:	2b00      	cmp	r3, #0
10001c64:	d102      	bne.n	10001c6c <last0+0x3c>
10001c66:	42a2      	cmp	r2, r4
10001c68:	d20a      	bcs.n	10001c80 <last0+0x50>
10001c6a:	bdf0      	pop	{r4, r5, r6, r7, pc}
10001c6c:	3001      	adds	r0, #1
10001c6e:	d300      	bcc.n	10001c72 <last0+0x42>
10001c70:	3101      	adds	r1, #1
10001c72:	1b12      	subs	r2, r2, r4
10001c74:	d2fa      	bcs.n	10001c6c <last0+0x3c>
10001c76:	3b01      	subs	r3, #1
10001c78:	d1f8      	bne.n	10001c6c <last0+0x3c>
10001c7a:	42a2      	cmp	r2, r4
10001c7c:	d200      	bcs.n	10001c80 <last0+0x50>
10001c7e:	bdf0      	pop	{r4, r5, r6, r7, pc}
10001c80:	3001      	adds	r0, #1
10001c82:	d300      	bcc.n	10001c86 <last0+0x56>
10001c84:	3101      	adds	r1, #1
10001c86:	1b12      	subs	r2, r2, r4
10001c88:	e7f7      	b.n	10001c7a <last0+0x4a>

10001c8a <y64_x48>:
10001c8a:	b5f0      	push	{r4, r5, r6, r7, lr}
10001c8c:	0c1c      	lsrs	r4, r3, #16
10001c8e:	d000      	beq.n	10001c92 <y64_x48+0x8>
10001c90:	e080      	b.n	10001d94 <y64_x64>
10001c92:	b40c      	push	{r2, r3}
10001c94:	2500      	movs	r5, #0
10001c96:	0a1c      	lsrs	r4, r3, #8
10001c98:	d104      	bne.n	10001ca4 <y64_x48+0x1a>
10001c9a:	021b      	lsls	r3, r3, #8
10001c9c:	0e16      	lsrs	r6, r2, #24
10001c9e:	4333      	orrs	r3, r6
10001ca0:	0212      	lsls	r2, r2, #8
10001ca2:	3508      	adds	r5, #8
10001ca4:	0b1c      	lsrs	r4, r3, #12
10001ca6:	d104      	bne.n	10001cb2 <y64_x48+0x28>
10001ca8:	011b      	lsls	r3, r3, #4
10001caa:	0f16      	lsrs	r6, r2, #28
10001cac:	4333      	orrs	r3, r6
10001cae:	0112      	lsls	r2, r2, #4
10001cb0:	3504      	adds	r5, #4
10001cb2:	0b9c      	lsrs	r4, r3, #14
10001cb4:	d104      	bne.n	10001cc0 <y64_x48+0x36>
10001cb6:	009b      	lsls	r3, r3, #2
10001cb8:	0f96      	lsrs	r6, r2, #30
10001cba:	4333      	orrs	r3, r6
10001cbc:	0092      	lsls	r2, r2, #2
10001cbe:	3502      	adds	r5, #2
10001cc0:	0bdc      	lsrs	r4, r3, #15
10001cc2:	d102      	bne.n	10001cca <y64_x48+0x40>
10001cc4:	1892      	adds	r2, r2, r2
10001cc6:	415b      	adcs	r3, r3
10001cc8:	3501      	adds	r5, #1
10001cca:	001c      	movs	r4, r3
10001ccc:	1897      	adds	r7, r2, r2
10001cce:	4164      	adcs	r4, r4
10001cd0:	3401      	adds	r4, #1
10001cd2:	4f46      	ldr	r7, [pc, #280]	@ (10001dec <y64_x64+0x58>)
10001cd4:	667c      	str	r4, [r7, #100]	@ 0x64
10001cd6:	4c46      	ldr	r4, [pc, #280]	@ (10001df0 <y64_x64+0x5c>)
10001cd8:	663c      	str	r4, [r7, #96]	@ 0x60
10001cda:	0c0e      	lsrs	r6, r1, #16
10001cdc:	e7ff      	b.n	10001cde <y64_x48+0x54>
10001cde:	e7ff      	b.n	10001ce0 <y64_x48+0x56>
10001ce0:	e7ff      	b.n	10001ce2 <y64_x48+0x58>
10001ce2:	46c0      	nop			@ (mov r8, r8)
10001ce4:	6f3c      	ldr	r4, [r7, #112]	@ 0x70
10001ce6:	4366      	muls	r6, r4
10001ce8:	0c36      	lsrs	r6, r6, #16
10001cea:	0377      	lsls	r7, r6, #13
10001cec:	46be      	mov	lr, r7
10001cee:	b297      	uxth	r7, r2
10001cf0:	4377      	muls	r7, r6
10001cf2:	1bc0      	subs	r0, r0, r7
10001cf4:	d200      	bcs.n	10001cf8 <y64_x48+0x6e>
10001cf6:	3901      	subs	r1, #1
10001cf8:	1bc0      	subs	r0, r0, r7
10001cfa:	d200      	bcs.n	10001cfe <y64_x48+0x74>
10001cfc:	3901      	subs	r1, #1
10001cfe:	b29f      	uxth	r7, r3
10001d00:	4377      	muls	r7, r6
10001d02:	1bc9      	subs	r1, r1, r7
10001d04:	1bc9      	subs	r1, r1, r7
10001d06:	0c17      	lsrs	r7, r2, #16
10001d08:	4377      	muls	r7, r6
10001d0a:	047e      	lsls	r6, r7, #17
10001d0c:	0bff      	lsrs	r7, r7, #15
10001d0e:	1b80      	subs	r0, r0, r6
10001d10:	41b9      	sbcs	r1, r7
10001d12:	08ce      	lsrs	r6, r1, #3
10001d14:	4366      	muls	r6, r4
10001d16:	0c36      	lsrs	r6, r6, #16
10001d18:	2d0c      	cmp	r5, #12
10001d1a:	db33      	blt.n	10001d84 <last1>
10001d1c:	44b6      	add	lr, r6
10001d1e:	0b12      	lsrs	r2, r2, #12
10001d20:	051f      	lsls	r7, r3, #20
10001d22:	433a      	orrs	r2, r7
10001d24:	0b1b      	lsrs	r3, r3, #12
10001d26:	b297      	uxth	r7, r2
10001d28:	4377      	muls	r7, r6
10001d2a:	1bc0      	subs	r0, r0, r7
10001d2c:	d200      	bcs.n	10001d30 <y64_x48+0xa6>
10001d2e:	3901      	subs	r1, #1
10001d30:	b29f      	uxth	r7, r3
10001d32:	4377      	muls	r7, r6
10001d34:	1bc9      	subs	r1, r1, r7
10001d36:	0c17      	lsrs	r7, r2, #16
10001d38:	4377      	muls	r7, r6
10001d3a:	043e      	lsls	r6, r7, #16
10001d3c:	0c3f      	lsrs	r7, r7, #16
10001d3e:	1b80      	subs	r0, r0, r6
10001d40:	41b9      	sbcs	r1, r7
10001d42:	0d86      	lsrs	r6, r0, #22
10001d44:	028f      	lsls	r7, r1, #10
10001d46:	433e      	orrs	r6, r7
10001d48:	4366      	muls	r6, r4
10001d4a:	2729      	movs	r7, #41	@ 0x29
10001d4c:	1b7f      	subs	r7, r7, r5
10001d4e:	40fe      	lsrs	r6, r7
10001d50:	3d0c      	subs	r5, #12
10001d52:	4677      	mov	r7, lr
10001d54:	40af      	lsls	r7, r5
10001d56:	19bf      	adds	r7, r7, r6
10001d58:	bc30      	pop	{r4, r5}
10001d5a:	b2a2      	uxth	r2, r4
10001d5c:	b2ab      	uxth	r3, r5
10001d5e:	4372      	muls	r2, r6
10001d60:	4373      	muls	r3, r6
10001d62:	1a80      	subs	r0, r0, r2
10001d64:	4199      	sbcs	r1, r3
10001d66:	0c22      	lsrs	r2, r4, #16
10001d68:	4372      	muls	r2, r6
10001d6a:	0c13      	lsrs	r3, r2, #16
10001d6c:	0412      	lsls	r2, r2, #16
10001d6e:	1a80      	subs	r0, r0, r2
10001d70:	4199      	sbcs	r1, r3
10001d72:	0002      	movs	r2, r0
10001d74:	000b      	movs	r3, r1
10001d76:	3701      	adds	r7, #1
10001d78:	1b00      	subs	r0, r0, r4
10001d7a:	41a9      	sbcs	r1, r5
10001d7c:	d2f9      	bcs.n	10001d72 <y64_x48+0xe8>
10001d7e:	1e78      	subs	r0, r7, #1
10001d80:	2100      	movs	r1, #0
10001d82:	bdf0      	pop	{r4, r5, r6, r7, pc}

10001d84 <last1>:
10001d84:	270c      	movs	r7, #12
10001d86:	1b7f      	subs	r7, r7, r5
10001d88:	40fe      	lsrs	r6, r7
10001d8a:	4677      	mov	r7, lr
10001d8c:	0b7f      	lsrs	r7, r7, #13
10001d8e:	40af      	lsls	r7, r5
10001d90:	19ff      	adds	r7, r7, r7
10001d92:	e7e0      	b.n	10001d56 <y64_x48+0xcc>

10001d94 <y64_x64>:
10001d94:	2400      	movs	r4, #0
10001d96:	1c5d      	adds	r5, r3, #1
10001d98:	d007      	beq.n	10001daa <y64_x64+0x16>
10001d9a:	4f14      	ldr	r7, [pc, #80]	@ (10001dec <y64_x64+0x58>)
10001d9c:	667d      	str	r5, [r7, #100]	@ 0x64
10001d9e:	6639      	str	r1, [r7, #96]	@ 0x60
10001da0:	e7ff      	b.n	10001da2 <y64_x64+0xe>
10001da2:	e7ff      	b.n	10001da4 <y64_x64+0x10>
10001da4:	e7ff      	b.n	10001da6 <y64_x64+0x12>
10001da6:	e7ff      	b.n	10001da8 <y64_x64+0x14>
10001da8:	6f3c      	ldr	r4, [r7, #112]	@ 0x70
10001daa:	b295      	uxth	r5, r2
10001dac:	b29e      	uxth	r6, r3
10001dae:	4365      	muls	r5, r4
10001db0:	4366      	muls	r6, r4
10001db2:	1b40      	subs	r0, r0, r5
10001db4:	41b1      	sbcs	r1, r6
10001db6:	0c15      	lsrs	r5, r2, #16
10001db8:	0c1e      	lsrs	r6, r3, #16
10001dba:	4365      	muls	r5, r4
10001dbc:	4366      	muls	r6, r4
10001dbe:	0436      	lsls	r6, r6, #16
10001dc0:	0c2f      	lsrs	r7, r5, #16
10001dc2:	433e      	orrs	r6, r7
10001dc4:	042d      	lsls	r5, r5, #16
10001dc6:	1b40      	subs	r0, r0, r5
10001dc8:	41b1      	sbcs	r1, r6
10001dca:	4299      	cmp	r1, r3
10001dcc:	d204      	bcs.n	10001dd8 <y64_x64+0x44>
10001dce:	0002      	movs	r2, r0
10001dd0:	000b      	movs	r3, r1
10001dd2:	0020      	movs	r0, r4
10001dd4:	2100      	movs	r1, #0
10001dd6:	bdf0      	pop	{r4, r5, r6, r7, pc}
10001dd8:	d101      	bne.n	10001dde <y64_x64+0x4a>
10001dda:	4290      	cmp	r0, r2
10001ddc:	d3f7      	bcc.n	10001dce <y64_x64+0x3a>
10001dde:	1a80      	subs	r0, r0, r2
10001de0:	4199      	sbcs	r1, r3
10001de2:	3401      	adds	r4, #1
10001de4:	4299      	cmp	r1, r3
10001de6:	d3f2      	bcc.n	10001dce <y64_x64+0x3a>
10001de8:	e7f6      	b.n	10001dd8 <y64_x64+0x44>
10001dea:	0000      	.short	0x0000
10001dec:	d0000000 	.word	0xd0000000
10001df0:	ffffffff 	.word	0xffffffff

10001df4 <__wrap___aeabi_drsub>:
10001df4:	4048      	eors	r0, r1
10001df6:	4041      	eors	r1, r0
10001df8:	4048      	eors	r0, r1

10001dfa <__wrap___aeabi_dsub>:
10001dfa:	b418      	push	{r3, r4}
10001dfc:	4b13      	ldr	r3, [pc, #76]	@ (10001e4c <__wrap___aeabi_dmul+0xa>)
10001dfe:	685b      	ldr	r3, [r3, #4]
10001e00:	9301      	str	r3, [sp, #4]
10001e02:	bd08      	pop	{r3, pc}

10001e04 <__wrap___aeabi_dadd>:
10001e04:	b418      	push	{r3, r4}
10001e06:	4b11      	ldr	r3, [pc, #68]	@ (10001e4c <__wrap___aeabi_dmul+0xa>)
10001e08:	681b      	ldr	r3, [r3, #0]
10001e0a:	9301      	str	r3, [sp, #4]
10001e0c:	bd08      	pop	{r3, pc}

10001e0e <__wrap___aeabi_ddiv>:
10001e0e:	4694      	mov	ip, r2
10001e10:	4a0f      	ldr	r2, [pc, #60]	@ (10001e50 <__wrap___aeabi_dmul+0xe>)
10001e12:	6f92      	ldr	r2, [r2, #120]	@ 0x78
10001e14:	0892      	lsrs	r2, r2, #2
10001e16:	d205      	bcs.n	10001e24 <ddiv_save_state>
10001e18:	4662      	mov	r2, ip

10001e1a <ddiv_shim_call>:
10001e1a:	b418      	push	{r3, r4}
10001e1c:	4b0b      	ldr	r3, [pc, #44]	@ (10001e4c <__wrap___aeabi_dmul+0xa>)
10001e1e:	68db      	ldr	r3, [r3, #12]
10001e20:	9301      	str	r3, [sp, #4]
10001e22:	bd08      	pop	{r3, pc}

10001e24 <ddiv_save_state>:
10001e24:	4a0a      	ldr	r2, [pc, #40]	@ (10001e50 <__wrap___aeabi_dmul+0xe>)
10001e26:	b5f0      	push	{r4, r5, r6, r7, lr}
10001e28:	6e14      	ldr	r4, [r2, #96]	@ 0x60
10001e2a:	6e55      	ldr	r5, [r2, #100]	@ 0x64
10001e2c:	6f57      	ldr	r7, [r2, #116]	@ 0x74
10001e2e:	6f16      	ldr	r6, [r2, #112]	@ 0x70
10001e30:	4662      	mov	r2, ip
10001e32:	f7ff fff2 	bl	10001e1a <ddiv_shim_call>
10001e36:	4a06      	ldr	r2, [pc, #24]	@ (10001e50 <__wrap___aeabi_dmul+0xe>)
10001e38:	6614      	str	r4, [r2, #96]	@ 0x60
10001e3a:	6655      	str	r5, [r2, #100]	@ 0x64
10001e3c:	6757      	str	r7, [r2, #116]	@ 0x74
10001e3e:	6716      	str	r6, [r2, #112]	@ 0x70
10001e40:	bdf0      	pop	{r4, r5, r6, r7, pc}

10001e42 <__wrap___aeabi_dmul>:
10001e42:	b418      	push	{r3, r4}
10001e44:	4b01      	ldr	r3, [pc, #4]	@ (10001e4c <__wrap___aeabi_dmul+0xa>)
10001e46:	689b      	ldr	r3, [r3, #8]
10001e48:	9301      	str	r3, [sp, #4]
10001e4a:	bd08      	pop	{r3, pc}
10001e4c:	2000198c 	.word	0x2000198c
10001e50:	d0000000 	.word	0xd0000000

10001e54 <__wrap___aeabi_cdrcmple>:
10001e54:	b5ff      	push	{r0, r1, r2, r3, r4, r5, r6, r7, lr}
10001e56:	4050      	eors	r0, r2
10001e58:	4042      	eors	r2, r0
10001e5a:	4050      	eors	r0, r2
10001e5c:	4059      	eors	r1, r3
10001e5e:	404b      	eors	r3, r1
10001e60:	4059      	eors	r1, r3
10001e62:	e000      	b.n	10001e66 <__aeabi_dfcmple_guts>

10001e64 <__wrap___aeabi_cdcmpeq>:
10001e64:	b5ff      	push	{r0, r1, r2, r3, r4, r5, r6, r7, lr}

10001e66 <__aeabi_dfcmple_guts>:
10001e66:	4f15      	ldr	r7, [pc, #84]	@ (10001ebc <__aeabi_dfcmple_guts+0x56>)
10001e68:	004c      	lsls	r4, r1, #1
10001e6a:	0d64      	lsrs	r4, r4, #21
10001e6c:	d003      	beq.n	10001e76 <__aeabi_dfcmple_guts+0x10>
10001e6e:	42bc      	cmp	r4, r7
10001e70:	d104      	bne.n	10001e7c <__aeabi_dfcmple_guts+0x16>
10001e72:	030c      	lsls	r4, r1, #12
10001e74:	d814      	bhi.n	10001ea0 <__aeabi_dfcmple_guts+0x3a>
10001e76:	2000      	movs	r0, #0
10001e78:	0d09      	lsrs	r1, r1, #20
10001e7a:	0509      	lsls	r1, r1, #20
10001e7c:	005c      	lsls	r4, r3, #1
10001e7e:	0d64      	lsrs	r4, r4, #21
10001e80:	d003      	beq.n	10001e8a <__aeabi_dfcmple_guts+0x24>
10001e82:	42bc      	cmp	r4, r7
10001e84:	d104      	bne.n	10001e90 <__aeabi_dfcmple_guts+0x2a>
10001e86:	031c      	lsls	r4, r3, #12
10001e88:	d80a      	bhi.n	10001ea0 <__aeabi_dfcmple_guts+0x3a>
10001e8a:	2200      	movs	r2, #0
10001e8c:	0d1b      	lsrs	r3, r3, #20
10001e8e:	051b      	lsls	r3, r3, #20
10001e90:	2601      	movs	r6, #1
10001e92:	404b      	eors	r3, r1
10001e94:	d409      	bmi.n	10001eaa <__aeabi_dfcmple_guts+0x44>
10001e96:	404b      	eors	r3, r1
10001e98:	d503      	bpl.n	10001ea2 <__aeabi_dfcmple_guts+0x3c>
10001e9a:	428b      	cmp	r3, r1
10001e9c:	d100      	bne.n	10001ea0 <__aeabi_dfcmple_guts+0x3a>
10001e9e:	4282      	cmp	r2, r0
10001ea0:	bdff      	pop	{r0, r1, r2, r3, r4, r5, r6, r7, pc}
10001ea2:	4299      	cmp	r1, r3
10001ea4:	d1fc      	bne.n	10001ea0 <__aeabi_dfcmple_guts+0x3a>
10001ea6:	4290      	cmp	r0, r2
10001ea8:	bdff      	pop	{r0, r1, r2, r3, r4, r5, r6, r7, pc}
10001eaa:	430b      	orrs	r3, r1
10001eac:	18db      	adds	r3, r3, r3
10001eae:	4303      	orrs	r3, r0
10001eb0:	4313      	orrs	r3, r2
10001eb2:	d0f5      	beq.n	10001ea0 <__aeabi_dfcmple_guts+0x3a>
10001eb4:	43c9      	mvns	r1, r1
10001eb6:	1849      	adds	r1, r1, r1
10001eb8:	bdff      	pop	{r0, r1, r2, r3, r4, r5, r6, r7, pc}
10001eba:	0000      	.short	0x0000
10001ebc:	000007ff 	.word	0x000007ff

10001ec0 <__wrap___aeabi_dcmplt>:
10001ec0:	b500      	push	{lr}
10001ec2:	f7ff ffcf 	bl	10001e64 <__wrap___aeabi_cdcmpeq>
10001ec6:	4180      	sbcs	r0, r0
10001ec8:	bd00      	pop	{pc}
10001eca:	46c0      	nop			@ (mov r8, r8)

10001ecc <__wrap___aeabi_dcmple>:
10001ecc:	b500      	push	{lr}
10001ece:	f7ff ffc9 	bl	10001e64 <__wrap___aeabi_cdcmpeq>
10001ed2:	d901      	bls.n	10001ed8 <__wrap___aeabi_dcmple+0xc>
10001ed4:	2000      	movs	r0, #0
10001ed6:	bd00      	pop	{pc}
10001ed8:	2001      	movs	r0, #1
10001eda:	bd00      	pop	{pc}

10001edc <__wrap___aeabi_dcmpge>:
10001edc:	b500      	push	{lr}
10001ede:	f7ff ffb9 	bl	10001e54 <__wrap___aeabi_cdrcmple>
10001ee2:	d901      	bls.n	10001ee8 <__wrap___aeabi_dcmpge+0xc>
10001ee4:	2000      	movs	r0, #0
10001ee6:	bd00      	pop	{pc}
10001ee8:	2001      	movs	r0, #1
10001eea:	bd00      	pop	{pc}

10001eec <__wrap___aeabi_dcmpgt>:
10001eec:	b500      	push	{lr}
10001eee:	f7ff ffb1 	bl	10001e54 <__wrap___aeabi_cdrcmple>
10001ef2:	4180      	sbcs	r0, r0
10001ef4:	bd00      	pop	{pc}

10001ef6 <__wrap___aeabi_dcmpun>:
10001ef6:	2001      	movs	r0, #1
10001ef8:	0540      	lsls	r0, r0, #21
10001efa:	004a      	lsls	r2, r1, #1
10001efc:	1812      	adds	r2, r2, r0
10001efe:	d804      	bhi.n	10001f0a <__wrap___aeabi_dcmpun+0x14>
10001f00:	005a      	lsls	r2, r3, #1
10001f02:	1812      	adds	r2, r2, r0
10001f04:	d801      	bhi.n	10001f0a <__wrap___aeabi_dcmpun+0x14>
10001f06:	2000      	movs	r0, #0
10001f08:	4770      	bx	lr
10001f0a:	2001      	movs	r0, #1
10001f0c:	4770      	bx	lr
	...

10001f10 <__wrap___aeabi_ui2d>:
10001f10:	2100      	movs	r1, #0
10001f12:	2800      	cmp	r0, #0
10001f14:	d105      	bne.n	10001f22 <__wrap___aeabi_i2d+0xa>
10001f16:	4770      	bx	lr

10001f18 <__wrap___aeabi_i2d>:
10001f18:	17c1      	asrs	r1, r0, #31
10001f1a:	4048      	eors	r0, r1
10001f1c:	1a40      	subs	r0, r0, r1
10001f1e:	d0fa      	beq.n	10001f16 <__wrap___aeabi_ui2d+0x6>
10001f20:	07c9      	lsls	r1, r1, #31
10001f22:	b513      	push	{r0, r1, r4, lr}
10001f24:	4b06      	ldr	r3, [pc, #24]	@ (10001f40 <__wrap___aeabi_i2d+0x28>)
10001f26:	681b      	ldr	r3, [r3, #0]
10001f28:	4798      	blx	r3
10001f2a:	bc0c      	pop	{r2, r3}
10001f2c:	1c44      	adds	r4, r0, #1
10001f2e:	40a2      	lsls	r2, r4
10001f30:	0510      	lsls	r0, r2, #20
10001f32:	0b12      	lsrs	r2, r2, #12
10001f34:	4903      	ldr	r1, [pc, #12]	@ (10001f44 <__wrap___aeabi_i2d+0x2c>)
10001f36:	1b09      	subs	r1, r1, r4
10001f38:	0509      	lsls	r1, r1, #20
10001f3a:	4319      	orrs	r1, r3
10001f3c:	4311      	orrs	r1, r2
10001f3e:	bd10      	pop	{r4, pc}
10001f40:	20001a8c 	.word	0x20001a8c
10001f44:	0000041f 	.word	0x0000041f

10001f48 <__wrap___aeabi_d2iz>:
10001f48:	b510      	push	{r4, lr}
10001f4a:	004c      	lsls	r4, r1, #1
10001f4c:	0d62      	lsrs	r2, r4, #21
10001f4e:	2380      	movs	r3, #128	@ 0x80
10001f50:	18d2      	adds	r2, r2, r3
10001f52:	00db      	lsls	r3, r3, #3
10001f54:	1ad2      	subs	r2, r2, r3
10001f56:	055b      	lsls	r3, r3, #21
10001f58:	2a7e      	cmp	r2, #126	@ 0x7e
10001f5a:	dd10      	ble.n	10001f7e <__wrap___aeabi_d2iz+0x36>
10001f5c:	3a9e      	subs	r2, #158	@ 0x9e
10001f5e:	da13      	bge.n	10001f88 <__wrap___aeabi_d2iz+0x40>
10001f60:	17cc      	asrs	r4, r1, #31
10001f62:	0309      	lsls	r1, r1, #12
10001f64:	0849      	lsrs	r1, r1, #1
10001f66:	4319      	orrs	r1, r3
10001f68:	4252      	negs	r2, r2
10001f6a:	40d1      	lsrs	r1, r2
10001f6c:	0064      	lsls	r4, r4, #1
10001f6e:	3401      	adds	r4, #1
10001f70:	3215      	adds	r2, #21
10001f72:	2a20      	cmp	r2, #32
10001f74:	da05      	bge.n	10001f82 <__wrap___aeabi_d2iz+0x3a>
10001f76:	40d0      	lsrs	r0, r2
10001f78:	4308      	orrs	r0, r1
10001f7a:	4360      	muls	r0, r4
10001f7c:	bd10      	pop	{r4, pc}
10001f7e:	2000      	movs	r0, #0
10001f80:	bd10      	pop	{r4, pc}
10001f82:	4608      	mov	r0, r1
10001f84:	4360      	muls	r0, r4
10001f86:	bd10      	pop	{r4, pc}
10001f88:	0fc8      	lsrs	r0, r1, #31
10001f8a:	18c0      	adds	r0, r0, r3
10001f8c:	3801      	subs	r0, #1
10001f8e:	bd10      	pop	{r4, pc}

10001f90 <__wrap___aeabi_d2uiz>:
10001f90:	b418      	push	{r3, r4}
10001f92:	4b02      	ldr	r3, [pc, #8]	@ (10001f9c <__wrap___aeabi_d2uiz+0xc>)
10001f94:	6a5b      	ldr	r3, [r3, #36]	@ 0x24
10001f96:	9301      	str	r3, [sp, #4]
10001f98:	bd08      	pop	{r3, pc}
10001f9a:	0000      	.short	0x0000
10001f9c:	2000198c 	.word	0x2000198c

10001fa0 <missing_double_func_shim>:
10001fa0:	b510      	push	{r4, lr}
10001fa2:	4801      	ldr	r0, [pc, #4]	@ (10001fa8 <missing_double_func_shim+0x8>)
10001fa4:	f7fe fa52 	bl	1000044c <panic>
10001fa8:	10006b0c 	.word	0x10006b0c

10001fac <__aeabi_double_init>:
10001fac:	b570      	push	{r4, r5, r6, lr}
10001fae:	2313      	movs	r3, #19
10001fb0:	781c      	ldrb	r4, [r3, #0]
10001fb2:	2c01      	cmp	r4, #1
10001fb4:	d012      	beq.n	10001fdc <__aeabi_double_init+0x30>
10001fb6:	2c01      	cmp	r4, #1
10001fb8:	dc12      	bgt.n	10001fe0 <__aeabi_double_init+0x34>
10001fba:	4b21      	ldr	r3, [pc, #132]	@ (10002040 <__aeabi_double_init+0x94>)
10001fbc:	4a21      	ldr	r2, [pc, #132]	@ (10002044 <__aeabi_double_init+0x98>)
10001fbe:	6493      	str	r3, [r2, #72]	@ 0x48
10001fc0:	4821      	ldr	r0, [pc, #132]	@ (10002048 <__aeabi_double_init+0x9c>)
10001fc2:	f7ff fb65 	bl	10001690 <rom_func_lookup>
10001fc6:	4b21      	ldr	r3, [pc, #132]	@ (1000204c <__aeabi_double_init+0xa0>)
10001fc8:	6018      	str	r0, [r3, #0]
10001fca:	bd70      	pop	{r4, r5, r6, pc}
10001fcc:	4920      	ldr	r1, [pc, #128]	@ (10002050 <__aeabi_double_init+0xa4>)
10001fce:	4a1d      	ldr	r2, [pc, #116]	@ (10002044 <__aeabi_double_init+0x98>)
10001fd0:	0098      	lsls	r0, r3, #2
10001fd2:	5081      	str	r1, [r0, r2]
10001fd4:	3301      	adds	r3, #1
10001fd6:	2b1f      	cmp	r3, #31
10001fd8:	d9f8      	bls.n	10001fcc <__aeabi_double_init+0x20>
10001fda:	e7ec      	b.n	10001fb6 <__aeabi_double_init+0xa>
10001fdc:	2300      	movs	r3, #0
10001fde:	e7fa      	b.n	10001fd6 <__aeabi_double_init+0x2a>
10001fe0:	481c      	ldr	r0, [pc, #112]	@ (10002054 <__aeabi_double_init+0xa8>)
10001fe2:	f7ff fb5d 	bl	100016a0 <rom_data_lookup>
10001fe6:	0005      	movs	r5, r0
10001fe8:	481b      	ldr	r0, [pc, #108]	@ (10002058 <__aeabi_double_init+0xac>)
10001fea:	f7ff fb59 	bl	100016a0 <rom_data_lookup>
10001fee:	3802      	subs	r0, #2
10001ff0:	7803      	ldrb	r3, [r0, #0]
10001ff2:	009b      	lsls	r3, r3, #2
10001ff4:	2b7f      	cmp	r3, #127	@ 0x7f
10001ff6:	dd09      	ble.n	1000200c <__aeabi_double_init+0x60>
10001ff8:	4812      	ldr	r0, [pc, #72]	@ (10002044 <__aeabi_double_init+0x98>)
10001ffa:	2280      	movs	r2, #128	@ 0x80
10001ffc:	0029      	movs	r1, r5
10001ffe:	f000 f8c9 	bl	10002194 <__wrap___aeabi_memcpy>
10002002:	2c02      	cmp	r4, #2
10002004:	d008      	beq.n	10002018 <__aeabi_double_init+0x6c>
10002006:	2c02      	cmp	r4, #2
10002008:	dcda      	bgt.n	10001fc0 <__aeabi_double_init+0x14>
1000200a:	e7d6      	b.n	10001fba <__aeabi_double_init+0xe>
1000200c:	4b13      	ldr	r3, [pc, #76]	@ (1000205c <__aeabi_double_init+0xb0>)
1000200e:	4a14      	ldr	r2, [pc, #80]	@ (10002060 <__aeabi_double_init+0xb4>)
10002010:	4814      	ldr	r0, [pc, #80]	@ (10002064 <__aeabi_double_init+0xb8>)
10002012:	2133      	movs	r1, #51	@ 0x33
10002014:	f001 f9c2 	bl	1000339c <__assert_func>
10002018:	4b13      	ldr	r3, [pc, #76]	@ (10002068 <__aeabi_double_init+0xbc>)
1000201a:	881a      	ldrh	r2, [r3, #0]
1000201c:	23b5      	movs	r3, #181	@ 0xb5
1000201e:	021b      	lsls	r3, r3, #8
10002020:	429a      	cmp	r2, r3
10002022:	d109      	bne.n	10002038 <__aeabi_double_init+0x8c>
10002024:	4b11      	ldr	r3, [pc, #68]	@ (1000206c <__aeabi_double_init+0xc0>)
10002026:	881a      	ldrh	r2, [r3, #0]
10002028:	4b11      	ldr	r3, [pc, #68]	@ (10002070 <__aeabi_double_init+0xc4>)
1000202a:	429a      	cmp	r2, r3
1000202c:	d104      	bne.n	10002038 <__aeabi_double_init+0x8c>
1000202e:	4b11      	ldr	r3, [pc, #68]	@ (10002074 <__aeabi_double_init+0xc8>)
10002030:	881a      	ldrh	r2, [r3, #0]
10002032:	4b11      	ldr	r3, [pc, #68]	@ (10002078 <__aeabi_double_init+0xcc>)
10002034:	429a      	cmp	r2, r3
10002036:	d0e6      	beq.n	10002006 <__aeabi_double_init+0x5a>
10002038:	2000      	movs	r0, #0
1000203a:	f7fe fa07 	bl	1000044c <panic>
1000203e:	46c0      	nop			@ (mov r8, r8)
10002040:	1000207d 	.word	0x1000207d
10002044:	2000198c 	.word	0x2000198c
10002048:	0000334c 	.word	0x0000334c
1000204c:	20001a8c 	.word	0x20001a8c
10002050:	10001fa1 	.word	0x10001fa1
10002054:	00004453 	.word	0x00004453
10002058:	00004653 	.word	0x00004653
1000205c:	10006b24 	.word	0x10006b24
10002060:	100072e8 	.word	0x100072e8
10002064:	10006b68 	.word	0x10006b68
10002068:	00003854 	.word	0x00003854
1000206c:	000038d8 	.word	0x000038d8
10002070:	00004649 	.word	0x00004649
10002074:	0000389c 	.word	0x0000389c
10002078:	00004659 	.word	0x00004659

1000207c <double_table_shim_on_use_helper>:
1000207c:	b507      	push	{r0, r1, r2, lr}
1000207e:	4660      	mov	r0, ip
10002080:	2800      	cmp	r0, #0
10002082:	d100      	bne.n	10002086 <double_table_shim_on_use_helper+0xa>
10002084:	be00      	bkpt	0x0000
10002086:	8801      	ldrh	r1, [r0, #0]
10002088:	0a0a      	lsrs	r2, r1, #8
1000208a:	3002      	adds	r0, #2
1000208c:	2adf      	cmp	r2, #223	@ 0xdf
1000208e:	d1fa      	bne.n	10002086 <double_table_shim_on_use_helper+0xa>
10002090:	b2c9      	uxtb	r1, r1
10002092:	0882      	lsrs	r2, r0, #2
10002094:	d304      	bcc.n	100020a0 <double_table_shim_on_use_helper+0x24>
10002096:	8802      	ldrh	r2, [r0, #0]
10002098:	8840      	ldrh	r0, [r0, #2]
1000209a:	0400      	lsls	r0, r0, #16
1000209c:	4310      	orrs	r0, r2
1000209e:	e000      	b.n	100020a2 <double_table_shim_on_use_helper+0x26>
100020a0:	6800      	ldr	r0, [r0, #0]
100020a2:	4a02      	ldr	r2, [pc, #8]	@ (100020ac <double_table_shim_on_use_helper+0x30>)
100020a4:	5050      	str	r0, [r2, r1]
100020a6:	9003      	str	r0, [sp, #12]
100020a8:	bd07      	pop	{r0, r1, r2, pc}
100020aa:	0000      	.short	0x0000
100020ac:	2000198c 	.word	0x2000198c

100020b0 <__wrap___aeabi_lmul>:
100020b0:	4351      	muls	r1, r2
100020b2:	4343      	muls	r3, r0
100020b4:	18c9      	adds	r1, r1, r3
100020b6:	468c      	mov	ip, r1
100020b8:	0c11      	lsrs	r1, r2, #16
100020ba:	b283      	uxth	r3, r0
100020bc:	434b      	muls	r3, r1
100020be:	b410      	push	{r4}
100020c0:	0c04      	lsrs	r4, r0, #16
100020c2:	4361      	muls	r1, r4
100020c4:	b292      	uxth	r2, r2
100020c6:	b280      	uxth	r0, r0
100020c8:	4350      	muls	r0, r2
100020ca:	4362      	muls	r2, r4
100020cc:	041c      	lsls	r4, r3, #16
100020ce:	0c1b      	lsrs	r3, r3, #16
100020d0:	1900      	adds	r0, r0, r4
100020d2:	bc10      	pop	{r4}
100020d4:	4159      	adcs	r1, r3
100020d6:	0413      	lsls	r3, r2, #16
100020d8:	0c12      	lsrs	r2, r2, #16
100020da:	18c0      	adds	r0, r0, r3
100020dc:	4151      	adcs	r1, r2
100020de:	4461      	add	r1, ip
100020e0:	4770      	bx	lr
	...

100020e4 <missing_float_func_shim>:
100020e4:	b510      	push	{r4, lr}
100020e6:	4801      	ldr	r0, [pc, #4]	@ (100020ec <missing_float_func_shim+0x8>)
100020e8:	f7fe f9b0 	bl	1000044c <panic>
100020ec:	10006cb8 	.word	0x10006cb8

100020f0 <__aeabi_float_init>:
100020f0:	b570      	push	{r4, r5, r6, lr}
100020f2:	2313      	movs	r3, #19
100020f4:	781e      	ldrb	r6, [r3, #0]
100020f6:	4818      	ldr	r0, [pc, #96]	@ (10002158 <__aeabi_float_init+0x68>)
100020f8:	f7ff fad2 	bl	100016a0 <rom_data_lookup>
100020fc:	0005      	movs	r5, r0
100020fe:	2e01      	cmp	r6, #1
10002100:	d011      	beq.n	10002126 <__aeabi_float_init+0x36>
10002102:	2e01      	cmp	r6, #1
10002104:	dd09      	ble.n	1000211a <__aeabi_float_init+0x2a>
10002106:	1eab      	subs	r3, r5, #2
10002108:	781b      	ldrb	r3, [r3, #0]
1000210a:	009b      	lsls	r3, r3, #2
1000210c:	2b7f      	cmp	r3, #127	@ 0x7f
1000210e:	dd1d      	ble.n	1000214c <__aeabi_float_init+0x5c>
10002110:	4812      	ldr	r0, [pc, #72]	@ (1000215c <__aeabi_float_init+0x6c>)
10002112:	2280      	movs	r2, #128	@ 0x80
10002114:	0029      	movs	r1, r5
10002116:	f000 f83d 	bl	10002194 <__wrap___aeabi_memcpy>
1000211a:	4811      	ldr	r0, [pc, #68]	@ (10002160 <__aeabi_float_init+0x70>)
1000211c:	f7ff fab8 	bl	10001690 <rom_func_lookup>
10002120:	4b10      	ldr	r3, [pc, #64]	@ (10002164 <__aeabi_float_init+0x74>)
10002122:	6018      	str	r0, [r3, #0]
10002124:	bd70      	pop	{r4, r5, r6, pc}
10002126:	480d      	ldr	r0, [pc, #52]	@ (1000215c <__aeabi_float_init+0x6c>)
10002128:	2254      	movs	r2, #84	@ 0x54
1000212a:	0029      	movs	r1, r5
1000212c:	f000 f832 	bl	10002194 <__wrap___aeabi_memcpy>
10002130:	2300      	movs	r3, #0
10002132:	e000      	b.n	10002136 <__aeabi_float_init+0x46>
10002134:	3301      	adds	r3, #1
10002136:	2b1f      	cmp	r3, #31
10002138:	d8e3      	bhi.n	10002102 <__aeabi_float_init+0x12>
1000213a:	4a08      	ldr	r2, [pc, #32]	@ (1000215c <__aeabi_float_init+0x6c>)
1000213c:	009c      	lsls	r4, r3, #2
1000213e:	58a2      	ldr	r2, [r4, r2]
10002140:	2a00      	cmp	r2, #0
10002142:	d1f7      	bne.n	10002134 <__aeabi_float_init+0x44>
10002144:	4908      	ldr	r1, [pc, #32]	@ (10002168 <__aeabi_float_init+0x78>)
10002146:	4a05      	ldr	r2, [pc, #20]	@ (1000215c <__aeabi_float_init+0x6c>)
10002148:	50a1      	str	r1, [r4, r2]
1000214a:	e7f3      	b.n	10002134 <__aeabi_float_init+0x44>
1000214c:	4b07      	ldr	r3, [pc, #28]	@ (1000216c <__aeabi_float_init+0x7c>)
1000214e:	4a08      	ldr	r2, [pc, #32]	@ (10002170 <__aeabi_float_init+0x80>)
10002150:	4808      	ldr	r0, [pc, #32]	@ (10002174 <__aeabi_float_init+0x84>)
10002152:	2142      	movs	r1, #66	@ 0x42
10002154:	f001 f922 	bl	1000339c <__assert_func>
10002158:	00004653 	.word	0x00004653
1000215c:	20001a90 	.word	0x20001a90
10002160:	0000334c 	.word	0x0000334c
10002164:	20001a8c 	.word	0x20001a8c
10002168:	100020e5 	.word	0x100020e5
1000216c:	10006bc8 	.word	0x10006bc8
10002170:	100072fc 	.word	0x100072fc
10002174:	10006bfc 	.word	0x10006bfc

10002178 <__aeabi_mem_init>:
10002178:	4801      	ldr	r0, [pc, #4]	@ (10002180 <__aeabi_mem_init+0x8>)
1000217a:	2104      	movs	r1, #4
1000217c:	4b01      	ldr	r3, [pc, #4]	@ (10002184 <__aeabi_mem_init+0xc>)
1000217e:	4718      	bx	r3
10002180:	20000c70 	.word	0x20000c70
10002184:	100016b1 	.word	0x100016b1

10002188 <__wrap_memset>:
10002188:	4b01      	ldr	r3, [pc, #4]	@ (10002190 <__wrap_memset+0x8>)
1000218a:	681b      	ldr	r3, [r3, #0]
1000218c:	4718      	bx	r3
1000218e:	0000      	.short	0x0000
10002190:	20000c70 	.word	0x20000c70

10002194 <__wrap___aeabi_memcpy>:
10002194:	4b01      	ldr	r3, [pc, #4]	@ (1000219c <__wrap___aeabi_memcpy+0x8>)
10002196:	685b      	ldr	r3, [r3, #4]
10002198:	4718      	bx	r3
1000219a:	0000      	.short	0x0000
1000219c:	20000c70 	.word	0x20000c70

100021a0 <_out_null>:
100021a0:	4770      	bx	lr

100021a2 <_out_fct>:
100021a2:	b510      	push	{r4, lr}
100021a4:	2800      	cmp	r0, #0
100021a6:	d002      	beq.n	100021ae <_out_fct+0xc>
100021a8:	680b      	ldr	r3, [r1, #0]
100021aa:	6849      	ldr	r1, [r1, #4]
100021ac:	4798      	blx	r3
100021ae:	bd10      	pop	{r4, pc}

100021b0 <_atoi>:
100021b0:	0001      	movs	r1, r0
100021b2:	2000      	movs	r0, #0
100021b4:	e007      	b.n	100021c6 <_atoi+0x16>
100021b6:	0083      	lsls	r3, r0, #2
100021b8:	181b      	adds	r3, r3, r0
100021ba:	005b      	lsls	r3, r3, #1
100021bc:	1c50      	adds	r0, r2, #1
100021be:	6008      	str	r0, [r1, #0]
100021c0:	7810      	ldrb	r0, [r2, #0]
100021c2:	18c0      	adds	r0, r0, r3
100021c4:	3830      	subs	r0, #48	@ 0x30
100021c6:	680a      	ldr	r2, [r1, #0]
100021c8:	7813      	ldrb	r3, [r2, #0]
100021ca:	3b30      	subs	r3, #48	@ 0x30
100021cc:	b2db      	uxtb	r3, r3
100021ce:	2b09      	cmp	r3, #9
100021d0:	d9f1      	bls.n	100021b6 <_atoi+0x6>
100021d2:	4770      	bx	lr

100021d4 <_out_rev>:
100021d4:	b5f0      	push	{r4, r5, r6, r7, lr}
100021d6:	46de      	mov	lr, fp
100021d8:	4657      	mov	r7, sl
100021da:	464e      	mov	r6, r9
100021dc:	4645      	mov	r5, r8
100021de:	b5e0      	push	{r5, r6, r7, lr}
100021e0:	b083      	sub	sp, #12
100021e2:	4693      	mov	fp, r2
100021e4:	001f      	movs	r7, r3
100021e6:	9b0c      	ldr	r3, [sp, #48]	@ 0x30
100021e8:	469a      	mov	sl, r3
100021ea:	9c0d      	ldr	r4, [sp, #52]	@ 0x34
100021ec:	9b0e      	ldr	r3, [sp, #56]	@ 0x38
100021ee:	4699      	mov	r9, r3
100021f0:	9b0f      	ldr	r3, [sp, #60]	@ 0x3c
100021f2:	079b      	lsls	r3, r3, #30
100021f4:	d017      	beq.n	10002226 <_out_rev+0x52>
100021f6:	46b8      	mov	r8, r7
100021f8:	000f      	movs	r7, r1
100021fa:	0006      	movs	r6, r0
100021fc:	e022      	b.n	10002244 <_out_rev+0x70>
100021fe:	1c55      	adds	r5, r2, #1
10002200:	464b      	mov	r3, r9
10002202:	4641      	mov	r1, r8
10002204:	2020      	movs	r0, #32
10002206:	47b8      	blx	r7
10002208:	3401      	adds	r4, #1
1000220a:	002a      	movs	r2, r5
1000220c:	42b4      	cmp	r4, r6
1000220e:	d3f6      	bcc.n	100021fe <_out_rev+0x2a>
10002210:	003d      	movs	r5, r7
10002212:	464f      	mov	r7, r9
10002214:	465c      	mov	r4, fp
10002216:	9b01      	ldr	r3, [sp, #4]
10002218:	469b      	mov	fp, r3
1000221a:	46b1      	mov	r9, r6
1000221c:	4646      	mov	r6, r8
1000221e:	46b8      	mov	r8, r7
10002220:	0037      	movs	r7, r6
10002222:	002e      	movs	r6, r5
10002224:	e00e      	b.n	10002244 <_out_rev+0x70>
10002226:	9201      	str	r2, [sp, #4]
10002228:	46a3      	mov	fp, r4
1000222a:	4688      	mov	r8, r1
1000222c:	464e      	mov	r6, r9
1000222e:	46b9      	mov	r9, r7
10002230:	0007      	movs	r7, r0
10002232:	e7eb      	b.n	1000220c <_out_rev+0x38>
10002234:	3c01      	subs	r4, #1
10002236:	1c55      	adds	r5, r2, #1
10002238:	4653      	mov	r3, sl
1000223a:	5d18      	ldrb	r0, [r3, r4]
1000223c:	4643      	mov	r3, r8
1000223e:	0039      	movs	r1, r7
10002240:	47b0      	blx	r6
10002242:	002a      	movs	r2, r5
10002244:	2c00      	cmp	r4, #0
10002246:	d1f5      	bne.n	10002234 <_out_rev+0x60>
10002248:	0035      	movs	r5, r6
1000224a:	003e      	movs	r6, r7
1000224c:	4647      	mov	r7, r8
1000224e:	9b0f      	ldr	r3, [sp, #60]	@ 0x3c
10002250:	079b      	lsls	r3, r3, #30
10002252:	d411      	bmi.n	10002278 <_out_rev+0xa4>
10002254:	0010      	movs	r0, r2
10002256:	b003      	add	sp, #12
10002258:	bcf0      	pop	{r4, r5, r6, r7}
1000225a:	46bb      	mov	fp, r7
1000225c:	46b2      	mov	sl, r6
1000225e:	46a9      	mov	r9, r5
10002260:	46a0      	mov	r8, r4
10002262:	bdf0      	pop	{r4, r5, r6, r7, pc}
10002264:	1c54      	adds	r4, r2, #1
10002266:	464b      	mov	r3, r9
10002268:	4641      	mov	r1, r8
1000226a:	2020      	movs	r0, #32
1000226c:	47b8      	blx	r7
1000226e:	0022      	movs	r2, r4
10002270:	1b53      	subs	r3, r2, r5
10002272:	42b3      	cmp	r3, r6
10002274:	d3f6      	bcc.n	10002264 <_out_rev+0x90>
10002276:	e7ed      	b.n	10002254 <_out_rev+0x80>
10002278:	46b0      	mov	r8, r6
1000227a:	464e      	mov	r6, r9
1000227c:	46b9      	mov	r9, r7
1000227e:	002f      	movs	r7, r5
10002280:	465d      	mov	r5, fp
10002282:	e7f5      	b.n	10002270 <_out_rev+0x9c>

10002284 <_ntoa_format>:
10002284:	b5f0      	push	{r4, r5, r6, r7, lr}
10002286:	46ce      	mov	lr, r9
10002288:	4647      	mov	r7, r8
1000228a:	b580      	push	{r7, lr}
1000228c:	b085      	sub	sp, #20
1000228e:	4694      	mov	ip, r2
10002290:	4698      	mov	r8, r3
10002292:	9d0c      	ldr	r5, [sp, #48]	@ 0x30
10002294:	9c0d      	ldr	r4, [sp, #52]	@ 0x34
10002296:	ab0e      	add	r3, sp, #56	@ 0x38
10002298:	781b      	ldrb	r3, [r3, #0]
1000229a:	4699      	mov	r9, r3
1000229c:	9a10      	ldr	r2, [sp, #64]	@ 0x40
1000229e:	9b11      	ldr	r3, [sp, #68]	@ 0x44
100022a0:	9e12      	ldr	r6, [sp, #72]	@ 0x48
100022a2:	07b7      	lsls	r7, r6, #30
100022a4:	d41c      	bmi.n	100022e0 <_ntoa_format+0x5c>
100022a6:	2b00      	cmp	r3, #0
100022a8:	d00c      	beq.n	100022c4 <_ntoa_format+0x40>
100022aa:	07f7      	lsls	r7, r6, #31
100022ac:	d50a      	bpl.n	100022c4 <_ntoa_format+0x40>
100022ae:	464f      	mov	r7, r9
100022b0:	2f00      	cmp	r7, #0
100022b2:	d102      	bne.n	100022ba <_ntoa_format+0x36>
100022b4:	370c      	adds	r7, #12
100022b6:	4237      	tst	r7, r6
100022b8:	d004      	beq.n	100022c4 <_ntoa_format+0x40>
100022ba:	3b01      	subs	r3, #1
100022bc:	e002      	b.n	100022c4 <_ntoa_format+0x40>
100022be:	2730      	movs	r7, #48	@ 0x30
100022c0:	552f      	strb	r7, [r5, r4]
100022c2:	3401      	adds	r4, #1
100022c4:	4294      	cmp	r4, r2
100022c6:	d201      	bcs.n	100022cc <_ntoa_format+0x48>
100022c8:	2c1f      	cmp	r4, #31
100022ca:	d9f8      	bls.n	100022be <_ntoa_format+0x3a>
100022cc:	07f7      	lsls	r7, r6, #31
100022ce:	d507      	bpl.n	100022e0 <_ntoa_format+0x5c>
100022d0:	429c      	cmp	r4, r3
100022d2:	d205      	bcs.n	100022e0 <_ntoa_format+0x5c>
100022d4:	2c1f      	cmp	r4, #31
100022d6:	d803      	bhi.n	100022e0 <_ntoa_format+0x5c>
100022d8:	2730      	movs	r7, #48	@ 0x30
100022da:	552f      	strb	r7, [r5, r4]
100022dc:	3401      	adds	r4, #1
100022de:	e7f5      	b.n	100022cc <_ntoa_format+0x48>
100022e0:	06f7      	lsls	r7, r6, #27
100022e2:	d512      	bpl.n	1000230a <_ntoa_format+0x86>
100022e4:	0577      	lsls	r7, r6, #21
100022e6:	d405      	bmi.n	100022f4 <_ntoa_format+0x70>
100022e8:	2c00      	cmp	r4, #0
100022ea:	d003      	beq.n	100022f4 <_ntoa_format+0x70>
100022ec:	4294      	cmp	r4, r2
100022ee:	d021      	beq.n	10002334 <_ntoa_format+0xb0>
100022f0:	429c      	cmp	r4, r3
100022f2:	d01f      	beq.n	10002334 <_ntoa_format+0xb0>
100022f4:	9a0f      	ldr	r2, [sp, #60]	@ 0x3c
100022f6:	2a10      	cmp	r2, #16
100022f8:	d02f      	beq.n	1000235a <_ntoa_format+0xd6>
100022fa:	9a0f      	ldr	r2, [sp, #60]	@ 0x3c
100022fc:	2a02      	cmp	r2, #2
100022fe:	d036      	beq.n	1000236e <_ntoa_format+0xea>
10002300:	2c1f      	cmp	r4, #31
10002302:	d80a      	bhi.n	1000231a <_ntoa_format+0x96>
10002304:	2230      	movs	r2, #48	@ 0x30
10002306:	552a      	strb	r2, [r5, r4]
10002308:	3401      	adds	r4, #1
1000230a:	2c1f      	cmp	r4, #31
1000230c:	d805      	bhi.n	1000231a <_ntoa_format+0x96>
1000230e:	464a      	mov	r2, r9
10002310:	2a00      	cmp	r2, #0
10002312:	d032      	beq.n	1000237a <_ntoa_format+0xf6>
10002314:	222d      	movs	r2, #45	@ 0x2d
10002316:	552a      	strb	r2, [r5, r4]
10002318:	3401      	adds	r4, #1
1000231a:	9603      	str	r6, [sp, #12]
1000231c:	9302      	str	r3, [sp, #8]
1000231e:	9401      	str	r4, [sp, #4]
10002320:	9500      	str	r5, [sp, #0]
10002322:	4643      	mov	r3, r8
10002324:	4662      	mov	r2, ip
10002326:	f7ff ff55 	bl	100021d4 <_out_rev>
1000232a:	b005      	add	sp, #20
1000232c:	bcc0      	pop	{r6, r7}
1000232e:	46b9      	mov	r9, r7
10002330:	46b0      	mov	r8, r6
10002332:	bdf0      	pop	{r4, r5, r6, r7, pc}
10002334:	1e62      	subs	r2, r4, #1
10002336:	2c01      	cmp	r4, #1
10002338:	d017      	beq.n	1000236a <_ntoa_format+0xe6>
1000233a:	9f0f      	ldr	r7, [sp, #60]	@ 0x3c
1000233c:	2f10      	cmp	r7, #16
1000233e:	d00b      	beq.n	10002358 <_ntoa_format+0xd4>
10002340:	0014      	movs	r4, r2
10002342:	9a0f      	ldr	r2, [sp, #60]	@ 0x3c
10002344:	2a10      	cmp	r2, #16
10002346:	d1d8      	bne.n	100022fa <_ntoa_format+0x76>
10002348:	06b2      	lsls	r2, r6, #26
1000234a:	d5d6      	bpl.n	100022fa <_ntoa_format+0x76>
1000234c:	2c1f      	cmp	r4, #31
1000234e:	d8d4      	bhi.n	100022fa <_ntoa_format+0x76>
10002350:	2258      	movs	r2, #88	@ 0x58
10002352:	552a      	strb	r2, [r5, r4]
10002354:	3401      	adds	r4, #1
10002356:	e7d3      	b.n	10002300 <_ntoa_format+0x7c>
10002358:	3c02      	subs	r4, #2
1000235a:	06b2      	lsls	r2, r6, #26
1000235c:	d4f1      	bmi.n	10002342 <_ntoa_format+0xbe>
1000235e:	2c1f      	cmp	r4, #31
10002360:	d8ef      	bhi.n	10002342 <_ntoa_format+0xbe>
10002362:	2278      	movs	r2, #120	@ 0x78
10002364:	552a      	strb	r2, [r5, r4]
10002366:	3401      	adds	r4, #1
10002368:	e7ca      	b.n	10002300 <_ntoa_format+0x7c>
1000236a:	0014      	movs	r4, r2
1000236c:	e7c2      	b.n	100022f4 <_ntoa_format+0x70>
1000236e:	2c1f      	cmp	r4, #31
10002370:	d8d3      	bhi.n	1000231a <_ntoa_format+0x96>
10002372:	3260      	adds	r2, #96	@ 0x60
10002374:	552a      	strb	r2, [r5, r4]
10002376:	3401      	adds	r4, #1
10002378:	e7c2      	b.n	10002300 <_ntoa_format+0x7c>
1000237a:	0772      	lsls	r2, r6, #29
1000237c:	d503      	bpl.n	10002386 <_ntoa_format+0x102>
1000237e:	222b      	movs	r2, #43	@ 0x2b
10002380:	552a      	strb	r2, [r5, r4]
10002382:	3401      	adds	r4, #1
10002384:	e7c9      	b.n	1000231a <_ntoa_format+0x96>
10002386:	0732      	lsls	r2, r6, #28
10002388:	d5c7      	bpl.n	1000231a <_ntoa_format+0x96>
1000238a:	2220      	movs	r2, #32
1000238c:	552a      	strb	r2, [r5, r4]
1000238e:	3401      	adds	r4, #1
10002390:	e7c3      	b.n	1000231a <_ntoa_format+0x96>

10002392 <_ntoa_long>:
10002392:	b5f0      	push	{r4, r5, r6, r7, lr}
10002394:	46de      	mov	lr, fp
10002396:	4657      	mov	r7, sl
10002398:	464e      	mov	r6, r9
1000239a:	4645      	mov	r5, r8
1000239c:	b5e0      	push	{r5, r6, r7, lr}
1000239e:	b093      	sub	sp, #76	@ 0x4c
100023a0:	4681      	mov	r9, r0
100023a2:	468a      	mov	sl, r1
100023a4:	9208      	str	r2, [sp, #32]
100023a6:	9309      	str	r3, [sp, #36]	@ 0x24
100023a8:	ab1c      	add	r3, sp, #112	@ 0x70
100023aa:	cb10      	ldmia	r3!, {r4}
100023ac:	781b      	ldrb	r3, [r3, #0]
100023ae:	469b      	mov	fp, r3
100023b0:	9d1e      	ldr	r5, [sp, #120]	@ 0x78
100023b2:	9b21      	ldr	r3, [sp, #132]	@ 0x84
100023b4:	4698      	mov	r8, r3
100023b6:	2c00      	cmp	r4, #0
100023b8:	d103      	bne.n	100023c2 <_ntoa_long+0x30>
100023ba:	2310      	movs	r3, #16
100023bc:	4642      	mov	r2, r8
100023be:	439a      	bics	r2, r3
100023c0:	4690      	mov	r8, r2
100023c2:	2380      	movs	r3, #128	@ 0x80
100023c4:	00db      	lsls	r3, r3, #3
100023c6:	4646      	mov	r6, r8
100023c8:	401e      	ands	r6, r3
100023ca:	4642      	mov	r2, r8
100023cc:	421a      	tst	r2, r3
100023ce:	d018      	beq.n	10002402 <_ntoa_long+0x70>
100023d0:	2c00      	cmp	r4, #0
100023d2:	d022      	beq.n	1000241a <_ntoa_long+0x88>
100023d4:	2600      	movs	r6, #0
100023d6:	e014      	b.n	10002402 <_ntoa_long+0x70>
100023d8:	4642      	mov	r2, r8
100023da:	0692      	lsls	r2, r2, #26
100023dc:	d51b      	bpl.n	10002416 <_ntoa_long+0x84>
100023de:	2141      	movs	r1, #65	@ 0x41
100023e0:	18c9      	adds	r1, r1, r3
100023e2:	b2c9      	uxtb	r1, r1
100023e4:	390a      	subs	r1, #10
100023e6:	b2c9      	uxtb	r1, r1
100023e8:	1c77      	adds	r7, r6, #1
100023ea:	ab0a      	add	r3, sp, #40	@ 0x28
100023ec:	5599      	strb	r1, [r3, r6]
100023ee:	0029      	movs	r1, r5
100023f0:	0020      	movs	r0, r4
100023f2:	f7ff fac7 	bl	10001984 <__wrap___aeabi_uidiv>
100023f6:	42ac      	cmp	r4, r5
100023f8:	d310      	bcc.n	1000241c <_ntoa_long+0x8a>
100023fa:	2f1f      	cmp	r7, #31
100023fc:	d80e      	bhi.n	1000241c <_ntoa_long+0x8a>
100023fe:	003e      	movs	r6, r7
10002400:	0004      	movs	r4, r0
10002402:	0029      	movs	r1, r5
10002404:	0020      	movs	r0, r4
10002406:	f7ff fabd 	bl	10001984 <__wrap___aeabi_uidiv>
1000240a:	b2cb      	uxtb	r3, r1
1000240c:	2b09      	cmp	r3, #9
1000240e:	d8e3      	bhi.n	100023d8 <_ntoa_long+0x46>
10002410:	3330      	adds	r3, #48	@ 0x30
10002412:	b2d9      	uxtb	r1, r3
10002414:	e7e8      	b.n	100023e8 <_ntoa_long+0x56>
10002416:	2161      	movs	r1, #97	@ 0x61
10002418:	e7e2      	b.n	100023e0 <_ntoa_long+0x4e>
1000241a:	0027      	movs	r7, r4
1000241c:	4643      	mov	r3, r8
1000241e:	9306      	str	r3, [sp, #24]
10002420:	9b20      	ldr	r3, [sp, #128]	@ 0x80
10002422:	9305      	str	r3, [sp, #20]
10002424:	9b1f      	ldr	r3, [sp, #124]	@ 0x7c
10002426:	9304      	str	r3, [sp, #16]
10002428:	9503      	str	r5, [sp, #12]
1000242a:	465b      	mov	r3, fp
1000242c:	9302      	str	r3, [sp, #8]
1000242e:	9701      	str	r7, [sp, #4]
10002430:	ab0a      	add	r3, sp, #40	@ 0x28
10002432:	9300      	str	r3, [sp, #0]
10002434:	9b09      	ldr	r3, [sp, #36]	@ 0x24
10002436:	9a08      	ldr	r2, [sp, #32]
10002438:	4651      	mov	r1, sl
1000243a:	4648      	mov	r0, r9
1000243c:	f7ff ff22 	bl	10002284 <_ntoa_format>
10002440:	b013      	add	sp, #76	@ 0x4c
10002442:	bcf0      	pop	{r4, r5, r6, r7}
10002444:	46bb      	mov	fp, r7
10002446:	46b2      	mov	sl, r6
10002448:	46a9      	mov	r9, r5
1000244a:	46a0      	mov	r8, r4
1000244c:	bdf0      	pop	{r4, r5, r6, r7, pc}

1000244e <_ntoa_long_long>:
1000244e:	b5f0      	push	{r4, r5, r6, r7, lr}
10002450:	46de      	mov	lr, fp
10002452:	4657      	mov	r7, sl
10002454:	464e      	mov	r6, r9
10002456:	4645      	mov	r5, r8
10002458:	b5e0      	push	{r5, r6, r7, lr}
1000245a:	b097      	sub	sp, #92	@ 0x5c
1000245c:	900a      	str	r0, [sp, #40]	@ 0x28
1000245e:	910b      	str	r1, [sp, #44]	@ 0x2c
10002460:	920c      	str	r2, [sp, #48]	@ 0x30
10002462:	469a      	mov	sl, r3
10002464:	9b20      	ldr	r3, [sp, #128]	@ 0x80
10002466:	4699      	mov	r9, r3
10002468:	9f21      	ldr	r7, [sp, #132]	@ 0x84
1000246a:	aa22      	add	r2, sp, #136	@ 0x88
1000246c:	7813      	ldrb	r3, [r2, #0]
1000246e:	469b      	mov	fp, r3
10002470:	9b24      	ldr	r3, [sp, #144]	@ 0x90
10002472:	9309      	str	r3, [sp, #36]	@ 0x24
10002474:	9c25      	ldr	r4, [sp, #148]	@ 0x94
10002476:	9b28      	ldr	r3, [sp, #160]	@ 0xa0
10002478:	4698      	mov	r8, r3
1000247a:	464a      	mov	r2, r9
1000247c:	433a      	orrs	r2, r7
1000247e:	d102      	bne.n	10002486 <_ntoa_long_long+0x38>
10002480:	3210      	adds	r2, #16
10002482:	4393      	bics	r3, r2
10002484:	4698      	mov	r8, r3
10002486:	2280      	movs	r2, #128	@ 0x80
10002488:	00d2      	lsls	r2, r2, #3
1000248a:	4645      	mov	r5, r8
1000248c:	4015      	ands	r5, r2
1000248e:	4643      	mov	r3, r8
10002490:	4213      	tst	r3, r2
10002492:	d00a      	beq.n	100024aa <_ntoa_long_long+0x5c>
10002494:	464a      	mov	r2, r9
10002496:	433a      	orrs	r2, r7
10002498:	d041      	beq.n	1000251e <_ntoa_long_long+0xd0>
1000249a:	2500      	movs	r5, #0
1000249c:	002e      	movs	r6, r5
1000249e:	4653      	mov	r3, sl
100024a0:	930d      	str	r3, [sp, #52]	@ 0x34
100024a2:	464d      	mov	r5, r9
100024a4:	9b09      	ldr	r3, [sp, #36]	@ 0x24
100024a6:	469a      	mov	sl, r3
100024a8:	e021      	b.n	100024ee <_ntoa_long_long+0xa0>
100024aa:	002e      	movs	r6, r5
100024ac:	4653      	mov	r3, sl
100024ae:	930d      	str	r3, [sp, #52]	@ 0x34
100024b0:	464d      	mov	r5, r9
100024b2:	9b09      	ldr	r3, [sp, #36]	@ 0x24
100024b4:	469a      	mov	sl, r3
100024b6:	e01a      	b.n	100024ee <_ntoa_long_long+0xa0>
100024b8:	4642      	mov	r2, r8
100024ba:	0692      	lsls	r2, r2, #26
100024bc:	d523      	bpl.n	10002506 <_ntoa_long_long+0xb8>
100024be:	2241      	movs	r2, #65	@ 0x41
100024c0:	18d2      	adds	r2, r2, r3
100024c2:	b2d2      	uxtb	r2, r2
100024c4:	3a0a      	subs	r2, #10
100024c6:	b2d2      	uxtb	r2, r2
100024c8:	1c73      	adds	r3, r6, #1
100024ca:	4699      	mov	r9, r3
100024cc:	ab0e      	add	r3, sp, #56	@ 0x38
100024ce:	559a      	strb	r2, [r3, r6]
100024d0:	4652      	mov	r2, sl
100024d2:	0023      	movs	r3, r4
100024d4:	0028      	movs	r0, r5
100024d6:	0039      	movs	r1, r7
100024d8:	f7ff fa92 	bl	10001a00 <__wrap___aeabi_uldivmod>
100024dc:	42bc      	cmp	r4, r7
100024de:	d820      	bhi.n	10002522 <_ntoa_long_long+0xd4>
100024e0:	d013      	beq.n	1000250a <_ntoa_long_long+0xbc>
100024e2:	464b      	mov	r3, r9
100024e4:	2b1f      	cmp	r3, #31
100024e6:	d816      	bhi.n	10002516 <_ntoa_long_long+0xc8>
100024e8:	464e      	mov	r6, r9
100024ea:	0005      	movs	r5, r0
100024ec:	000f      	movs	r7, r1
100024ee:	4652      	mov	r2, sl
100024f0:	0023      	movs	r3, r4
100024f2:	0028      	movs	r0, r5
100024f4:	0039      	movs	r1, r7
100024f6:	f7ff fa83 	bl	10001a00 <__wrap___aeabi_uldivmod>
100024fa:	b2d3      	uxtb	r3, r2
100024fc:	2b09      	cmp	r3, #9
100024fe:	d8db      	bhi.n	100024b8 <_ntoa_long_long+0x6a>
10002500:	3330      	adds	r3, #48	@ 0x30
10002502:	b2da      	uxtb	r2, r3
10002504:	e7e0      	b.n	100024c8 <_ntoa_long_long+0x7a>
10002506:	2261      	movs	r2, #97	@ 0x61
10002508:	e7da      	b.n	100024c0 <_ntoa_long_long+0x72>
1000250a:	45aa      	cmp	sl, r5
1000250c:	d9e9      	bls.n	100024e2 <_ntoa_long_long+0x94>
1000250e:	464e      	mov	r6, r9
10002510:	9b0d      	ldr	r3, [sp, #52]	@ 0x34
10002512:	469a      	mov	sl, r3
10002514:	e008      	b.n	10002528 <_ntoa_long_long+0xda>
10002516:	464e      	mov	r6, r9
10002518:	9b0d      	ldr	r3, [sp, #52]	@ 0x34
1000251a:	469a      	mov	sl, r3
1000251c:	e004      	b.n	10002528 <_ntoa_long_long+0xda>
1000251e:	2600      	movs	r6, #0
10002520:	e002      	b.n	10002528 <_ntoa_long_long+0xda>
10002522:	464e      	mov	r6, r9
10002524:	9b0d      	ldr	r3, [sp, #52]	@ 0x34
10002526:	469a      	mov	sl, r3
10002528:	4643      	mov	r3, r8
1000252a:	9306      	str	r3, [sp, #24]
1000252c:	9b27      	ldr	r3, [sp, #156]	@ 0x9c
1000252e:	9305      	str	r3, [sp, #20]
10002530:	9b26      	ldr	r3, [sp, #152]	@ 0x98
10002532:	9304      	str	r3, [sp, #16]
10002534:	9b09      	ldr	r3, [sp, #36]	@ 0x24
10002536:	9303      	str	r3, [sp, #12]
10002538:	465b      	mov	r3, fp
1000253a:	9302      	str	r3, [sp, #8]
1000253c:	9601      	str	r6, [sp, #4]
1000253e:	ab0e      	add	r3, sp, #56	@ 0x38
10002540:	9300      	str	r3, [sp, #0]
10002542:	4653      	mov	r3, sl
10002544:	9a0c      	ldr	r2, [sp, #48]	@ 0x30
10002546:	990b      	ldr	r1, [sp, #44]	@ 0x2c
10002548:	980a      	ldr	r0, [sp, #40]	@ 0x28
1000254a:	f7ff fe9b 	bl	10002284 <_ntoa_format>
1000254e:	b017      	add	sp, #92	@ 0x5c
10002550:	bcf0      	pop	{r4, r5, r6, r7}
10002552:	46bb      	mov	fp, r7
10002554:	46b2      	mov	sl, r6
10002556:	46a9      	mov	r9, r5
10002558:	46a0      	mov	r8, r4
1000255a:	bdf0      	pop	{r4, r5, r6, r7, pc}

1000255c <_etoa>:
1000255c:	b5f0      	push	{r4, r5, r6, r7, lr}
1000255e:	46de      	mov	lr, fp
10002560:	4657      	mov	r7, sl
10002562:	464e      	mov	r6, r9
10002564:	4645      	mov	r5, r8
10002566:	b5e0      	push	{r5, r6, r7, lr}
10002568:	b091      	sub	sp, #68	@ 0x44
1000256a:	4680      	mov	r8, r0
1000256c:	4689      	mov	r9, r1
1000256e:	920c      	str	r2, [sp, #48]	@ 0x30
10002570:	469a      	mov	sl, r3
10002572:	9c1a      	ldr	r4, [sp, #104]	@ 0x68
10002574:	9d1b      	ldr	r5, [sp, #108]	@ 0x6c
10002576:	0022      	movs	r2, r4
10002578:	002b      	movs	r3, r5
1000257a:	0020      	movs	r0, r4
1000257c:	0029      	movs	r1, r5
1000257e:	f7ff fcba 	bl	10001ef6 <__wrap___aeabi_dcmpun>
10002582:	2800      	cmp	r0, #0
10002584:	d000      	beq.n	10002588 <_etoa+0x2c>
10002586:	e0f2      	b.n	1000276e <_etoa+0x212>
10002588:	2201      	movs	r2, #1
1000258a:	4252      	negs	r2, r2
1000258c:	4bd5      	ldr	r3, [pc, #852]	@ (100028e4 <_etoa+0x388>)
1000258e:	0020      	movs	r0, r4
10002590:	0029      	movs	r1, r5
10002592:	f7ff fcab 	bl	10001eec <__wrap___aeabi_dcmpgt>
10002596:	2800      	cmp	r0, #0
10002598:	d000      	beq.n	1000259c <_etoa+0x40>
1000259a:	e0e8      	b.n	1000276e <_etoa+0x212>
1000259c:	2201      	movs	r2, #1
1000259e:	4252      	negs	r2, r2
100025a0:	4bd1      	ldr	r3, [pc, #836]	@ (100028e8 <_etoa+0x38c>)
100025a2:	0020      	movs	r0, r4
100025a4:	0029      	movs	r1, r5
100025a6:	f7ff fc8b 	bl	10001ec0 <__wrap___aeabi_dcmplt>
100025aa:	2800      	cmp	r0, #0
100025ac:	d000      	beq.n	100025b0 <_etoa+0x54>
100025ae:	e0de      	b.n	1000276e <_etoa+0x212>
100025b0:	2200      	movs	r2, #0
100025b2:	2300      	movs	r3, #0
100025b4:	0020      	movs	r0, r4
100025b6:	0029      	movs	r1, r5
100025b8:	f7ff fc82 	bl	10001ec0 <__wrap___aeabi_dcmplt>
100025bc:	2800      	cmp	r0, #0
100025be:	d000      	beq.n	100025c2 <_etoa+0x66>
100025c0:	e0ea      	b.n	10002798 <_etoa+0x23c>
100025c2:	9406      	str	r4, [sp, #24]
100025c4:	9507      	str	r5, [sp, #28]
100025c6:	2380      	movs	r3, #128	@ 0x80
100025c8:	00db      	lsls	r3, r3, #3
100025ca:	9a1e      	ldr	r2, [sp, #120]	@ 0x78
100025cc:	401a      	ands	r2, r3
100025ce:	920d      	str	r2, [sp, #52]	@ 0x34
100025d0:	9a1e      	ldr	r2, [sp, #120]	@ 0x78
100025d2:	421a      	tst	r2, r3
100025d4:	d101      	bne.n	100025da <_etoa+0x7e>
100025d6:	2306      	movs	r3, #6
100025d8:	931c      	str	r3, [sp, #112]	@ 0x70
100025da:	9806      	ldr	r0, [sp, #24]
100025dc:	9907      	ldr	r1, [sp, #28]
100025de:	0002      	movs	r2, r0
100025e0:	000b      	movs	r3, r1
100025e2:	9208      	str	r2, [sp, #32]
100025e4:	9309      	str	r3, [sp, #36]	@ 0x24
100025e6:	0003      	movs	r3, r0
100025e8:	000a      	movs	r2, r1
100025ea:	4302      	orrs	r2, r0
100025ec:	d100      	bne.n	100025f0 <_etoa+0x94>
100025ee:	e0df      	b.n	100027b0 <_etoa+0x254>
100025f0:	0d08      	lsrs	r0, r1, #20
100025f2:	0540      	lsls	r0, r0, #21
100025f4:	0d40      	lsrs	r0, r0, #21
100025f6:	4ebd      	ldr	r6, [pc, #756]	@ (100028ec <_etoa+0x390>)
100025f8:	46b4      	mov	ip, r6
100025fa:	4460      	add	r0, ip
100025fc:	9e07      	ldr	r6, [sp, #28]
100025fe:	0332      	lsls	r2, r6, #12
10002600:	0b12      	lsrs	r2, r2, #12
10002602:	001e      	movs	r6, r3
10002604:	4bba      	ldr	r3, [pc, #744]	@ (100028f0 <_etoa+0x394>)
10002606:	4313      	orrs	r3, r2
10002608:	001f      	movs	r7, r3
1000260a:	f7ff fc85 	bl	10001f18 <__wrap___aeabi_i2d>
1000260e:	4ab9      	ldr	r2, [pc, #740]	@ (100028f4 <_etoa+0x398>)
10002610:	4bb9      	ldr	r3, [pc, #740]	@ (100028f8 <_etoa+0x39c>)
10002612:	f7ff fc16 	bl	10001e42 <__wrap___aeabi_dmul>
10002616:	4ab9      	ldr	r2, [pc, #740]	@ (100028fc <_etoa+0x3a0>)
10002618:	4bb9      	ldr	r3, [pc, #740]	@ (10002900 <_etoa+0x3a4>)
1000261a:	f7ff fbf3 	bl	10001e04 <__wrap___aeabi_dadd>
1000261e:	9008      	str	r0, [sp, #32]
10002620:	9109      	str	r1, [sp, #36]	@ 0x24
10002622:	2200      	movs	r2, #0
10002624:	4bb7      	ldr	r3, [pc, #732]	@ (10002904 <_etoa+0x3a8>)
10002626:	0030      	movs	r0, r6
10002628:	0039      	movs	r1, r7
1000262a:	f7ff fbe6 	bl	10001dfa <__wrap___aeabi_dsub>
1000262e:	4ab6      	ldr	r2, [pc, #728]	@ (10002908 <_etoa+0x3ac>)
10002630:	4bb6      	ldr	r3, [pc, #728]	@ (1000290c <_etoa+0x3b0>)
10002632:	f7ff fc06 	bl	10001e42 <__wrap___aeabi_dmul>
10002636:	0002      	movs	r2, r0
10002638:	000b      	movs	r3, r1
1000263a:	9808      	ldr	r0, [sp, #32]
1000263c:	9909      	ldr	r1, [sp, #36]	@ 0x24
1000263e:	f7ff fbe1 	bl	10001e04 <__wrap___aeabi_dadd>
10002642:	f7ff fc81 	bl	10001f48 <__wrap___aeabi_d2iz>
10002646:	4683      	mov	fp, r0
10002648:	f7ff fc66 	bl	10001f18 <__wrap___aeabi_i2d>
1000264c:	0006      	movs	r6, r0
1000264e:	000f      	movs	r7, r1
10002650:	4aaf      	ldr	r2, [pc, #700]	@ (10002910 <_etoa+0x3b4>)
10002652:	4bb0      	ldr	r3, [pc, #704]	@ (10002914 <_etoa+0x3b8>)
10002654:	f7ff fbf5 	bl	10001e42 <__wrap___aeabi_dmul>
10002658:	2200      	movs	r2, #0
1000265a:	4baf      	ldr	r3, [pc, #700]	@ (10002918 <_etoa+0x3bc>)
1000265c:	f7ff fbd2 	bl	10001e04 <__wrap___aeabi_dadd>
10002660:	f7ff fc72 	bl	10001f48 <__wrap___aeabi_d2iz>
10002664:	9008      	str	r0, [sp, #32]
10002666:	4aad      	ldr	r2, [pc, #692]	@ (1000291c <_etoa+0x3c0>)
10002668:	4bad      	ldr	r3, [pc, #692]	@ (10002920 <_etoa+0x3c4>)
1000266a:	0030      	movs	r0, r6
1000266c:	0039      	movs	r1, r7
1000266e:	f7ff fbe8 	bl	10001e42 <__wrap___aeabi_dmul>
10002672:	0006      	movs	r6, r0
10002674:	000f      	movs	r7, r1
10002676:	9808      	ldr	r0, [sp, #32]
10002678:	f7ff fc4e 	bl	10001f18 <__wrap___aeabi_i2d>
1000267c:	4aa9      	ldr	r2, [pc, #676]	@ (10002924 <_etoa+0x3c8>)
1000267e:	4baa      	ldr	r3, [pc, #680]	@ (10002928 <_etoa+0x3cc>)
10002680:	f7ff fbdf 	bl	10001e42 <__wrap___aeabi_dmul>
10002684:	0002      	movs	r2, r0
10002686:	000b      	movs	r3, r1
10002688:	0030      	movs	r0, r6
1000268a:	0039      	movs	r1, r7
1000268c:	f7ff fbb5 	bl	10001dfa <__wrap___aeabi_dsub>
10002690:	0006      	movs	r6, r0
10002692:	000f      	movs	r7, r1
10002694:	0002      	movs	r2, r0
10002696:	000b      	movs	r3, r1
10002698:	f7ff fbd3 	bl	10001e42 <__wrap___aeabi_dmul>
1000269c:	900a      	str	r0, [sp, #40]	@ 0x28
1000269e:	910b      	str	r1, [sp, #44]	@ 0x2c
100026a0:	9b08      	ldr	r3, [sp, #32]
100026a2:	4aa2      	ldr	r2, [pc, #648]	@ (1000292c <_etoa+0x3d0>)
100026a4:	4694      	mov	ip, r2
100026a6:	4463      	add	r3, ip
100026a8:	2100      	movs	r1, #0
100026aa:	2200      	movs	r2, #0
100026ac:	9108      	str	r1, [sp, #32]
100026ae:	9209      	str	r2, [sp, #36]	@ 0x24
100026b0:	051b      	lsls	r3, r3, #20
100026b2:	9309      	str	r3, [sp, #36]	@ 0x24
100026b4:	2300      	movs	r3, #0
100026b6:	9308      	str	r3, [sp, #32]
100026b8:	0032      	movs	r2, r6
100026ba:	003b      	movs	r3, r7
100026bc:	0030      	movs	r0, r6
100026be:	0039      	movs	r1, r7
100026c0:	f7ff fba0 	bl	10001e04 <__wrap___aeabi_dadd>
100026c4:	900e      	str	r0, [sp, #56]	@ 0x38
100026c6:	910f      	str	r1, [sp, #60]	@ 0x3c
100026c8:	0032      	movs	r2, r6
100026ca:	003b      	movs	r3, r7
100026cc:	2000      	movs	r0, #0
100026ce:	2180      	movs	r1, #128	@ 0x80
100026d0:	05c9      	lsls	r1, r1, #23
100026d2:	f7ff fb92 	bl	10001dfa <__wrap___aeabi_dsub>
100026d6:	0006      	movs	r6, r0
100026d8:	000f      	movs	r7, r1
100026da:	2200      	movs	r2, #0
100026dc:	4b94      	ldr	r3, [pc, #592]	@ (10002930 <_etoa+0x3d4>)
100026de:	980a      	ldr	r0, [sp, #40]	@ 0x28
100026e0:	990b      	ldr	r1, [sp, #44]	@ 0x2c
100026e2:	f7ff fb94 	bl	10001e0e <__wrap___aeabi_ddiv>
100026e6:	2200      	movs	r2, #0
100026e8:	4b92      	ldr	r3, [pc, #584]	@ (10002934 <_etoa+0x3d8>)
100026ea:	f7ff fb8b 	bl	10001e04 <__wrap___aeabi_dadd>
100026ee:	0002      	movs	r2, r0
100026f0:	000b      	movs	r3, r1
100026f2:	980a      	ldr	r0, [sp, #40]	@ 0x28
100026f4:	990b      	ldr	r1, [sp, #44]	@ 0x2c
100026f6:	f7ff fb8a 	bl	10001e0e <__wrap___aeabi_ddiv>
100026fa:	2200      	movs	r2, #0
100026fc:	4b8e      	ldr	r3, [pc, #568]	@ (10002938 <_etoa+0x3dc>)
100026fe:	f7ff fb81 	bl	10001e04 <__wrap___aeabi_dadd>
10002702:	0002      	movs	r2, r0
10002704:	000b      	movs	r3, r1
10002706:	980a      	ldr	r0, [sp, #40]	@ 0x28
10002708:	990b      	ldr	r1, [sp, #44]	@ 0x2c
1000270a:	f7ff fb80 	bl	10001e0e <__wrap___aeabi_ddiv>
1000270e:	0002      	movs	r2, r0
10002710:	000b      	movs	r3, r1
10002712:	0030      	movs	r0, r6
10002714:	0039      	movs	r1, r7
10002716:	f7ff fb75 	bl	10001e04 <__wrap___aeabi_dadd>
1000271a:	0002      	movs	r2, r0
1000271c:	000b      	movs	r3, r1
1000271e:	980e      	ldr	r0, [sp, #56]	@ 0x38
10002720:	990f      	ldr	r1, [sp, #60]	@ 0x3c
10002722:	f7ff fb74 	bl	10001e0e <__wrap___aeabi_ddiv>
10002726:	2200      	movs	r2, #0
10002728:	4b71      	ldr	r3, [pc, #452]	@ (100028f0 <_etoa+0x394>)
1000272a:	f7ff fb6b 	bl	10001e04 <__wrap___aeabi_dadd>
1000272e:	9a08      	ldr	r2, [sp, #32]
10002730:	9b09      	ldr	r3, [sp, #36]	@ 0x24
10002732:	f7ff fb86 	bl	10001e42 <__wrap___aeabi_dmul>
10002736:	0006      	movs	r6, r0
10002738:	000f      	movs	r7, r1
1000273a:	9608      	str	r6, [sp, #32]
1000273c:	9709      	str	r7, [sp, #36]	@ 0x24
1000273e:	9a06      	ldr	r2, [sp, #24]
10002740:	9b07      	ldr	r3, [sp, #28]
10002742:	f7ff fbd3 	bl	10001eec <__wrap___aeabi_dcmpgt>
10002746:	2800      	cmp	r0, #0
10002748:	d00b      	beq.n	10002762 <_etoa+0x206>
1000274a:	2301      	movs	r3, #1
1000274c:	425b      	negs	r3, r3
1000274e:	469c      	mov	ip, r3
10002750:	44e3      	add	fp, ip
10002752:	2200      	movs	r2, #0
10002754:	4b77      	ldr	r3, [pc, #476]	@ (10002934 <_etoa+0x3d8>)
10002756:	0030      	movs	r0, r6
10002758:	0039      	movs	r1, r7
1000275a:	f7ff fb58 	bl	10001e0e <__wrap___aeabi_ddiv>
1000275e:	9008      	str	r0, [sp, #32]
10002760:	9109      	str	r1, [sp, #36]	@ 0x24
10002762:	465b      	mov	r3, fp
10002764:	3363      	adds	r3, #99	@ 0x63
10002766:	2bc6      	cmp	r3, #198	@ 0xc6
10002768:	d845      	bhi.n	100027f6 <_etoa+0x29a>
1000276a:	2604      	movs	r6, #4
1000276c:	e023      	b.n	100027b6 <_etoa+0x25a>
1000276e:	9b1e      	ldr	r3, [sp, #120]	@ 0x78
10002770:	9304      	str	r3, [sp, #16]
10002772:	9b1d      	ldr	r3, [sp, #116]	@ 0x74
10002774:	9303      	str	r3, [sp, #12]
10002776:	9b1c      	ldr	r3, [sp, #112]	@ 0x70
10002778:	9302      	str	r3, [sp, #8]
1000277a:	9400      	str	r4, [sp, #0]
1000277c:	9501      	str	r5, [sp, #4]
1000277e:	4653      	mov	r3, sl
10002780:	9a0c      	ldr	r2, [sp, #48]	@ 0x30
10002782:	4649      	mov	r1, r9
10002784:	4640      	mov	r0, r8
10002786:	f000 f8fb 	bl	10002980 <_ftoa>
1000278a:	b011      	add	sp, #68	@ 0x44
1000278c:	bcf0      	pop	{r4, r5, r6, r7}
1000278e:	46bb      	mov	fp, r7
10002790:	46b2      	mov	sl, r6
10002792:	46a9      	mov	r9, r5
10002794:	46a0      	mov	r8, r4
10002796:	bdf0      	pop	{r4, r5, r6, r7, pc}
10002798:	2100      	movs	r1, #0
1000279a:	2200      	movs	r2, #0
1000279c:	9106      	str	r1, [sp, #24]
1000279e:	9207      	str	r2, [sp, #28]
100027a0:	9406      	str	r4, [sp, #24]
100027a2:	2380      	movs	r3, #128	@ 0x80
100027a4:	061b      	lsls	r3, r3, #24
100027a6:	469c      	mov	ip, r3
100027a8:	44ac      	add	ip, r5
100027aa:	4663      	mov	r3, ip
100027ac:	9307      	str	r3, [sp, #28]
100027ae:	e70a      	b.n	100025c6 <_etoa+0x6a>
100027b0:	2300      	movs	r3, #0
100027b2:	469b      	mov	fp, r3
100027b4:	2604      	movs	r6, #4
100027b6:	9b1e      	ldr	r3, [sp, #120]	@ 0x78
100027b8:	051b      	lsls	r3, r3, #20
100027ba:	d528      	bpl.n	1000280e <_etoa+0x2b2>
100027bc:	9a08      	ldr	r2, [sp, #32]
100027be:	9b09      	ldr	r3, [sp, #36]	@ 0x24
100027c0:	0019      	movs	r1, r3
100027c2:	4311      	orrs	r1, r2
100027c4:	d00f      	beq.n	100027e6 <_etoa+0x28a>
100027c6:	4a5d      	ldr	r2, [pc, #372]	@ (1000293c <_etoa+0x3e0>)
100027c8:	4b5d      	ldr	r3, [pc, #372]	@ (10002940 <_etoa+0x3e4>)
100027ca:	9806      	ldr	r0, [sp, #24]
100027cc:	9907      	ldr	r1, [sp, #28]
100027ce:	f7ff fb85 	bl	10001edc <__wrap___aeabi_dcmpge>
100027d2:	2800      	cmp	r0, #0
100027d4:	d07a      	beq.n	100028cc <_etoa+0x370>
100027d6:	2200      	movs	r2, #0
100027d8:	4b5a      	ldr	r3, [pc, #360]	@ (10002944 <_etoa+0x3e8>)
100027da:	9806      	ldr	r0, [sp, #24]
100027dc:	9907      	ldr	r1, [sp, #28]
100027de:	f7ff fb6f 	bl	10001ec0 <__wrap___aeabi_dcmplt>
100027e2:	2800      	cmp	r0, #0
100027e4:	d072      	beq.n	100028cc <_etoa+0x370>
100027e6:	9b1c      	ldr	r3, [sp, #112]	@ 0x70
100027e8:	455b      	cmp	r3, fp
100027ea:	dd06      	ble.n	100027fa <_etoa+0x29e>
100027ec:	465a      	mov	r2, fp
100027ee:	1a9b      	subs	r3, r3, r2
100027f0:	3b01      	subs	r3, #1
100027f2:	931c      	str	r3, [sp, #112]	@ 0x70
100027f4:	e003      	b.n	100027fe <_etoa+0x2a2>
100027f6:	2605      	movs	r6, #5
100027f8:	e7dd      	b.n	100027b6 <_etoa+0x25a>
100027fa:	2300      	movs	r3, #0
100027fc:	931c      	str	r3, [sp, #112]	@ 0x70
100027fe:	2380      	movs	r3, #128	@ 0x80
10002800:	00db      	lsls	r3, r3, #3
10002802:	9a1e      	ldr	r2, [sp, #120]	@ 0x78
10002804:	431a      	orrs	r2, r3
10002806:	921e      	str	r2, [sp, #120]	@ 0x78
10002808:	2600      	movs	r6, #0
1000280a:	2300      	movs	r3, #0
1000280c:	469b      	mov	fp, r3
1000280e:	9b1d      	ldr	r3, [sp, #116]	@ 0x74
10002810:	429e      	cmp	r6, r3
10002812:	d265      	bcs.n	100028e0 <_etoa+0x384>
10002814:	1b9f      	subs	r7, r3, r6
10002816:	2302      	movs	r3, #2
10002818:	9a1e      	ldr	r2, [sp, #120]	@ 0x78
1000281a:	401a      	ands	r2, r3
1000281c:	920a      	str	r2, [sp, #40]	@ 0x28
1000281e:	9a1e      	ldr	r2, [sp, #120]	@ 0x78
10002820:	4213      	tst	r3, r2
10002822:	d002      	beq.n	1000282a <_etoa+0x2ce>
10002824:	2e00      	cmp	r6, #0
10002826:	d000      	beq.n	1000282a <_etoa+0x2ce>
10002828:	2700      	movs	r7, #0
1000282a:	465b      	mov	r3, fp
1000282c:	2b00      	cmp	r3, #0
1000282e:	d007      	beq.n	10002840 <_etoa+0x2e4>
10002830:	9a08      	ldr	r2, [sp, #32]
10002832:	9b09      	ldr	r3, [sp, #36]	@ 0x24
10002834:	9806      	ldr	r0, [sp, #24]
10002836:	9907      	ldr	r1, [sp, #28]
10002838:	f7ff fae9 	bl	10001e0e <__wrap___aeabi_ddiv>
1000283c:	9006      	str	r0, [sp, #24]
1000283e:	9107      	str	r1, [sp, #28]
10002840:	2200      	movs	r2, #0
10002842:	2300      	movs	r3, #0
10002844:	0020      	movs	r0, r4
10002846:	0029      	movs	r1, r5
10002848:	f7ff fb3a 	bl	10001ec0 <__wrap___aeabi_dcmplt>
1000284c:	2800      	cmp	r0, #0
1000284e:	d000      	beq.n	10002852 <_etoa+0x2f6>
10002850:	e07c      	b.n	1000294c <_etoa+0x3f0>
10002852:	4b3d      	ldr	r3, [pc, #244]	@ (10002948 <_etoa+0x3ec>)
10002854:	9a1e      	ldr	r2, [sp, #120]	@ 0x78
10002856:	4013      	ands	r3, r2
10002858:	9304      	str	r3, [sp, #16]
1000285a:	9703      	str	r7, [sp, #12]
1000285c:	9b1c      	ldr	r3, [sp, #112]	@ 0x70
1000285e:	9302      	str	r3, [sp, #8]
10002860:	9b06      	ldr	r3, [sp, #24]
10002862:	9c07      	ldr	r4, [sp, #28]
10002864:	9300      	str	r3, [sp, #0]
10002866:	9401      	str	r4, [sp, #4]
10002868:	4653      	mov	r3, sl
1000286a:	9a0c      	ldr	r2, [sp, #48]	@ 0x30
1000286c:	4649      	mov	r1, r9
1000286e:	4640      	mov	r0, r8
10002870:	f000 f886 	bl	10002980 <_ftoa>
10002874:	2e00      	cmp	r6, #0
10002876:	d100      	bne.n	1000287a <_etoa+0x31e>
10002878:	e787      	b.n	1000278a <_etoa+0x22e>
1000287a:	9b1e      	ldr	r3, [sp, #120]	@ 0x78
1000287c:	069b      	lsls	r3, r3, #26
1000287e:	d571      	bpl.n	10002964 <_etoa+0x408>
10002880:	2545      	movs	r5, #69	@ 0x45
10002882:	1c44      	adds	r4, r0, #1
10002884:	4653      	mov	r3, sl
10002886:	0002      	movs	r2, r0
10002888:	4649      	mov	r1, r9
1000288a:	0028      	movs	r0, r5
1000288c:	47c0      	blx	r8
1000288e:	465a      	mov	r2, fp
10002890:	17d3      	asrs	r3, r2, #31
10002892:	18d2      	adds	r2, r2, r3
10002894:	405a      	eors	r2, r3
10002896:	2305      	movs	r3, #5
10002898:	9305      	str	r3, [sp, #20]
1000289a:	3e01      	subs	r6, #1
1000289c:	9604      	str	r6, [sp, #16]
1000289e:	2300      	movs	r3, #0
100028a0:	9303      	str	r3, [sp, #12]
100028a2:	330a      	adds	r3, #10
100028a4:	9302      	str	r3, [sp, #8]
100028a6:	465b      	mov	r3, fp
100028a8:	0fdb      	lsrs	r3, r3, #31
100028aa:	9301      	str	r3, [sp, #4]
100028ac:	9200      	str	r2, [sp, #0]
100028ae:	4653      	mov	r3, sl
100028b0:	0022      	movs	r2, r4
100028b2:	4649      	mov	r1, r9
100028b4:	4640      	mov	r0, r8
100028b6:	f7ff fd6c 	bl	10002392 <_ntoa_long>
100028ba:	9b0a      	ldr	r3, [sp, #40]	@ 0x28
100028bc:	2b00      	cmp	r3, #0
100028be:	d100      	bne.n	100028c2 <_etoa+0x366>
100028c0:	e763      	b.n	1000278a <_etoa+0x22e>
100028c2:	0002      	movs	r2, r0
100028c4:	4647      	mov	r7, r8
100028c6:	9e0c      	ldr	r6, [sp, #48]	@ 0x30
100028c8:	9d1d      	ldr	r5, [sp, #116]	@ 0x74
100028ca:	e053      	b.n	10002974 <_etoa+0x418>
100028cc:	9b1c      	ldr	r3, [sp, #112]	@ 0x70
100028ce:	2b00      	cmp	r3, #0
100028d0:	d09d      	beq.n	1000280e <_etoa+0x2b2>
100028d2:	9b0d      	ldr	r3, [sp, #52]	@ 0x34
100028d4:	2b00      	cmp	r3, #0
100028d6:	d09a      	beq.n	1000280e <_etoa+0x2b2>
100028d8:	9b1c      	ldr	r3, [sp, #112]	@ 0x70
100028da:	3b01      	subs	r3, #1
100028dc:	931c      	str	r3, [sp, #112]	@ 0x70
100028de:	e796      	b.n	1000280e <_etoa+0x2b2>
100028e0:	2700      	movs	r7, #0
100028e2:	e798      	b.n	10002816 <_etoa+0x2ba>
100028e4:	7fefffff 	.word	0x7fefffff
100028e8:	ffefffff 	.word	0xffefffff
100028ec:	fffffc01 	.word	0xfffffc01
100028f0:	3ff00000 	.word	0x3ff00000
100028f4:	509f79fb 	.word	0x509f79fb
100028f8:	3fd34413 	.word	0x3fd34413
100028fc:	8b60c8b3 	.word	0x8b60c8b3
10002900:	3fc68a28 	.word	0x3fc68a28
10002904:	3ff80000 	.word	0x3ff80000
10002908:	636f4361 	.word	0x636f4361
1000290c:	3fd287a7 	.word	0x3fd287a7
10002910:	0979a371 	.word	0x0979a371
10002914:	400a934f 	.word	0x400a934f
10002918:	3fe00000 	.word	0x3fe00000
1000291c:	bbb55516 	.word	0xbbb55516
10002920:	40026bb1 	.word	0x40026bb1
10002924:	fefa39ef 	.word	0xfefa39ef
10002928:	3fe62e42 	.word	0x3fe62e42
1000292c:	000003ff 	.word	0x000003ff
10002930:	402c0000 	.word	0x402c0000
10002934:	40240000 	.word	0x40240000
10002938:	40180000 	.word	0x40180000
1000293c:	eb1c432d 	.word	0xeb1c432d
10002940:	3f1a36e2 	.word	0x3f1a36e2
10002944:	412e8480 	.word	0x412e8480
10002948:	fffff7ff 	.word	0xfffff7ff
1000294c:	9c06      	ldr	r4, [sp, #24]
1000294e:	9d07      	ldr	r5, [sp, #28]
10002950:	0022      	movs	r2, r4
10002952:	0029      	movs	r1, r5
10002954:	2080      	movs	r0, #128	@ 0x80
10002956:	0600      	lsls	r0, r0, #24
10002958:	4684      	mov	ip, r0
1000295a:	4461      	add	r1, ip
1000295c:	000b      	movs	r3, r1
1000295e:	9206      	str	r2, [sp, #24]
10002960:	9307      	str	r3, [sp, #28]
10002962:	e776      	b.n	10002852 <_etoa+0x2f6>
10002964:	2565      	movs	r5, #101	@ 0x65
10002966:	e78c      	b.n	10002882 <_etoa+0x326>
10002968:	1c54      	adds	r4, r2, #1
1000296a:	4653      	mov	r3, sl
1000296c:	4649      	mov	r1, r9
1000296e:	2020      	movs	r0, #32
10002970:	47b8      	blx	r7
10002972:	0022      	movs	r2, r4
10002974:	1b93      	subs	r3, r2, r6
10002976:	42ab      	cmp	r3, r5
10002978:	d3f6      	bcc.n	10002968 <_etoa+0x40c>
1000297a:	0010      	movs	r0, r2
1000297c:	e705      	b.n	1000278a <_etoa+0x22e>
1000297e:	46c0      	nop			@ (mov r8, r8)

10002980 <_ftoa>:
10002980:	b5f0      	push	{r4, r5, r6, r7, lr}
10002982:	46de      	mov	lr, fp
10002984:	4657      	mov	r7, sl
10002986:	464e      	mov	r6, r9
10002988:	4645      	mov	r5, r8
1000298a:	b5e0      	push	{r5, r6, r7, lr}
1000298c:	b095      	sub	sp, #84	@ 0x54
1000298e:	9006      	str	r0, [sp, #24]
10002990:	9107      	str	r1, [sp, #28]
10002992:	4693      	mov	fp, r2
10002994:	4699      	mov	r9, r3
10002996:	9f20      	ldr	r7, [sp, #128]	@ 0x80
10002998:	9a1e      	ldr	r2, [sp, #120]	@ 0x78
1000299a:	9b1f      	ldr	r3, [sp, #124]	@ 0x7c
1000299c:	0010      	movs	r0, r2
1000299e:	0019      	movs	r1, r3
100029a0:	f7ff faa9 	bl	10001ef6 <__wrap___aeabi_dcmpun>
100029a4:	2800      	cmp	r0, #0
100029a6:	d131      	bne.n	10002a0c <_ftoa+0x8c>
100029a8:	2201      	movs	r2, #1
100029aa:	4252      	negs	r2, r2
100029ac:	4bbc      	ldr	r3, [pc, #752]	@ (10002ca0 <_ftoa+0x320>)
100029ae:	981e      	ldr	r0, [sp, #120]	@ 0x78
100029b0:	991f      	ldr	r1, [sp, #124]	@ 0x7c
100029b2:	f7ff fa85 	bl	10001ec0 <__wrap___aeabi_dcmplt>
100029b6:	2800      	cmp	r0, #0
100029b8:	d137      	bne.n	10002a2a <_ftoa+0xaa>
100029ba:	2201      	movs	r2, #1
100029bc:	4252      	negs	r2, r2
100029be:	4bb9      	ldr	r3, [pc, #740]	@ (10002ca4 <_ftoa+0x324>)
100029c0:	981e      	ldr	r0, [sp, #120]	@ 0x78
100029c2:	991f      	ldr	r1, [sp, #124]	@ 0x7c
100029c4:	f7ff fa92 	bl	10001eec <__wrap___aeabi_dcmpgt>
100029c8:	2800      	cmp	r0, #0
100029ca:	d13d      	bne.n	10002a48 <_ftoa+0xc8>
100029cc:	2200      	movs	r2, #0
100029ce:	4bb6      	ldr	r3, [pc, #728]	@ (10002ca8 <_ftoa+0x328>)
100029d0:	981e      	ldr	r0, [sp, #120]	@ 0x78
100029d2:	991f      	ldr	r1, [sp, #124]	@ 0x7c
100029d4:	f7ff fa8a 	bl	10001eec <__wrap___aeabi_dcmpgt>
100029d8:	2800      	cmp	r0, #0
100029da:	d14a      	bne.n	10002a72 <_ftoa+0xf2>
100029dc:	2200      	movs	r2, #0
100029de:	4bb3      	ldr	r3, [pc, #716]	@ (10002cac <_ftoa+0x32c>)
100029e0:	981e      	ldr	r0, [sp, #120]	@ 0x78
100029e2:	991f      	ldr	r1, [sp, #124]	@ 0x7c
100029e4:	f7ff fa6c 	bl	10001ec0 <__wrap___aeabi_dcmplt>
100029e8:	2800      	cmp	r0, #0
100029ea:	d142      	bne.n	10002a72 <_ftoa+0xf2>
100029ec:	2200      	movs	r2, #0
100029ee:	2300      	movs	r3, #0
100029f0:	981e      	ldr	r0, [sp, #120]	@ 0x78
100029f2:	991f      	ldr	r1, [sp, #124]	@ 0x7c
100029f4:	f7ff fa64 	bl	10001ec0 <__wrap___aeabi_dcmplt>
100029f8:	2800      	cmp	r0, #0
100029fa:	d14a      	bne.n	10002a92 <_ftoa+0x112>
100029fc:	2300      	movs	r3, #0
100029fe:	4698      	mov	r8, r3
10002a00:	9b22      	ldr	r3, [sp, #136]	@ 0x88
10002a02:	055b      	lsls	r3, r3, #21
10002a04:	d400      	bmi.n	10002a08 <_ftoa+0x88>
10002a06:	e0b0      	b.n	10002b6a <_ftoa+0x1ea>
10002a08:	2400      	movs	r4, #0
10002a0a:	e052      	b.n	10002ab2 <_ftoa+0x132>
10002a0c:	9b22      	ldr	r3, [sp, #136]	@ 0x88
10002a0e:	9303      	str	r3, [sp, #12]
10002a10:	9b21      	ldr	r3, [sp, #132]	@ 0x84
10002a12:	9302      	str	r3, [sp, #8]
10002a14:	2303      	movs	r3, #3
10002a16:	9301      	str	r3, [sp, #4]
10002a18:	4ba5      	ldr	r3, [pc, #660]	@ (10002cb0 <_ftoa+0x330>)
10002a1a:	9300      	str	r3, [sp, #0]
10002a1c:	464b      	mov	r3, r9
10002a1e:	465a      	mov	r2, fp
10002a20:	9907      	ldr	r1, [sp, #28]
10002a22:	9806      	ldr	r0, [sp, #24]
10002a24:	f7ff fbd6 	bl	100021d4 <_out_rev>
10002a28:	e108      	b.n	10002c3c <_ftoa+0x2bc>
10002a2a:	9b22      	ldr	r3, [sp, #136]	@ 0x88
10002a2c:	9303      	str	r3, [sp, #12]
10002a2e:	9b21      	ldr	r3, [sp, #132]	@ 0x84
10002a30:	9302      	str	r3, [sp, #8]
10002a32:	2304      	movs	r3, #4
10002a34:	9301      	str	r3, [sp, #4]
10002a36:	4b9f      	ldr	r3, [pc, #636]	@ (10002cb4 <_ftoa+0x334>)
10002a38:	9300      	str	r3, [sp, #0]
10002a3a:	464b      	mov	r3, r9
10002a3c:	465a      	mov	r2, fp
10002a3e:	9907      	ldr	r1, [sp, #28]
10002a40:	9806      	ldr	r0, [sp, #24]
10002a42:	f7ff fbc7 	bl	100021d4 <_out_rev>
10002a46:	e0f9      	b.n	10002c3c <_ftoa+0x2bc>
10002a48:	9b22      	ldr	r3, [sp, #136]	@ 0x88
10002a4a:	075b      	lsls	r3, r3, #29
10002a4c:	d50e      	bpl.n	10002a6c <_ftoa+0xec>
10002a4e:	4b9a      	ldr	r3, [pc, #616]	@ (10002cb8 <_ftoa+0x338>)
10002a50:	2204      	movs	r2, #4
10002a52:	9922      	ldr	r1, [sp, #136]	@ 0x88
10002a54:	9103      	str	r1, [sp, #12]
10002a56:	9921      	ldr	r1, [sp, #132]	@ 0x84
10002a58:	9102      	str	r1, [sp, #8]
10002a5a:	9201      	str	r2, [sp, #4]
10002a5c:	9300      	str	r3, [sp, #0]
10002a5e:	464b      	mov	r3, r9
10002a60:	465a      	mov	r2, fp
10002a62:	9907      	ldr	r1, [sp, #28]
10002a64:	9806      	ldr	r0, [sp, #24]
10002a66:	f7ff fbb5 	bl	100021d4 <_out_rev>
10002a6a:	e0e7      	b.n	10002c3c <_ftoa+0x2bc>
10002a6c:	4b93      	ldr	r3, [pc, #588]	@ (10002cbc <_ftoa+0x33c>)
10002a6e:	2203      	movs	r2, #3
10002a70:	e7ef      	b.n	10002a52 <_ftoa+0xd2>
10002a72:	9b22      	ldr	r3, [sp, #136]	@ 0x88
10002a74:	9304      	str	r3, [sp, #16]
10002a76:	9b21      	ldr	r3, [sp, #132]	@ 0x84
10002a78:	9303      	str	r3, [sp, #12]
10002a7a:	9702      	str	r7, [sp, #8]
10002a7c:	9b1e      	ldr	r3, [sp, #120]	@ 0x78
10002a7e:	9c1f      	ldr	r4, [sp, #124]	@ 0x7c
10002a80:	9300      	str	r3, [sp, #0]
10002a82:	9401      	str	r4, [sp, #4]
10002a84:	464b      	mov	r3, r9
10002a86:	465a      	mov	r2, fp
10002a88:	9907      	ldr	r1, [sp, #28]
10002a8a:	9806      	ldr	r0, [sp, #24]
10002a8c:	f7ff fd66 	bl	1000255c <_etoa>
10002a90:	e0d4      	b.n	10002c3c <_ftoa+0x2bc>
10002a92:	9a1e      	ldr	r2, [sp, #120]	@ 0x78
10002a94:	9b1f      	ldr	r3, [sp, #124]	@ 0x7c
10002a96:	2000      	movs	r0, #0
10002a98:	2100      	movs	r1, #0
10002a9a:	f7ff f9ae 	bl	10001dfa <__wrap___aeabi_dsub>
10002a9e:	901e      	str	r0, [sp, #120]	@ 0x78
10002aa0:	911f      	str	r1, [sp, #124]	@ 0x7c
10002aa2:	2301      	movs	r3, #1
10002aa4:	4698      	mov	r8, r3
10002aa6:	e7ab      	b.n	10002a00 <_ftoa+0x80>
10002aa8:	ab0c      	add	r3, sp, #48	@ 0x30
10002aaa:	2230      	movs	r2, #48	@ 0x30
10002aac:	551a      	strb	r2, [r3, r4]
10002aae:	3f01      	subs	r7, #1
10002ab0:	3401      	adds	r4, #1
10002ab2:	2c1f      	cmp	r4, #31
10002ab4:	d801      	bhi.n	10002aba <_ftoa+0x13a>
10002ab6:	2f09      	cmp	r7, #9
10002ab8:	d8f6      	bhi.n	10002aa8 <_ftoa+0x128>
10002aba:	981e      	ldr	r0, [sp, #120]	@ 0x78
10002abc:	991f      	ldr	r1, [sp, #124]	@ 0x7c
10002abe:	f7ff fa43 	bl	10001f48 <__wrap___aeabi_d2iz>
10002ac2:	0005      	movs	r5, r0
10002ac4:	f7ff fa28 	bl	10001f18 <__wrap___aeabi_i2d>
10002ac8:	0002      	movs	r2, r0
10002aca:	000b      	movs	r3, r1
10002acc:	981e      	ldr	r0, [sp, #120]	@ 0x78
10002ace:	991f      	ldr	r1, [sp, #124]	@ 0x7c
10002ad0:	f7ff f993 	bl	10001dfa <__wrap___aeabi_dsub>
10002ad4:	4b7a      	ldr	r3, [pc, #488]	@ (10002cc0 <_ftoa+0x340>)
10002ad6:	00fa      	lsls	r2, r7, #3
10002ad8:	189b      	adds	r3, r3, r2
10002ada:	681a      	ldr	r2, [r3, #0]
10002adc:	685b      	ldr	r3, [r3, #4]
10002ade:	920a      	str	r2, [sp, #40]	@ 0x28
10002ae0:	930b      	str	r3, [sp, #44]	@ 0x2c
10002ae2:	f7ff f9ae 	bl	10001e42 <__wrap___aeabi_dmul>
10002ae6:	9008      	str	r0, [sp, #32]
10002ae8:	9109      	str	r1, [sp, #36]	@ 0x24
10002aea:	f7ff fa51 	bl	10001f90 <__wrap___aeabi_d2uiz>
10002aee:	0006      	movs	r6, r0
10002af0:	f7ff fa0e 	bl	10001f10 <__wrap___aeabi_ui2d>
10002af4:	0002      	movs	r2, r0
10002af6:	000b      	movs	r3, r1
10002af8:	9808      	ldr	r0, [sp, #32]
10002afa:	9909      	ldr	r1, [sp, #36]	@ 0x24
10002afc:	f7ff f97d 	bl	10001dfa <__wrap___aeabi_dsub>
10002b00:	9008      	str	r0, [sp, #32]
10002b02:	9109      	str	r1, [sp, #36]	@ 0x24
10002b04:	2200      	movs	r2, #0
10002b06:	4b6f      	ldr	r3, [pc, #444]	@ (10002cc4 <_ftoa+0x344>)
10002b08:	f7ff f9f0 	bl	10001eec <__wrap___aeabi_dcmpgt>
10002b0c:	2800      	cmp	r0, #0
10002b0e:	d02e      	beq.n	10002b6e <_ftoa+0x1ee>
10002b10:	3601      	adds	r6, #1
10002b12:	0030      	movs	r0, r6
10002b14:	f7ff f9fc 	bl	10001f10 <__wrap___aeabi_ui2d>
10002b18:	0002      	movs	r2, r0
10002b1a:	000b      	movs	r3, r1
10002b1c:	980a      	ldr	r0, [sp, #40]	@ 0x28
10002b1e:	990b      	ldr	r1, [sp, #44]	@ 0x2c
10002b20:	f7ff f9d4 	bl	10001ecc <__wrap___aeabi_dcmple>
10002b24:	2800      	cmp	r0, #0
10002b26:	d001      	beq.n	10002b2c <_ftoa+0x1ac>
10002b28:	3501      	adds	r5, #1
10002b2a:	2600      	movs	r6, #0
10002b2c:	2f00      	cmp	r7, #0
10002b2e:	d12c      	bne.n	10002b8a <_ftoa+0x20a>
10002b30:	0028      	movs	r0, r5
10002b32:	f7ff f9f1 	bl	10001f18 <__wrap___aeabi_i2d>
10002b36:	0002      	movs	r2, r0
10002b38:	000b      	movs	r3, r1
10002b3a:	981e      	ldr	r0, [sp, #120]	@ 0x78
10002b3c:	991f      	ldr	r1, [sp, #124]	@ 0x7c
10002b3e:	f7ff f95c 	bl	10001dfa <__wrap___aeabi_dsub>
10002b42:	0006      	movs	r6, r0
10002b44:	000f      	movs	r7, r1
10002b46:	2200      	movs	r2, #0
10002b48:	4b5e      	ldr	r3, [pc, #376]	@ (10002cc4 <_ftoa+0x344>)
10002b4a:	f7ff f9b9 	bl	10001ec0 <__wrap___aeabi_dcmplt>
10002b4e:	2800      	cmp	r0, #0
10002b50:	d146      	bne.n	10002be0 <_ftoa+0x260>
10002b52:	2200      	movs	r2, #0
10002b54:	4b5b      	ldr	r3, [pc, #364]	@ (10002cc4 <_ftoa+0x344>)
10002b56:	0030      	movs	r0, r6
10002b58:	0039      	movs	r1, r7
10002b5a:	f7ff f9c7 	bl	10001eec <__wrap___aeabi_dcmpgt>
10002b5e:	2800      	cmp	r0, #0
10002b60:	d13e      	bne.n	10002be0 <_ftoa+0x260>
10002b62:	07eb      	lsls	r3, r5, #31
10002b64:	d53c      	bpl.n	10002be0 <_ftoa+0x260>
10002b66:	3501      	adds	r5, #1
10002b68:	e03a      	b.n	10002be0 <_ftoa+0x260>
10002b6a:	2706      	movs	r7, #6
10002b6c:	e74c      	b.n	10002a08 <_ftoa+0x88>
10002b6e:	2200      	movs	r2, #0
10002b70:	4b54      	ldr	r3, [pc, #336]	@ (10002cc4 <_ftoa+0x344>)
10002b72:	9808      	ldr	r0, [sp, #32]
10002b74:	9909      	ldr	r1, [sp, #36]	@ 0x24
10002b76:	f7ff f9a3 	bl	10001ec0 <__wrap___aeabi_dcmplt>
10002b7a:	2800      	cmp	r0, #0
10002b7c:	d1d6      	bne.n	10002b2c <_ftoa+0x1ac>
10002b7e:	2e00      	cmp	r6, #0
10002b80:	d001      	beq.n	10002b86 <_ftoa+0x206>
10002b82:	07f3      	lsls	r3, r6, #31
10002b84:	d5d2      	bpl.n	10002b2c <_ftoa+0x1ac>
10002b86:	3601      	adds	r6, #1
10002b88:	e7d0      	b.n	10002b2c <_ftoa+0x1ac>
10002b8a:	46aa      	mov	sl, r5
10002b8c:	2c1f      	cmp	r4, #31
10002b8e:	d811      	bhi.n	10002bb4 <_ftoa+0x234>
10002b90:	3f01      	subs	r7, #1
10002b92:	210a      	movs	r1, #10
10002b94:	0030      	movs	r0, r6
10002b96:	f7fe fef5 	bl	10001984 <__wrap___aeabi_uidiv>
10002b9a:	1c65      	adds	r5, r4, #1
10002b9c:	3130      	adds	r1, #48	@ 0x30
10002b9e:	ab0c      	add	r3, sp, #48	@ 0x30
10002ba0:	5519      	strb	r1, [r3, r4]
10002ba2:	210a      	movs	r1, #10
10002ba4:	0030      	movs	r0, r6
10002ba6:	f7fe feed 	bl	10001984 <__wrap___aeabi_uidiv>
10002baa:	2e09      	cmp	r6, #9
10002bac:	d90e      	bls.n	10002bcc <_ftoa+0x24c>
10002bae:	0006      	movs	r6, r0
10002bb0:	002c      	movs	r4, r5
10002bb2:	e7eb      	b.n	10002b8c <_ftoa+0x20c>
10002bb4:	4655      	mov	r5, sl
10002bb6:	2c1f      	cmp	r4, #31
10002bb8:	d80c      	bhi.n	10002bd4 <_ftoa+0x254>
10002bba:	1e7b      	subs	r3, r7, #1
10002bbc:	2f00      	cmp	r7, #0
10002bbe:	d009      	beq.n	10002bd4 <_ftoa+0x254>
10002bc0:	aa0c      	add	r2, sp, #48	@ 0x30
10002bc2:	2130      	movs	r1, #48	@ 0x30
10002bc4:	5511      	strb	r1, [r2, r4]
10002bc6:	001f      	movs	r7, r3
10002bc8:	3401      	adds	r4, #1
10002bca:	e7f4      	b.n	10002bb6 <_ftoa+0x236>
10002bcc:	002b      	movs	r3, r5
10002bce:	4655      	mov	r5, sl
10002bd0:	001c      	movs	r4, r3
10002bd2:	e7f0      	b.n	10002bb6 <_ftoa+0x236>
10002bd4:	2c1f      	cmp	r4, #31
10002bd6:	d803      	bhi.n	10002be0 <_ftoa+0x260>
10002bd8:	ab0c      	add	r3, sp, #48	@ 0x30
10002bda:	222e      	movs	r2, #46	@ 0x2e
10002bdc:	551a      	strb	r2, [r3, r4]
10002bde:	3401      	adds	r4, #1
10002be0:	2c1f      	cmp	r4, #31
10002be2:	d810      	bhi.n	10002c06 <_ftoa+0x286>
10002be4:	210a      	movs	r1, #10
10002be6:	0028      	movs	r0, r5
10002be8:	f7fe fea4 	bl	10001934 <__wrap___aeabi_idiv>
10002bec:	1c66      	adds	r6, r4, #1
10002bee:	3130      	adds	r1, #48	@ 0x30
10002bf0:	ab0c      	add	r3, sp, #48	@ 0x30
10002bf2:	5519      	strb	r1, [r3, r4]
10002bf4:	210a      	movs	r1, #10
10002bf6:	0028      	movs	r0, r5
10002bf8:	f7fe fe9c 	bl	10001934 <__wrap___aeabi_idiv>
10002bfc:	1e05      	subs	r5, r0, #0
10002bfe:	d001      	beq.n	10002c04 <_ftoa+0x284>
10002c00:	0034      	movs	r4, r6
10002c02:	e7ed      	b.n	10002be0 <_ftoa+0x260>
10002c04:	0034      	movs	r4, r6
10002c06:	2303      	movs	r3, #3
10002c08:	9a22      	ldr	r2, [sp, #136]	@ 0x88
10002c0a:	4013      	ands	r3, r2
10002c0c:	2b01      	cmp	r3, #1
10002c0e:	d01c      	beq.n	10002c4a <_ftoa+0x2ca>
10002c10:	2c1f      	cmp	r4, #31
10002c12:	d806      	bhi.n	10002c22 <_ftoa+0x2a2>
10002c14:	4643      	mov	r3, r8
10002c16:	2b00      	cmp	r3, #0
10002c18:	d032      	beq.n	10002c80 <_ftoa+0x300>
10002c1a:	ab0c      	add	r3, sp, #48	@ 0x30
10002c1c:	222d      	movs	r2, #45	@ 0x2d
10002c1e:	551a      	strb	r2, [r3, r4]
10002c20:	3401      	adds	r4, #1
10002c22:	9b22      	ldr	r3, [sp, #136]	@ 0x88
10002c24:	9303      	str	r3, [sp, #12]
10002c26:	9b21      	ldr	r3, [sp, #132]	@ 0x84
10002c28:	9302      	str	r3, [sp, #8]
10002c2a:	9401      	str	r4, [sp, #4]
10002c2c:	ab0c      	add	r3, sp, #48	@ 0x30
10002c2e:	9300      	str	r3, [sp, #0]
10002c30:	464b      	mov	r3, r9
10002c32:	465a      	mov	r2, fp
10002c34:	9907      	ldr	r1, [sp, #28]
10002c36:	9806      	ldr	r0, [sp, #24]
10002c38:	f7ff facc 	bl	100021d4 <_out_rev>
10002c3c:	b015      	add	sp, #84	@ 0x54
10002c3e:	bcf0      	pop	{r4, r5, r6, r7}
10002c40:	46bb      	mov	fp, r7
10002c42:	46b2      	mov	sl, r6
10002c44:	46a9      	mov	r9, r5
10002c46:	46a0      	mov	r8, r4
10002c48:	bdf0      	pop	{r4, r5, r6, r7, pc}
10002c4a:	9b21      	ldr	r3, [sp, #132]	@ 0x84
10002c4c:	2b00      	cmp	r3, #0
10002c4e:	d013      	beq.n	10002c78 <_ftoa+0x2f8>
10002c50:	4643      	mov	r3, r8
10002c52:	2b00      	cmp	r3, #0
10002c54:	d102      	bne.n	10002c5c <_ftoa+0x2dc>
10002c56:	330c      	adds	r3, #12
10002c58:	4213      	tst	r3, r2
10002c5a:	d00f      	beq.n	10002c7c <_ftoa+0x2fc>
10002c5c:	9b21      	ldr	r3, [sp, #132]	@ 0x84
10002c5e:	3b01      	subs	r3, #1
10002c60:	9321      	str	r3, [sp, #132]	@ 0x84
10002c62:	0019      	movs	r1, r3
10002c64:	e003      	b.n	10002c6e <_ftoa+0x2ee>
10002c66:	ab0c      	add	r3, sp, #48	@ 0x30
10002c68:	2230      	movs	r2, #48	@ 0x30
10002c6a:	551a      	strb	r2, [r3, r4]
10002c6c:	3401      	adds	r4, #1
10002c6e:	428c      	cmp	r4, r1
10002c70:	d2ce      	bcs.n	10002c10 <_ftoa+0x290>
10002c72:	2c1f      	cmp	r4, #31
10002c74:	d9f7      	bls.n	10002c66 <_ftoa+0x2e6>
10002c76:	e7cb      	b.n	10002c10 <_ftoa+0x290>
10002c78:	9921      	ldr	r1, [sp, #132]	@ 0x84
10002c7a:	e7f8      	b.n	10002c6e <_ftoa+0x2ee>
10002c7c:	9921      	ldr	r1, [sp, #132]	@ 0x84
10002c7e:	e7f6      	b.n	10002c6e <_ftoa+0x2ee>
10002c80:	9b22      	ldr	r3, [sp, #136]	@ 0x88
10002c82:	075b      	lsls	r3, r3, #29
10002c84:	d504      	bpl.n	10002c90 <_ftoa+0x310>
10002c86:	ab0c      	add	r3, sp, #48	@ 0x30
10002c88:	222b      	movs	r2, #43	@ 0x2b
10002c8a:	551a      	strb	r2, [r3, r4]
10002c8c:	3401      	adds	r4, #1
10002c8e:	e7c8      	b.n	10002c22 <_ftoa+0x2a2>
10002c90:	9b22      	ldr	r3, [sp, #136]	@ 0x88
10002c92:	071b      	lsls	r3, r3, #28
10002c94:	d5c5      	bpl.n	10002c22 <_ftoa+0x2a2>
10002c96:	ab0c      	add	r3, sp, #48	@ 0x30
10002c98:	2220      	movs	r2, #32
10002c9a:	551a      	strb	r2, [r3, r4]
10002c9c:	3401      	adds	r4, #1
10002c9e:	e7c0      	b.n	10002c22 <_ftoa+0x2a2>
10002ca0:	ffefffff 	.word	0xffefffff
10002ca4:	7fefffff 	.word	0x7fefffff
10002ca8:	41cdcd65 	.word	0x41cdcd65
10002cac:	c1cdcd65 	.word	0xc1cdcd65
10002cb0:	10006ca0 	.word	0x10006ca0
10002cb4:	10006ca4 	.word	0x10006ca4
10002cb8:	10006c94 	.word	0x10006c94
10002cbc:	10006c9c 	.word	0x10006c9c
10002cc0:	10007500 	.word	0x10007500
10002cc4:	3fe00000 	.word	0x3fe00000

10002cc8 <_vsnprintf>:
10002cc8:	b5f0      	push	{r4, r5, r6, r7, lr}
10002cca:	46de      	mov	lr, fp
10002ccc:	4657      	mov	r7, sl
10002cce:	464e      	mov	r6, r9
10002cd0:	4645      	mov	r5, r8
10002cd2:	b5e0      	push	{r5, r6, r7, lr}
10002cd4:	b093      	sub	sp, #76	@ 0x4c
10002cd6:	0007      	movs	r7, r0
10002cd8:	468a      	mov	sl, r1
10002cda:	4693      	mov	fp, r2
10002cdc:	9311      	str	r3, [sp, #68]	@ 0x44
10002cde:	2900      	cmp	r1, #0
10002ce0:	d100      	bne.n	10002ce4 <_vsnprintf+0x1c>
10002ce2:	e32c      	b.n	1000333e <_vsnprintf+0x676>
10002ce4:	2500      	movs	r5, #0
10002ce6:	e008      	b.n	10002cfa <_vsnprintf+0x32>
10002ce8:	1c6c      	adds	r4, r5, #1
10002cea:	465b      	mov	r3, fp
10002cec:	002a      	movs	r2, r5
10002cee:	4651      	mov	r1, sl
10002cf0:	47b8      	blx	r7
10002cf2:	9b11      	ldr	r3, [sp, #68]	@ 0x44
10002cf4:	3301      	adds	r3, #1
10002cf6:	9311      	str	r3, [sp, #68]	@ 0x44
10002cf8:	0025      	movs	r5, r4
10002cfa:	9b11      	ldr	r3, [sp, #68]	@ 0x44
10002cfc:	7818      	ldrb	r0, [r3, #0]
10002cfe:	2800      	cmp	r0, #0
10002d00:	d100      	bne.n	10002d04 <_vsnprintf+0x3c>
10002d02:	e31e      	b.n	10003342 <_vsnprintf+0x67a>
10002d04:	2825      	cmp	r0, #37	@ 0x25
10002d06:	d1ef      	bne.n	10002ce8 <_vsnprintf+0x20>
10002d08:	3301      	adds	r3, #1
10002d0a:	9311      	str	r3, [sp, #68]	@ 0x44
10002d0c:	2300      	movs	r3, #0
10002d0e:	0018      	movs	r0, r3
10002d10:	e020      	b.n	10002d54 <_vsnprintf+0x8c>
10002d12:	2301      	movs	r3, #1
10002d14:	4318      	orrs	r0, r3
10002d16:	3201      	adds	r2, #1
10002d18:	9211      	str	r2, [sp, #68]	@ 0x44
10002d1a:	2401      	movs	r4, #1
10002d1c:	e018      	b.n	10002d50 <_vsnprintf+0x88>
10002d1e:	2302      	movs	r3, #2
10002d20:	4318      	orrs	r0, r3
10002d22:	3201      	adds	r2, #1
10002d24:	9211      	str	r2, [sp, #68]	@ 0x44
10002d26:	2401      	movs	r4, #1
10002d28:	e012      	b.n	10002d50 <_vsnprintf+0x88>
10002d2a:	2304      	movs	r3, #4
10002d2c:	4318      	orrs	r0, r3
10002d2e:	3201      	adds	r2, #1
10002d30:	9211      	str	r2, [sp, #68]	@ 0x44
10002d32:	2401      	movs	r4, #1
10002d34:	e00c      	b.n	10002d50 <_vsnprintf+0x88>
10002d36:	2308      	movs	r3, #8
10002d38:	4318      	orrs	r0, r3
10002d3a:	3201      	adds	r2, #1
10002d3c:	9211      	str	r2, [sp, #68]	@ 0x44
10002d3e:	2401      	movs	r4, #1
10002d40:	e006      	b.n	10002d50 <_vsnprintf+0x88>
10002d42:	2310      	movs	r3, #16
10002d44:	4318      	orrs	r0, r3
10002d46:	3201      	adds	r2, #1
10002d48:	9211      	str	r2, [sp, #68]	@ 0x44
10002d4a:	2401      	movs	r4, #1
10002d4c:	e000      	b.n	10002d50 <_vsnprintf+0x88>
10002d4e:	2400      	movs	r4, #0
10002d50:	2c00      	cmp	r4, #0
10002d52:	d009      	beq.n	10002d68 <_vsnprintf+0xa0>
10002d54:	9a11      	ldr	r2, [sp, #68]	@ 0x44
10002d56:	7813      	ldrb	r3, [r2, #0]
10002d58:	3b20      	subs	r3, #32
10002d5a:	b2d9      	uxtb	r1, r3
10002d5c:	2910      	cmp	r1, #16
10002d5e:	d8f6      	bhi.n	10002d4e <_vsnprintf+0x86>
10002d60:	008b      	lsls	r3, r1, #2
10002d62:	49c4      	ldr	r1, [pc, #784]	@ (10003074 <_vsnprintf+0x3ac>)
10002d64:	58cb      	ldr	r3, [r1, r3]
10002d66:	469f      	mov	pc, r3
10002d68:	4681      	mov	r9, r0
10002d6a:	9b11      	ldr	r3, [sp, #68]	@ 0x44
10002d6c:	781a      	ldrb	r2, [r3, #0]
10002d6e:	0013      	movs	r3, r2
10002d70:	3b30      	subs	r3, #48	@ 0x30
10002d72:	b2db      	uxtb	r3, r3
10002d74:	2b09      	cmp	r3, #9
10002d76:	d910      	bls.n	10002d9a <_vsnprintf+0xd2>
10002d78:	2a2a      	cmp	r2, #42	@ 0x2a
10002d7a:	d013      	beq.n	10002da4 <_vsnprintf+0xdc>
10002d7c:	940b      	str	r4, [sp, #44]	@ 0x2c
10002d7e:	9b11      	ldr	r3, [sp, #68]	@ 0x44
10002d80:	781a      	ldrb	r2, [r3, #0]
10002d82:	2a2e      	cmp	r2, #46	@ 0x2e
10002d84:	d020      	beq.n	10002dc8 <_vsnprintf+0x100>
10002d86:	9a11      	ldr	r2, [sp, #68]	@ 0x44
10002d88:	7813      	ldrb	r3, [r2, #0]
10002d8a:	3b68      	subs	r3, #104	@ 0x68
10002d8c:	b2d9      	uxtb	r1, r3
10002d8e:	2912      	cmp	r1, #18
10002d90:	d865      	bhi.n	10002e5e <_vsnprintf+0x196>
10002d92:	008b      	lsls	r3, r1, #2
10002d94:	49b8      	ldr	r1, [pc, #736]	@ (10003078 <_vsnprintf+0x3b0>)
10002d96:	58cb      	ldr	r3, [r1, r3]
10002d98:	469f      	mov	pc, r3
10002d9a:	a811      	add	r0, sp, #68	@ 0x44
10002d9c:	f7ff fa08 	bl	100021b0 <_atoi>
10002da0:	900b      	str	r0, [sp, #44]	@ 0x2c
10002da2:	e7ec      	b.n	10002d7e <_vsnprintf+0xb6>
10002da4:	9b1c      	ldr	r3, [sp, #112]	@ 0x70
10002da6:	1d1a      	adds	r2, r3, #4
10002da8:	921c      	str	r2, [sp, #112]	@ 0x70
10002daa:	681b      	ldr	r3, [r3, #0]
10002dac:	2b00      	cmp	r3, #0
10002dae:	db04      	blt.n	10002dba <_vsnprintf+0xf2>
10002db0:	930b      	str	r3, [sp, #44]	@ 0x2c
10002db2:	9b11      	ldr	r3, [sp, #68]	@ 0x44
10002db4:	3301      	adds	r3, #1
10002db6:	9311      	str	r3, [sp, #68]	@ 0x44
10002db8:	e7e1      	b.n	10002d7e <_vsnprintf+0xb6>
10002dba:	2202      	movs	r2, #2
10002dbc:	0001      	movs	r1, r0
10002dbe:	4311      	orrs	r1, r2
10002dc0:	4689      	mov	r9, r1
10002dc2:	425b      	negs	r3, r3
10002dc4:	930b      	str	r3, [sp, #44]	@ 0x2c
10002dc6:	e7f4      	b.n	10002db2 <_vsnprintf+0xea>
10002dc8:	2280      	movs	r2, #128	@ 0x80
10002dca:	00d2      	lsls	r2, r2, #3
10002dcc:	4649      	mov	r1, r9
10002dce:	4311      	orrs	r1, r2
10002dd0:	4689      	mov	r9, r1
10002dd2:	1c5a      	adds	r2, r3, #1
10002dd4:	9211      	str	r2, [sp, #68]	@ 0x44
10002dd6:	785a      	ldrb	r2, [r3, #1]
10002dd8:	0013      	movs	r3, r2
10002dda:	3b30      	subs	r3, #48	@ 0x30
10002ddc:	b2db      	uxtb	r3, r3
10002dde:	2b09      	cmp	r3, #9
10002de0:	d90b      	bls.n	10002dfa <_vsnprintf+0x132>
10002de2:	2a2a      	cmp	r2, #42	@ 0x2a
10002de4:	d1cf      	bne.n	10002d86 <_vsnprintf+0xbe>
10002de6:	9b1c      	ldr	r3, [sp, #112]	@ 0x70
10002de8:	1d1a      	adds	r2, r3, #4
10002dea:	921c      	str	r2, [sp, #112]	@ 0x70
10002dec:	681c      	ldr	r4, [r3, #0]
10002dee:	2c00      	cmp	r4, #0
10002df0:	db08      	blt.n	10002e04 <_vsnprintf+0x13c>
10002df2:	9b11      	ldr	r3, [sp, #68]	@ 0x44
10002df4:	3301      	adds	r3, #1
10002df6:	9311      	str	r3, [sp, #68]	@ 0x44
10002df8:	e7c5      	b.n	10002d86 <_vsnprintf+0xbe>
10002dfa:	a811      	add	r0, sp, #68	@ 0x44
10002dfc:	f7ff f9d8 	bl	100021b0 <_atoi>
10002e00:	0004      	movs	r4, r0
10002e02:	e7c0      	b.n	10002d86 <_vsnprintf+0xbe>
10002e04:	2400      	movs	r4, #0
10002e06:	e7f4      	b.n	10002df2 <_vsnprintf+0x12a>
10002e08:	2380      	movs	r3, #128	@ 0x80
10002e0a:	005b      	lsls	r3, r3, #1
10002e0c:	4649      	mov	r1, r9
10002e0e:	430b      	orrs	r3, r1
10002e10:	1c51      	adds	r1, r2, #1
10002e12:	9111      	str	r1, [sp, #68]	@ 0x44
10002e14:	7851      	ldrb	r1, [r2, #1]
10002e16:	296c      	cmp	r1, #108	@ 0x6c
10002e18:	d001      	beq.n	10002e1e <_vsnprintf+0x156>
10002e1a:	4699      	mov	r9, r3
10002e1c:	e01f      	b.n	10002e5e <_vsnprintf+0x196>
10002e1e:	23c0      	movs	r3, #192	@ 0xc0
10002e20:	009b      	lsls	r3, r3, #2
10002e22:	4649      	mov	r1, r9
10002e24:	4319      	orrs	r1, r3
10002e26:	4689      	mov	r9, r1
10002e28:	3202      	adds	r2, #2
10002e2a:	9211      	str	r2, [sp, #68]	@ 0x44
10002e2c:	e017      	b.n	10002e5e <_vsnprintf+0x196>
10002e2e:	2380      	movs	r3, #128	@ 0x80
10002e30:	4649      	mov	r1, r9
10002e32:	430b      	orrs	r3, r1
10002e34:	1c51      	adds	r1, r2, #1
10002e36:	9111      	str	r1, [sp, #68]	@ 0x44
10002e38:	7851      	ldrb	r1, [r2, #1]
10002e3a:	2968      	cmp	r1, #104	@ 0x68
10002e3c:	d001      	beq.n	10002e42 <_vsnprintf+0x17a>
10002e3e:	4699      	mov	r9, r3
10002e40:	e00d      	b.n	10002e5e <_vsnprintf+0x196>
10002e42:	23c0      	movs	r3, #192	@ 0xc0
10002e44:	4649      	mov	r1, r9
10002e46:	4319      	orrs	r1, r3
10002e48:	4689      	mov	r9, r1
10002e4a:	3202      	adds	r2, #2
10002e4c:	9211      	str	r2, [sp, #68]	@ 0x44
10002e4e:	e006      	b.n	10002e5e <_vsnprintf+0x196>
10002e50:	2380      	movs	r3, #128	@ 0x80
10002e52:	005b      	lsls	r3, r3, #1
10002e54:	4649      	mov	r1, r9
10002e56:	4319      	orrs	r1, r3
10002e58:	4689      	mov	r9, r1
10002e5a:	3201      	adds	r2, #1
10002e5c:	9211      	str	r2, [sp, #68]	@ 0x44
10002e5e:	9b11      	ldr	r3, [sp, #68]	@ 0x44
10002e60:	7818      	ldrb	r0, [r3, #0]
10002e62:	2867      	cmp	r0, #103	@ 0x67
10002e64:	d81c      	bhi.n	10002ea0 <_vsnprintf+0x1d8>
10002e66:	2825      	cmp	r0, #37	@ 0x25
10002e68:	d200      	bcs.n	10002e6c <_vsnprintf+0x1a4>
10002e6a:	e25e      	b.n	1000332a <_vsnprintf+0x662>
10002e6c:	0003      	movs	r3, r0
10002e6e:	3b25      	subs	r3, #37	@ 0x25
10002e70:	b2da      	uxtb	r2, r3
10002e72:	2a42      	cmp	r2, #66	@ 0x42
10002e74:	d900      	bls.n	10002e78 <_vsnprintf+0x1b0>
10002e76:	e258      	b.n	1000332a <_vsnprintf+0x662>
10002e78:	0093      	lsls	r3, r2, #2
10002e7a:	4a80      	ldr	r2, [pc, #512]	@ (1000307c <_vsnprintf+0x3b4>)
10002e7c:	58d3      	ldr	r3, [r2, r3]
10002e7e:	469f      	mov	pc, r3
10002e80:	2380      	movs	r3, #128	@ 0x80
10002e82:	009b      	lsls	r3, r3, #2
10002e84:	4649      	mov	r1, r9
10002e86:	4319      	orrs	r1, r3
10002e88:	4689      	mov	r9, r1
10002e8a:	3201      	adds	r2, #1
10002e8c:	9211      	str	r2, [sp, #68]	@ 0x44
10002e8e:	e7e6      	b.n	10002e5e <_vsnprintf+0x196>
10002e90:	2380      	movs	r3, #128	@ 0x80
10002e92:	005b      	lsls	r3, r3, #1
10002e94:	4649      	mov	r1, r9
10002e96:	4319      	orrs	r1, r3
10002e98:	4689      	mov	r9, r1
10002e9a:	3201      	adds	r2, #1
10002e9c:	9211      	str	r2, [sp, #68]	@ 0x44
10002e9e:	e7de      	b.n	10002e5e <_vsnprintf+0x196>
10002ea0:	2878      	cmp	r0, #120	@ 0x78
10002ea2:	d900      	bls.n	10002ea6 <_vsnprintf+0x1de>
10002ea4:	e241      	b.n	1000332a <_vsnprintf+0x662>
10002ea6:	2869      	cmp	r0, #105	@ 0x69
10002ea8:	d200      	bcs.n	10002eac <_vsnprintf+0x1e4>
10002eaa:	e23e      	b.n	1000332a <_vsnprintf+0x662>
10002eac:	0002      	movs	r2, r0
10002eae:	3a69      	subs	r2, #105	@ 0x69
10002eb0:	b2d2      	uxtb	r2, r2
10002eb2:	2301      	movs	r3, #1
10002eb4:	4093      	lsls	r3, r2
10002eb6:	4a72      	ldr	r2, [pc, #456]	@ (10003080 <_vsnprintf+0x3b8>)
10002eb8:	4213      	tst	r3, r2
10002eba:	d110      	bne.n	10002ede <_vsnprintf+0x216>
10002ebc:	061a      	lsls	r2, r3, #24
10002ebe:	d500      	bpl.n	10002ec2 <_vsnprintf+0x1fa>
10002ec0:	e20c      	b.n	100032dc <_vsnprintf+0x614>
10002ec2:	055b      	lsls	r3, r3, #21
10002ec4:	d400      	bmi.n	10002ec8 <_vsnprintf+0x200>
10002ec6:	e230      	b.n	1000332a <_vsnprintf+0x662>
10002ec8:	9b1c      	ldr	r3, [sp, #112]	@ 0x70
10002eca:	1d1a      	adds	r2, r3, #4
10002ecc:	921c      	str	r2, [sp, #112]	@ 0x70
10002ece:	681e      	ldr	r6, [r3, #0]
10002ed0:	2c00      	cmp	r4, #0
10002ed2:	d000      	beq.n	10002ed6 <_vsnprintf+0x20e>
10002ed4:	e1ba      	b.n	1000324c <_vsnprintf+0x584>
10002ed6:	2201      	movs	r2, #1
10002ed8:	4252      	negs	r2, r2
10002eda:	0033      	movs	r3, r6
10002edc:	e196      	b.n	1000320c <_vsnprintf+0x544>
10002ede:	286f      	cmp	r0, #111	@ 0x6f
10002ee0:	d042      	beq.n	10002f68 <_vsnprintf+0x2a0>
10002ee2:	d805      	bhi.n	10002ef0 <_vsnprintf+0x228>
10002ee4:	2858      	cmp	r0, #88	@ 0x58
10002ee6:	d041      	beq.n	10002f6c <_vsnprintf+0x2a4>
10002ee8:	2862      	cmp	r0, #98	@ 0x62
10002eea:	d103      	bne.n	10002ef4 <_vsnprintf+0x22c>
10002eec:	2602      	movs	r6, #2
10002eee:	e006      	b.n	10002efe <_vsnprintf+0x236>
10002ef0:	2878      	cmp	r0, #120	@ 0x78
10002ef2:	d03d      	beq.n	10002f70 <_vsnprintf+0x2a8>
10002ef4:	2310      	movs	r3, #16
10002ef6:	464a      	mov	r2, r9
10002ef8:	439a      	bics	r2, r3
10002efa:	4691      	mov	r9, r2
10002efc:	260a      	movs	r6, #10
10002efe:	2858      	cmp	r0, #88	@ 0x58
10002f00:	d038      	beq.n	10002f74 <_vsnprintf+0x2ac>
10002f02:	2869      	cmp	r0, #105	@ 0x69
10002f04:	d005      	beq.n	10002f12 <_vsnprintf+0x24a>
10002f06:	2864      	cmp	r0, #100	@ 0x64
10002f08:	d003      	beq.n	10002f12 <_vsnprintf+0x24a>
10002f0a:	220c      	movs	r2, #12
10002f0c:	464b      	mov	r3, r9
10002f0e:	4393      	bics	r3, r2
10002f10:	4699      	mov	r9, r3
10002f12:	464b      	mov	r3, r9
10002f14:	055a      	lsls	r2, r3, #21
10002f16:	d502      	bpl.n	10002f1e <_vsnprintf+0x256>
10002f18:	2201      	movs	r2, #1
10002f1a:	4393      	bics	r3, r2
10002f1c:	4699      	mov	r9, r3
10002f1e:	2869      	cmp	r0, #105	@ 0x69
10002f20:	d02d      	beq.n	10002f7e <_vsnprintf+0x2b6>
10002f22:	2864      	cmp	r0, #100	@ 0x64
10002f24:	d02b      	beq.n	10002f7e <_vsnprintf+0x2b6>
10002f26:	464b      	mov	r3, r9
10002f28:	059a      	lsls	r2, r3, #22
10002f2a:	d500      	bpl.n	10002f2e <_vsnprintf+0x266>
10002f2c:	e0aa      	b.n	10003084 <_vsnprintf+0x3bc>
10002f2e:	05da      	lsls	r2, r3, #23
10002f30:	d500      	bpl.n	10002f34 <_vsnprintf+0x26c>
10002f32:	e0c2      	b.n	100030ba <_vsnprintf+0x3f2>
10002f34:	065a      	lsls	r2, r3, #25
10002f36:	d400      	bmi.n	10002f3a <_vsnprintf+0x272>
10002f38:	e0d3      	b.n	100030e2 <_vsnprintf+0x41a>
10002f3a:	9a1c      	ldr	r2, [sp, #112]	@ 0x70
10002f3c:	1d11      	adds	r1, r2, #4
10002f3e:	911c      	str	r1, [sp, #112]	@ 0x70
10002f40:	6811      	ldr	r1, [r2, #0]
10002f42:	22ff      	movs	r2, #255	@ 0xff
10002f44:	400a      	ands	r2, r1
10002f46:	464b      	mov	r3, r9
10002f48:	9305      	str	r3, [sp, #20]
10002f4a:	9b0b      	ldr	r3, [sp, #44]	@ 0x2c
10002f4c:	9304      	str	r3, [sp, #16]
10002f4e:	9403      	str	r4, [sp, #12]
10002f50:	9602      	str	r6, [sp, #8]
10002f52:	2300      	movs	r3, #0
10002f54:	9301      	str	r3, [sp, #4]
10002f56:	9200      	str	r2, [sp, #0]
10002f58:	465b      	mov	r3, fp
10002f5a:	002a      	movs	r2, r5
10002f5c:	4651      	mov	r1, sl
10002f5e:	0038      	movs	r0, r7
10002f60:	f7ff fa17 	bl	10002392 <_ntoa_long>
10002f64:	0005      	movs	r5, r0
10002f66:	e02a      	b.n	10002fbe <_vsnprintf+0x2f6>
10002f68:	2608      	movs	r6, #8
10002f6a:	e7c8      	b.n	10002efe <_vsnprintf+0x236>
10002f6c:	2610      	movs	r6, #16
10002f6e:	e7c6      	b.n	10002efe <_vsnprintf+0x236>
10002f70:	2610      	movs	r6, #16
10002f72:	e7c4      	b.n	10002efe <_vsnprintf+0x236>
10002f74:	2220      	movs	r2, #32
10002f76:	464b      	mov	r3, r9
10002f78:	4313      	orrs	r3, r2
10002f7a:	4699      	mov	r9, r3
10002f7c:	e7c1      	b.n	10002f02 <_vsnprintf+0x23a>
10002f7e:	464b      	mov	r3, r9
10002f80:	059a      	lsls	r2, r3, #22
10002f82:	d420      	bmi.n	10002fc6 <_vsnprintf+0x2fe>
10002f84:	05da      	lsls	r2, r3, #23
10002f86:	d451      	bmi.n	1000302c <_vsnprintf+0x364>
10002f88:	065a      	lsls	r2, r3, #25
10002f8a:	d566      	bpl.n	1000305a <_vsnprintf+0x392>
10002f8c:	9a1c      	ldr	r2, [sp, #112]	@ 0x70
10002f8e:	1d11      	adds	r1, r2, #4
10002f90:	911c      	str	r1, [sp, #112]	@ 0x70
10002f92:	6811      	ldr	r1, [r2, #0]
10002f94:	22ff      	movs	r2, #255	@ 0xff
10002f96:	400a      	ands	r2, r1
10002f98:	17d0      	asrs	r0, r2, #31
10002f9a:	1811      	adds	r1, r2, r0
10002f9c:	4041      	eors	r1, r0
10002f9e:	464b      	mov	r3, r9
10002fa0:	9305      	str	r3, [sp, #20]
10002fa2:	9b0b      	ldr	r3, [sp, #44]	@ 0x2c
10002fa4:	9304      	str	r3, [sp, #16]
10002fa6:	9403      	str	r4, [sp, #12]
10002fa8:	9602      	str	r6, [sp, #8]
10002faa:	0fd2      	lsrs	r2, r2, #31
10002fac:	9201      	str	r2, [sp, #4]
10002fae:	9100      	str	r1, [sp, #0]
10002fb0:	465b      	mov	r3, fp
10002fb2:	002a      	movs	r2, r5
10002fb4:	4651      	mov	r1, sl
10002fb6:	0038      	movs	r0, r7
10002fb8:	f7ff f9eb 	bl	10002392 <_ntoa_long>
10002fbc:	0005      	movs	r5, r0
10002fbe:	9b11      	ldr	r3, [sp, #68]	@ 0x44
10002fc0:	3301      	adds	r3, #1
10002fc2:	9311      	str	r3, [sp, #68]	@ 0x44
10002fc4:	e699      	b.n	10002cfa <_vsnprintf+0x32>
10002fc6:	9a1c      	ldr	r2, [sp, #112]	@ 0x70
10002fc8:	3207      	adds	r2, #7
10002fca:	2107      	movs	r1, #7
10002fcc:	438a      	bics	r2, r1
10002fce:	0011      	movs	r1, r2
10002fd0:	3108      	adds	r1, #8
10002fd2:	911c      	str	r1, [sp, #112]	@ 0x70
10002fd4:	6811      	ldr	r1, [r2, #0]
10002fd6:	6853      	ldr	r3, [r2, #4]
10002fd8:	469c      	mov	ip, r3
10002fda:	17db      	asrs	r3, r3, #31
10002fdc:	930c      	str	r3, [sp, #48]	@ 0x30
10002fde:	930d      	str	r3, [sp, #52]	@ 0x34
10002fe0:	9a0c      	ldr	r2, [sp, #48]	@ 0x30
10002fe2:	9b0d      	ldr	r3, [sp, #52]	@ 0x34
10002fe4:	0010      	movs	r0, r2
10002fe6:	4048      	eors	r0, r1
10002fe8:	900e      	str	r0, [sp, #56]	@ 0x38
10002fea:	9b0d      	ldr	r3, [sp, #52]	@ 0x34
10002fec:	4661      	mov	r1, ip
10002fee:	404b      	eors	r3, r1
10002ff0:	930f      	str	r3, [sp, #60]	@ 0x3c
10002ff2:	980e      	ldr	r0, [sp, #56]	@ 0x38
10002ff4:	990f      	ldr	r1, [sp, #60]	@ 0x3c
10002ff6:	9a0c      	ldr	r2, [sp, #48]	@ 0x30
10002ff8:	9b0d      	ldr	r3, [sp, #52]	@ 0x34
10002ffa:	1a80      	subs	r0, r0, r2
10002ffc:	4199      	sbcs	r1, r3
10002ffe:	900e      	str	r0, [sp, #56]	@ 0x38
10003000:	910f      	str	r1, [sp, #60]	@ 0x3c
10003002:	464b      	mov	r3, r9
10003004:	9308      	str	r3, [sp, #32]
10003006:	9b0b      	ldr	r3, [sp, #44]	@ 0x2c
10003008:	9307      	str	r3, [sp, #28]
1000300a:	9406      	str	r4, [sp, #24]
1000300c:	9604      	str	r6, [sp, #16]
1000300e:	2300      	movs	r3, #0
10003010:	9305      	str	r3, [sp, #20]
10003012:	4663      	mov	r3, ip
10003014:	0fda      	lsrs	r2, r3, #31
10003016:	9202      	str	r2, [sp, #8]
10003018:	9000      	str	r0, [sp, #0]
1000301a:	9101      	str	r1, [sp, #4]
1000301c:	465b      	mov	r3, fp
1000301e:	002a      	movs	r2, r5
10003020:	4651      	mov	r1, sl
10003022:	0038      	movs	r0, r7
10003024:	f7ff fa13 	bl	1000244e <_ntoa_long_long>
10003028:	0005      	movs	r5, r0
1000302a:	e7c8      	b.n	10002fbe <_vsnprintf+0x2f6>
1000302c:	9a1c      	ldr	r2, [sp, #112]	@ 0x70
1000302e:	1d11      	adds	r1, r2, #4
10003030:	911c      	str	r1, [sp, #112]	@ 0x70
10003032:	6812      	ldr	r2, [r2, #0]
10003034:	17d0      	asrs	r0, r2, #31
10003036:	1811      	adds	r1, r2, r0
10003038:	4041      	eors	r1, r0
1000303a:	9305      	str	r3, [sp, #20]
1000303c:	9b0b      	ldr	r3, [sp, #44]	@ 0x2c
1000303e:	9304      	str	r3, [sp, #16]
10003040:	9403      	str	r4, [sp, #12]
10003042:	9602      	str	r6, [sp, #8]
10003044:	0fd2      	lsrs	r2, r2, #31
10003046:	9201      	str	r2, [sp, #4]
10003048:	9100      	str	r1, [sp, #0]
1000304a:	465b      	mov	r3, fp
1000304c:	002a      	movs	r2, r5
1000304e:	4651      	mov	r1, sl
10003050:	0038      	movs	r0, r7
10003052:	f7ff f99e 	bl	10002392 <_ntoa_long>
10003056:	0005      	movs	r5, r0
10003058:	e7b1      	b.n	10002fbe <_vsnprintf+0x2f6>
1000305a:	061a      	lsls	r2, r3, #24
1000305c:	d505      	bpl.n	1000306a <_vsnprintf+0x3a2>
1000305e:	9a1c      	ldr	r2, [sp, #112]	@ 0x70
10003060:	1d11      	adds	r1, r2, #4
10003062:	911c      	str	r1, [sp, #112]	@ 0x70
10003064:	2300      	movs	r3, #0
10003066:	5ed2      	ldrsh	r2, [r2, r3]
10003068:	e796      	b.n	10002f98 <_vsnprintf+0x2d0>
1000306a:	9a1c      	ldr	r2, [sp, #112]	@ 0x70
1000306c:	1d11      	adds	r1, r2, #4
1000306e:	911c      	str	r1, [sp, #112]	@ 0x70
10003070:	6812      	ldr	r2, [r2, #0]
10003072:	e791      	b.n	10002f98 <_vsnprintf+0x2d0>
10003074:	10007364 	.word	0x10007364
10003078:	100073a8 	.word	0x100073a8
1000307c:	100073f4 	.word	0x100073f4
10003080:	00009041 	.word	0x00009041
10003084:	9a1c      	ldr	r2, [sp, #112]	@ 0x70
10003086:	3207      	adds	r2, #7
10003088:	2107      	movs	r1, #7
1000308a:	438a      	bics	r2, r1
1000308c:	0011      	movs	r1, r2
1000308e:	3108      	adds	r1, #8
10003090:	911c      	str	r1, [sp, #112]	@ 0x70
10003092:	9308      	str	r3, [sp, #32]
10003094:	9b0b      	ldr	r3, [sp, #44]	@ 0x2c
10003096:	9307      	str	r3, [sp, #28]
10003098:	9406      	str	r4, [sp, #24]
1000309a:	9604      	str	r6, [sp, #16]
1000309c:	2300      	movs	r3, #0
1000309e:	9305      	str	r3, [sp, #20]
100030a0:	9302      	str	r3, [sp, #8]
100030a2:	6853      	ldr	r3, [r2, #4]
100030a4:	6812      	ldr	r2, [r2, #0]
100030a6:	9200      	str	r2, [sp, #0]
100030a8:	9301      	str	r3, [sp, #4]
100030aa:	465b      	mov	r3, fp
100030ac:	002a      	movs	r2, r5
100030ae:	4651      	mov	r1, sl
100030b0:	0038      	movs	r0, r7
100030b2:	f7ff f9cc 	bl	1000244e <_ntoa_long_long>
100030b6:	0005      	movs	r5, r0
100030b8:	e781      	b.n	10002fbe <_vsnprintf+0x2f6>
100030ba:	9a1c      	ldr	r2, [sp, #112]	@ 0x70
100030bc:	1d11      	adds	r1, r2, #4
100030be:	911c      	str	r1, [sp, #112]	@ 0x70
100030c0:	9305      	str	r3, [sp, #20]
100030c2:	9b0b      	ldr	r3, [sp, #44]	@ 0x2c
100030c4:	9304      	str	r3, [sp, #16]
100030c6:	9403      	str	r4, [sp, #12]
100030c8:	9602      	str	r6, [sp, #8]
100030ca:	2300      	movs	r3, #0
100030cc:	9301      	str	r3, [sp, #4]
100030ce:	6813      	ldr	r3, [r2, #0]
100030d0:	9300      	str	r3, [sp, #0]
100030d2:	465b      	mov	r3, fp
100030d4:	002a      	movs	r2, r5
100030d6:	4651      	mov	r1, sl
100030d8:	0038      	movs	r0, r7
100030da:	f7ff f95a 	bl	10002392 <_ntoa_long>
100030de:	0005      	movs	r5, r0
100030e0:	e76d      	b.n	10002fbe <_vsnprintf+0x2f6>
100030e2:	061a      	lsls	r2, r3, #24
100030e4:	d506      	bpl.n	100030f4 <_vsnprintf+0x42c>
100030e6:	9a1c      	ldr	r2, [sp, #112]	@ 0x70
100030e8:	1d11      	adds	r1, r2, #4
100030ea:	911c      	str	r1, [sp, #112]	@ 0x70
100030ec:	6812      	ldr	r2, [r2, #0]
100030ee:	0412      	lsls	r2, r2, #16
100030f0:	0c12      	lsrs	r2, r2, #16
100030f2:	e728      	b.n	10002f46 <_vsnprintf+0x27e>
100030f4:	9a1c      	ldr	r2, [sp, #112]	@ 0x70
100030f6:	1d11      	adds	r1, r2, #4
100030f8:	911c      	str	r1, [sp, #112]	@ 0x70
100030fa:	6812      	ldr	r2, [r2, #0]
100030fc:	e723      	b.n	10002f46 <_vsnprintf+0x27e>
100030fe:	2846      	cmp	r0, #70	@ 0x46
10003100:	d01a      	beq.n	10003138 <_vsnprintf+0x470>
10003102:	9b1c      	ldr	r3, [sp, #112]	@ 0x70
10003104:	3307      	adds	r3, #7
10003106:	2207      	movs	r2, #7
10003108:	4393      	bics	r3, r2
1000310a:	001a      	movs	r2, r3
1000310c:	3208      	adds	r2, #8
1000310e:	921c      	str	r2, [sp, #112]	@ 0x70
10003110:	464a      	mov	r2, r9
10003112:	9204      	str	r2, [sp, #16]
10003114:	9a0b      	ldr	r2, [sp, #44]	@ 0x2c
10003116:	9203      	str	r2, [sp, #12]
10003118:	9402      	str	r4, [sp, #8]
1000311a:	681a      	ldr	r2, [r3, #0]
1000311c:	685b      	ldr	r3, [r3, #4]
1000311e:	9200      	str	r2, [sp, #0]
10003120:	9301      	str	r3, [sp, #4]
10003122:	465b      	mov	r3, fp
10003124:	002a      	movs	r2, r5
10003126:	4651      	mov	r1, sl
10003128:	0038      	movs	r0, r7
1000312a:	f7ff fc29 	bl	10002980 <_ftoa>
1000312e:	0005      	movs	r5, r0
10003130:	9b11      	ldr	r3, [sp, #68]	@ 0x44
10003132:	3301      	adds	r3, #1
10003134:	9311      	str	r3, [sp, #68]	@ 0x44
10003136:	e5e0      	b.n	10002cfa <_vsnprintf+0x32>
10003138:	2320      	movs	r3, #32
1000313a:	464a      	mov	r2, r9
1000313c:	431a      	orrs	r2, r3
1000313e:	4691      	mov	r9, r2
10003140:	e7df      	b.n	10003102 <_vsnprintf+0x43a>
10003142:	2867      	cmp	r0, #103	@ 0x67
10003144:	d001      	beq.n	1000314a <_vsnprintf+0x482>
10003146:	2847      	cmp	r0, #71	@ 0x47
10003148:	d104      	bne.n	10003154 <_vsnprintf+0x48c>
1000314a:	2380      	movs	r3, #128	@ 0x80
1000314c:	011b      	lsls	r3, r3, #4
1000314e:	464a      	mov	r2, r9
10003150:	431a      	orrs	r2, r3
10003152:	4691      	mov	r9, r2
10003154:	2845      	cmp	r0, #69	@ 0x45
10003156:	d001      	beq.n	1000315c <_vsnprintf+0x494>
10003158:	2847      	cmp	r0, #71	@ 0x47
1000315a:	d103      	bne.n	10003164 <_vsnprintf+0x49c>
1000315c:	2320      	movs	r3, #32
1000315e:	464a      	mov	r2, r9
10003160:	431a      	orrs	r2, r3
10003162:	4691      	mov	r9, r2
10003164:	9b1c      	ldr	r3, [sp, #112]	@ 0x70
10003166:	3307      	adds	r3, #7
10003168:	2207      	movs	r2, #7
1000316a:	4393      	bics	r3, r2
1000316c:	001a      	movs	r2, r3
1000316e:	3208      	adds	r2, #8
10003170:	921c      	str	r2, [sp, #112]	@ 0x70
10003172:	464a      	mov	r2, r9
10003174:	9204      	str	r2, [sp, #16]
10003176:	9a0b      	ldr	r2, [sp, #44]	@ 0x2c
10003178:	9203      	str	r2, [sp, #12]
1000317a:	9402      	str	r4, [sp, #8]
1000317c:	681a      	ldr	r2, [r3, #0]
1000317e:	685b      	ldr	r3, [r3, #4]
10003180:	9200      	str	r2, [sp, #0]
10003182:	9301      	str	r3, [sp, #4]
10003184:	465b      	mov	r3, fp
10003186:	002a      	movs	r2, r5
10003188:	4651      	mov	r1, sl
1000318a:	0038      	movs	r0, r7
1000318c:	f7ff f9e6 	bl	1000255c <_etoa>
10003190:	0005      	movs	r5, r0
10003192:	9b11      	ldr	r3, [sp, #68]	@ 0x44
10003194:	3301      	adds	r3, #1
10003196:	9311      	str	r3, [sp, #68]	@ 0x44
10003198:	e5af      	b.n	10002cfa <_vsnprintf+0x32>
1000319a:	2302      	movs	r3, #2
1000319c:	464e      	mov	r6, r9
1000319e:	401e      	ands	r6, r3
100031a0:	464a      	mov	r2, r9
100031a2:	4213      	tst	r3, r2
100031a4:	d01e      	beq.n	100031e4 <_vsnprintf+0x51c>
100031a6:	2401      	movs	r4, #1
100031a8:	9b1c      	ldr	r3, [sp, #112]	@ 0x70
100031aa:	1d1a      	adds	r2, r3, #4
100031ac:	921c      	str	r2, [sp, #112]	@ 0x70
100031ae:	1c6a      	adds	r2, r5, #1
100031b0:	4690      	mov	r8, r2
100031b2:	7818      	ldrb	r0, [r3, #0]
100031b4:	465b      	mov	r3, fp
100031b6:	002a      	movs	r2, r5
100031b8:	4651      	mov	r1, sl
100031ba:	47b8      	blx	r7
100031bc:	2e00      	cmp	r6, #0
100031be:	d114      	bne.n	100031ea <_vsnprintf+0x522>
100031c0:	9b11      	ldr	r3, [sp, #68]	@ 0x44
100031c2:	3301      	adds	r3, #1
100031c4:	9311      	str	r3, [sp, #68]	@ 0x44
100031c6:	4645      	mov	r5, r8
100031c8:	e597      	b.n	10002cfa <_vsnprintf+0x32>
100031ca:	1c55      	adds	r5, r2, #1
100031cc:	465b      	mov	r3, fp
100031ce:	4651      	mov	r1, sl
100031d0:	2020      	movs	r0, #32
100031d2:	47b8      	blx	r7
100031d4:	0023      	movs	r3, r4
100031d6:	002a      	movs	r2, r5
100031d8:	1c5c      	adds	r4, r3, #1
100031da:	990b      	ldr	r1, [sp, #44]	@ 0x2c
100031dc:	4299      	cmp	r1, r3
100031de:	d8f4      	bhi.n	100031ca <_vsnprintf+0x502>
100031e0:	0015      	movs	r5, r2
100031e2:	e7e1      	b.n	100031a8 <_vsnprintf+0x4e0>
100031e4:	2301      	movs	r3, #1
100031e6:	002a      	movs	r2, r5
100031e8:	e7f6      	b.n	100031d8 <_vsnprintf+0x510>
100031ea:	4642      	mov	r2, r8
100031ec:	e006      	b.n	100031fc <_vsnprintf+0x534>
100031ee:	1c56      	adds	r6, r2, #1
100031f0:	465b      	mov	r3, fp
100031f2:	4651      	mov	r1, sl
100031f4:	2020      	movs	r0, #32
100031f6:	47b8      	blx	r7
100031f8:	002c      	movs	r4, r5
100031fa:	0032      	movs	r2, r6
100031fc:	1c65      	adds	r5, r4, #1
100031fe:	9b0b      	ldr	r3, [sp, #44]	@ 0x2c
10003200:	42a3      	cmp	r3, r4
10003202:	d8f4      	bhi.n	100031ee <_vsnprintf+0x526>
10003204:	4690      	mov	r8, r2
10003206:	e7db      	b.n	100031c0 <_vsnprintf+0x4f8>
10003208:	3301      	adds	r3, #1
1000320a:	000a      	movs	r2, r1
1000320c:	7819      	ldrb	r1, [r3, #0]
1000320e:	2900      	cmp	r1, #0
10003210:	d002      	beq.n	10003218 <_vsnprintf+0x550>
10003212:	1e51      	subs	r1, r2, #1
10003214:	2a00      	cmp	r2, #0
10003216:	d1f7      	bne.n	10003208 <_vsnprintf+0x540>
10003218:	1b9b      	subs	r3, r3, r6
1000321a:	2280      	movs	r2, #128	@ 0x80
1000321c:	00d2      	lsls	r2, r2, #3
1000321e:	4649      	mov	r1, r9
10003220:	4011      	ands	r1, r2
10003222:	4688      	mov	r8, r1
10003224:	4649      	mov	r1, r9
10003226:	4211      	tst	r1, r2
10003228:	d002      	beq.n	10003230 <_vsnprintf+0x568>
1000322a:	42a3      	cmp	r3, r4
1000322c:	d900      	bls.n	10003230 <_vsnprintf+0x568>
1000322e:	0023      	movs	r3, r4
10003230:	2202      	movs	r2, #2
10003232:	4649      	mov	r1, r9
10003234:	4011      	ands	r1, r2
10003236:	9110      	str	r1, [sp, #64]	@ 0x40
10003238:	4649      	mov	r1, r9
1000323a:	420a      	tst	r2, r1
1000323c:	d008      	beq.n	10003250 <_vsnprintf+0x588>
1000323e:	002a      	movs	r2, r5
10003240:	0025      	movs	r5, r4
10003242:	4699      	mov	r9, r3
10003244:	003b      	movs	r3, r7
10003246:	4647      	mov	r7, r8
10003248:	4698      	mov	r8, r3
1000324a:	e026      	b.n	1000329a <_vsnprintf+0x5d2>
1000324c:	0022      	movs	r2, r4
1000324e:	e644      	b.n	10002eda <_vsnprintf+0x212>
10003250:	46a1      	mov	r9, r4
10003252:	002a      	movs	r2, r5
10003254:	4651      	mov	r1, sl
10003256:	46b2      	mov	sl, r6
10003258:	000e      	movs	r6, r1
1000325a:	e006      	b.n	1000326a <_vsnprintf+0x5a2>
1000325c:	1c55      	adds	r5, r2, #1
1000325e:	465b      	mov	r3, fp
10003260:	0031      	movs	r1, r6
10003262:	2020      	movs	r0, #32
10003264:	47b8      	blx	r7
10003266:	0023      	movs	r3, r4
10003268:	002a      	movs	r2, r5
1000326a:	1c5c      	adds	r4, r3, #1
1000326c:	990b      	ldr	r1, [sp, #44]	@ 0x2c
1000326e:	4299      	cmp	r1, r3
10003270:	d8f4      	bhi.n	1000325c <_vsnprintf+0x594>
10003272:	0015      	movs	r5, r2
10003274:	0022      	movs	r2, r4
10003276:	464c      	mov	r4, r9
10003278:	0033      	movs	r3, r6
1000327a:	4656      	mov	r6, sl
1000327c:	469a      	mov	sl, r3
1000327e:	4691      	mov	r9, r2
10003280:	002a      	movs	r2, r5
10003282:	0025      	movs	r5, r4
10003284:	003b      	movs	r3, r7
10003286:	4647      	mov	r7, r8
10003288:	4698      	mov	r8, r3
1000328a:	e006      	b.n	1000329a <_vsnprintf+0x5d2>
1000328c:	001d      	movs	r5, r3
1000328e:	3601      	adds	r6, #1
10003290:	1c54      	adds	r4, r2, #1
10003292:	465b      	mov	r3, fp
10003294:	4651      	mov	r1, sl
10003296:	47c0      	blx	r8
10003298:	0022      	movs	r2, r4
1000329a:	7830      	ldrb	r0, [r6, #0]
1000329c:	2800      	cmp	r0, #0
1000329e:	d004      	beq.n	100032aa <_vsnprintf+0x5e2>
100032a0:	2f00      	cmp	r7, #0
100032a2:	d0f4      	beq.n	1000328e <_vsnprintf+0x5c6>
100032a4:	1e6b      	subs	r3, r5, #1
100032a6:	2d00      	cmp	r5, #0
100032a8:	d1f0      	bne.n	1000328c <_vsnprintf+0x5c4>
100032aa:	0015      	movs	r5, r2
100032ac:	464b      	mov	r3, r9
100032ae:	4647      	mov	r7, r8
100032b0:	9a10      	ldr	r2, [sp, #64]	@ 0x40
100032b2:	2a00      	cmp	r2, #0
100032b4:	d103      	bne.n	100032be <_vsnprintf+0x5f6>
100032b6:	9b11      	ldr	r3, [sp, #68]	@ 0x44
100032b8:	3301      	adds	r3, #1
100032ba:	9311      	str	r3, [sp, #68]	@ 0x44
100032bc:	e51d      	b.n	10002cfa <_vsnprintf+0x32>
100032be:	9e0b      	ldr	r6, [sp, #44]	@ 0x2c
100032c0:	002a      	movs	r2, r5
100032c2:	e006      	b.n	100032d2 <_vsnprintf+0x60a>
100032c4:	1c55      	adds	r5, r2, #1
100032c6:	465b      	mov	r3, fp
100032c8:	4651      	mov	r1, sl
100032ca:	2020      	movs	r0, #32
100032cc:	47b8      	blx	r7
100032ce:	0023      	movs	r3, r4
100032d0:	002a      	movs	r2, r5
100032d2:	1c5c      	adds	r4, r3, #1
100032d4:	429e      	cmp	r6, r3
100032d6:	d8f5      	bhi.n	100032c4 <_vsnprintf+0x5fc>
100032d8:	0015      	movs	r5, r2
100032da:	e7ec      	b.n	100032b6 <_vsnprintf+0x5ee>
100032dc:	2321      	movs	r3, #33	@ 0x21
100032de:	464a      	mov	r2, r9
100032e0:	431a      	orrs	r2, r3
100032e2:	0013      	movs	r3, r2
100032e4:	9a1c      	ldr	r2, [sp, #112]	@ 0x70
100032e6:	1d11      	adds	r1, r2, #4
100032e8:	911c      	str	r1, [sp, #112]	@ 0x70
100032ea:	6812      	ldr	r2, [r2, #0]
100032ec:	9305      	str	r3, [sp, #20]
100032ee:	2308      	movs	r3, #8
100032f0:	9304      	str	r3, [sp, #16]
100032f2:	9403      	str	r4, [sp, #12]
100032f4:	3308      	adds	r3, #8
100032f6:	9302      	str	r3, [sp, #8]
100032f8:	2300      	movs	r3, #0
100032fa:	9301      	str	r3, [sp, #4]
100032fc:	9200      	str	r2, [sp, #0]
100032fe:	465b      	mov	r3, fp
10003300:	002a      	movs	r2, r5
10003302:	4651      	mov	r1, sl
10003304:	0038      	movs	r0, r7
10003306:	f7ff f844 	bl	10002392 <_ntoa_long>
1000330a:	0005      	movs	r5, r0
1000330c:	9b11      	ldr	r3, [sp, #68]	@ 0x44
1000330e:	3301      	adds	r3, #1
10003310:	9311      	str	r3, [sp, #68]	@ 0x44
10003312:	e4f2      	b.n	10002cfa <_vsnprintf+0x32>
10003314:	1c6c      	adds	r4, r5, #1
10003316:	465b      	mov	r3, fp
10003318:	002a      	movs	r2, r5
1000331a:	4651      	mov	r1, sl
1000331c:	2025      	movs	r0, #37	@ 0x25
1000331e:	47b8      	blx	r7
10003320:	9b11      	ldr	r3, [sp, #68]	@ 0x44
10003322:	3301      	adds	r3, #1
10003324:	9311      	str	r3, [sp, #68]	@ 0x44
10003326:	0025      	movs	r5, r4
10003328:	e4e7      	b.n	10002cfa <_vsnprintf+0x32>
1000332a:	1c6c      	adds	r4, r5, #1
1000332c:	465b      	mov	r3, fp
1000332e:	002a      	movs	r2, r5
10003330:	4651      	mov	r1, sl
10003332:	47b8      	blx	r7
10003334:	9b11      	ldr	r3, [sp, #68]	@ 0x44
10003336:	3301      	adds	r3, #1
10003338:	9311      	str	r3, [sp, #68]	@ 0x44
1000333a:	0025      	movs	r5, r4
1000333c:	e4dd      	b.n	10002cfa <_vsnprintf+0x32>
1000333e:	4f0a      	ldr	r7, [pc, #40]	@ (10003368 <_vsnprintf+0x6a0>)
10003340:	e4d0      	b.n	10002ce4 <_vsnprintf+0x1c>
10003342:	455d      	cmp	r5, fp
10003344:	d30d      	bcc.n	10003362 <_vsnprintf+0x69a>
10003346:	465b      	mov	r3, fp
10003348:	1e5a      	subs	r2, r3, #1
1000334a:	465b      	mov	r3, fp
1000334c:	4651      	mov	r1, sl
1000334e:	2000      	movs	r0, #0
10003350:	47b8      	blx	r7
10003352:	0028      	movs	r0, r5
10003354:	b013      	add	sp, #76	@ 0x4c
10003356:	bcf0      	pop	{r4, r5, r6, r7}
10003358:	46bb      	mov	fp, r7
1000335a:	46b2      	mov	sl, r6
1000335c:	46a9      	mov	r9, r5
1000335e:	46a0      	mov	r8, r4
10003360:	bdf0      	pop	{r4, r5, r6, r7, pc}
10003362:	002a      	movs	r2, r5
10003364:	e7f1      	b.n	1000334a <_vsnprintf+0x682>
10003366:	46c0      	nop			@ (mov r8, r8)
10003368:	100021a1 	.word	0x100021a1

1000336c <vfctprintf>:
1000336c:	b510      	push	{r4, lr}
1000336e:	b084      	sub	sp, #16
10003370:	000c      	movs	r4, r1
10003372:	a902      	add	r1, sp, #8
10003374:	9002      	str	r0, [sp, #8]
10003376:	604c      	str	r4, [r1, #4]
10003378:	2401      	movs	r4, #1
1000337a:	4804      	ldr	r0, [pc, #16]	@ (1000338c <vfctprintf+0x20>)
1000337c:	9300      	str	r3, [sp, #0]
1000337e:	0013      	movs	r3, r2
10003380:	4262      	negs	r2, r4
10003382:	f7ff fca1 	bl	10002cc8 <_vsnprintf>
10003386:	b004      	add	sp, #16
10003388:	bd10      	pop	{r4, pc}
1000338a:	46c0      	nop			@ (mov r8, r8)
1000338c:	100021a3 	.word	0x100021a3

10003390 <_exit>:
10003390:	be00      	bkpt	0x0000
10003392:	e7fd      	b.n	10003390 <_exit>

10003394 <exit>:
10003394:	b510      	push	{r4, lr}
10003396:	f7ff fffb 	bl	10003390 <_exit>
	...

1000339c <__assert_func>:
1000339c:	b530      	push	{r4, r5, lr}
1000339e:	b083      	sub	sp, #12
100033a0:	000d      	movs	r5, r1
100033a2:	0019      	movs	r1, r3
100033a4:	2a00      	cmp	r2, #0
100033a6:	d00b      	beq.n	100033c0 <__assert_func+0x24>
100033a8:	4b07      	ldr	r3, [pc, #28]	@ (100033c8 <__assert_func+0x2c>)
100033aa:	4c08      	ldr	r4, [pc, #32]	@ (100033cc <__assert_func+0x30>)
100033ac:	9201      	str	r2, [sp, #4]
100033ae:	9300      	str	r3, [sp, #0]
100033b0:	002b      	movs	r3, r5
100033b2:	0002      	movs	r2, r0
100033b4:	0020      	movs	r0, r4
100033b6:	f000 f961 	bl	1000367c <__wrap_printf>
100033ba:	2001      	movs	r0, #1
100033bc:	f7ff ffe8 	bl	10003390 <_exit>
100033c0:	4b03      	ldr	r3, [pc, #12]	@ (100033d0 <__assert_func+0x34>)
100033c2:	001a      	movs	r2, r3
100033c4:	e7f1      	b.n	100033aa <__assert_func+0xe>
100033c6:	46c0      	nop			@ (mov r8, r8)
100033c8:	10006cac 	.word	0x10006cac
100033cc:	10006cbc 	.word	0x10006cbc
100033d0:	10006cb8 	.word	0x10006cb8

100033d4 <runtime_init>:
100033d4:	b510      	push	{r4, lr}
100033d6:	f3ef 8305 	mrs	r3, IPSR
100033da:	2b00      	cmp	r3, #0
100033dc:	d000      	beq.n	100033e0 <runtime_init+0xc>
100033de:	be00      	bkpt	0x0000
100033e0:	f7fe f9b8 	bl	10001754 <runtime_run_initializers>
100033e4:	4c03      	ldr	r4, [pc, #12]	@ (100033f4 <runtime_init+0x20>)
100033e6:	e001      	b.n	100033ec <runtime_init+0x18>
100033e8:	cc08      	ldmia	r4!, {r3}
100033ea:	4798      	blx	r3
100033ec:	4b02      	ldr	r3, [pc, #8]	@ (100033f8 <runtime_init+0x24>)
100033ee:	429c      	cmp	r4, r3
100033f0:	d3fa      	bcc.n	100033e8 <runtime_init+0x14>
100033f2:	bd10      	pop	{r4, pc}
100033f4:	1000653c 	.word	0x1000653c
100033f8:	10006544 	.word	0x10006544

100033fc <stdio_out_chars_no_crlf>:
100033fc:	b510      	push	{r4, lr}
100033fe:	0003      	movs	r3, r0
10003400:	0008      	movs	r0, r1
10003402:	0011      	movs	r1, r2
10003404:	681b      	ldr	r3, [r3, #0]
10003406:	4798      	blx	r3
10003408:	bd10      	pop	{r4, pc}
	...

1000340c <stdio_out_chars_crlf>:
1000340c:	b5f8      	push	{r3, r4, r5, r6, r7, lr}
1000340e:	0007      	movs	r7, r0
10003410:	000d      	movs	r5, r1
10003412:	0016      	movs	r6, r2
10003414:	7d43      	ldrb	r3, [r0, #21]
10003416:	2b00      	cmp	r3, #0
10003418:	d002      	beq.n	10003420 <stdio_out_chars_crlf+0x14>
1000341a:	2400      	movs	r4, #0
1000341c:	2000      	movs	r0, #0
1000341e:	e00c      	b.n	1000343a <stdio_out_chars_crlf+0x2e>
10003420:	6803      	ldr	r3, [r0, #0]
10003422:	0011      	movs	r1, r2
10003424:	0028      	movs	r0, r5
10003426:	4798      	blx	r3
10003428:	e02d      	b.n	10003486 <stdio_out_chars_crlf+0x7a>
1000342a:	7d3b      	ldrb	r3, [r7, #20]
1000342c:	e010      	b.n	10003450 <stdio_out_chars_crlf+0x44>
1000342e:	683b      	ldr	r3, [r7, #0]
10003430:	4815      	ldr	r0, [pc, #84]	@ (10003488 <stdio_out_chars_crlf+0x7c>)
10003432:	2102      	movs	r1, #2
10003434:	4798      	blx	r3
10003436:	1c60      	adds	r0, r4, #1
10003438:	3401      	adds	r4, #1
1000343a:	42b4      	cmp	r4, r6
1000343c:	da14      	bge.n	10003468 <stdio_out_chars_crlf+0x5c>
1000343e:	2c00      	cmp	r4, #0
10003440:	ddf3      	ble.n	1000342a <stdio_out_chars_crlf+0x1e>
10003442:	192b      	adds	r3, r5, r4
10003444:	3b01      	subs	r3, #1
10003446:	781b      	ldrb	r3, [r3, #0]
10003448:	3b0d      	subs	r3, #13
1000344a:	425a      	negs	r2, r3
1000344c:	4153      	adcs	r3, r2
1000344e:	b2db      	uxtb	r3, r3
10003450:	5d2a      	ldrb	r2, [r5, r4]
10003452:	2a0a      	cmp	r2, #10
10003454:	d1f0      	bne.n	10003438 <stdio_out_chars_crlf+0x2c>
10003456:	2b00      	cmp	r3, #0
10003458:	d1ee      	bne.n	10003438 <stdio_out_chars_crlf+0x2c>
1000345a:	42a0      	cmp	r0, r4
1000345c:	dae7      	bge.n	1000342e <stdio_out_chars_crlf+0x22>
1000345e:	683b      	ldr	r3, [r7, #0]
10003460:	1a21      	subs	r1, r4, r0
10003462:	1828      	adds	r0, r5, r0
10003464:	4798      	blx	r3
10003466:	e7e2      	b.n	1000342e <stdio_out_chars_crlf+0x22>
10003468:	42b0      	cmp	r0, r6
1000346a:	da03      	bge.n	10003474 <stdio_out_chars_crlf+0x68>
1000346c:	683b      	ldr	r3, [r7, #0]
1000346e:	1a31      	subs	r1, r6, r0
10003470:	1828      	adds	r0, r5, r0
10003472:	4798      	blx	r3
10003474:	2e00      	cmp	r6, #0
10003476:	dd06      	ble.n	10003486 <stdio_out_chars_crlf+0x7a>
10003478:	19ad      	adds	r5, r5, r6
1000347a:	3d01      	subs	r5, #1
1000347c:	782b      	ldrb	r3, [r5, #0]
1000347e:	3b0d      	subs	r3, #13
10003480:	425a      	negs	r2, r3
10003482:	4153      	adcs	r3, r2
10003484:	753b      	strb	r3, [r7, #20]
10003486:	bdf8      	pop	{r3, r4, r5, r6, r7, pc}
10003488:	10007550 	.word	0x10007550

1000348c <stdio_stack_buffer_flush>:
1000348c:	b570      	push	{r4, r5, r6, lr}
1000348e:	0005      	movs	r5, r0
10003490:	6803      	ldr	r3, [r0, #0]
10003492:	2b00      	cmp	r3, #0
10003494:	d016      	beq.n	100034c4 <stdio_stack_buffer_flush+0x38>
10003496:	4b0c      	ldr	r3, [pc, #48]	@ (100034c8 <stdio_stack_buffer_flush+0x3c>)
10003498:	681c      	ldr	r4, [r3, #0]
1000349a:	e005      	b.n	100034a8 <stdio_stack_buffer_flush+0x1c>
1000349c:	0029      	movs	r1, r5
1000349e:	c904      	ldmia	r1!, {r2}
100034a0:	0020      	movs	r0, r4
100034a2:	f7ff ffb3 	bl	1000340c <stdio_out_chars_crlf>
100034a6:	6924      	ldr	r4, [r4, #16]
100034a8:	2c00      	cmp	r4, #0
100034aa:	d009      	beq.n	100034c0 <stdio_stack_buffer_flush+0x34>
100034ac:	6823      	ldr	r3, [r4, #0]
100034ae:	2b00      	cmp	r3, #0
100034b0:	d0f9      	beq.n	100034a6 <stdio_stack_buffer_flush+0x1a>
100034b2:	4b06      	ldr	r3, [pc, #24]	@ (100034cc <stdio_stack_buffer_flush+0x40>)
100034b4:	681b      	ldr	r3, [r3, #0]
100034b6:	2b00      	cmp	r3, #0
100034b8:	d0f0      	beq.n	1000349c <stdio_stack_buffer_flush+0x10>
100034ba:	42a3      	cmp	r3, r4
100034bc:	d1f3      	bne.n	100034a6 <stdio_stack_buffer_flush+0x1a>
100034be:	e7ed      	b.n	1000349c <stdio_stack_buffer_flush+0x10>
100034c0:	2300      	movs	r3, #0
100034c2:	602b      	str	r3, [r5, #0]
100034c4:	bd70      	pop	{r4, r5, r6, pc}
100034c6:	46c0      	nop			@ (mov r8, r8)
100034c8:	20001540 	.word	0x20001540
100034cc:	20001548 	.word	0x20001548

100034d0 <stdio_buffered_printer>:
100034d0:	b570      	push	{r4, r5, r6, lr}
100034d2:	0005      	movs	r5, r0
100034d4:	000c      	movs	r4, r1
100034d6:	680b      	ldr	r3, [r1, #0]
100034d8:	2b80      	cmp	r3, #128	@ 0x80
100034da:	d005      	beq.n	100034e8 <stdio_buffered_printer+0x18>
100034dc:	6823      	ldr	r3, [r4, #0]
100034de:	1c5a      	adds	r2, r3, #1
100034e0:	6022      	str	r2, [r4, #0]
100034e2:	18e4      	adds	r4, r4, r3
100034e4:	7125      	strb	r5, [r4, #4]
100034e6:	bd70      	pop	{r4, r5, r6, pc}
100034e8:	0008      	movs	r0, r1
100034ea:	f7ff ffcf 	bl	1000348c <stdio_stack_buffer_flush>
100034ee:	e7f5      	b.n	100034dc <stdio_buffered_printer+0xc>

100034f0 <stdout_serialize_begin>:
100034f0:	b510      	push	{r4, lr}
100034f2:	f7fd ff31 	bl	10001358 <time_us_64>
100034f6:	4a07      	ldr	r2, [pc, #28]	@ (10003514 <stdout_serialize_begin+0x24>)
100034f8:	2300      	movs	r3, #0
100034fa:	1812      	adds	r2, r2, r0
100034fc:	414b      	adcs	r3, r1
100034fe:	2b00      	cmp	r3, #0
10003500:	db03      	blt.n	1000350a <stdout_serialize_begin+0x1a>
10003502:	4805      	ldr	r0, [pc, #20]	@ (10003518 <stdout_serialize_begin+0x28>)
10003504:	f002 ffd4 	bl	100064b0 <__mutex_try_enter_block_until_veneer>
10003508:	bd10      	pop	{r4, pc}
1000350a:	2201      	movs	r2, #1
1000350c:	4252      	negs	r2, r2
1000350e:	4b03      	ldr	r3, [pc, #12]	@ (1000351c <stdout_serialize_begin+0x2c>)
10003510:	e7f7      	b.n	10003502 <stdout_serialize_begin+0x12>
10003512:	46c0      	nop			@ (mov r8, r8)
10003514:	000f4240 	.word	0x000f4240
10003518:	20000cb8 	.word	0x20000cb8
1000351c:	7fffffff 	.word	0x7fffffff

10003520 <stdout_serialize_end>:
10003520:	b510      	push	{r4, lr}
10003522:	4802      	ldr	r0, [pc, #8]	@ (1000352c <stdout_serialize_end+0xc>)
10003524:	f002 ff8c 	bl	10006440 <__mutex_exit_veneer>
10003528:	bd10      	pop	{r4, pc}
1000352a:	46c0      	nop			@ (mov r8, r8)
1000352c:	20000cb8 	.word	0x20000cb8

10003530 <stdio_put_string>:
10003530:	b5f0      	push	{r4, r5, r6, r7, lr}
10003532:	46ce      	mov	lr, r9
10003534:	4647      	mov	r7, r8
10003536:	b580      	push	{r7, lr}
10003538:	b083      	sub	sp, #12
1000353a:	0006      	movs	r6, r0
1000353c:	000d      	movs	r5, r1
1000353e:	4690      	mov	r8, r2
10003540:	001c      	movs	r4, r3
10003542:	f7ff ffd5 	bl	100034f0 <stdout_serialize_begin>
10003546:	4681      	mov	r9, r0
10003548:	1c6b      	adds	r3, r5, #1
1000354a:	d005      	beq.n	10003558 <stdio_put_string+0x28>
1000354c:	2c00      	cmp	r4, #0
1000354e:	d008      	beq.n	10003562 <stdio_put_string+0x32>
10003550:	4f18      	ldr	r7, [pc, #96]	@ (100035b4 <stdio_put_string+0x84>)
10003552:	4b19      	ldr	r3, [pc, #100]	@ (100035b8 <stdio_put_string+0x88>)
10003554:	681c      	ldr	r4, [r3, #0]
10003556:	e007      	b.n	10003568 <stdio_put_string+0x38>
10003558:	0030      	movs	r0, r6
1000355a:	f002 ff37 	bl	100063cc <strlen>
1000355e:	0005      	movs	r5, r0
10003560:	e7f4      	b.n	1000354c <stdio_put_string+0x1c>
10003562:	4f16      	ldr	r7, [pc, #88]	@ (100035bc <stdio_put_string+0x8c>)
10003564:	e7f5      	b.n	10003552 <stdio_put_string+0x22>
10003566:	6924      	ldr	r4, [r4, #16]
10003568:	2c00      	cmp	r4, #0
1000356a:	d017      	beq.n	1000359c <stdio_put_string+0x6c>
1000356c:	6823      	ldr	r3, [r4, #0]
1000356e:	2b00      	cmp	r3, #0
10003570:	d0f9      	beq.n	10003566 <stdio_put_string+0x36>
10003572:	4b13      	ldr	r3, [pc, #76]	@ (100035c0 <stdio_put_string+0x90>)
10003574:	681b      	ldr	r3, [r3, #0]
10003576:	2b00      	cmp	r3, #0
10003578:	d001      	beq.n	1000357e <stdio_put_string+0x4e>
1000357a:	42a3      	cmp	r3, r4
1000357c:	d1f3      	bne.n	10003566 <stdio_put_string+0x36>
1000357e:	002a      	movs	r2, r5
10003580:	0031      	movs	r1, r6
10003582:	0020      	movs	r0, r4
10003584:	47b8      	blx	r7
10003586:	4643      	mov	r3, r8
10003588:	2b00      	cmp	r3, #0
1000358a:	d0ec      	beq.n	10003566 <stdio_put_string+0x36>
1000358c:	466b      	mov	r3, sp
1000358e:	1dd9      	adds	r1, r3, #7
10003590:	230a      	movs	r3, #10
10003592:	700b      	strb	r3, [r1, #0]
10003594:	2201      	movs	r2, #1
10003596:	0020      	movs	r0, r4
10003598:	47b8      	blx	r7
1000359a:	e7e4      	b.n	10003566 <stdio_put_string+0x36>
1000359c:	464b      	mov	r3, r9
1000359e:	2b00      	cmp	r3, #0
100035a0:	d105      	bne.n	100035ae <stdio_put_string+0x7e>
100035a2:	0028      	movs	r0, r5
100035a4:	b003      	add	sp, #12
100035a6:	bcc0      	pop	{r6, r7}
100035a8:	46b9      	mov	r9, r7
100035aa:	46b0      	mov	r8, r6
100035ac:	bdf0      	pop	{r4, r5, r6, r7, pc}
100035ae:	f7ff ffb7 	bl	10003520 <stdout_serialize_end>
100035b2:	e7f6      	b.n	100035a2 <stdio_put_string+0x72>
100035b4:	1000340d 	.word	0x1000340d
100035b8:	20001540 	.word	0x20001540
100035bc:	100033fd 	.word	0x100033fd
100035c0:	20001548 	.word	0x20001548

100035c4 <stdio_set_driver_enabled>:
100035c4:	4a0a      	ldr	r2, [pc, #40]	@ (100035f0 <stdio_set_driver_enabled+0x2c>)
100035c6:	6813      	ldr	r3, [r2, #0]
100035c8:	e002      	b.n	100035d0 <stdio_set_driver_enabled+0xc>
100035ca:	001a      	movs	r2, r3
100035cc:	3210      	adds	r2, #16
100035ce:	691b      	ldr	r3, [r3, #16]
100035d0:	2b00      	cmp	r3, #0
100035d2:	d009      	beq.n	100035e8 <stdio_set_driver_enabled+0x24>
100035d4:	6813      	ldr	r3, [r2, #0]
100035d6:	4283      	cmp	r3, r0
100035d8:	d1f7      	bne.n	100035ca <stdio_set_driver_enabled+0x6>
100035da:	2900      	cmp	r1, #0
100035dc:	d107      	bne.n	100035ee <stdio_set_driver_enabled+0x2a>
100035de:	6903      	ldr	r3, [r0, #16]
100035e0:	6013      	str	r3, [r2, #0]
100035e2:	2300      	movs	r3, #0
100035e4:	6103      	str	r3, [r0, #16]
100035e6:	e002      	b.n	100035ee <stdio_set_driver_enabled+0x2a>
100035e8:	2900      	cmp	r1, #0
100035ea:	d000      	beq.n	100035ee <stdio_set_driver_enabled+0x2a>
100035ec:	6010      	str	r0, [r2, #0]
100035ee:	4770      	bx	lr
100035f0:	20001540 	.word	0x20001540

100035f4 <stdio_flush>:
100035f4:	b510      	push	{r4, lr}
100035f6:	4b06      	ldr	r3, [pc, #24]	@ (10003610 <stdio_flush+0x1c>)
100035f8:	681c      	ldr	r4, [r3, #0]
100035fa:	e000      	b.n	100035fe <stdio_flush+0xa>
100035fc:	6924      	ldr	r4, [r4, #16]
100035fe:	2c00      	cmp	r4, #0
10003600:	d004      	beq.n	1000360c <stdio_flush+0x18>
10003602:	6863      	ldr	r3, [r4, #4]
10003604:	2b00      	cmp	r3, #0
10003606:	d0f9      	beq.n	100035fc <stdio_flush+0x8>
10003608:	4798      	blx	r3
1000360a:	e7f7      	b.n	100035fc <stdio_flush+0x8>
1000360c:	bd10      	pop	{r4, pc}
1000360e:	46c0      	nop			@ (mov r8, r8)
10003610:	20001540 	.word	0x20001540

10003614 <stdio_init_all>:
10003614:	b510      	push	{r4, lr}
10003616:	f000 f9c7 	bl	100039a8 <stdio_usb_init>
1000361a:	bd10      	pop	{r4, pc}

1000361c <__wrap_puts>:
1000361c:	b570      	push	{r4, r5, r6, lr}
1000361e:	0005      	movs	r5, r0
10003620:	f002 fed4 	bl	100063cc <strlen>
10003624:	0004      	movs	r4, r0
10003626:	2301      	movs	r3, #1
10003628:	2201      	movs	r2, #1
1000362a:	0001      	movs	r1, r0
1000362c:	0028      	movs	r0, r5
1000362e:	f7ff ff7f 	bl	10003530 <stdio_put_string>
10003632:	f7ff ffdf 	bl	100035f4 <stdio_flush>
10003636:	0020      	movs	r0, r4
10003638:	bd70      	pop	{r4, r5, r6, pc}
	...

1000363c <__wrap_vprintf>:
1000363c:	b5f0      	push	{r4, r5, r6, r7, lr}
1000363e:	b0a3      	sub	sp, #140	@ 0x8c
10003640:	0004      	movs	r4, r0
10003642:	000e      	movs	r6, r1
10003644:	f7ff ff54 	bl	100034f0 <stdout_serialize_begin>
10003648:	0005      	movs	r5, r0
1000364a:	af01      	add	r7, sp, #4
1000364c:	2300      	movs	r3, #0
1000364e:	9301      	str	r3, [sp, #4]
10003650:	4809      	ldr	r0, [pc, #36]	@ (10003678 <__wrap_vprintf+0x3c>)
10003652:	0033      	movs	r3, r6
10003654:	0022      	movs	r2, r4
10003656:	0039      	movs	r1, r7
10003658:	f7ff fe88 	bl	1000336c <vfctprintf>
1000365c:	0004      	movs	r4, r0
1000365e:	0038      	movs	r0, r7
10003660:	f7ff ff14 	bl	1000348c <stdio_stack_buffer_flush>
10003664:	f7ff ffc6 	bl	100035f4 <stdio_flush>
10003668:	2d00      	cmp	r5, #0
1000366a:	d102      	bne.n	10003672 <__wrap_vprintf+0x36>
1000366c:	0020      	movs	r0, r4
1000366e:	b023      	add	sp, #140	@ 0x8c
10003670:	bdf0      	pop	{r4, r5, r6, r7, pc}
10003672:	f7ff ff55 	bl	10003520 <stdout_serialize_end>
10003676:	e7f9      	b.n	1000366c <__wrap_vprintf+0x30>
10003678:	100034d1 	.word	0x100034d1

1000367c <__wrap_printf>:
1000367c:	b40f      	push	{r0, r1, r2, r3}
1000367e:	b500      	push	{lr}
10003680:	b083      	sub	sp, #12
10003682:	a904      	add	r1, sp, #16
10003684:	c901      	ldmia	r1!, {r0}
10003686:	9101      	str	r1, [sp, #4]
10003688:	f7ff ffd8 	bl	1000363c <__wrap_vprintf>
1000368c:	b003      	add	sp, #12
1000368e:	bc08      	pop	{r3}
10003690:	b004      	add	sp, #16
10003692:	4718      	bx	r3

10003694 <resetd_init>:
10003694:	4770      	bx	lr
	...

10003698 <resetd_reset>:
10003698:	4b01      	ldr	r3, [pc, #4]	@ (100036a0 <resetd_reset+0x8>)
1000369a:	2200      	movs	r2, #0
1000369c:	701a      	strb	r2, [r3, #0]
1000369e:	4770      	bx	lr
100036a0:	20001bb2 	.word	0x20001bb2

100036a4 <resetd_open>:
100036a4:	794b      	ldrb	r3, [r1, #5]
100036a6:	2bff      	cmp	r3, #255	@ 0xff
100036a8:	d10c      	bne.n	100036c4 <resetd_open+0x20>
100036aa:	798b      	ldrb	r3, [r1, #6]
100036ac:	2b00      	cmp	r3, #0
100036ae:	d10b      	bne.n	100036c8 <resetd_open+0x24>
100036b0:	79cb      	ldrb	r3, [r1, #7]
100036b2:	2b01      	cmp	r3, #1
100036b4:	d10a      	bne.n	100036cc <resetd_open+0x28>
100036b6:	2a08      	cmp	r2, #8
100036b8:	d90a      	bls.n	100036d0 <resetd_open+0x2c>
100036ba:	788a      	ldrb	r2, [r1, #2]
100036bc:	4b05      	ldr	r3, [pc, #20]	@ (100036d4 <resetd_open+0x30>)
100036be:	701a      	strb	r2, [r3, #0]
100036c0:	2009      	movs	r0, #9
100036c2:	e000      	b.n	100036c6 <resetd_open+0x22>
100036c4:	2000      	movs	r0, #0
100036c6:	4770      	bx	lr
100036c8:	2000      	movs	r0, #0
100036ca:	e7fc      	b.n	100036c6 <resetd_open+0x22>
100036cc:	2000      	movs	r0, #0
100036ce:	e7fa      	b.n	100036c6 <resetd_open+0x22>
100036d0:	2000      	movs	r0, #0
100036d2:	e7f8      	b.n	100036c6 <resetd_open+0x22>
100036d4:	20001bb2 	.word	0x20001bb2

100036d8 <resetd_xfer_cb>:
100036d8:	2001      	movs	r0, #1
100036da:	4770      	bx	lr

100036dc <resetd_control_xfer_cb>:
100036dc:	b510      	push	{r4, lr}
100036de:	2901      	cmp	r1, #1
100036e0:	d127      	bne.n	10003732 <resetd_control_xfer_cb+0x56>
100036e2:	7911      	ldrb	r1, [r2, #4]
100036e4:	7953      	ldrb	r3, [r2, #5]
100036e6:	021b      	lsls	r3, r3, #8
100036e8:	430b      	orrs	r3, r1
100036ea:	4913      	ldr	r1, [pc, #76]	@ (10003738 <resetd_control_xfer_cb+0x5c>)
100036ec:	7809      	ldrb	r1, [r1, #0]
100036ee:	428b      	cmp	r3, r1
100036f0:	d001      	beq.n	100036f6 <resetd_control_xfer_cb+0x1a>
100036f2:	2000      	movs	r0, #0
100036f4:	e01e      	b.n	10003734 <resetd_control_xfer_cb+0x58>
100036f6:	7853      	ldrb	r3, [r2, #1]
100036f8:	2b01      	cmp	r3, #1
100036fa:	d003      	beq.n	10003704 <resetd_control_xfer_cb+0x28>
100036fc:	2b02      	cmp	r3, #2
100036fe:	d011      	beq.n	10003724 <resetd_control_xfer_cb+0x48>
10003700:	2000      	movs	r0, #0
10003702:	e017      	b.n	10003734 <resetd_control_xfer_cb+0x58>
10003704:	7891      	ldrb	r1, [r2, #2]
10003706:	78d3      	ldrb	r3, [r2, #3]
10003708:	021b      	lsls	r3, r3, #8
1000370a:	4319      	orrs	r1, r3
1000370c:	05db      	lsls	r3, r3, #23
1000370e:	d506      	bpl.n	1000371e <resetd_control_xfer_cb+0x42>
10003710:	0a48      	lsrs	r0, r1, #9
10003712:	058a      	lsls	r2, r1, #22
10003714:	0fd2      	lsrs	r2, r2, #31
10003716:	237f      	movs	r3, #127	@ 0x7f
10003718:	4019      	ands	r1, r3
1000371a:	f7fd ffe5 	bl	100016e8 <rom_reset_usb_boot_extra>
1000371e:	2001      	movs	r0, #1
10003720:	4240      	negs	r0, r0
10003722:	e7f6      	b.n	10003712 <resetd_control_xfer_cb+0x36>
10003724:	2264      	movs	r2, #100	@ 0x64
10003726:	2100      	movs	r1, #0
10003728:	2000      	movs	r0, #0
1000372a:	f7fd ff85 	bl	10001638 <watchdog_reboot>
1000372e:	2001      	movs	r0, #1
10003730:	e000      	b.n	10003734 <resetd_control_xfer_cb+0x58>
10003732:	2001      	movs	r0, #1
10003734:	bd10      	pop	{r4, pc}
10003736:	46c0      	nop			@ (mov r8, r8)
10003738:	20001bb2 	.word	0x20001bb2

1000373c <tud_descriptor_bos_cb>:
1000373c:	4800      	ldr	r0, [pc, #0]	@ (10003740 <tud_descriptor_bos_cb+0x4>)
1000373e:	4770      	bx	lr
10003740:	1000761c 	.word	0x1000761c

10003744 <tud_vendor_control_xfer_cb>:
10003744:	b510      	push	{r4, lr}
10003746:	0014      	movs	r4, r2
10003748:	2901      	cmp	r1, #1
1000374a:	d110      	bne.n	1000376e <tud_vendor_control_xfer_cb+0x2a>
1000374c:	7853      	ldrb	r3, [r2, #1]
1000374e:	2b01      	cmp	r3, #1
10003750:	d10f      	bne.n	10003772 <tud_vendor_control_xfer_cb+0x2e>
10003752:	7912      	ldrb	r2, [r2, #4]
10003754:	7963      	ldrb	r3, [r4, #5]
10003756:	021b      	lsls	r3, r3, #8
10003758:	4313      	orrs	r3, r2
1000375a:	2b07      	cmp	r3, #7
1000375c:	d001      	beq.n	10003762 <tud_vendor_control_xfer_cb+0x1e>
1000375e:	2000      	movs	r0, #0
10003760:	e006      	b.n	10003770 <tud_vendor_control_xfer_cb+0x2c>
10003762:	4a05      	ldr	r2, [pc, #20]	@ (10003778 <tud_vendor_control_xfer_cb+0x34>)
10003764:	339f      	adds	r3, #159	@ 0x9f
10003766:	0021      	movs	r1, r4
10003768:	f001 fb54 	bl	10004e14 <tud_control_xfer>
1000376c:	e000      	b.n	10003770 <tud_vendor_control_xfer_cb+0x2c>
1000376e:	2001      	movs	r0, #1
10003770:	bd10      	pop	{r4, pc}
10003772:	2000      	movs	r0, #0
10003774:	e7fc      	b.n	10003770 <tud_vendor_control_xfer_cb+0x2c>
10003776:	46c0      	nop			@ (mov r8, r8)
10003778:	10007574 	.word	0x10007574

1000377c <usbd_app_driver_get_cb>:
1000377c:	2301      	movs	r3, #1
1000377e:	7003      	strb	r3, [r0, #0]
10003780:	4800      	ldr	r0, [pc, #0]	@ (10003784 <usbd_app_driver_get_cb+0x8>)
10003782:	4770      	bx	lr
10003784:	10007554 	.word	0x10007554

10003788 <tud_cdc_line_coding_cb>:
10003788:	b510      	push	{r4, lr}
1000378a:	780a      	ldrb	r2, [r1, #0]
1000378c:	784b      	ldrb	r3, [r1, #1]
1000378e:	021b      	lsls	r3, r3, #8
10003790:	4313      	orrs	r3, r2
10003792:	788a      	ldrb	r2, [r1, #2]
10003794:	0412      	lsls	r2, r2, #16
10003796:	431a      	orrs	r2, r3
10003798:	78cb      	ldrb	r3, [r1, #3]
1000379a:	061b      	lsls	r3, r3, #24
1000379c:	4313      	orrs	r3, r2
1000379e:	2296      	movs	r2, #150	@ 0x96
100037a0:	00d2      	lsls	r2, r2, #3
100037a2:	4293      	cmp	r3, r2
100037a4:	d000      	beq.n	100037a8 <tud_cdc_line_coding_cb+0x20>
100037a6:	bd10      	pop	{r4, pc}
100037a8:	2001      	movs	r0, #1
100037aa:	2200      	movs	r2, #0
100037ac:	0011      	movs	r1, r2
100037ae:	4240      	negs	r0, r0
100037b0:	f7fd ff9a 	bl	100016e8 <rom_reset_usb_boot_extra>

100037b4 <stdio_usb_set_chars_available_callback>:
100037b4:	4b02      	ldr	r3, [pc, #8]	@ (100037c0 <stdio_usb_set_chars_available_callback+0xc>)
100037b6:	6018      	str	r0, [r3, #0]
100037b8:	4b02      	ldr	r3, [pc, #8]	@ (100037c4 <stdio_usb_set_chars_available_callback+0x10>)
100037ba:	6019      	str	r1, [r3, #0]
100037bc:	4770      	bx	lr
100037be:	46c0      	nop			@ (mov r8, r8)
100037c0:	200014e0 	.word	0x200014e0
100037c4:	200014e4 	.word	0x200014e4

100037c8 <stdio_usb_out_flush>:
100037c8:	b510      	push	{r4, lr}
100037ca:	f7fd fdc5 	bl	10001358 <time_us_64>
100037ce:	4a0e      	ldr	r2, [pc, #56]	@ (10003808 <stdio_usb_out_flush+0x40>)
100037d0:	2300      	movs	r3, #0
100037d2:	1812      	adds	r2, r2, r0
100037d4:	414b      	adcs	r3, r1
100037d6:	2b00      	cmp	r3, #0
100037d8:	db12      	blt.n	10003800 <stdio_usb_out_flush+0x38>
100037da:	480c      	ldr	r0, [pc, #48]	@ (1000380c <stdio_usb_out_flush+0x44>)
100037dc:	f002 fe68 	bl	100064b0 <__mutex_try_enter_block_until_veneer>
100037e0:	2800      	cmp	r0, #0
100037e2:	d00c      	beq.n	100037fe <stdio_usb_out_flush+0x36>
100037e4:	2001      	movs	r0, #1
100037e6:	2100      	movs	r1, #0
100037e8:	4240      	negs	r0, r0
100037ea:	f001 f9d9 	bl	10004ba0 <tud_task_ext>
100037ee:	2000      	movs	r0, #0
100037f0:	f001 fc78 	bl	100050e4 <tud_cdc_n_write_flush>
100037f4:	2800      	cmp	r0, #0
100037f6:	d1f5      	bne.n	100037e4 <stdio_usb_out_flush+0x1c>
100037f8:	4804      	ldr	r0, [pc, #16]	@ (1000380c <stdio_usb_out_flush+0x44>)
100037fa:	f002 fe21 	bl	10006440 <__mutex_exit_veneer>
100037fe:	bd10      	pop	{r4, pc}
10003800:	2201      	movs	r2, #1
10003802:	4252      	negs	r2, r2
10003804:	4b02      	ldr	r3, [pc, #8]	@ (10003810 <stdio_usb_out_flush+0x48>)
10003806:	e7e8      	b.n	100037da <stdio_usb_out_flush+0x12>
10003808:	000f4240 	.word	0x000f4240
1000380c:	20001b94 	.word	0x20001b94
10003810:	7fffffff 	.word	0x7fffffff

10003814 <usb_irq>:
10003814:	b510      	push	{r4, lr}
10003816:	4b02      	ldr	r3, [pc, #8]	@ (10003820 <usb_irq+0xc>)
10003818:	7818      	ldrb	r0, [r3, #0]
1000381a:	f7fc ff3d 	bl	10000698 <irq_set_pending>
1000381e:	bd10      	pop	{r4, pc}
10003820:	20001bb3 	.word	0x20001bb3

10003824 <timer_task>:
10003824:	b570      	push	{r4, r5, r6, lr}
10003826:	4b17      	ldr	r3, [pc, #92]	@ (10003884 <timer_task+0x60>)
10003828:	681b      	ldr	r3, [r3, #0]
1000382a:	2b00      	cmp	r3, #0
1000382c:	d020      	beq.n	10003870 <timer_task+0x4c>
1000382e:	f3ef 8210 	mrs	r2, PRIMASK
10003832:	b672      	cpsid	i
10003834:	0010      	movs	r0, r2
10003836:	6819      	ldr	r1, [r3, #0]
10003838:	2900      	cmp	r1, #0
1000383a:	d0fc      	beq.n	10003836 <timer_task+0x12>
1000383c:	f3bf 8f5f 	dmb	sy
10003840:	4910      	ldr	r1, [pc, #64]	@ (10003884 <timer_task+0x60>)
10003842:	604a      	str	r2, [r1, #4]
10003844:	4b10      	ldr	r3, [pc, #64]	@ (10003888 <timer_task+0x64>)
10003846:	2200      	movs	r2, #0
10003848:	701a      	strb	r2, [r3, #0]
1000384a:	680b      	ldr	r3, [r1, #0]
1000384c:	f3bf 8f5f 	dmb	sy
10003850:	601a      	str	r2, [r3, #0]
10003852:	f380 8810 	msr	PRIMASK, r0
10003856:	2400      	movs	r4, #0
10003858:	2500      	movs	r5, #0
1000385a:	4b0c      	ldr	r3, [pc, #48]	@ (1000388c <timer_task+0x68>)
1000385c:	7818      	ldrb	r0, [r3, #0]
1000385e:	f7fc fef7 	bl	10000650 <irq_is_enabled>
10003862:	2800      	cmp	r0, #0
10003864:	d108      	bne.n	10003878 <timer_task+0x54>
10003866:	2400      	movs	r4, #0
10003868:	2500      	movs	r5, #0
1000386a:	0020      	movs	r0, r4
1000386c:	0029      	movs	r1, r5
1000386e:	bd70      	pop	{r4, r5, r6, pc}
10003870:	24fa      	movs	r4, #250	@ 0xfa
10003872:	00a4      	lsls	r4, r4, #2
10003874:	2500      	movs	r5, #0
10003876:	e7f0      	b.n	1000385a <timer_task+0x36>
10003878:	4b04      	ldr	r3, [pc, #16]	@ (1000388c <timer_task+0x68>)
1000387a:	7818      	ldrb	r0, [r3, #0]
1000387c:	f7fc ff0c 	bl	10000698 <irq_set_pending>
10003880:	e7f3      	b.n	1000386a <timer_task+0x46>
10003882:	46c0      	nop			@ (mov r8, r8)
10003884:	2000196c 	.word	0x2000196c
10003888:	20001bb4 	.word	0x20001bb4
1000388c:	20001bb3 	.word	0x20001bb3

10003890 <alarm_pool_add_alarm_in_us>:
10003890:	b5f0      	push	{r4, r5, r6, r7, lr}
10003892:	b085      	sub	sp, #20
10003894:	0006      	movs	r6, r0
10003896:	0014      	movs	r4, r2
10003898:	001d      	movs	r5, r3
1000389a:	ab0c      	add	r3, sp, #48	@ 0x30
1000389c:	781f      	ldrb	r7, [r3, #0]
1000389e:	f7fd fd5b 	bl	10001358 <time_us_64>
100038a2:	0022      	movs	r2, r4
100038a4:	002b      	movs	r3, r5
100038a6:	1812      	adds	r2, r2, r0
100038a8:	414b      	adcs	r3, r1
100038aa:	2b00      	cmp	r3, #0
100038ac:	db09      	blt.n	100038c2 <alarm_pool_add_alarm_in_us+0x32>
100038ae:	9702      	str	r7, [sp, #8]
100038b0:	990b      	ldr	r1, [sp, #44]	@ 0x2c
100038b2:	9101      	str	r1, [sp, #4]
100038b4:	990a      	ldr	r1, [sp, #40]	@ 0x28
100038b6:	9100      	str	r1, [sp, #0]
100038b8:	0030      	movs	r0, r6
100038ba:	f7fd fb8f 	bl	10000fdc <alarm_pool_add_alarm_at>
100038be:	b005      	add	sp, #20
100038c0:	bdf0      	pop	{r4, r5, r6, r7, pc}
100038c2:	2201      	movs	r2, #1
100038c4:	4252      	negs	r2, r2
100038c6:	4b01      	ldr	r3, [pc, #4]	@ (100038cc <alarm_pool_add_alarm_in_us+0x3c>)
100038c8:	e7f1      	b.n	100038ae <alarm_pool_add_alarm_in_us+0x1e>
100038ca:	46c0      	nop			@ (mov r8, r8)
100038cc:	7fffffff 	.word	0x7fffffff

100038d0 <add_alarm_in_us>:
100038d0:	b5f0      	push	{r4, r5, r6, r7, lr}
100038d2:	46c6      	mov	lr, r8
100038d4:	b500      	push	{lr}
100038d6:	b084      	sub	sp, #16
100038d8:	0005      	movs	r5, r0
100038da:	4688      	mov	r8, r1
100038dc:	0016      	movs	r6, r2
100038de:	001f      	movs	r7, r3
100038e0:	ab0a      	add	r3, sp, #40	@ 0x28
100038e2:	781c      	ldrb	r4, [r3, #0]
100038e4:	f7fd fb12 	bl	10000f0c <alarm_pool_get_default>
100038e8:	9402      	str	r4, [sp, #8]
100038ea:	9701      	str	r7, [sp, #4]
100038ec:	9600      	str	r6, [sp, #0]
100038ee:	002a      	movs	r2, r5
100038f0:	4643      	mov	r3, r8
100038f2:	f7ff ffcd 	bl	10003890 <alarm_pool_add_alarm_in_us>
100038f6:	b004      	add	sp, #16
100038f8:	bc80      	pop	{r7}
100038fa:	46b8      	mov	r8, r7
100038fc:	bdf0      	pop	{r4, r5, r6, r7, pc}
	...

10003900 <low_priority_worker_irq>:
10003900:	b510      	push	{r4, lr}
10003902:	b082      	sub	sp, #8
10003904:	4822      	ldr	r0, [pc, #136]	@ (10003990 <low_priority_worker_irq+0x90>)
10003906:	2100      	movs	r1, #0
10003908:	f002 fdb2 	bl	10006470 <__mutex_try_enter_veneer>
1000390c:	2800      	cmp	r0, #0
1000390e:	d11e      	bne.n	1000394e <low_priority_worker_irq+0x4e>
10003910:	4b20      	ldr	r3, [pc, #128]	@ (10003994 <low_priority_worker_irq+0x94>)
10003912:	681b      	ldr	r3, [r3, #0]
10003914:	2b00      	cmp	r3, #0
10003916:	d018      	beq.n	1000394a <low_priority_worker_irq+0x4a>
10003918:	f3ef 8110 	mrs	r1, PRIMASK
1000391c:	b672      	cpsid	i
1000391e:	0008      	movs	r0, r1
10003920:	681a      	ldr	r2, [r3, #0]
10003922:	2a00      	cmp	r2, #0
10003924:	d0fc      	beq.n	10003920 <low_priority_worker_irq+0x20>
10003926:	f3bf 8f5f 	dmb	sy
1000392a:	4a1a      	ldr	r2, [pc, #104]	@ (10003994 <low_priority_worker_irq+0x94>)
1000392c:	6051      	str	r1, [r2, #4]
1000392e:	491a      	ldr	r1, [pc, #104]	@ (10003998 <low_priority_worker_irq+0x98>)
10003930:	780b      	ldrb	r3, [r1, #0]
10003932:	b2db      	uxtb	r3, r3
10003934:	2401      	movs	r4, #1
10003936:	700c      	strb	r4, [r1, #0]
10003938:	6812      	ldr	r2, [r2, #0]
1000393a:	f3bf 8f5f 	dmb	sy
1000393e:	2100      	movs	r1, #0
10003940:	6011      	str	r1, [r2, #0]
10003942:	f380 8810 	msr	PRIMASK, r0
10003946:	2b00      	cmp	r3, #0
10003948:	d017      	beq.n	1000397a <low_priority_worker_irq+0x7a>
1000394a:	b002      	add	sp, #8
1000394c:	bd10      	pop	{r4, pc}
1000394e:	2001      	movs	r0, #1
10003950:	2100      	movs	r1, #0
10003952:	4240      	negs	r0, r0
10003954:	f001 f924 	bl	10004ba0 <tud_task_ext>
10003958:	2000      	movs	r0, #0
1000395a:	f001 fb9b 	bl	10005094 <tud_cdc_n_available>
1000395e:	0004      	movs	r4, r0
10003960:	480b      	ldr	r0, [pc, #44]	@ (10003990 <low_priority_worker_irq+0x90>)
10003962:	f002 fd6d 	bl	10006440 <__mutex_exit_veneer>
10003966:	2c00      	cmp	r4, #0
10003968:	d0ef      	beq.n	1000394a <low_priority_worker_irq+0x4a>
1000396a:	4b0c      	ldr	r3, [pc, #48]	@ (1000399c <low_priority_worker_irq+0x9c>)
1000396c:	681b      	ldr	r3, [r3, #0]
1000396e:	2b00      	cmp	r3, #0
10003970:	d0eb      	beq.n	1000394a <low_priority_worker_irq+0x4a>
10003972:	4a0b      	ldr	r2, [pc, #44]	@ (100039a0 <low_priority_worker_irq+0xa0>)
10003974:	6810      	ldr	r0, [r2, #0]
10003976:	4798      	blx	r3
10003978:	e7e7      	b.n	1000394a <low_priority_worker_irq+0x4a>
1000397a:	4a0a      	ldr	r2, [pc, #40]	@ (100039a4 <low_priority_worker_irq+0xa4>)
1000397c:	3301      	adds	r3, #1
1000397e:	9300      	str	r3, [sp, #0]
10003980:	2300      	movs	r3, #0
10003982:	20fa      	movs	r0, #250	@ 0xfa
10003984:	0080      	lsls	r0, r0, #2
10003986:	2100      	movs	r1, #0
10003988:	f7ff ffa2 	bl	100038d0 <add_alarm_in_us>
1000398c:	e7dd      	b.n	1000394a <low_priority_worker_irq+0x4a>
1000398e:	46c0      	nop			@ (mov r8, r8)
10003990:	20001b94 	.word	0x20001b94
10003994:	2000196c 	.word	0x2000196c
10003998:	20001bb4 	.word	0x20001bb4
1000399c:	200014e0 	.word	0x200014e0
100039a0:	200014e4 	.word	0x200014e4
100039a4:	10003825 	.word	0x10003825

100039a8 <stdio_usb_init>:
100039a8:	b510      	push	{r4, lr}
100039aa:	b082      	sub	sp, #8
100039ac:	23d0      	movs	r3, #208	@ 0xd0
100039ae:	061b      	lsls	r3, r3, #24
100039b0:	681c      	ldr	r4, [r3, #0]
100039b2:	f7fd faab 	bl	10000f0c <alarm_pool_get_default>
100039b6:	f7fd fb8b 	bl	100010d0 <alarm_pool_core_num>
100039ba:	42a0      	cmp	r0, r4
100039bc:	d130      	bne.n	10003a20 <stdio_usb_init+0x78>
100039be:	4b27      	ldr	r3, [pc, #156]	@ (10003a5c <stdio_usb_init+0xb4>)
100039c0:	781b      	ldrb	r3, [r3, #0]
100039c2:	2100      	movs	r1, #0
100039c4:	2000      	movs	r0, #0
100039c6:	f002 f84f 	bl	10005a68 <tusb_rhport_init>
100039ca:	4b25      	ldr	r3, [pc, #148]	@ (10003a60 <stdio_usb_init+0xb8>)
100039cc:	681b      	ldr	r3, [r3, #0]
100039ce:	2b00      	cmp	r3, #0
100039d0:	d02c      	beq.n	10003a2c <stdio_usb_init+0x84>
100039d2:	2001      	movs	r0, #1
100039d4:	f7fd f82e 	bl	10000a34 <user_irq_claim_unused>
100039d8:	4c22      	ldr	r4, [pc, #136]	@ (10003a64 <stdio_usb_init+0xbc>)
100039da:	7020      	strb	r0, [r4, #0]
100039dc:	4922      	ldr	r1, [pc, #136]	@ (10003a68 <stdio_usb_init+0xc0>)
100039de:	23ff      	movs	r3, #255	@ 0xff
100039e0:	4018      	ands	r0, r3
100039e2:	f7fc fe77 	bl	100006d4 <irq_set_exclusive_handler>
100039e6:	7820      	ldrb	r0, [r4, #0]
100039e8:	2101      	movs	r1, #1
100039ea:	f7fc fe4b 	bl	10000684 <irq_set_enabled>
100039ee:	2005      	movs	r0, #5
100039f0:	f7fc fe62 	bl	100006b8 <irq_has_shared_handler>
100039f4:	1e04      	subs	r4, r0, #0
100039f6:	d01d      	beq.n	10003a34 <stdio_usb_init+0x8c>
100039f8:	2001      	movs	r0, #1
100039fa:	f7fc fda5 	bl	10000548 <spin_lock_claim_unused>
100039fe:	0001      	movs	r1, r0
10003a00:	4b1a      	ldr	r3, [pc, #104]	@ (10003a6c <stdio_usb_init+0xc4>)
10003a02:	0018      	movs	r0, r3
10003a04:	f7fd f876 	bl	10000af4 <critical_section_init_with_lock_num>
10003a08:	4919      	ldr	r1, [pc, #100]	@ (10003a70 <stdio_usb_init+0xc8>)
10003a0a:	2200      	movs	r2, #0
10003a0c:	2005      	movs	r0, #5
10003a0e:	f7fc fe8b 	bl	10000728 <irq_add_shared_handler>
10003a12:	4818      	ldr	r0, [pc, #96]	@ (10003a74 <stdio_usb_init+0xcc>)
10003a14:	2101      	movs	r1, #1
10003a16:	f7ff fdd5 	bl	100035c4 <stdio_set_driver_enabled>
10003a1a:	0020      	movs	r0, r4
10003a1c:	b002      	add	sp, #8
10003a1e:	bd10      	pop	{r4, pc}
10003a20:	4b15      	ldr	r3, [pc, #84]	@ (10003a78 <stdio_usb_init+0xd0>)
10003a22:	4a16      	ldr	r2, [pc, #88]	@ (10003a7c <stdio_usb_init+0xd4>)
10003a24:	4816      	ldr	r0, [pc, #88]	@ (10003a80 <stdio_usb_init+0xd8>)
10003a26:	21c6      	movs	r1, #198	@ 0xc6
10003a28:	f7ff fcb8 	bl	1000339c <__assert_func>
10003a2c:	480c      	ldr	r0, [pc, #48]	@ (10003a60 <stdio_usb_init+0xb8>)
10003a2e:	f7fd f81f 	bl	10000a70 <mutex_init>
10003a32:	e7ce      	b.n	100039d2 <stdio_usb_init+0x2a>
10003a34:	480d      	ldr	r0, [pc, #52]	@ (10003a6c <stdio_usb_init+0xc4>)
10003a36:	2208      	movs	r2, #8
10003a38:	2100      	movs	r1, #0
10003a3a:	f7fe fba5 	bl	10002188 <__wrap_memset>
10003a3e:	4a11      	ldr	r2, [pc, #68]	@ (10003a84 <stdio_usb_init+0xdc>)
10003a40:	2301      	movs	r3, #1
10003a42:	9300      	str	r3, [sp, #0]
10003a44:	2300      	movs	r3, #0
10003a46:	20fa      	movs	r0, #250	@ 0xfa
10003a48:	0080      	lsls	r0, r0, #2
10003a4a:	2100      	movs	r1, #0
10003a4c:	f7ff ff40 	bl	100038d0 <add_alarm_in_us>
10003a50:	43c0      	mvns	r0, r0
10003a52:	0fc4      	lsrs	r4, r0, #31
10003a54:	2800      	cmp	r0, #0
10003a56:	dae0      	bge.n	10003a1a <stdio_usb_init+0x72>
10003a58:	e7db      	b.n	10003a12 <stdio_usb_init+0x6a>
10003a5a:	46c0      	nop			@ (mov r8, r8)
10003a5c:	10007a1c 	.word	0x10007a1c
10003a60:	20001b94 	.word	0x20001b94
10003a64:	20001bb3 	.word	0x20001bb3
10003a68:	10003901 	.word	0x10003901
10003a6c:	2000196c 	.word	0x2000196c
10003a70:	10003815 	.word	0x10003815
10003a74:	20000c80 	.word	0x20000c80
10003a78:	10006cec 	.word	0x10006cec
10003a7c:	1000764c 	.word	0x1000764c
10003a80:	10006cf4 	.word	0x10006cf4
10003a84:	10003825 	.word	0x10003825

10003a88 <stdio_usb_connected>:
10003a88:	b510      	push	{r4, lr}
10003a8a:	2000      	movs	r0, #0
10003a8c:	f001 fae6 	bl	1000505c <tud_cdc_n_connected>
10003a90:	bd10      	pop	{r4, pc}
	...

10003a94 <stdio_usb_in_chars>:
10003a94:	b570      	push	{r4, r5, r6, lr}
10003a96:	0005      	movs	r5, r0
10003a98:	000c      	movs	r4, r1
10003a9a:	f7ff fff5 	bl	10003a88 <stdio_usb_connected>
10003a9e:	2800      	cmp	r0, #0
10003aa0:	d034      	beq.n	10003b0c <stdio_usb_in_chars+0x78>
10003aa2:	2000      	movs	r0, #0
10003aa4:	f001 faf6 	bl	10005094 <tud_cdc_n_available>
10003aa8:	2800      	cmp	r0, #0
10003aaa:	d032      	beq.n	10003b12 <stdio_usb_in_chars+0x7e>
10003aac:	f7fd fc54 	bl	10001358 <time_us_64>
10003ab0:	4a1b      	ldr	r2, [pc, #108]	@ (10003b20 <stdio_usb_in_chars+0x8c>)
10003ab2:	2300      	movs	r3, #0
10003ab4:	1812      	adds	r2, r2, r0
10003ab6:	414b      	adcs	r3, r1
10003ab8:	2b00      	cmp	r3, #0
10003aba:	db19      	blt.n	10003af0 <stdio_usb_in_chars+0x5c>
10003abc:	4819      	ldr	r0, [pc, #100]	@ (10003b24 <stdio_usb_in_chars+0x90>)
10003abe:	f002 fcf7 	bl	100064b0 <__mutex_try_enter_block_until_veneer>
10003ac2:	2800      	cmp	r0, #0
10003ac4:	d028      	beq.n	10003b18 <stdio_usb_in_chars+0x84>
10003ac6:	f7ff ffdf 	bl	10003a88 <stdio_usb_connected>
10003aca:	2800      	cmp	r0, #0
10003acc:	d004      	beq.n	10003ad8 <stdio_usb_in_chars+0x44>
10003ace:	2000      	movs	r0, #0
10003ad0:	f001 fae0 	bl	10005094 <tud_cdc_n_available>
10003ad4:	2800      	cmp	r0, #0
10003ad6:	d10f      	bne.n	10003af8 <stdio_usb_in_chars+0x64>
10003ad8:	2001      	movs	r0, #1
10003ada:	2100      	movs	r1, #0
10003adc:	4240      	negs	r0, r0
10003ade:	f001 f85f 	bl	10004ba0 <tud_task_ext>
10003ae2:	2403      	movs	r4, #3
10003ae4:	4264      	negs	r4, r4
10003ae6:	480f      	ldr	r0, [pc, #60]	@ (10003b24 <stdio_usb_in_chars+0x90>)
10003ae8:	f002 fcaa 	bl	10006440 <__mutex_exit_veneer>
10003aec:	0020      	movs	r0, r4
10003aee:	bd70      	pop	{r4, r5, r6, pc}
10003af0:	2201      	movs	r2, #1
10003af2:	4252      	negs	r2, r2
10003af4:	4b0c      	ldr	r3, [pc, #48]	@ (10003b28 <stdio_usb_in_chars+0x94>)
10003af6:	e7e1      	b.n	10003abc <stdio_usb_in_chars+0x28>
10003af8:	0022      	movs	r2, r4
10003afa:	0029      	movs	r1, r5
10003afc:	2000      	movs	r0, #0
10003afe:	f001 fad5 	bl	100050ac <tud_cdc_n_read>
10003b02:	1e04      	subs	r4, r0, #0
10003b04:	d1ef      	bne.n	10003ae6 <stdio_usb_in_chars+0x52>
10003b06:	2403      	movs	r4, #3
10003b08:	4264      	negs	r4, r4
10003b0a:	e7ec      	b.n	10003ae6 <stdio_usb_in_chars+0x52>
10003b0c:	2403      	movs	r4, #3
10003b0e:	4264      	negs	r4, r4
10003b10:	e7ec      	b.n	10003aec <stdio_usb_in_chars+0x58>
10003b12:	2403      	movs	r4, #3
10003b14:	4264      	negs	r4, r4
10003b16:	e7e9      	b.n	10003aec <stdio_usb_in_chars+0x58>
10003b18:	2403      	movs	r4, #3
10003b1a:	4264      	negs	r4, r4
10003b1c:	e7e6      	b.n	10003aec <stdio_usb_in_chars+0x58>
10003b1e:	46c0      	nop			@ (mov r8, r8)
10003b20:	000f4240 	.word	0x000f4240
10003b24:	20001b94 	.word	0x20001b94
10003b28:	7fffffff 	.word	0x7fffffff

10003b2c <stdio_usb_out_chars>:
10003b2c:	b5f0      	push	{r4, r5, r6, r7, lr}
10003b2e:	46c6      	mov	lr, r8
10003b30:	b500      	push	{lr}
10003b32:	4680      	mov	r8, r0
10003b34:	000c      	movs	r4, r1
10003b36:	f7fd fc0f 	bl	10001358 <time_us_64>
10003b3a:	4a31      	ldr	r2, [pc, #196]	@ (10003c00 <stdio_usb_out_chars+0xd4>)
10003b3c:	2300      	movs	r3, #0
10003b3e:	1812      	adds	r2, r2, r0
10003b40:	414b      	adcs	r3, r1
10003b42:	2b00      	cmp	r3, #0
10003b44:	db07      	blt.n	10003b56 <stdio_usb_out_chars+0x2a>
10003b46:	482f      	ldr	r0, [pc, #188]	@ (10003c04 <stdio_usb_out_chars+0xd8>)
10003b48:	f002 fcb2 	bl	100064b0 <__mutex_try_enter_block_until_veneer>
10003b4c:	2800      	cmp	r0, #0
10003b4e:	d106      	bne.n	10003b5e <stdio_usb_out_chars+0x32>
10003b50:	bc80      	pop	{r7}
10003b52:	46b8      	mov	r8, r7
10003b54:	bdf0      	pop	{r4, r5, r6, r7, pc}
10003b56:	2201      	movs	r2, #1
10003b58:	4252      	negs	r2, r2
10003b5a:	4b2b      	ldr	r3, [pc, #172]	@ (10003c08 <stdio_usb_out_chars+0xdc>)
10003b5c:	e7f3      	b.n	10003b46 <stdio_usb_out_chars+0x1a>
10003b5e:	f7ff ff93 	bl	10003a88 <stdio_usb_connected>
10003b62:	2800      	cmp	r0, #0
10003b64:	d149      	bne.n	10003bfa <stdio_usb_out_chars+0xce>
10003b66:	4b29      	ldr	r3, [pc, #164]	@ (10003c0c <stdio_usb_out_chars+0xe0>)
10003b68:	2000      	movs	r0, #0
10003b6a:	2100      	movs	r1, #0
10003b6c:	6018      	str	r0, [r3, #0]
10003b6e:	6059      	str	r1, [r3, #4]
10003b70:	4824      	ldr	r0, [pc, #144]	@ (10003c04 <stdio_usb_out_chars+0xd8>)
10003b72:	f002 fc65 	bl	10006440 <__mutex_exit_veneer>
10003b76:	e7eb      	b.n	10003b50 <stdio_usb_out_chars+0x24>
10003b78:	2001      	movs	r0, #1
10003b7a:	2100      	movs	r1, #0
10003b7c:	4240      	negs	r0, r0
10003b7e:	f001 f80f 	bl	10004ba0 <tud_task_ext>
10003b82:	2000      	movs	r0, #0
10003b84:	f001 faae 	bl	100050e4 <tud_cdc_n_write_flush>
10003b88:	f7ff ff7e 	bl	10003a88 <stdio_usb_connected>
10003b8c:	2800      	cmp	r0, #0
10003b8e:	d0ef      	beq.n	10003b70 <stdio_usb_out_chars+0x44>
10003b90:	2000      	movs	r0, #0
10003b92:	f001 fb23 	bl	100051dc <tud_cdc_n_write_available>
10003b96:	2800      	cmp	r0, #0
10003b98:	d020      	beq.n	10003bdc <stdio_usb_out_chars+0xb0>
10003b9a:	42a5      	cmp	r5, r4
10003b9c:	dae8      	bge.n	10003b70 <stdio_usb_out_chars+0x44>
10003b9e:	1b66      	subs	r6, r4, r5
10003ba0:	2000      	movs	r0, #0
10003ba2:	f001 fb1b 	bl	100051dc <tud_cdc_n_write_available>
10003ba6:	0002      	movs	r2, r0
10003ba8:	4286      	cmp	r6, r0
10003baa:	dc00      	bgt.n	10003bae <stdio_usb_out_chars+0x82>
10003bac:	0032      	movs	r2, r6
10003bae:	2a00      	cmp	r2, #0
10003bb0:	d0e2      	beq.n	10003b78 <stdio_usb_out_chars+0x4c>
10003bb2:	4643      	mov	r3, r8
10003bb4:	1959      	adds	r1, r3, r5
10003bb6:	2000      	movs	r0, #0
10003bb8:	f001 faec 	bl	10005194 <tud_cdc_n_write>
10003bbc:	0006      	movs	r6, r0
10003bbe:	2001      	movs	r0, #1
10003bc0:	2100      	movs	r1, #0
10003bc2:	4240      	negs	r0, r0
10003bc4:	f000 ffec 	bl	10004ba0 <tud_task_ext>
10003bc8:	2000      	movs	r0, #0
10003bca:	f001 fa8b 	bl	100050e4 <tud_cdc_n_write_flush>
10003bce:	19ad      	adds	r5, r5, r6
10003bd0:	f7fd fbc2 	bl	10001358 <time_us_64>
10003bd4:	4b0d      	ldr	r3, [pc, #52]	@ (10003c0c <stdio_usb_out_chars+0xe0>)
10003bd6:	6018      	str	r0, [r3, #0]
10003bd8:	6059      	str	r1, [r3, #4]
10003bda:	e7de      	b.n	10003b9a <stdio_usb_out_chars+0x6e>
10003bdc:	f7fd fbbc 	bl	10001358 <time_us_64>
10003be0:	4b0a      	ldr	r3, [pc, #40]	@ (10003c0c <stdio_usb_out_chars+0xe0>)
10003be2:	681e      	ldr	r6, [r3, #0]
10003be4:	685f      	ldr	r7, [r3, #4]
10003be6:	4a0a      	ldr	r2, [pc, #40]	@ (10003c10 <stdio_usb_out_chars+0xe4>)
10003be8:	2300      	movs	r3, #0
10003bea:	1992      	adds	r2, r2, r6
10003bec:	417b      	adcs	r3, r7
10003bee:	4299      	cmp	r1, r3
10003bf0:	d8be      	bhi.n	10003b70 <stdio_usb_out_chars+0x44>
10003bf2:	d1d2      	bne.n	10003b9a <stdio_usb_out_chars+0x6e>
10003bf4:	4290      	cmp	r0, r2
10003bf6:	d9d0      	bls.n	10003b9a <stdio_usb_out_chars+0x6e>
10003bf8:	e7ba      	b.n	10003b70 <stdio_usb_out_chars+0x44>
10003bfa:	2500      	movs	r5, #0
10003bfc:	e7cd      	b.n	10003b9a <stdio_usb_out_chars+0x6e>
10003bfe:	46c0      	nop			@ (mov r8, r8)
10003c00:	000f4240 	.word	0x000f4240
10003c04:	20001b94 	.word	0x20001b94
10003c08:	7fffffff 	.word	0x7fffffff
10003c0c:	20000e40 	.word	0x20000e40
10003c10:	0007a120 	.word	0x0007a120

10003c14 <tud_descriptor_device_cb>:
10003c14:	4800      	ldr	r0, [pc, #0]	@ (10003c18 <tud_descriptor_device_cb+0x4>)
10003c16:	4770      	bx	lr
10003c18:	100076c8 	.word	0x100076c8

10003c1c <tud_descriptor_configuration_cb>:
10003c1c:	4800      	ldr	r0, [pc, #0]	@ (10003c20 <tud_descriptor_configuration_cb+0x4>)
10003c1e:	4770      	bx	lr
10003c20:	10007674 	.word	0x10007674

10003c24 <tud_descriptor_string_cb>:
10003c24:	b510      	push	{r4, lr}
10003c26:	0004      	movs	r4, r0
10003c28:	4b15      	ldr	r3, [pc, #84]	@ (10003c80 <tud_descriptor_string_cb+0x5c>)
10003c2a:	781b      	ldrb	r3, [r3, #0]
10003c2c:	2b00      	cmp	r3, #0
10003c2e:	d00e      	beq.n	10003c4e <tud_descriptor_string_cb+0x2a>
10003c30:	2c00      	cmp	r4, #0
10003c32:	d111      	bne.n	10003c58 <tud_descriptor_string_cb+0x34>
10003c34:	4b13      	ldr	r3, [pc, #76]	@ (10003c84 <tud_descriptor_string_cb+0x60>)
10003c36:	4a14      	ldr	r2, [pc, #80]	@ (10003c88 <tud_descriptor_string_cb+0x64>)
10003c38:	805a      	strh	r2, [r3, #2]
10003c3a:	2301      	movs	r3, #1
10003c3c:	3301      	adds	r3, #1
10003c3e:	005b      	lsls	r3, r3, #1
10003c40:	b29b      	uxth	r3, r3
10003c42:	4810      	ldr	r0, [pc, #64]	@ (10003c84 <tud_descriptor_string_cb+0x60>)
10003c44:	22c0      	movs	r2, #192	@ 0xc0
10003c46:	0092      	lsls	r2, r2, #2
10003c48:	4313      	orrs	r3, r2
10003c4a:	8003      	strh	r3, [r0, #0]
10003c4c:	bd10      	pop	{r4, pc}
10003c4e:	480c      	ldr	r0, [pc, #48]	@ (10003c80 <tud_descriptor_string_cb+0x5c>)
10003c50:	2111      	movs	r1, #17
10003c52:	f000 f825 	bl	10003ca0 <pico_get_unique_board_id_string>
10003c56:	e7eb      	b.n	10003c30 <tud_descriptor_string_cb+0xc>
10003c58:	2c05      	cmp	r4, #5
10003c5a:	d80e      	bhi.n	10003c7a <tud_descriptor_string_cb+0x56>
10003c5c:	4b0b      	ldr	r3, [pc, #44]	@ (10003c8c <tud_descriptor_string_cb+0x68>)
10003c5e:	00a4      	lsls	r4, r4, #2
10003c60:	58e4      	ldr	r4, [r4, r3]
10003c62:	2300      	movs	r3, #0
10003c64:	2b12      	cmp	r3, #18
10003c66:	d8e9      	bhi.n	10003c3c <tud_descriptor_string_cb+0x18>
10003c68:	5ce1      	ldrb	r1, [r4, r3]
10003c6a:	2900      	cmp	r1, #0
10003c6c:	d0e6      	beq.n	10003c3c <tud_descriptor_string_cb+0x18>
10003c6e:	3301      	adds	r3, #1
10003c70:	4a04      	ldr	r2, [pc, #16]	@ (10003c84 <tud_descriptor_string_cb+0x60>)
10003c72:	0058      	lsls	r0, r3, #1
10003c74:	5281      	strh	r1, [r0, r2]
10003c76:	b2db      	uxtb	r3, r3
10003c78:	e7f4      	b.n	10003c64 <tud_descriptor_string_cb+0x40>
10003c7a:	2000      	movs	r0, #0
10003c7c:	e7e6      	b.n	10003c4c <tud_descriptor_string_cb+0x28>
10003c7e:	46c0      	nop			@ (mov r8, r8)
10003c80:	20001b9c 	.word	0x20001b9c
10003c84:	20001518 	.word	0x20001518
10003c88:	00000409 	.word	0x00000409
10003c8c:	1000765c 	.word	0x1000765c

10003c90 <_retrieve_unique_id_on_boot>:
10003c90:	b510      	push	{r4, lr}
10003c92:	4802      	ldr	r0, [pc, #8]	@ (10003c9c <_retrieve_unique_id_on_boot+0xc>)
10003c94:	f000 f830 	bl	10003cf8 <flash_get_unique_id>
10003c98:	bd10      	pop	{r4, pc}
10003c9a:	46c0      	nop			@ (mov r8, r8)
10003c9c:	20001984 	.word	0x20001984

10003ca0 <pico_get_unique_board_id_string>:
10003ca0:	b510      	push	{r4, lr}
10003ca2:	2900      	cmp	r1, #0
10003ca4:	d001      	beq.n	10003caa <pico_get_unique_board_id_string+0xa>
10003ca6:	2300      	movs	r3, #0
10003ca8:	e008      	b.n	10003cbc <pico_get_unique_board_id_string+0x1c>
10003caa:	4b0f      	ldr	r3, [pc, #60]	@ (10003ce8 <pico_get_unique_board_id_string+0x48>)
10003cac:	4a0f      	ldr	r2, [pc, #60]	@ (10003cec <pico_get_unique_board_id_string+0x4c>)
10003cae:	4810      	ldr	r0, [pc, #64]	@ (10003cf0 <pico_get_unique_board_id_string+0x50>)
10003cb0:	313b      	adds	r1, #59	@ 0x3b
10003cb2:	f7ff fb73 	bl	1000339c <__assert_func>
10003cb6:	3237      	adds	r2, #55	@ 0x37
10003cb8:	54c2      	strb	r2, [r0, r3]
10003cba:	3301      	adds	r3, #1
10003cbc:	1e4a      	subs	r2, r1, #1
10003cbe:	429a      	cmp	r2, r3
10003cc0:	d90e      	bls.n	10003ce0 <pico_get_unique_board_id_string+0x40>
10003cc2:	2b0f      	cmp	r3, #15
10003cc4:	d80c      	bhi.n	10003ce0 <pico_get_unique_board_id_string+0x40>
10003cc6:	085a      	lsrs	r2, r3, #1
10003cc8:	4c0a      	ldr	r4, [pc, #40]	@ (10003cf4 <pico_get_unique_board_id_string+0x54>)
10003cca:	5ca4      	ldrb	r4, [r4, r2]
10003ccc:	2201      	movs	r2, #1
10003cce:	439a      	bics	r2, r3
10003cd0:	0092      	lsls	r2, r2, #2
10003cd2:	4114      	asrs	r4, r2
10003cd4:	220f      	movs	r2, #15
10003cd6:	4022      	ands	r2, r4
10003cd8:	2a09      	cmp	r2, #9
10003cda:	dcec      	bgt.n	10003cb6 <pico_get_unique_board_id_string+0x16>
10003cdc:	3230      	adds	r2, #48	@ 0x30
10003cde:	e7eb      	b.n	10003cb8 <pico_get_unique_board_id_string+0x18>
10003ce0:	18c0      	adds	r0, r0, r3
10003ce2:	2300      	movs	r3, #0
10003ce4:	7003      	strb	r3, [r0, #0]
10003ce6:	bd10      	pop	{r4, pc}
10003ce8:	10006d88 	.word	0x10006d88
10003cec:	100076dc 	.word	0x100076dc
10003cf0:	10006d90 	.word	0x10006d90
10003cf4:	20001984 	.word	0x20001984

10003cf8 <flash_get_unique_id>:
10003cf8:	b570      	push	{r4, r5, r6, lr}
10003cfa:	b088      	sub	sp, #32
10003cfc:	0004      	movs	r4, r0
10003cfe:	ad04      	add	r5, sp, #16
10003d00:	220d      	movs	r2, #13
10003d02:	2100      	movs	r1, #0
10003d04:	0028      	movs	r0, r5
10003d06:	f7fe fa3f 	bl	10002188 <__wrap_memset>
10003d0a:	220d      	movs	r2, #13
10003d0c:	2100      	movs	r1, #0
10003d0e:	4668      	mov	r0, sp
10003d10:	f7fe fa3a 	bl	10002188 <__wrap_memset>
10003d14:	234b      	movs	r3, #75	@ 0x4b
10003d16:	702b      	strb	r3, [r5, #0]
10003d18:	220d      	movs	r2, #13
10003d1a:	4669      	mov	r1, sp
10003d1c:	0028      	movs	r0, r5
10003d1e:	f002 fb87 	bl	10006430 <__flash_do_cmd_veneer>
10003d22:	2300      	movs	r3, #0
10003d24:	e004      	b.n	10003d30 <flash_get_unique_id+0x38>
10003d26:	1d5a      	adds	r2, r3, #5
10003d28:	4669      	mov	r1, sp
10003d2a:	5c8a      	ldrb	r2, [r1, r2]
10003d2c:	54e2      	strb	r2, [r4, r3]
10003d2e:	3301      	adds	r3, #1
10003d30:	2b07      	cmp	r3, #7
10003d32:	ddf8      	ble.n	10003d26 <flash_get_unique_id+0x2e>
10003d34:	b008      	add	sp, #32
10003d36:	bd70      	pop	{r4, r5, r6, pc}

10003d38 <hw_endpoint_init>:
10003d38:	b570      	push	{r4, r5, r6, lr}
10003d3a:	b082      	sub	sp, #8
10003d3c:	237f      	movs	r3, #127	@ 0x7f
10003d3e:	4003      	ands	r3, r0
10003d40:	09c5      	lsrs	r5, r0, #7
10003d42:	4c27      	ldr	r4, [pc, #156]	@ (10003de0 <hw_endpoint_init+0xa8>)
10003d44:	005e      	lsls	r6, r3, #1
10003d46:	1976      	adds	r6, r6, r5
10003d48:	0176      	lsls	r6, r6, #5
10003d4a:	19a4      	adds	r4, r4, r6
10003d4c:	70a0      	strb	r0, [r4, #2]
10003d4e:	4268      	negs	r0, r5
10003d50:	4168      	adcs	r0, r5
10003d52:	7060      	strb	r0, [r4, #1]
10003d54:	2000      	movs	r0, #0
10003d56:	70e0      	strb	r0, [r4, #3]
10003d58:	8321      	strh	r1, [r4, #24]
10003d5a:	76e2      	strb	r2, [r4, #27]
10003d5c:	2d01      	cmp	r5, #1
10003d5e:	d01e      	beq.n	10003d9e <hw_endpoint_init+0x66>
10003d60:	00d8      	lsls	r0, r3, #3
10003d62:	4a20      	ldr	r2, [pc, #128]	@ (10003de4 <hw_endpoint_init+0xac>)
10003d64:	4694      	mov	ip, r2
10003d66:	4460      	add	r0, ip
10003d68:	4a1d      	ldr	r2, [pc, #116]	@ (10003de0 <hw_endpoint_init+0xa8>)
10003d6a:	0059      	lsls	r1, r3, #1
10003d6c:	1949      	adds	r1, r1, r5
10003d6e:	0149      	lsls	r1, r1, #5
10003d70:	1852      	adds	r2, r2, r1
10003d72:	6090      	str	r0, [r2, #8]
10003d74:	4a1a      	ldr	r2, [pc, #104]	@ (10003de0 <hw_endpoint_init+0xa8>)
10003d76:	0059      	lsls	r1, r3, #1
10003d78:	1949      	adds	r1, r1, r5
10003d7a:	0149      	lsls	r1, r1, #5
10003d7c:	1852      	adds	r2, r2, r1
10003d7e:	6892      	ldr	r2, [r2, #8]
10003d80:	2100      	movs	r1, #0
10003d82:	6011      	str	r1, [r2, #0]
10003d84:	2b00      	cmp	r3, #0
10003d86:	d110      	bne.n	10003daa <hw_endpoint_init+0x72>
10003d88:	4a15      	ldr	r2, [pc, #84]	@ (10003de0 <hw_endpoint_init+0xa8>)
10003d8a:	005b      	lsls	r3, r3, #1
10003d8c:	195b      	adds	r3, r3, r5
10003d8e:	015b      	lsls	r3, r3, #5
10003d90:	18d3      	adds	r3, r2, r3
10003d92:	2200      	movs	r2, #0
10003d94:	605a      	str	r2, [r3, #4]
10003d96:	4a14      	ldr	r2, [pc, #80]	@ (10003de8 <hw_endpoint_init+0xb0>)
10003d98:	60da      	str	r2, [r3, #12]
10003d9a:	b002      	add	sp, #8
10003d9c:	bd70      	pop	{r4, r5, r6, pc}
10003d9e:	00d8      	lsls	r0, r3, #3
10003da0:	4a12      	ldr	r2, [pc, #72]	@ (10003dec <hw_endpoint_init+0xb4>)
10003da2:	4694      	mov	ip, r2
10003da4:	4460      	add	r0, ip
10003da6:	60a0      	str	r0, [r4, #8]
10003da8:	e7e4      	b.n	10003d74 <hw_endpoint_init+0x3c>
10003daa:	2d01      	cmp	r5, #1
10003dac:	d00b      	beq.n	10003dc6 <hw_endpoint_init+0x8e>
10003dae:	1e59      	subs	r1, r3, #1
10003db0:	00c9      	lsls	r1, r1, #3
10003db2:	4a0f      	ldr	r2, [pc, #60]	@ (10003df0 <hw_endpoint_init+0xb8>)
10003db4:	4694      	mov	ip, r2
10003db6:	4461      	add	r1, ip
10003db8:	4a09      	ldr	r2, [pc, #36]	@ (10003de0 <hw_endpoint_init+0xa8>)
10003dba:	005b      	lsls	r3, r3, #1
10003dbc:	195b      	adds	r3, r3, r5
10003dbe:	015b      	lsls	r3, r3, #5
10003dc0:	18d2      	adds	r2, r2, r3
10003dc2:	6051      	str	r1, [r2, #4]
10003dc4:	e7e9      	b.n	10003d9a <hw_endpoint_init+0x62>
10003dc6:	1e59      	subs	r1, r3, #1
10003dc8:	00c9      	lsls	r1, r1, #3
10003dca:	4a0a      	ldr	r2, [pc, #40]	@ (10003df4 <hw_endpoint_init+0xbc>)
10003dcc:	4694      	mov	ip, r2
10003dce:	4461      	add	r1, ip
10003dd0:	4a03      	ldr	r2, [pc, #12]	@ (10003de0 <hw_endpoint_init+0xa8>)
10003dd2:	005b      	lsls	r3, r3, #1
10003dd4:	195b      	adds	r3, r3, r5
10003dd6:	015b      	lsls	r3, r3, #5
10003dd8:	18d2      	adds	r2, r2, r3
10003dda:	6051      	str	r1, [r2, #4]
10003ddc:	e7dd      	b.n	10003d9a <hw_endpoint_init+0x62>
10003dde:	46c0      	nop			@ (mov r8, r8)
10003de0:	2000154c 	.word	0x2000154c
10003de4:	50100084 	.word	0x50100084
10003de8:	50100100 	.word	0x50100100
10003dec:	50100080 	.word	0x50100080
10003df0:	5010000c 	.word	0x5010000c
10003df4:	50100008 	.word	0x50100008

10003df8 <hw_endpoint_alloc>:
10003df8:	b510      	push	{r4, lr}
10003dfa:	8b03      	ldrh	r3, [r0, #24]
10003dfc:	333f      	adds	r3, #63	@ 0x3f
10003dfe:	223f      	movs	r2, #63	@ 0x3f
10003e00:	4393      	bics	r3, r2
10003e02:	7ec2      	ldrb	r2, [r0, #27]
10003e04:	2a02      	cmp	r2, #2
10003e06:	d008      	beq.n	10003e1a <hw_endpoint_alloc+0x22>
10003e08:	4908      	ldr	r1, [pc, #32]	@ (10003e2c <hw_endpoint_alloc+0x34>)
10003e0a:	680a      	ldr	r2, [r1, #0]
10003e0c:	60c2      	str	r2, [r0, #12]
10003e0e:	18d3      	adds	r3, r2, r3
10003e10:	600b      	str	r3, [r1, #0]
10003e12:	4a07      	ldr	r2, [pc, #28]	@ (10003e30 <hw_endpoint_alloc+0x38>)
10003e14:	4293      	cmp	r3, r2
10003e16:	d802      	bhi.n	10003e1e <hw_endpoint_alloc+0x26>
10003e18:	bd10      	pop	{r4, pc}
10003e1a:	005b      	lsls	r3, r3, #1
10003e1c:	e7f4      	b.n	10003e08 <hw_endpoint_alloc+0x10>
10003e1e:	4b05      	ldr	r3, [pc, #20]	@ (10003e34 <hw_endpoint_alloc+0x3c>)
10003e20:	4a05      	ldr	r2, [pc, #20]	@ (10003e38 <hw_endpoint_alloc+0x40>)
10003e22:	4806      	ldr	r0, [pc, #24]	@ (10003e3c <hw_endpoint_alloc+0x44>)
10003e24:	2152      	movs	r1, #82	@ 0x52
10003e26:	f7ff fab9 	bl	1000339c <__assert_func>
10003e2a:	46c0      	nop			@ (mov r8, r8)
10003e2c:	20001950 	.word	0x20001950
10003e30:	50100fff 	.word	0x50100fff
10003e34:	10006ff0 	.word	0x10006ff0
10003e38:	1000773c 	.word	0x1000773c
10003e3c:	10007034 	.word	0x10007034

10003e40 <hw_endpoint_open>:
10003e40:	b5f8      	push	{r3, r4, r5, r6, r7, lr}
10003e42:	257f      	movs	r5, #127	@ 0x7f
10003e44:	4005      	ands	r5, r0
10003e46:	09c6      	lsrs	r6, r0, #7
10003e48:	006b      	lsls	r3, r5, #1
10003e4a:	199b      	adds	r3, r3, r6
10003e4c:	015b      	lsls	r3, r3, #5
10003e4e:	4c0e      	ldr	r4, [pc, #56]	@ (10003e88 <hw_endpoint_open+0x48>)
10003e50:	191c      	adds	r4, r3, r4
10003e52:	f7ff ff71 	bl	10003d38 <hw_endpoint_init>
10003e56:	2d00      	cmp	r5, #0
10003e58:	d100      	bne.n	10003e5c <hw_endpoint_open+0x1c>
10003e5a:	bdf8      	pop	{r3, r4, r5, r6, r7, pc}
10003e5c:	4b0a      	ldr	r3, [pc, #40]	@ (10003e88 <hw_endpoint_open+0x48>)
10003e5e:	006d      	lsls	r5, r5, #1
10003e60:	19ad      	adds	r5, r5, r6
10003e62:	016d      	lsls	r5, r5, #5
10003e64:	195d      	adds	r5, r3, r5
10003e66:	8b29      	ldrh	r1, [r5, #24]
10003e68:	0020      	movs	r0, r4
10003e6a:	f7ff ffc5 	bl	10003df8 <hw_endpoint_alloc>
10003e6e:	7eeb      	ldrb	r3, [r5, #27]
10003e70:	069b      	lsls	r3, r3, #26
10003e72:	68e9      	ldr	r1, [r5, #12]
10003e74:	4a05      	ldr	r2, [pc, #20]	@ (10003e8c <hw_endpoint_open+0x4c>)
10003e76:	404a      	eors	r2, r1
10003e78:	4313      	orrs	r3, r2
10003e7a:	2280      	movs	r2, #128	@ 0x80
10003e7c:	0612      	lsls	r2, r2, #24
10003e7e:	4313      	orrs	r3, r2
10003e80:	686a      	ldr	r2, [r5, #4]
10003e82:	6013      	str	r3, [r2, #0]
10003e84:	e7e9      	b.n	10003e5a <hw_endpoint_open+0x1a>
10003e86:	46c0      	nop			@ (mov r8, r8)
10003e88:	2000154c 	.word	0x2000154c
10003e8c:	50100000 	.word	0x50100000

10003e90 <hw_endpoint_xfer>:
10003e90:	b510      	push	{r4, lr}
10003e92:	0004      	movs	r4, r0
10003e94:	207f      	movs	r0, #127	@ 0x7f
10003e96:	4020      	ands	r0, r4
10003e98:	09e4      	lsrs	r4, r4, #7
10003e9a:	0040      	lsls	r0, r0, #1
10003e9c:	1900      	adds	r0, r0, r4
10003e9e:	0140      	lsls	r0, r0, #5
10003ea0:	4b02      	ldr	r3, [pc, #8]	@ (10003eac <hw_endpoint_xfer+0x1c>)
10003ea2:	18c0      	adds	r0, r0, r3
10003ea4:	f000 f926 	bl	100040f4 <hw_endpoint_xfer_start>
10003ea8:	bd10      	pop	{r4, pc}
10003eaa:	46c0      	nop			@ (mov r8, r8)
10003eac:	2000154c 	.word	0x2000154c

10003eb0 <dcd_int_enable>:
10003eb0:	b510      	push	{r4, lr}
10003eb2:	2800      	cmp	r0, #0
10003eb4:	d104      	bne.n	10003ec0 <dcd_int_enable+0x10>
10003eb6:	2101      	movs	r1, #1
10003eb8:	2005      	movs	r0, #5
10003eba:	f7fc fbe3 	bl	10000684 <irq_set_enabled>
10003ebe:	bd10      	pop	{r4, pc}
10003ec0:	4b03      	ldr	r3, [pc, #12]	@ (10003ed0 <dcd_int_enable+0x20>)
10003ec2:	4a04      	ldr	r2, [pc, #16]	@ (10003ed4 <dcd_int_enable+0x24>)
10003ec4:	2198      	movs	r1, #152	@ 0x98
10003ec6:	4804      	ldr	r0, [pc, #16]	@ (10003ed8 <dcd_int_enable+0x28>)
10003ec8:	31ff      	adds	r1, #255	@ 0xff
10003eca:	f7ff fa67 	bl	1000339c <__assert_func>
10003ece:	46c0      	nop			@ (mov r8, r8)
10003ed0:	100070ac 	.word	0x100070ac
10003ed4:	1000772c 	.word	0x1000772c
10003ed8:	10007034 	.word	0x10007034

10003edc <dcd_set_address>:
10003edc:	b510      	push	{r4, lr}
10003ede:	2800      	cmp	r0, #0
10003ee0:	d105      	bne.n	10003eee <dcd_set_address+0x12>
10003ee2:	2200      	movs	r2, #0
10003ee4:	2100      	movs	r1, #0
10003ee6:	2080      	movs	r0, #128	@ 0x80
10003ee8:	f7ff ffd2 	bl	10003e90 <hw_endpoint_xfer>
10003eec:	bd10      	pop	{r4, pc}
10003eee:	4b03      	ldr	r3, [pc, #12]	@ (10003efc <dcd_set_address+0x20>)
10003ef0:	4a03      	ldr	r2, [pc, #12]	@ (10003f00 <dcd_set_address+0x24>)
10003ef2:	21a2      	movs	r1, #162	@ 0xa2
10003ef4:	4803      	ldr	r0, [pc, #12]	@ (10003f04 <dcd_set_address+0x28>)
10003ef6:	31ff      	adds	r1, #255	@ 0xff
10003ef8:	f7ff fa50 	bl	1000339c <__assert_func>
10003efc:	100070ac 	.word	0x100070ac
10003f00:	1000771c 	.word	0x1000771c
10003f04:	10007034 	.word	0x10007034

10003f08 <dcd_connect>:
10003f08:	4b02      	ldr	r3, [pc, #8]	@ (10003f14 <dcd_connect+0xc>)
10003f0a:	2280      	movs	r2, #128	@ 0x80
10003f0c:	0252      	lsls	r2, r2, #9
10003f0e:	64da      	str	r2, [r3, #76]	@ 0x4c
10003f10:	4770      	bx	lr
10003f12:	46c0      	nop			@ (mov r8, r8)
10003f14:	50112000 	.word	0x50112000

10003f18 <dcd_init>:
10003f18:	b570      	push	{r4, r5, r6, lr}
10003f1a:	1e04      	subs	r4, r0, #0
10003f1c:	d127      	bne.n	10003f6e <dcd_init+0x56>
10003f1e:	f000 f8c7 	bl	100040b0 <rp2040_usb_init>
10003f22:	4d16      	ldr	r5, [pc, #88]	@ (10003f7c <dcd_init+0x64>)
10003f24:	230c      	movs	r3, #12
10003f26:	67ab      	str	r3, [r5, #120]	@ 0x78
10003f28:	4915      	ldr	r1, [pc, #84]	@ (10003f80 <dcd_init+0x68>)
10003f2a:	22ff      	movs	r2, #255	@ 0xff
10003f2c:	2005      	movs	r0, #5
10003f2e:	f7fc fbfb 	bl	10000728 <irq_add_shared_handler>
10003f32:	4814      	ldr	r0, [pc, #80]	@ (10003f84 <dcd_init+0x6c>)
10003f34:	2240      	movs	r2, #64	@ 0x40
10003f36:	2100      	movs	r1, #0
10003f38:	f7fe f926 	bl	10002188 <__wrap_memset>
10003f3c:	2200      	movs	r2, #0
10003f3e:	2140      	movs	r1, #64	@ 0x40
10003f40:	2000      	movs	r0, #0
10003f42:	f7ff ff7d 	bl	10003e40 <hw_endpoint_open>
10003f46:	2200      	movs	r2, #0
10003f48:	2140      	movs	r1, #64	@ 0x40
10003f4a:	2080      	movs	r0, #128	@ 0x80
10003f4c:	f7ff ff78 	bl	10003e40 <hw_endpoint_open>
10003f50:	f002 face 	bl	100064f0 <__reset_non_control_endpoints_veneer>
10003f54:	2301      	movs	r3, #1
10003f56:	642b      	str	r3, [r5, #64]	@ 0x40
10003f58:	2380      	movs	r3, #128	@ 0x80
10003f5a:	059b      	lsls	r3, r3, #22
10003f5c:	64eb      	str	r3, [r5, #76]	@ 0x4c
10003f5e:	2390      	movs	r3, #144	@ 0x90
10003f60:	4a09      	ldr	r2, [pc, #36]	@ (10003f88 <dcd_init+0x70>)
10003f62:	50ea      	str	r2, [r5, r3]
10003f64:	0020      	movs	r0, r4
10003f66:	f7ff ffcf 	bl	10003f08 <dcd_connect>
10003f6a:	2001      	movs	r0, #1
10003f6c:	bd70      	pop	{r4, r5, r6, pc}
10003f6e:	4b07      	ldr	r3, [pc, #28]	@ (10003f8c <dcd_init+0x74>)
10003f70:	4a07      	ldr	r2, [pc, #28]	@ (10003f90 <dcd_init+0x78>)
10003f72:	2164      	movs	r1, #100	@ 0x64
10003f74:	4807      	ldr	r0, [pc, #28]	@ (10003f94 <dcd_init+0x7c>)
10003f76:	31ff      	adds	r1, #255	@ 0xff
10003f78:	f7ff fa10 	bl	1000339c <__assert_func>
10003f7c:	50110000 	.word	0x50110000
10003f80:	200004bd 	.word	0x200004bd
10003f84:	2000154c 	.word	0x2000154c
10003f88:	0001d010 	.word	0x0001d010
10003f8c:	100070ac 	.word	0x100070ac
10003f90:	10007750 	.word	0x10007750
10003f94:	10007034 	.word	0x10007034

10003f98 <dcd_sof_enable>:
10003f98:	4b04      	ldr	r3, [pc, #16]	@ (10003fac <dcd_sof_enable+0x14>)
10003f9a:	7019      	strb	r1, [r3, #0]
10003f9c:	2900      	cmp	r1, #0
10003f9e:	d004      	beq.n	10003faa <dcd_sof_enable+0x12>
10003fa0:	4a03      	ldr	r2, [pc, #12]	@ (10003fb0 <dcd_sof_enable+0x18>)
10003fa2:	2390      	movs	r3, #144	@ 0x90
10003fa4:	2180      	movs	r1, #128	@ 0x80
10003fa6:	0289      	lsls	r1, r1, #10
10003fa8:	50d1      	str	r1, [r2, r3]
10003faa:	4770      	bx	lr
10003fac:	20001bae 	.word	0x20001bae
10003fb0:	50112000 	.word	0x50112000

10003fb4 <dcd_edpt0_status_complete>:
10003fb4:	780b      	ldrb	r3, [r1, #0]
10003fb6:	065b      	lsls	r3, r3, #25
10003fb8:	d102      	bne.n	10003fc0 <dcd_edpt0_status_complete+0xc>
10003fba:	784b      	ldrb	r3, [r1, #1]
10003fbc:	2b05      	cmp	r3, #5
10003fbe:	d000      	beq.n	10003fc2 <dcd_edpt0_status_complete+0xe>
10003fc0:	4770      	bx	lr
10003fc2:	788a      	ldrb	r2, [r1, #2]
10003fc4:	4b01      	ldr	r3, [pc, #4]	@ (10003fcc <dcd_edpt0_status_complete+0x18>)
10003fc6:	601a      	str	r2, [r3, #0]
10003fc8:	e7fa      	b.n	10003fc0 <dcd_edpt0_status_complete+0xc>
10003fca:	46c0      	nop			@ (mov r8, r8)
10003fcc:	50110000 	.word	0x50110000

10003fd0 <dcd_edpt_open>:
10003fd0:	b510      	push	{r4, lr}
10003fd2:	78ca      	ldrb	r2, [r1, #3]
10003fd4:	0792      	lsls	r2, r2, #30
10003fd6:	0f92      	lsrs	r2, r2, #30
10003fd8:	2a01      	cmp	r2, #1
10003fda:	d00a      	beq.n	10003ff2 <dcd_edpt_open+0x22>
10003fdc:	7888      	ldrb	r0, [r1, #2]
10003fde:	790b      	ldrb	r3, [r1, #4]
10003fe0:	7949      	ldrb	r1, [r1, #5]
10003fe2:	0209      	lsls	r1, r1, #8
10003fe4:	4319      	orrs	r1, r3
10003fe6:	0549      	lsls	r1, r1, #21
10003fe8:	0d49      	lsrs	r1, r1, #21
10003fea:	f7ff ff29 	bl	10003e40 <hw_endpoint_open>
10003fee:	2001      	movs	r0, #1
10003ff0:	bd10      	pop	{r4, pc}
10003ff2:	2000      	movs	r0, #0
10003ff4:	e7fc      	b.n	10003ff0 <dcd_edpt_open+0x20>

10003ff6 <dcd_edpt_close_all>:
10003ff6:	b510      	push	{r4, lr}
10003ff8:	f002 fa7a 	bl	100064f0 <__reset_non_control_endpoints_veneer>
10003ffc:	bd10      	pop	{r4, pc}
	...

10004000 <dcd_edpt_xfer>:
10004000:	b510      	push	{r4, lr}
10004002:	0004      	movs	r4, r0
10004004:	0008      	movs	r0, r1
10004006:	0011      	movs	r1, r2
10004008:	001a      	movs	r2, r3
1000400a:	2c00      	cmp	r4, #0
1000400c:	d103      	bne.n	10004016 <dcd_edpt_xfer+0x16>
1000400e:	f7ff ff3f 	bl	10003e90 <hw_endpoint_xfer>
10004012:	2001      	movs	r0, #1
10004014:	bd10      	pop	{r4, pc}
10004016:	4b03      	ldr	r3, [pc, #12]	@ (10004024 <dcd_edpt_xfer+0x24>)
10004018:	4a03      	ldr	r2, [pc, #12]	@ (10004028 <dcd_edpt_xfer+0x28>)
1000401a:	2181      	movs	r1, #129	@ 0x81
1000401c:	4803      	ldr	r0, [pc, #12]	@ (1000402c <dcd_edpt_xfer+0x2c>)
1000401e:	0089      	lsls	r1, r1, #2
10004020:	f7ff f9bc 	bl	1000339c <__assert_func>
10004024:	100070ac 	.word	0x100070ac
10004028:	1000770c 	.word	0x1000770c
1000402c:	10007034 	.word	0x10007034

10004030 <dcd_edpt_stall>:
10004030:	b510      	push	{r4, lr}
10004032:	237f      	movs	r3, #127	@ 0x7f
10004034:	0018      	movs	r0, r3
10004036:	4008      	ands	r0, r1
10004038:	420b      	tst	r3, r1
1000403a:	d105      	bne.n	10004048 <dcd_edpt_stall+0x18>
1000403c:	09cb      	lsrs	r3, r1, #7
1000403e:	2b01      	cmp	r3, #1
10004040:	d00e      	beq.n	10004060 <dcd_edpt_stall+0x30>
10004042:	2202      	movs	r2, #2
10004044:	4b07      	ldr	r3, [pc, #28]	@ (10004064 <dcd_edpt_stall+0x34>)
10004046:	669a      	str	r2, [r3, #104]	@ 0x68
10004048:	09c9      	lsrs	r1, r1, #7
1000404a:	0040      	lsls	r0, r0, #1
1000404c:	1840      	adds	r0, r0, r1
1000404e:	0140      	lsls	r0, r0, #5
10004050:	4b05      	ldr	r3, [pc, #20]	@ (10004068 <dcd_edpt_stall+0x38>)
10004052:	18c0      	adds	r0, r0, r3
10004054:	2280      	movs	r2, #128	@ 0x80
10004056:	0112      	lsls	r2, r2, #4
10004058:	2100      	movs	r1, #0
1000405a:	f002 fa41 	bl	100064e0 <___hw_endpoint_buffer_control_update32_veneer>
1000405e:	bd10      	pop	{r4, pc}
10004060:	2201      	movs	r2, #1
10004062:	e7ef      	b.n	10004044 <dcd_edpt_stall+0x14>
10004064:	50112000 	.word	0x50112000
10004068:	2000154c 	.word	0x2000154c

1000406c <dcd_edpt_clear_stall>:
1000406c:	b510      	push	{r4, lr}
1000406e:	227f      	movs	r2, #127	@ 0x7f
10004070:	0010      	movs	r0, r2
10004072:	4008      	ands	r0, r1
10004074:	420a      	tst	r2, r1
10004076:	d100      	bne.n	1000407a <dcd_edpt_clear_stall+0xe>
10004078:	bd10      	pop	{r4, pc}
1000407a:	09c9      	lsrs	r1, r1, #7
1000407c:	0040      	lsls	r0, r0, #1
1000407e:	1840      	adds	r0, r0, r1
10004080:	0140      	lsls	r0, r0, #5
10004082:	4b04      	ldr	r3, [pc, #16]	@ (10004094 <dcd_edpt_clear_stall+0x28>)
10004084:	18c0      	adds	r0, r0, r3
10004086:	2300      	movs	r3, #0
10004088:	70c3      	strb	r3, [r0, #3]
1000408a:	2200      	movs	r2, #0
1000408c:	4902      	ldr	r1, [pc, #8]	@ (10004098 <dcd_edpt_clear_stall+0x2c>)
1000408e:	f002 fa27 	bl	100064e0 <___hw_endpoint_buffer_control_update32_veneer>
10004092:	e7f1      	b.n	10004078 <dcd_edpt_clear_stall+0xc>
10004094:	2000154c 	.word	0x2000154c
10004098:	fffff7ff 	.word	0xfffff7ff

1000409c <unaligned_memcpy>:
1000409c:	e004      	b.n	100040a8 <unaligned_memcpy+0xc>
1000409e:	780a      	ldrb	r2, [r1, #0]
100040a0:	7002      	strb	r2, [r0, #0]
100040a2:	3101      	adds	r1, #1
100040a4:	3001      	adds	r0, #1
100040a6:	001a      	movs	r2, r3
100040a8:	1e53      	subs	r3, r2, #1
100040aa:	2a00      	cmp	r2, #0
100040ac:	d1f7      	bne.n	1000409e <unaligned_memcpy+0x2>
100040ae:	4770      	bx	lr

100040b0 <rp2040_usb_init>:
100040b0:	b510      	push	{r4, lr}
100040b2:	2380      	movs	r3, #128	@ 0x80
100040b4:	045b      	lsls	r3, r3, #17
100040b6:	4a0a      	ldr	r2, [pc, #40]	@ (100040e0 <rp2040_usb_init+0x30>)
100040b8:	6013      	str	r3, [r2, #0]
100040ba:	4a0a      	ldr	r2, [pc, #40]	@ (100040e4 <rp2040_usb_init+0x34>)
100040bc:	6013      	str	r3, [r2, #0]
100040be:	4b0a      	ldr	r3, [pc, #40]	@ (100040e8 <rp2040_usb_init+0x38>)
100040c0:	681a      	ldr	r2, [r3, #0]
100040c2:	2380      	movs	r3, #128	@ 0x80
100040c4:	045b      	lsls	r3, r3, #17
100040c6:	4393      	bics	r3, r2
100040c8:	d1f9      	bne.n	100040be <rp2040_usb_init+0xe>
100040ca:	2280      	movs	r2, #128	@ 0x80
100040cc:	0152      	lsls	r2, r2, #5
100040ce:	2100      	movs	r1, #0
100040d0:	4806      	ldr	r0, [pc, #24]	@ (100040ec <rp2040_usb_init+0x3c>)
100040d2:	f7fe f859 	bl	10002188 <__wrap_memset>
100040d6:	4b06      	ldr	r3, [pc, #24]	@ (100040f0 <rp2040_usb_init+0x40>)
100040d8:	2209      	movs	r2, #9
100040da:	675a      	str	r2, [r3, #116]	@ 0x74
100040dc:	bd10      	pop	{r4, pc}
100040de:	46c0      	nop			@ (mov r8, r8)
100040e0:	4000e000 	.word	0x4000e000
100040e4:	4000f000 	.word	0x4000f000
100040e8:	4000c008 	.word	0x4000c008
100040ec:	50100000 	.word	0x50100000
100040f0:	50110000 	.word	0x50110000

100040f4 <hw_endpoint_xfer_start>:
100040f4:	b570      	push	{r4, r5, r6, lr}
100040f6:	0004      	movs	r4, r0
100040f8:	000d      	movs	r5, r1
100040fa:	0016      	movs	r6, r2
100040fc:	7e83      	ldrb	r3, [r0, #26]
100040fe:	2b00      	cmp	r3, #0
10004100:	d117      	bne.n	10004132 <hw_endpoint_xfer_start+0x3e>
10004102:	82a6      	strh	r6, [r4, #20]
10004104:	2300      	movs	r3, #0
10004106:	82e3      	strh	r3, [r4, #22]
10004108:	3301      	adds	r3, #1
1000410a:	76a3      	strb	r3, [r4, #26]
1000410c:	6125      	str	r5, [r4, #16]
1000410e:	0020      	movs	r0, r4
10004110:	f002 f9be 	bl	10006490 <__e15_is_bulkin_ep_veneer>
10004114:	2800      	cmp	r0, #0
10004116:	d004      	beq.n	10004122 <hw_endpoint_xfer_start+0x2e>
10004118:	4a0c      	ldr	r2, [pc, #48]	@ (1000414c <hw_endpoint_xfer_start+0x58>)
1000411a:	2390      	movs	r3, #144	@ 0x90
1000411c:	2180      	movs	r1, #128	@ 0x80
1000411e:	0289      	lsls	r1, r1, #10
10004120:	50d1      	str	r1, [r2, r3]
10004122:	0020      	movs	r0, r4
10004124:	f002 f9bc 	bl	100064a0 <__e15_is_critical_frame_period_veneer>
10004128:	2800      	cmp	r0, #0
1000412a:	d00a      	beq.n	10004142 <hw_endpoint_xfer_start+0x4e>
1000412c:	2301      	movs	r3, #1
1000412e:	7723      	strb	r3, [r4, #28]
10004130:	bd70      	pop	{r4, r5, r6, pc}
10004132:	7881      	ldrb	r1, [r0, #2]
10004134:	4806      	ldr	r0, [pc, #24]	@ (10004150 <hw_endpoint_xfer_start+0x5c>)
10004136:	f7ff faa1 	bl	1000367c <__wrap_printf>
1000413a:	0020      	movs	r0, r4
1000413c:	f002 f9c8 	bl	100064d0 <__hw_endpoint_reset_transfer_veneer>
10004140:	e7df      	b.n	10004102 <hw_endpoint_xfer_start+0xe>
10004142:	0020      	movs	r0, r4
10004144:	f002 f9bc 	bl	100064c0 <__hw_endpoint_start_next_buffer_veneer>
10004148:	e7f2      	b.n	10004130 <hw_endpoint_xfer_start+0x3c>
1000414a:	46c0      	nop			@ (mov r8, r8)
1000414c:	50112000 	.word	0x50112000
10004150:	100071a4 	.word	0x100071a4

10004154 <configuration_reset>:
10004154:	b570      	push	{r4, r5, r6, lr}
10004156:	0005      	movs	r5, r0
10004158:	2400      	movs	r4, #0
1000415a:	e008      	b.n	1000416e <configuration_reset+0x1a>
1000415c:	1a9b      	subs	r3, r3, r2
1000415e:	015b      	lsls	r3, r3, #5
10004160:	4a16      	ldr	r2, [pc, #88]	@ (100041bc <configuration_reset+0x68>)
10004162:	189b      	adds	r3, r3, r2
10004164:	68db      	ldr	r3, [r3, #12]
10004166:	0028      	movs	r0, r5
10004168:	4798      	blx	r3
1000416a:	3401      	adds	r4, #1
1000416c:	b2e4      	uxtb	r4, r4
1000416e:	4b14      	ldr	r3, [pc, #80]	@ (100041c0 <configuration_reset+0x6c>)
10004170:	781a      	ldrb	r2, [r3, #0]
10004172:	0023      	movs	r3, r4
10004174:	1c51      	adds	r1, r2, #1
10004176:	42a1      	cmp	r1, r4
10004178:	db0d      	blt.n	10004196 <configuration_reset+0x42>
1000417a:	42a2      	cmp	r2, r4
1000417c:	d9ee      	bls.n	1000415c <configuration_reset+0x8>
1000417e:	4b11      	ldr	r3, [pc, #68]	@ (100041c4 <configuration_reset+0x70>)
10004180:	681b      	ldr	r3, [r3, #0]
10004182:	0162      	lsls	r2, r4, #5
10004184:	189b      	adds	r3, r3, r2
10004186:	2b00      	cmp	r3, #0
10004188:	d1ec      	bne.n	10004164 <configuration_reset+0x10>
1000418a:	490f      	ldr	r1, [pc, #60]	@ (100041c8 <configuration_reset+0x74>)
1000418c:	480f      	ldr	r0, [pc, #60]	@ (100041cc <configuration_reset+0x78>)
1000418e:	4a10      	ldr	r2, [pc, #64]	@ (100041d0 <configuration_reset+0x7c>)
10004190:	f7ff fa74 	bl	1000367c <__wrap_printf>
10004194:	e010      	b.n	100041b8 <configuration_reset+0x64>
10004196:	4c0f      	ldr	r4, [pc, #60]	@ (100041d4 <configuration_reset+0x80>)
10004198:	2254      	movs	r2, #84	@ 0x54
1000419a:	2100      	movs	r1, #0
1000419c:	0020      	movs	r0, r4
1000419e:	f7fd fff3 	bl	10002188 <__wrap_memset>
100041a2:	1d20      	adds	r0, r4, #4
100041a4:	2210      	movs	r2, #16
100041a6:	21ff      	movs	r1, #255	@ 0xff
100041a8:	f7fd ffee 	bl	10002188 <__wrap_memset>
100041ac:	0020      	movs	r0, r4
100041ae:	3014      	adds	r0, #20
100041b0:	2220      	movs	r2, #32
100041b2:	21ff      	movs	r1, #255	@ 0xff
100041b4:	f7fd ffe8 	bl	10002188 <__wrap_memset>
100041b8:	bd70      	pop	{r4, r5, r6, pc}
100041ba:	46c0      	nop			@ (mov r8, r8)
100041bc:	100078cc 	.word	0x100078cc
100041c0:	20001bad 	.word	0x20001bad
100041c4:	20000e48 	.word	0x20000e48
100041c8:	10007898 	.word	0x10007898
100041cc:	100071dc 	.word	0x100071dc
100041d0:	00000225 	.word	0x00000225
100041d4:	20000ff8 	.word	0x20000ff8

100041d8 <usbd_reset>:
100041d8:	b510      	push	{r4, lr}
100041da:	f7ff ffbb 	bl	10004154 <configuration_reset>
100041de:	f000 fe65 	bl	10004eac <usbd_control_reset>
100041e2:	bd10      	pop	{r4, pc}

100041e4 <invoke_class_control>:
100041e4:	b570      	push	{r4, r5, r6, lr}
100041e6:	0005      	movs	r5, r0
100041e8:	000c      	movs	r4, r1
100041ea:	0016      	movs	r6, r2
100041ec:	6948      	ldr	r0, [r1, #20]
100041ee:	f000 fe67 	bl	10004ec0 <usbd_control_set_complete_callback>
100041f2:	6963      	ldr	r3, [r4, #20]
100041f4:	0032      	movs	r2, r6
100041f6:	2101      	movs	r1, #1
100041f8:	0028      	movs	r0, r5
100041fa:	4798      	blx	r3
100041fc:	bd70      	pop	{r4, r5, r6, pc}
	...

10004200 <process_set_config>:
10004200:	b5f0      	push	{r4, r5, r6, r7, lr}
10004202:	46de      	mov	lr, fp
10004204:	4657      	mov	r7, sl
10004206:	464e      	mov	r6, r9
10004208:	4645      	mov	r5, r8
1000420a:	b5e0      	push	{r5, r6, r7, lr}
1000420c:	b083      	sub	sp, #12
1000420e:	4682      	mov	sl, r0
10004210:	3901      	subs	r1, #1
10004212:	b2c8      	uxtb	r0, r1
10004214:	f7ff fd02 	bl	10003c1c <tud_descriptor_configuration_cb>
10004218:	2800      	cmp	r0, #0
1000421a:	d003      	beq.n	10004224 <process_set_config+0x24>
1000421c:	7843      	ldrb	r3, [r0, #1]
1000421e:	4699      	mov	r9, r3
10004220:	2b02      	cmp	r3, #2
10004222:	d00c      	beq.n	1000423e <process_set_config+0x3e>
10004224:	4956      	ldr	r1, [pc, #344]	@ (10004380 <process_set_config+0x180>)
10004226:	4857      	ldr	r0, [pc, #348]	@ (10004384 <process_set_config+0x184>)
10004228:	4a57      	ldr	r2, [pc, #348]	@ (10004388 <process_set_config+0x188>)
1000422a:	f7ff fa27 	bl	1000367c <__wrap_printf>
1000422e:	2000      	movs	r0, #0
10004230:	b003      	add	sp, #12
10004232:	bcf0      	pop	{r4, r5, r6, r7}
10004234:	46bb      	mov	fp, r7
10004236:	46b2      	mov	sl, r6
10004238:	46a9      	mov	r9, r5
1000423a:	46a0      	mov	r8, r4
1000423c:	bdf0      	pop	{r4, r5, r6, r7, pc}
1000423e:	79c5      	ldrb	r5, [r0, #7]
10004240:	116c      	asrs	r4, r5, #5
10004242:	2201      	movs	r2, #1
10004244:	4b51      	ldr	r3, [pc, #324]	@ (1000438c <process_set_config+0x18c>)
10004246:	4014      	ands	r4, r2
10004248:	0124      	lsls	r4, r4, #4
1000424a:	7819      	ldrb	r1, [r3, #0]
1000424c:	2610      	movs	r6, #16
1000424e:	43b1      	bics	r1, r6
10004250:	4321      	orrs	r1, r4
10004252:	7019      	strb	r1, [r3, #0]
10004254:	11ad      	asrs	r5, r5, #6
10004256:	402a      	ands	r2, r5
10004258:	0152      	lsls	r2, r2, #5
1000425a:	b2c9      	uxtb	r1, r1
1000425c:	2420      	movs	r4, #32
1000425e:	43a1      	bics	r1, r4
10004260:	430a      	orrs	r2, r1
10004262:	701a      	strb	r2, [r3, #0]
10004264:	0006      	movs	r6, r0
10004266:	3609      	adds	r6, #9
10004268:	7882      	ldrb	r2, [r0, #2]
1000426a:	78c3      	ldrb	r3, [r0, #3]
1000426c:	021b      	lsls	r3, r3, #8
1000426e:	4313      	orrs	r3, r2
10004270:	4683      	mov	fp, r0
10004272:	449b      	add	fp, r3
10004274:	464b      	mov	r3, r9
10004276:	9301      	str	r3, [sp, #4]
10004278:	0037      	movs	r7, r6
1000427a:	e066      	b.n	1000434a <process_set_config+0x14a>
1000427c:	78fb      	ldrb	r3, [r7, #3]
1000427e:	4699      	mov	r9, r3
10004280:	783a      	ldrb	r2, [r7, #0]
10004282:	18bf      	adds	r7, r7, r2
10004284:	e068      	b.n	10004358 <process_set_config+0x158>
10004286:	493e      	ldr	r1, [pc, #248]	@ (10004380 <process_set_config+0x180>)
10004288:	483e      	ldr	r0, [pc, #248]	@ (10004384 <process_set_config+0x184>)
1000428a:	4a41      	ldr	r2, [pc, #260]	@ (10004390 <process_set_config+0x190>)
1000428c:	f7ff f9f6 	bl	1000367c <__wrap_printf>
10004290:	2000      	movs	r0, #0
10004292:	e7cd      	b.n	10004230 <process_set_config+0x30>
10004294:	9a00      	ldr	r2, [sp, #0]
10004296:	1ad3      	subs	r3, r2, r3
10004298:	015b      	lsls	r3, r3, #5
1000429a:	4e3e      	ldr	r6, [pc, #248]	@ (10004394 <process_set_config+0x194>)
1000429c:	199e      	adds	r6, r3, r6
1000429e:	6933      	ldr	r3, [r6, #16]
100042a0:	0022      	movs	r2, r4
100042a2:	0039      	movs	r1, r7
100042a4:	4650      	mov	r0, sl
100042a6:	4798      	blx	r3
100042a8:	2808      	cmp	r0, #8
100042aa:	d901      	bls.n	100042b0 <process_set_config+0xb0>
100042ac:	4284      	cmp	r4, r0
100042ae:	d216      	bcs.n	100042de <process_set_config+0xde>
100042b0:	3501      	adds	r5, #1
100042b2:	b2ed      	uxtb	r5, r5
100042b4:	4b38      	ldr	r3, [pc, #224]	@ (10004398 <process_set_config+0x198>)
100042b6:	781b      	ldrb	r3, [r3, #0]
100042b8:	9500      	str	r5, [sp, #0]
100042ba:	1c5a      	adds	r2, r3, #1
100042bc:	42aa      	cmp	r2, r5
100042be:	db3e      	blt.n	1000433e <process_set_config+0x13e>
100042c0:	42ab      	cmp	r3, r5
100042c2:	d9e7      	bls.n	10004294 <process_set_config+0x94>
100042c4:	4b35      	ldr	r3, [pc, #212]	@ (1000439c <process_set_config+0x19c>)
100042c6:	681b      	ldr	r3, [r3, #0]
100042c8:	016e      	lsls	r6, r5, #5
100042ca:	199e      	adds	r6, r3, r6
100042cc:	2e00      	cmp	r6, #0
100042ce:	d1e6      	bne.n	1000429e <process_set_config+0x9e>
100042d0:	492b      	ldr	r1, [pc, #172]	@ (10004380 <process_set_config+0x180>)
100042d2:	482c      	ldr	r0, [pc, #176]	@ (10004384 <process_set_config+0x184>)
100042d4:	4a32      	ldr	r2, [pc, #200]	@ (100043a0 <process_set_config+0x1a0>)
100042d6:	f7ff f9d1 	bl	1000367c <__wrap_printf>
100042da:	2000      	movs	r0, #0
100042dc:	e7a8      	b.n	10004230 <process_set_config+0x30>
100042de:	0034      	movs	r4, r6
100042e0:	9e00      	ldr	r6, [sp, #0]
100042e2:	9000      	str	r0, [sp, #0]
100042e4:	464b      	mov	r3, r9
100042e6:	2b01      	cmp	r3, #1
100042e8:	d011      	beq.n	1000430e <process_set_config+0x10e>
100042ea:	2000      	movs	r0, #0
100042ec:	4649      	mov	r1, r9
100042ee:	4281      	cmp	r1, r0
100042f0:	d91b      	bls.n	1000432a <process_set_config+0x12a>
100042f2:	78bb      	ldrb	r3, [r7, #2]
100042f4:	181b      	adds	r3, r3, r0
100042f6:	b2db      	uxtb	r3, r3
100042f8:	4a24      	ldr	r2, [pc, #144]	@ (1000438c <process_set_config+0x18c>)
100042fa:	18d2      	adds	r2, r2, r3
100042fc:	7912      	ldrb	r2, [r2, #4]
100042fe:	2aff      	cmp	r2, #255	@ 0xff
10004300:	d10c      	bne.n	1000431c <process_set_config+0x11c>
10004302:	4a22      	ldr	r2, [pc, #136]	@ (1000438c <process_set_config+0x18c>)
10004304:	18d3      	adds	r3, r2, r3
10004306:	711d      	strb	r5, [r3, #4]
10004308:	3001      	adds	r0, #1
1000430a:	b2c0      	uxtb	r0, r0
1000430c:	e7ef      	b.n	100042ee <process_set_config+0xee>
1000430e:	6921      	ldr	r1, [r4, #16]
10004310:	4a24      	ldr	r2, [pc, #144]	@ (100043a4 <process_set_config+0x1a4>)
10004312:	4291      	cmp	r1, r2
10004314:	d1e9      	bne.n	100042ea <process_set_config+0xea>
10004316:	9b01      	ldr	r3, [sp, #4]
10004318:	4699      	mov	r9, r3
1000431a:	e7e6      	b.n	100042ea <process_set_config+0xea>
1000431c:	4918      	ldr	r1, [pc, #96]	@ (10004380 <process_set_config+0x180>)
1000431e:	4819      	ldr	r0, [pc, #100]	@ (10004384 <process_set_config+0x184>)
10004320:	4a21      	ldr	r2, [pc, #132]	@ (100043a8 <process_set_config+0x1a8>)
10004322:	f7ff f9ab 	bl	1000367c <__wrap_printf>
10004326:	2000      	movs	r0, #0
10004328:	e782      	b.n	10004230 <process_set_config+0x30>
1000432a:	4820      	ldr	r0, [pc, #128]	@ (100043ac <process_set_config+0x1ac>)
1000432c:	002b      	movs	r3, r5
1000432e:	9c00      	ldr	r4, [sp, #0]
10004330:	0022      	movs	r2, r4
10004332:	0039      	movs	r1, r7
10004334:	f001 fc6e 	bl	10005c14 <tu_edpt_bind_driver>
10004338:	46a4      	mov	ip, r4
1000433a:	4467      	add	r7, ip
1000433c:	e000      	b.n	10004340 <process_set_config+0x140>
1000433e:	002e      	movs	r6, r5
10004340:	4b15      	ldr	r3, [pc, #84]	@ (10004398 <process_set_config+0x198>)
10004342:	781b      	ldrb	r3, [r3, #0]
10004344:	3301      	adds	r3, #1
10004346:	429e      	cmp	r6, r3
10004348:	dc0f      	bgt.n	1000436a <process_set_config+0x16a>
1000434a:	455f      	cmp	r7, fp
1000434c:	d215      	bcs.n	1000437a <process_set_config+0x17a>
1000434e:	787b      	ldrb	r3, [r7, #1]
10004350:	2b0b      	cmp	r3, #11
10004352:	d093      	beq.n	1000427c <process_set_config+0x7c>
10004354:	2301      	movs	r3, #1
10004356:	4699      	mov	r9, r3
10004358:	787a      	ldrb	r2, [r7, #1]
1000435a:	2a04      	cmp	r2, #4
1000435c:	d193      	bne.n	10004286 <process_set_config+0x86>
1000435e:	465b      	mov	r3, fp
10004360:	1bda      	subs	r2, r3, r7
10004362:	b293      	uxth	r3, r2
10004364:	2500      	movs	r5, #0
10004366:	001c      	movs	r4, r3
10004368:	e7a4      	b.n	100042b4 <process_set_config+0xb4>
1000436a:	2285      	movs	r2, #133	@ 0x85
1000436c:	4904      	ldr	r1, [pc, #16]	@ (10004380 <process_set_config+0x180>)
1000436e:	4805      	ldr	r0, [pc, #20]	@ (10004384 <process_set_config+0x184>)
10004370:	00d2      	lsls	r2, r2, #3
10004372:	f7ff f983 	bl	1000367c <__wrap_printf>
10004376:	2000      	movs	r0, #0
10004378:	e75a      	b.n	10004230 <process_set_config+0x30>
1000437a:	2001      	movs	r0, #1
1000437c:	e758      	b.n	10004230 <process_set_config+0x30>
1000437e:	46c0      	nop			@ (mov r8, r8)
10004380:	1000786c 	.word	0x1000786c
10004384:	100071dc 	.word	0x100071dc
10004388:	000003d6 	.word	0x000003d6
1000438c:	20000ff8 	.word	0x20000ff8
10004390:	000003f1 	.word	0x000003f1
10004394:	100078cc 	.word	0x100078cc
10004398:	20001bad 	.word	0x20001bad
1000439c:	20000e48 	.word	0x20000e48
100043a0:	000003fa 	.word	0x000003fa
100043a4:	10005359 	.word	0x10005359
100043a8:	00000419 	.word	0x00000419
100043ac:	2000100c 	.word	0x2000100c

100043b0 <tud_event_hook_cb>:
100043b0:	4770      	bx	lr

100043b2 <tud_sof_cb>:
100043b2:	4770      	bx	lr

100043b4 <tud_descriptor_device_qualifier_cb>:
100043b4:	2000      	movs	r0, #0
100043b6:	4770      	bx	lr

100043b8 <tud_descriptor_other_speed_configuration_cb>:
100043b8:	2000      	movs	r0, #0
100043ba:	4770      	bx	lr

100043bc <process_get_descriptor>:
100043bc:	b570      	push	{r4, r5, r6, lr}
100043be:	0005      	movs	r5, r0
100043c0:	000c      	movs	r4, r1
100043c2:	78cb      	ldrb	r3, [r1, #3]
100043c4:	7888      	ldrb	r0, [r1, #2]
100043c6:	2b0f      	cmp	r3, #15
100043c8:	d853      	bhi.n	10004472 <process_get_descriptor+0xb6>
100043ca:	009a      	lsls	r2, r3, #2
100043cc:	492e      	ldr	r1, [pc, #184]	@ (10004488 <process_get_descriptor+0xcc>)
100043ce:	588a      	ldr	r2, [r1, r2]
100043d0:	4697      	mov	pc, r2
100043d2:	f7ff fc1f 	bl	10003c14 <tud_descriptor_device_cb>
100043d6:	1e02      	subs	r2, r0, #0
100043d8:	d005      	beq.n	100043e6 <process_get_descriptor+0x2a>
100043da:	2312      	movs	r3, #18
100043dc:	0021      	movs	r1, r4
100043de:	0028      	movs	r0, r5
100043e0:	f000 fd18 	bl	10004e14 <tud_control_xfer>
100043e4:	e046      	b.n	10004474 <process_get_descriptor+0xb8>
100043e6:	4929      	ldr	r1, [pc, #164]	@ (1000448c <process_get_descriptor+0xd0>)
100043e8:	4829      	ldr	r0, [pc, #164]	@ (10004490 <process_get_descriptor+0xd4>)
100043ea:	4a2a      	ldr	r2, [pc, #168]	@ (10004494 <process_get_descriptor+0xd8>)
100043ec:	f7ff f946 	bl	1000367c <__wrap_printf>
100043f0:	2000      	movs	r0, #0
100043f2:	e03f      	b.n	10004474 <process_get_descriptor+0xb8>
100043f4:	f7ff f9a2 	bl	1000373c <tud_descriptor_bos_cb>
100043f8:	1e02      	subs	r2, r0, #0
100043fa:	d03c      	beq.n	10004476 <process_get_descriptor+0xba>
100043fc:	7881      	ldrb	r1, [r0, #2]
100043fe:	78c3      	ldrb	r3, [r0, #3]
10004400:	021b      	lsls	r3, r3, #8
10004402:	430b      	orrs	r3, r1
10004404:	0021      	movs	r1, r4
10004406:	0028      	movs	r0, r5
10004408:	f000 fd04 	bl	10004e14 <tud_control_xfer>
1000440c:	e032      	b.n	10004474 <process_get_descriptor+0xb8>
1000440e:	2b02      	cmp	r3, #2
10004410:	d00c      	beq.n	1000442c <process_get_descriptor+0x70>
10004412:	f7ff ffd1 	bl	100043b8 <tud_descriptor_other_speed_configuration_cb>
10004416:	1e02      	subs	r2, r0, #0
10004418:	d02f      	beq.n	1000447a <process_get_descriptor+0xbe>
1000441a:	7891      	ldrb	r1, [r2, #2]
1000441c:	78d3      	ldrb	r3, [r2, #3]
1000441e:	021b      	lsls	r3, r3, #8
10004420:	430b      	orrs	r3, r1
10004422:	0021      	movs	r1, r4
10004424:	0028      	movs	r0, r5
10004426:	f000 fcf5 	bl	10004e14 <tud_control_xfer>
1000442a:	e023      	b.n	10004474 <process_get_descriptor+0xb8>
1000442c:	f7ff fbf6 	bl	10003c1c <tud_descriptor_configuration_cb>
10004430:	1e02      	subs	r2, r0, #0
10004432:	d1f2      	bne.n	1000441a <process_get_descriptor+0x5e>
10004434:	4915      	ldr	r1, [pc, #84]	@ (1000448c <process_get_descriptor+0xd0>)
10004436:	4816      	ldr	r0, [pc, #88]	@ (10004490 <process_get_descriptor+0xd4>)
10004438:	4a17      	ldr	r2, [pc, #92]	@ (10004498 <process_get_descriptor+0xdc>)
1000443a:	f7ff f91f 	bl	1000367c <__wrap_printf>
1000443e:	2000      	movs	r0, #0
10004440:	e018      	b.n	10004474 <process_get_descriptor+0xb8>
10004442:	7923      	ldrb	r3, [r4, #4]
10004444:	7961      	ldrb	r1, [r4, #5]
10004446:	0209      	lsls	r1, r1, #8
10004448:	4319      	orrs	r1, r3
1000444a:	f7ff fbeb 	bl	10003c24 <tud_descriptor_string_cb>
1000444e:	1e02      	subs	r2, r0, #0
10004450:	d015      	beq.n	1000447e <process_get_descriptor+0xc2>
10004452:	7803      	ldrb	r3, [r0, #0]
10004454:	0021      	movs	r1, r4
10004456:	0028      	movs	r0, r5
10004458:	f000 fcdc 	bl	10004e14 <tud_control_xfer>
1000445c:	e00a      	b.n	10004474 <process_get_descriptor+0xb8>
1000445e:	f7ff ffa9 	bl	100043b4 <tud_descriptor_device_qualifier_cb>
10004462:	1e02      	subs	r2, r0, #0
10004464:	d00d      	beq.n	10004482 <process_get_descriptor+0xc6>
10004466:	7803      	ldrb	r3, [r0, #0]
10004468:	0021      	movs	r1, r4
1000446a:	0028      	movs	r0, r5
1000446c:	f000 fcd2 	bl	10004e14 <tud_control_xfer>
10004470:	e000      	b.n	10004474 <process_get_descriptor+0xb8>
10004472:	2000      	movs	r0, #0
10004474:	bd70      	pop	{r4, r5, r6, pc}
10004476:	2000      	movs	r0, #0
10004478:	e7fc      	b.n	10004474 <process_get_descriptor+0xb8>
1000447a:	2000      	movs	r0, #0
1000447c:	e7fa      	b.n	10004474 <process_get_descriptor+0xb8>
1000447e:	2000      	movs	r0, #0
10004480:	e7f8      	b.n	10004474 <process_get_descriptor+0xb8>
10004482:	2000      	movs	r0, #0
10004484:	e7f6      	b.n	10004474 <process_get_descriptor+0xb8>
10004486:	46c0      	nop			@ (mov r8, r8)
10004488:	1000776c 	.word	0x1000776c
1000448c:	10007854 	.word	0x10007854
10004490:	100071dc 	.word	0x100071dc
10004494:	0000043a 	.word	0x0000043a
10004498:	00000461 	.word	0x00000461

1000449c <tud_mount_cb>:
1000449c:	4770      	bx	lr

1000449e <tud_umount_cb>:
1000449e:	4770      	bx	lr

100044a0 <tud_suspend_cb>:
100044a0:	4770      	bx	lr

100044a2 <tud_resume_cb>:
100044a2:	4770      	bx	lr

100044a4 <tud_mounted>:
100044a4:	4b02      	ldr	r3, [pc, #8]	@ (100044b0 <tud_mounted+0xc>)
100044a6:	7858      	ldrb	r0, [r3, #1]
100044a8:	1e43      	subs	r3, r0, #1
100044aa:	4198      	sbcs	r0, r3
100044ac:	b2c0      	uxtb	r0, r0
100044ae:	4770      	bx	lr
100044b0:	20000ff8 	.word	0x20000ff8

100044b4 <tud_suspended>:
100044b4:	4b02      	ldr	r3, [pc, #8]	@ (100044c0 <tud_suspended+0xc>)
100044b6:	7818      	ldrb	r0, [r3, #0]
100044b8:	0740      	lsls	r0, r0, #29
100044ba:	0fc0      	lsrs	r0, r0, #31
100044bc:	4770      	bx	lr
100044be:	46c0      	nop			@ (mov r8, r8)
100044c0:	20000ff8 	.word	0x20000ff8

100044c4 <tud_inited>:
100044c4:	4b03      	ldr	r3, [pc, #12]	@ (100044d4 <tud_inited+0x10>)
100044c6:	7818      	ldrb	r0, [r3, #0]
100044c8:	38ff      	subs	r0, #255	@ 0xff
100044ca:	1e43      	subs	r3, r0, #1
100044cc:	4198      	sbcs	r0, r3
100044ce:	b2c0      	uxtb	r0, r0
100044d0:	4770      	bx	lr
100044d2:	46c0      	nop			@ (mov r8, r8)
100044d4:	20000cb4 	.word	0x20000cb4

100044d8 <tud_rhport_init>:
100044d8:	b5f8      	push	{r3, r4, r5, r6, r7, lr}
100044da:	0005      	movs	r5, r0
100044dc:	000f      	movs	r7, r1
100044de:	f7ff fff1 	bl	100044c4 <tud_inited>
100044e2:	1e06      	subs	r6, r0, #0
100044e4:	d148      	bne.n	10004578 <tud_rhport_init+0xa0>
100044e6:	2f00      	cmp	r7, #0
100044e8:	d021      	beq.n	1000452e <tud_rhport_init+0x56>
100044ea:	482e      	ldr	r0, [pc, #184]	@ (100045a4 <tud_rhport_init+0xcc>)
100044ec:	2254      	movs	r2, #84	@ 0x54
100044ee:	2100      	movs	r1, #0
100044f0:	f7fd fe4a 	bl	10002188 <__wrap_memset>
100044f4:	4b2c      	ldr	r3, [pc, #176]	@ (100045a8 <tud_rhport_init+0xd0>)
100044f6:	2200      	movs	r2, #0
100044f8:	701a      	strb	r2, [r3, #0]
100044fa:	4c2c      	ldr	r4, [pc, #176]	@ (100045ac <tud_rhport_init+0xd4>)
100044fc:	0020      	movs	r0, r4
100044fe:	f7fc fab7 	bl	10000a70 <mutex_init>
10004502:	4b2b      	ldr	r3, [pc, #172]	@ (100045b0 <tud_rhport_init+0xd8>)
10004504:	601c      	str	r4, [r3, #0]
10004506:	4c2b      	ldr	r4, [pc, #172]	@ (100045b4 <tud_rhport_init+0xdc>)
10004508:	0020      	movs	r0, r4
1000450a:	f7fc fafd 	bl	10000b08 <critical_section_init>
1000450e:	3c14      	subs	r4, #20
10004510:	0020      	movs	r0, r4
10004512:	f001 ff19 	bl	10006348 <tu_fifo_clear>
10004516:	4b28      	ldr	r3, [pc, #160]	@ (100045b8 <tud_rhport_init+0xe0>)
10004518:	601c      	str	r4, [r3, #0]
1000451a:	4b28      	ldr	r3, [pc, #160]	@ (100045bc <tud_rhport_init+0xe4>)
1000451c:	2b00      	cmp	r3, #0
1000451e:	d004      	beq.n	1000452a <tud_rhport_init+0x52>
10004520:	4827      	ldr	r0, [pc, #156]	@ (100045c0 <tud_rhport_init+0xe8>)
10004522:	f7ff f92b 	bl	1000377c <usbd_app_driver_get_cb>
10004526:	4b27      	ldr	r3, [pc, #156]	@ (100045c4 <tud_rhport_init+0xec>)
10004528:	6018      	str	r0, [r3, #0]
1000452a:	2400      	movs	r4, #0
1000452c:	e010      	b.n	10004550 <tud_rhport_init+0x78>
1000452e:	22e9      	movs	r2, #233	@ 0xe9
10004530:	4925      	ldr	r1, [pc, #148]	@ (100045c8 <tud_rhport_init+0xf0>)
10004532:	4826      	ldr	r0, [pc, #152]	@ (100045cc <tud_rhport_init+0xf4>)
10004534:	0052      	lsls	r2, r2, #1
10004536:	f7ff f8a1 	bl	1000367c <__wrap_printf>
1000453a:	e01d      	b.n	10004578 <tud_rhport_init+0xa0>
1000453c:	1a9b      	subs	r3, r3, r2
1000453e:	015b      	lsls	r3, r3, #5
10004540:	4a23      	ldr	r2, [pc, #140]	@ (100045d0 <tud_rhport_init+0xf8>)
10004542:	189b      	adds	r3, r3, r2
10004544:	685b      	ldr	r3, [r3, #4]
10004546:	2b00      	cmp	r3, #0
10004548:	d010      	beq.n	1000456c <tud_rhport_init+0x94>
1000454a:	4798      	blx	r3
1000454c:	3401      	adds	r4, #1
1000454e:	b2e4      	uxtb	r4, r4
10004550:	4b1b      	ldr	r3, [pc, #108]	@ (100045c0 <tud_rhport_init+0xe8>)
10004552:	781a      	ldrb	r2, [r3, #0]
10004554:	0023      	movs	r3, r4
10004556:	1c51      	adds	r1, r2, #1
10004558:	42a1      	cmp	r1, r4
1000455a:	db0f      	blt.n	1000457c <tud_rhport_init+0xa4>
1000455c:	42a2      	cmp	r2, r4
1000455e:	d9ed      	bls.n	1000453c <tud_rhport_init+0x64>
10004560:	4b18      	ldr	r3, [pc, #96]	@ (100045c4 <tud_rhport_init+0xec>)
10004562:	681b      	ldr	r3, [r3, #0]
10004564:	0162      	lsls	r2, r4, #5
10004566:	189b      	adds	r3, r3, r2
10004568:	2b00      	cmp	r3, #0
1000456a:	d1eb      	bne.n	10004544 <tud_rhport_init+0x6c>
1000456c:	22f8      	movs	r2, #248	@ 0xf8
1000456e:	4916      	ldr	r1, [pc, #88]	@ (100045c8 <tud_rhport_init+0xf0>)
10004570:	4816      	ldr	r0, [pc, #88]	@ (100045cc <tud_rhport_init+0xf4>)
10004572:	0052      	lsls	r2, r2, #1
10004574:	f7ff f882 	bl	1000367c <__wrap_printf>
10004578:	0030      	movs	r0, r6
1000457a:	bdf8      	pop	{r3, r4, r5, r6, r7, pc}
1000457c:	4b15      	ldr	r3, [pc, #84]	@ (100045d4 <tud_rhport_init+0xfc>)
1000457e:	701d      	strb	r5, [r3, #0]
10004580:	0039      	movs	r1, r7
10004582:	0028      	movs	r0, r5
10004584:	f7ff fcc8 	bl	10003f18 <dcd_init>
10004588:	1e06      	subs	r6, r0, #0
1000458a:	d003      	beq.n	10004594 <tud_rhport_init+0xbc>
1000458c:	0028      	movs	r0, r5
1000458e:	f7ff fc8f 	bl	10003eb0 <dcd_int_enable>
10004592:	e7f1      	b.n	10004578 <tud_rhport_init+0xa0>
10004594:	22fc      	movs	r2, #252	@ 0xfc
10004596:	490c      	ldr	r1, [pc, #48]	@ (100045c8 <tud_rhport_init+0xf0>)
10004598:	480c      	ldr	r0, [pc, #48]	@ (100045cc <tud_rhport_init+0xf4>)
1000459a:	0052      	lsls	r2, r2, #1
1000459c:	f7ff f86e 	bl	1000367c <__wrap_printf>
100045a0:	e7ea      	b.n	10004578 <tud_rhport_init+0xa0>
100045a2:	46c0      	nop			@ (mov r8, r8)
100045a4:	20000ff8 	.word	0x20000ff8
100045a8:	20001baf 	.word	0x20001baf
100045ac:	20000ff0 	.word	0x20000ff0
100045b0:	2000104c 	.word	0x2000104c
100045b4:	20000cac 	.word	0x20000cac
100045b8:	20001050 	.word	0x20001050
100045bc:	1000377d 	.word	0x1000377d
100045c0:	20001bad 	.word	0x20001bad
100045c4:	20000e48 	.word	0x20000e48
100045c8:	100078bc 	.word	0x100078bc
100045cc:	100071dc 	.word	0x100071dc
100045d0:	100078cc 	.word	0x100078cc
100045d4:	20000cb4 	.word	0x20000cb4

100045d8 <usbd_edpt_open>:
100045d8:	b570      	push	{r4, r5, r6, lr}
100045da:	000d      	movs	r5, r1
100045dc:	4b10      	ldr	r3, [pc, #64]	@ (10004620 <usbd_edpt_open+0x48>)
100045de:	781e      	ldrb	r6, [r3, #0]
100045e0:	788b      	ldrb	r3, [r1, #2]
100045e2:	2270      	movs	r2, #112	@ 0x70
100045e4:	421a      	tst	r2, r3
100045e6:	d10d      	bne.n	10004604 <usbd_edpt_open+0x2c>
100045e8:	4b0e      	ldr	r3, [pc, #56]	@ (10004624 <usbd_edpt_open+0x4c>)
100045ea:	7899      	ldrb	r1, [r3, #2]
100045ec:	0028      	movs	r0, r5
100045ee:	f001 fabb 	bl	10005b68 <tu_edpt_validate>
100045f2:	1e04      	subs	r4, r0, #0
100045f4:	d00d      	beq.n	10004612 <usbd_edpt_open+0x3a>
100045f6:	0029      	movs	r1, r5
100045f8:	0030      	movs	r0, r6
100045fa:	f7ff fce9 	bl	10003fd0 <dcd_edpt_open>
100045fe:	0004      	movs	r4, r0
10004600:	0020      	movs	r0, r4
10004602:	bd70      	pop	{r4, r5, r6, pc}
10004604:	4908      	ldr	r1, [pc, #32]	@ (10004628 <usbd_edpt_open+0x50>)
10004606:	4809      	ldr	r0, [pc, #36]	@ (1000462c <usbd_edpt_open+0x54>)
10004608:	4a09      	ldr	r2, [pc, #36]	@ (10004630 <usbd_edpt_open+0x58>)
1000460a:	f7ff f837 	bl	1000367c <__wrap_printf>
1000460e:	2400      	movs	r4, #0
10004610:	e7f6      	b.n	10004600 <usbd_edpt_open+0x28>
10004612:	4905      	ldr	r1, [pc, #20]	@ (10004628 <usbd_edpt_open+0x50>)
10004614:	4805      	ldr	r0, [pc, #20]	@ (1000462c <usbd_edpt_open+0x54>)
10004616:	4a07      	ldr	r2, [pc, #28]	@ (10004634 <usbd_edpt_open+0x5c>)
10004618:	f7ff f830 	bl	1000367c <__wrap_printf>
1000461c:	e7f0      	b.n	10004600 <usbd_edpt_open+0x28>
1000461e:	46c0      	nop			@ (mov r8, r8)
10004620:	20000cb4 	.word	0x20000cb4
10004624:	20000ff8 	.word	0x20000ff8
10004628:	10007824 	.word	0x10007824
1000462c:	100071dc 	.word	0x100071dc
10004630:	0000050b 	.word	0x0000050b
10004634:	0000050c 	.word	0x0000050c

10004638 <usbd_open_edpt_pair>:
10004638:	b5f0      	push	{r4, r5, r6, r7, lr}
1000463a:	46d6      	mov	lr, sl
1000463c:	464f      	mov	r7, r9
1000463e:	4646      	mov	r6, r8
10004640:	b5c0      	push	{r6, r7, lr}
10004642:	4681      	mov	r9, r0
10004644:	000c      	movs	r4, r1
10004646:	0017      	movs	r7, r2
10004648:	4698      	mov	r8, r3
1000464a:	9b08      	ldr	r3, [sp, #32]
1000464c:	469a      	mov	sl, r3
1000464e:	2500      	movs	r5, #0
10004650:	e017      	b.n	10004682 <usbd_open_edpt_pair+0x4a>
10004652:	4918      	ldr	r1, [pc, #96]	@ (100046b4 <usbd_open_edpt_pair+0x7c>)
10004654:	4818      	ldr	r0, [pc, #96]	@ (100046b8 <usbd_open_edpt_pair+0x80>)
10004656:	4a19      	ldr	r2, [pc, #100]	@ (100046bc <usbd_open_edpt_pair+0x84>)
10004658:	f7ff f810 	bl	1000367c <__wrap_printf>
1000465c:	2600      	movs	r6, #0
1000465e:	0030      	movs	r0, r6
10004660:	bce0      	pop	{r5, r6, r7}
10004662:	46ba      	mov	sl, r7
10004664:	46b1      	mov	r9, r6
10004666:	46a8      	mov	r8, r5
10004668:	bdf0      	pop	{r4, r5, r6, r7, pc}
1000466a:	229d      	movs	r2, #157	@ 0x9d
1000466c:	4911      	ldr	r1, [pc, #68]	@ (100046b4 <usbd_open_edpt_pair+0x7c>)
1000466e:	4812      	ldr	r0, [pc, #72]	@ (100046b8 <usbd_open_edpt_pair+0x80>)
10004670:	00d2      	lsls	r2, r2, #3
10004672:	f7ff f803 	bl	1000367c <__wrap_printf>
10004676:	e7f2      	b.n	1000465e <usbd_open_edpt_pair+0x26>
10004678:	9a09      	ldr	r2, [sp, #36]	@ 0x24
1000467a:	7013      	strb	r3, [r2, #0]
1000467c:	7823      	ldrb	r3, [r4, #0]
1000467e:	18e4      	adds	r4, r4, r3
10004680:	3501      	adds	r5, #1
10004682:	42af      	cmp	r7, r5
10004684:	dd14      	ble.n	100046b0 <usbd_open_edpt_pair+0x78>
10004686:	7863      	ldrb	r3, [r4, #1]
10004688:	2b05      	cmp	r3, #5
1000468a:	d1e2      	bne.n	10004652 <usbd_open_edpt_pair+0x1a>
1000468c:	78e1      	ldrb	r1, [r4, #3]
1000468e:	0789      	lsls	r1, r1, #30
10004690:	0f89      	lsrs	r1, r1, #30
10004692:	4541      	cmp	r1, r8
10004694:	d1dd      	bne.n	10004652 <usbd_open_edpt_pair+0x1a>
10004696:	0021      	movs	r1, r4
10004698:	4648      	mov	r0, r9
1000469a:	f7ff ff9d 	bl	100045d8 <usbd_edpt_open>
1000469e:	1e06      	subs	r6, r0, #0
100046a0:	d0e3      	beq.n	1000466a <usbd_open_edpt_pair+0x32>
100046a2:	78a3      	ldrb	r3, [r4, #2]
100046a4:	09da      	lsrs	r2, r3, #7
100046a6:	2a01      	cmp	r2, #1
100046a8:	d0e6      	beq.n	10004678 <usbd_open_edpt_pair+0x40>
100046aa:	4652      	mov	r2, sl
100046ac:	7013      	strb	r3, [r2, #0]
100046ae:	e7e5      	b.n	1000467c <usbd_open_edpt_pair+0x44>
100046b0:	2601      	movs	r6, #1
100046b2:	e7d4      	b.n	1000465e <usbd_open_edpt_pair+0x26>
100046b4:	10007834 	.word	0x10007834
100046b8:	100071dc 	.word	0x100071dc
100046bc:	000004e7 	.word	0x000004e7

100046c0 <usbd_edpt_claim>:
100046c0:	b510      	push	{r4, lr}
100046c2:	207f      	movs	r0, #127	@ 0x7f
100046c4:	4008      	ands	r0, r1
100046c6:	09c9      	lsrs	r1, r1, #7
100046c8:	0040      	lsls	r0, r0, #1
100046ca:	1840      	adds	r0, r0, r1
100046cc:	3030      	adds	r0, #48	@ 0x30
100046ce:	4b04      	ldr	r3, [pc, #16]	@ (100046e0 <usbd_edpt_claim+0x20>)
100046d0:	18c0      	adds	r0, r0, r3
100046d2:	3004      	adds	r0, #4
100046d4:	4b03      	ldr	r3, [pc, #12]	@ (100046e4 <usbd_edpt_claim+0x24>)
100046d6:	6819      	ldr	r1, [r3, #0]
100046d8:	f001 fa02 	bl	10005ae0 <tu_edpt_claim>
100046dc:	bd10      	pop	{r4, pc}
100046de:	46c0      	nop			@ (mov r8, r8)
100046e0:	20000ff8 	.word	0x20000ff8
100046e4:	2000104c 	.word	0x2000104c

100046e8 <usbd_edpt_release>:
100046e8:	b510      	push	{r4, lr}
100046ea:	207f      	movs	r0, #127	@ 0x7f
100046ec:	4008      	ands	r0, r1
100046ee:	09c9      	lsrs	r1, r1, #7
100046f0:	0040      	lsls	r0, r0, #1
100046f2:	1840      	adds	r0, r0, r1
100046f4:	3030      	adds	r0, #48	@ 0x30
100046f6:	4b04      	ldr	r3, [pc, #16]	@ (10004708 <usbd_edpt_release+0x20>)
100046f8:	18c0      	adds	r0, r0, r3
100046fa:	3004      	adds	r0, #4
100046fc:	4b03      	ldr	r3, [pc, #12]	@ (1000470c <usbd_edpt_release+0x24>)
100046fe:	6819      	ldr	r1, [r3, #0]
10004700:	f001 fa16 	bl	10005b30 <tu_edpt_release>
10004704:	bd10      	pop	{r4, pc}
10004706:	46c0      	nop			@ (mov r8, r8)
10004708:	20000ff8 	.word	0x20000ff8
1000470c:	2000104c 	.word	0x2000104c

10004710 <usbd_edpt_xfer>:
10004710:	b5f0      	push	{r4, r5, r6, r7, lr}
10004712:	46c6      	mov	lr, r8
10004714:	b500      	push	{lr}
10004716:	b082      	sub	sp, #8
10004718:	9301      	str	r3, [sp, #4]
1000471a:	481a      	ldr	r0, [pc, #104]	@ (10004784 <usbd_edpt_xfer+0x74>)
1000471c:	7800      	ldrb	r0, [r0, #0]
1000471e:	257f      	movs	r5, #127	@ 0x7f
10004720:	400d      	ands	r5, r1
10004722:	09ce      	lsrs	r6, r1, #7
10004724:	4c18      	ldr	r4, [pc, #96]	@ (10004788 <usbd_edpt_xfer+0x78>)
10004726:	006f      	lsls	r7, r5, #1
10004728:	19e4      	adds	r4, r4, r7
1000472a:	19a4      	adds	r4, r4, r6
1000472c:	3430      	adds	r4, #48	@ 0x30
1000472e:	7924      	ldrb	r4, [r4, #4]
10004730:	07e4      	lsls	r4, r4, #31
10004732:	d41d      	bmi.n	10004770 <usbd_edpt_xfer+0x60>
10004734:	4c14      	ldr	r4, [pc, #80]	@ (10004788 <usbd_edpt_xfer+0x78>)
10004736:	006f      	lsls	r7, r5, #1
10004738:	19e4      	adds	r4, r4, r7
1000473a:	19a4      	adds	r4, r4, r6
1000473c:	3430      	adds	r4, #48	@ 0x30
1000473e:	7923      	ldrb	r3, [r4, #4]
10004740:	2701      	movs	r7, #1
10004742:	46bc      	mov	ip, r7
10004744:	4667      	mov	r7, ip
10004746:	433b      	orrs	r3, r7
10004748:	7123      	strb	r3, [r4, #4]
1000474a:	9b01      	ldr	r3, [sp, #4]
1000474c:	f7ff fc58 	bl	10004000 <dcd_edpt_xfer>
10004750:	2800      	cmp	r0, #0
10004752:	d113      	bne.n	1000477c <usbd_edpt_xfer+0x6c>
10004754:	4b0c      	ldr	r3, [pc, #48]	@ (10004788 <usbd_edpt_xfer+0x78>)
10004756:	006d      	lsls	r5, r5, #1
10004758:	195b      	adds	r3, r3, r5
1000475a:	199b      	adds	r3, r3, r6
1000475c:	3330      	adds	r3, #48	@ 0x30
1000475e:	791a      	ldrb	r2, [r3, #4]
10004760:	2101      	movs	r1, #1
10004762:	438a      	bics	r2, r1
10004764:	711a      	strb	r2, [r3, #4]
10004766:	791a      	ldrb	r2, [r3, #4]
10004768:	3103      	adds	r1, #3
1000476a:	438a      	bics	r2, r1
1000476c:	711a      	strb	r2, [r3, #4]
1000476e:	e005      	b.n	1000477c <usbd_edpt_xfer+0x6c>
10004770:	4906      	ldr	r1, [pc, #24]	@ (1000478c <usbd_edpt_xfer+0x7c>)
10004772:	4807      	ldr	r0, [pc, #28]	@ (10004790 <usbd_edpt_xfer+0x80>)
10004774:	4a07      	ldr	r2, [pc, #28]	@ (10004794 <usbd_edpt_xfer+0x84>)
10004776:	f7fe ff81 	bl	1000367c <__wrap_printf>
1000477a:	2000      	movs	r0, #0
1000477c:	b002      	add	sp, #8
1000477e:	bc80      	pop	{r7}
10004780:	46b8      	mov	r8, r7
10004782:	bdf0      	pop	{r4, r5, r6, r7, pc}
10004784:	20000cb4 	.word	0x20000cb4
10004788:	20000ff8 	.word	0x20000ff8
1000478c:	10007814 	.word	0x10007814
10004790:	100071dc 	.word	0x100071dc
10004794:	00000539 	.word	0x00000539

10004798 <usbd_edpt_stall>:
10004798:	b570      	push	{r4, r5, r6, lr}
1000479a:	4b0a      	ldr	r3, [pc, #40]	@ (100047c4 <usbd_edpt_stall+0x2c>)
1000479c:	7818      	ldrb	r0, [r3, #0]
1000479e:	247f      	movs	r4, #127	@ 0x7f
100047a0:	400c      	ands	r4, r1
100047a2:	09cd      	lsrs	r5, r1, #7
100047a4:	f7ff fc44 	bl	10004030 <dcd_edpt_stall>
100047a8:	4a07      	ldr	r2, [pc, #28]	@ (100047c8 <usbd_edpt_stall+0x30>)
100047aa:	0064      	lsls	r4, r4, #1
100047ac:	1913      	adds	r3, r2, r4
100047ae:	195b      	adds	r3, r3, r5
100047b0:	3330      	adds	r3, #48	@ 0x30
100047b2:	791a      	ldrb	r2, [r3, #4]
100047b4:	2102      	movs	r1, #2
100047b6:	430a      	orrs	r2, r1
100047b8:	711a      	strb	r2, [r3, #4]
100047ba:	791a      	ldrb	r2, [r3, #4]
100047bc:	2101      	movs	r1, #1
100047be:	430a      	orrs	r2, r1
100047c0:	711a      	strb	r2, [r3, #4]
100047c2:	bd70      	pop	{r4, r5, r6, pc}
100047c4:	20000cb4 	.word	0x20000cb4
100047c8:	20000ff8 	.word	0x20000ff8

100047cc <usbd_edpt_clear_stall>:
100047cc:	b570      	push	{r4, r5, r6, lr}
100047ce:	4b0a      	ldr	r3, [pc, #40]	@ (100047f8 <usbd_edpt_clear_stall+0x2c>)
100047d0:	7818      	ldrb	r0, [r3, #0]
100047d2:	247f      	movs	r4, #127	@ 0x7f
100047d4:	400c      	ands	r4, r1
100047d6:	09cd      	lsrs	r5, r1, #7
100047d8:	f7ff fc48 	bl	1000406c <dcd_edpt_clear_stall>
100047dc:	4a07      	ldr	r2, [pc, #28]	@ (100047fc <usbd_edpt_clear_stall+0x30>)
100047de:	0064      	lsls	r4, r4, #1
100047e0:	1913      	adds	r3, r2, r4
100047e2:	195b      	adds	r3, r3, r5
100047e4:	3330      	adds	r3, #48	@ 0x30
100047e6:	791a      	ldrb	r2, [r3, #4]
100047e8:	2102      	movs	r1, #2
100047ea:	438a      	bics	r2, r1
100047ec:	711a      	strb	r2, [r3, #4]
100047ee:	791a      	ldrb	r2, [r3, #4]
100047f0:	3901      	subs	r1, #1
100047f2:	438a      	bics	r2, r1
100047f4:	711a      	strb	r2, [r3, #4]
100047f6:	bd70      	pop	{r4, r5, r6, pc}
100047f8:	20000cb4 	.word	0x20000cb4
100047fc:	20000ff8 	.word	0x20000ff8

10004800 <usbd_edpt_stalled>:
10004800:	227f      	movs	r2, #127	@ 0x7f
10004802:	400a      	ands	r2, r1
10004804:	09c9      	lsrs	r1, r1, #7
10004806:	4b04      	ldr	r3, [pc, #16]	@ (10004818 <usbd_edpt_stalled+0x18>)
10004808:	0052      	lsls	r2, r2, #1
1000480a:	189b      	adds	r3, r3, r2
1000480c:	185b      	adds	r3, r3, r1
1000480e:	3330      	adds	r3, #48	@ 0x30
10004810:	7918      	ldrb	r0, [r3, #4]
10004812:	0780      	lsls	r0, r0, #30
10004814:	0fc0      	lsrs	r0, r0, #31
10004816:	4770      	bx	lr
10004818:	20000ff8 	.word	0x20000ff8

1000481c <process_control_request>:
1000481c:	b5f0      	push	{r4, r5, r6, r7, lr}
1000481e:	b085      	sub	sp, #20
10004820:	0005      	movs	r5, r0
10004822:	000c      	movs	r4, r1
10004824:	2000      	movs	r0, #0
10004826:	f000 fb4b 	bl	10004ec0 <usbd_control_set_complete_callback>
1000482a:	7823      	ldrb	r3, [r4, #0]
1000482c:	2260      	movs	r2, #96	@ 0x60
1000482e:	401a      	ands	r2, r3
10004830:	2a60      	cmp	r2, #96	@ 0x60
10004832:	d01a      	beq.n	1000486a <process_control_request+0x4e>
10004834:	2a40      	cmp	r2, #64	@ 0x40
10004836:	d020      	beq.n	1000487a <process_control_request+0x5e>
10004838:	7823      	ldrb	r3, [r4, #0]
1000483a:	06db      	lsls	r3, r3, #27
1000483c:	0edb      	lsrs	r3, r3, #27
1000483e:	2b01      	cmp	r3, #1
10004840:	d100      	bne.n	10004844 <process_control_request+0x28>
10004842:	e0d6      	b.n	100049f2 <process_control_request+0x1d6>
10004844:	2b02      	cmp	r3, #2
10004846:	d100      	bne.n	1000484a <process_control_request+0x2e>
10004848:	e116      	b.n	10004a78 <process_control_request+0x25c>
1000484a:	2b00      	cmp	r3, #0
1000484c:	d000      	beq.n	10004850 <process_control_request+0x34>
1000484e:	e17c      	b.n	10004b4a <process_control_request+0x32e>
10004850:	2a20      	cmp	r2, #32
10004852:	d01c      	beq.n	1000488e <process_control_request+0x72>
10004854:	2a00      	cmp	r2, #0
10004856:	d000      	beq.n	1000485a <process_control_request+0x3e>
10004858:	e17f      	b.n	10004b5a <process_control_request+0x33e>
1000485a:	7863      	ldrb	r3, [r4, #1]
1000485c:	2b09      	cmp	r3, #9
1000485e:	d900      	bls.n	10004862 <process_control_request+0x46>
10004860:	e17d      	b.n	10004b5e <process_control_request+0x342>
10004862:	009b      	lsls	r3, r3, #2
10004864:	4ac5      	ldr	r2, [pc, #788]	@ (10004b7c <process_control_request+0x360>)
10004866:	58d3      	ldr	r3, [r2, r3]
10004868:	469f      	mov	pc, r3
1000486a:	3255      	adds	r2, #85	@ 0x55
1000486c:	49c4      	ldr	r1, [pc, #784]	@ (10004b80 <process_control_request+0x364>)
1000486e:	48c5      	ldr	r0, [pc, #788]	@ (10004b84 <process_control_request+0x368>)
10004870:	0092      	lsls	r2, r2, #2
10004872:	f7fe ff03 	bl	1000367c <__wrap_printf>
10004876:	2600      	movs	r6, #0
10004878:	e168      	b.n	10004b4c <process_control_request+0x330>
1000487a:	48c3      	ldr	r0, [pc, #780]	@ (10004b88 <process_control_request+0x36c>)
1000487c:	f000 fb20 	bl	10004ec0 <usbd_control_set_complete_callback>
10004880:	0022      	movs	r2, r4
10004882:	2101      	movs	r1, #1
10004884:	0028      	movs	r0, r5
10004886:	f7fe ff5d 	bl	10003744 <tud_vendor_control_xfer_cb>
1000488a:	0006      	movs	r6, r0
1000488c:	e15e      	b.n	10004b4c <process_control_request+0x330>
1000488e:	7923      	ldrb	r3, [r4, #4]
10004890:	2b0f      	cmp	r3, #15
10004892:	d900      	bls.n	10004896 <process_control_request+0x7a>
10004894:	e15d      	b.n	10004b52 <process_control_request+0x336>
10004896:	4abd      	ldr	r2, [pc, #756]	@ (10004b8c <process_control_request+0x370>)
10004898:	18d3      	adds	r3, r2, r3
1000489a:	791b      	ldrb	r3, [r3, #4]
1000489c:	4abc      	ldr	r2, [pc, #752]	@ (10004b90 <process_control_request+0x374>)
1000489e:	7812      	ldrb	r2, [r2, #0]
100048a0:	4293      	cmp	r3, r2
100048a2:	d207      	bcs.n	100048b4 <process_control_request+0x98>
100048a4:	4abb      	ldr	r2, [pc, #748]	@ (10004b94 <process_control_request+0x378>)
100048a6:	6811      	ldr	r1, [r2, #0]
100048a8:	015b      	lsls	r3, r3, #5
100048aa:	18c9      	adds	r1, r1, r3
100048ac:	2900      	cmp	r1, #0
100048ae:	d109      	bne.n	100048c4 <process_control_request+0xa8>
100048b0:	2600      	movs	r6, #0
100048b2:	e14b      	b.n	10004b4c <process_control_request+0x330>
100048b4:	1c51      	adds	r1, r2, #1
100048b6:	4299      	cmp	r1, r3
100048b8:	da00      	bge.n	100048bc <process_control_request+0xa0>
100048ba:	e14c      	b.n	10004b56 <process_control_request+0x33a>
100048bc:	1a9b      	subs	r3, r3, r2
100048be:	015b      	lsls	r3, r3, #5
100048c0:	49b5      	ldr	r1, [pc, #724]	@ (10004b98 <process_control_request+0x37c>)
100048c2:	1859      	adds	r1, r3, r1
100048c4:	0022      	movs	r2, r4
100048c6:	0028      	movs	r0, r5
100048c8:	f7ff fc8c 	bl	100041e4 <invoke_class_control>
100048cc:	0006      	movs	r6, r0
100048ce:	e13d      	b.n	10004b4c <process_control_request+0x330>
100048d0:	0020      	movs	r0, r4
100048d2:	f000 fafb 	bl	10004ecc <usbd_control_set_request>
100048d6:	78a1      	ldrb	r1, [r4, #2]
100048d8:	0028      	movs	r0, r5
100048da:	f7ff faff 	bl	10003edc <dcd_set_address>
100048de:	4aab      	ldr	r2, [pc, #684]	@ (10004b8c <process_control_request+0x370>)
100048e0:	7813      	ldrb	r3, [r2, #0]
100048e2:	2102      	movs	r1, #2
100048e4:	430b      	orrs	r3, r1
100048e6:	7013      	strb	r3, [r2, #0]
100048e8:	2601      	movs	r6, #1
100048ea:	e12f      	b.n	10004b4c <process_control_request+0x330>
100048ec:	4ba7      	ldr	r3, [pc, #668]	@ (10004b8c <process_control_request+0x370>)
100048ee:	785b      	ldrb	r3, [r3, #1]
100048f0:	aa02      	add	r2, sp, #8
100048f2:	3206      	adds	r2, #6
100048f4:	7013      	strb	r3, [r2, #0]
100048f6:	2301      	movs	r3, #1
100048f8:	0021      	movs	r1, r4
100048fa:	0028      	movs	r0, r5
100048fc:	f000 fa8a 	bl	10004e14 <tud_control_xfer>
10004900:	2601      	movs	r6, #1
10004902:	e123      	b.n	10004b4c <process_control_request+0x330>
10004904:	78a6      	ldrb	r6, [r4, #2]
10004906:	4ba1      	ldr	r3, [pc, #644]	@ (10004b8c <process_control_request+0x370>)
10004908:	785b      	ldrb	r3, [r3, #1]
1000490a:	42b3      	cmp	r3, r6
1000490c:	d02c      	beq.n	10004968 <process_control_request+0x14c>
1000490e:	4b9f      	ldr	r3, [pc, #636]	@ (10004b8c <process_control_request+0x370>)
10004910:	785b      	ldrb	r3, [r3, #1]
10004912:	2b00      	cmp	r3, #0
10004914:	d10c      	bne.n	10004930 <process_control_request+0x114>
10004916:	4b9d      	ldr	r3, [pc, #628]	@ (10004b8c <process_control_request+0x370>)
10004918:	705e      	strb	r6, [r3, #1]
1000491a:	2e00      	cmp	r6, #0
1000491c:	d022      	beq.n	10004964 <process_control_request+0x148>
1000491e:	0031      	movs	r1, r6
10004920:	0028      	movs	r0, r5
10004922:	f7ff fc6d 	bl	10004200 <process_set_config>
10004926:	1e06      	subs	r6, r0, #0
10004928:	d012      	beq.n	10004950 <process_control_request+0x134>
1000492a:	f7ff fdb7 	bl	1000449c <tud_mount_cb>
1000492e:	e01b      	b.n	10004968 <process_control_request+0x14c>
10004930:	2100      	movs	r1, #0
10004932:	0028      	movs	r0, r5
10004934:	f7ff fb30 	bl	10003f98 <dcd_sof_enable>
10004938:	0028      	movs	r0, r5
1000493a:	f7ff fb5c 	bl	10003ff6 <dcd_edpt_close_all>
1000493e:	4f93      	ldr	r7, [pc, #588]	@ (10004b8c <process_control_request+0x370>)
10004940:	78bb      	ldrb	r3, [r7, #2]
10004942:	9301      	str	r3, [sp, #4]
10004944:	0028      	movs	r0, r5
10004946:	f7ff fc05 	bl	10004154 <configuration_reset>
1000494a:	9b01      	ldr	r3, [sp, #4]
1000494c:	70bb      	strb	r3, [r7, #2]
1000494e:	e7e2      	b.n	10004916 <process_control_request+0xfa>
10004950:	22c9      	movs	r2, #201	@ 0xc9
10004952:	498b      	ldr	r1, [pc, #556]	@ (10004b80 <process_control_request+0x364>)
10004954:	488b      	ldr	r0, [pc, #556]	@ (10004b84 <process_control_request+0x368>)
10004956:	0092      	lsls	r2, r2, #2
10004958:	f7fe fe90 	bl	1000367c <__wrap_printf>
1000495c:	4b8b      	ldr	r3, [pc, #556]	@ (10004b8c <process_control_request+0x370>)
1000495e:	2200      	movs	r2, #0
10004960:	705a      	strb	r2, [r3, #1]
10004962:	e0f3      	b.n	10004b4c <process_control_request+0x330>
10004964:	f7ff fd9b 	bl	1000449e <tud_umount_cb>
10004968:	0021      	movs	r1, r4
1000496a:	0028      	movs	r0, r5
1000496c:	f000 fa3e 	bl	10004dec <tud_control_status>
10004970:	2601      	movs	r6, #1
10004972:	e0eb      	b.n	10004b4c <process_control_request+0x330>
10004974:	0021      	movs	r1, r4
10004976:	0028      	movs	r0, r5
10004978:	f7ff fd20 	bl	100043bc <process_get_descriptor>
1000497c:	0006      	movs	r6, r0
1000497e:	e0e5      	b.n	10004b4c <process_control_request+0x330>
10004980:	78a2      	ldrb	r2, [r4, #2]
10004982:	78e3      	ldrb	r3, [r4, #3]
10004984:	021b      	lsls	r3, r3, #8
10004986:	4313      	orrs	r3, r2
10004988:	2b01      	cmp	r3, #1
1000498a:	d001      	beq.n	10004990 <process_control_request+0x174>
1000498c:	2600      	movs	r6, #0
1000498e:	e0dd      	b.n	10004b4c <process_control_request+0x330>
10004990:	4a7e      	ldr	r2, [pc, #504]	@ (10004b8c <process_control_request+0x370>)
10004992:	7813      	ldrb	r3, [r2, #0]
10004994:	2108      	movs	r1, #8
10004996:	430b      	orrs	r3, r1
10004998:	7013      	strb	r3, [r2, #0]
1000499a:	0021      	movs	r1, r4
1000499c:	0028      	movs	r0, r5
1000499e:	f000 fa25 	bl	10004dec <tud_control_status>
100049a2:	2601      	movs	r6, #1
100049a4:	e0d2      	b.n	10004b4c <process_control_request+0x330>
100049a6:	78a2      	ldrb	r2, [r4, #2]
100049a8:	78e3      	ldrb	r3, [r4, #3]
100049aa:	021b      	lsls	r3, r3, #8
100049ac:	4313      	orrs	r3, r2
100049ae:	2b01      	cmp	r3, #1
100049b0:	d001      	beq.n	100049b6 <process_control_request+0x19a>
100049b2:	2600      	movs	r6, #0
100049b4:	e0ca      	b.n	10004b4c <process_control_request+0x330>
100049b6:	4a75      	ldr	r2, [pc, #468]	@ (10004b8c <process_control_request+0x370>)
100049b8:	7813      	ldrb	r3, [r2, #0]
100049ba:	2108      	movs	r1, #8
100049bc:	438b      	bics	r3, r1
100049be:	7013      	strb	r3, [r2, #0]
100049c0:	0021      	movs	r1, r4
100049c2:	0028      	movs	r0, r5
100049c4:	f000 fa12 	bl	10004dec <tud_control_status>
100049c8:	2601      	movs	r6, #1
100049ca:	e0bf      	b.n	10004b4c <process_control_request+0x330>
100049cc:	4b6f      	ldr	r3, [pc, #444]	@ (10004b8c <process_control_request+0x370>)
100049ce:	781a      	ldrb	r2, [r3, #0]
100049d0:	0951      	lsrs	r1, r2, #5
100049d2:	0892      	lsrs	r2, r2, #2
100049d4:	2302      	movs	r3, #2
100049d6:	4013      	ands	r3, r2
100049d8:	2201      	movs	r2, #1
100049da:	400a      	ands	r2, r1
100049dc:	4313      	orrs	r3, r2
100049de:	aa02      	add	r2, sp, #8
100049e0:	3206      	adds	r2, #6
100049e2:	8013      	strh	r3, [r2, #0]
100049e4:	2302      	movs	r3, #2
100049e6:	0021      	movs	r1, r4
100049e8:	0028      	movs	r0, r5
100049ea:	f000 fa13 	bl	10004e14 <tud_control_xfer>
100049ee:	2601      	movs	r6, #1
100049f0:	e0ac      	b.n	10004b4c <process_control_request+0x330>
100049f2:	7923      	ldrb	r3, [r4, #4]
100049f4:	2b0f      	cmp	r3, #15
100049f6:	d900      	bls.n	100049fa <process_control_request+0x1de>
100049f8:	e0b3      	b.n	10004b62 <process_control_request+0x346>
100049fa:	4a64      	ldr	r2, [pc, #400]	@ (10004b8c <process_control_request+0x370>)
100049fc:	18d3      	adds	r3, r2, r3
100049fe:	791b      	ldrb	r3, [r3, #4]
10004a00:	4a63      	ldr	r2, [pc, #396]	@ (10004b90 <process_control_request+0x374>)
10004a02:	7812      	ldrb	r2, [r2, #0]
10004a04:	4293      	cmp	r3, r2
10004a06:	d223      	bcs.n	10004a50 <process_control_request+0x234>
10004a08:	4a62      	ldr	r2, [pc, #392]	@ (10004b94 <process_control_request+0x378>)
10004a0a:	6811      	ldr	r1, [r2, #0]
10004a0c:	015b      	lsls	r3, r3, #5
10004a0e:	18c9      	adds	r1, r1, r3
10004a10:	2900      	cmp	r1, #0
10004a12:	d100      	bne.n	10004a16 <process_control_request+0x1fa>
10004a14:	e0a7      	b.n	10004b66 <process_control_request+0x34a>
10004a16:	0022      	movs	r2, r4
10004a18:	0028      	movs	r0, r5
10004a1a:	f7ff fbe3 	bl	100041e4 <invoke_class_control>
10004a1e:	1e06      	subs	r6, r0, #0
10004a20:	d000      	beq.n	10004a24 <process_control_request+0x208>
10004a22:	e093      	b.n	10004b4c <process_control_request+0x330>
10004a24:	7823      	ldrb	r3, [r4, #0]
10004a26:	2260      	movs	r2, #96	@ 0x60
10004a28:	421a      	tst	r2, r3
10004a2a:	d000      	beq.n	10004a2e <process_control_request+0x212>
10004a2c:	e08e      	b.n	10004b4c <process_control_request+0x330>
10004a2e:	7863      	ldrb	r3, [r4, #1]
10004a30:	3b0a      	subs	r3, #10
10004a32:	2b01      	cmp	r3, #1
10004a34:	d900      	bls.n	10004a38 <process_control_request+0x21c>
10004a36:	e089      	b.n	10004b4c <process_control_request+0x330>
10004a38:	2000      	movs	r0, #0
10004a3a:	f000 fa41 	bl	10004ec0 <usbd_control_set_complete_callback>
10004a3e:	7863      	ldrb	r3, [r4, #1]
10004a40:	2b0a      	cmp	r3, #10
10004a42:	d00e      	beq.n	10004a62 <process_control_request+0x246>
10004a44:	0021      	movs	r1, r4
10004a46:	0028      	movs	r0, r5
10004a48:	f000 f9d0 	bl	10004dec <tud_control_status>
10004a4c:	2601      	movs	r6, #1
10004a4e:	e07d      	b.n	10004b4c <process_control_request+0x330>
10004a50:	1c51      	adds	r1, r2, #1
10004a52:	4299      	cmp	r1, r3
10004a54:	da00      	bge.n	10004a58 <process_control_request+0x23c>
10004a56:	e088      	b.n	10004b6a <process_control_request+0x34e>
10004a58:	1a9b      	subs	r3, r3, r2
10004a5a:	015b      	lsls	r3, r3, #5
10004a5c:	494e      	ldr	r1, [pc, #312]	@ (10004b98 <process_control_request+0x37c>)
10004a5e:	1859      	adds	r1, r3, r1
10004a60:	e7d9      	b.n	10004a16 <process_control_request+0x1fa>
10004a62:	ab02      	add	r3, sp, #8
10004a64:	1d9a      	adds	r2, r3, #6
10004a66:	2300      	movs	r3, #0
10004a68:	7013      	strb	r3, [r2, #0]
10004a6a:	3301      	adds	r3, #1
10004a6c:	0021      	movs	r1, r4
10004a6e:	0028      	movs	r0, r5
10004a70:	f000 f9d0 	bl	10004e14 <tud_control_xfer>
10004a74:	3601      	adds	r6, #1
10004a76:	e069      	b.n	10004b4c <process_control_request+0x330>
10004a78:	7921      	ldrb	r1, [r4, #4]
10004a7a:	207f      	movs	r0, #127	@ 0x7f
10004a7c:	4008      	ands	r0, r1
10004a7e:	09ce      	lsrs	r6, r1, #7
10004a80:	2370      	movs	r3, #112	@ 0x70
10004a82:	420b      	tst	r3, r1
10004a84:	d117      	bne.n	10004ab6 <process_control_request+0x29a>
10004a86:	4b41      	ldr	r3, [pc, #260]	@ (10004b8c <process_control_request+0x370>)
10004a88:	0040      	lsls	r0, r0, #1
10004a8a:	181b      	adds	r3, r3, r0
10004a8c:	199b      	adds	r3, r3, r6
10004a8e:	7d1b      	ldrb	r3, [r3, #20]
10004a90:	483f      	ldr	r0, [pc, #252]	@ (10004b90 <process_control_request+0x374>)
10004a92:	7800      	ldrb	r0, [r0, #0]
10004a94:	4283      	cmp	r3, r0
10004a96:	d215      	bcs.n	10004ac4 <process_control_request+0x2a8>
10004a98:	483e      	ldr	r0, [pc, #248]	@ (10004b94 <process_control_request+0x378>)
10004a9a:	6806      	ldr	r6, [r0, #0]
10004a9c:	015b      	lsls	r3, r3, #5
10004a9e:	18f6      	adds	r6, r6, r3
10004aa0:	2a00      	cmp	r2, #0
10004aa2:	d019      	beq.n	10004ad8 <process_control_request+0x2bc>
10004aa4:	2e00      	cmp	r6, #0
10004aa6:	d062      	beq.n	10004b6e <process_control_request+0x352>
10004aa8:	0022      	movs	r2, r4
10004aaa:	0031      	movs	r1, r6
10004aac:	0028      	movs	r0, r5
10004aae:	f7ff fb99 	bl	100041e4 <invoke_class_control>
10004ab2:	0006      	movs	r6, r0
10004ab4:	e04a      	b.n	10004b4c <process_control_request+0x330>
10004ab6:	4932      	ldr	r1, [pc, #200]	@ (10004b80 <process_control_request+0x364>)
10004ab8:	4832      	ldr	r0, [pc, #200]	@ (10004b84 <process_control_request+0x368>)
10004aba:	4a38      	ldr	r2, [pc, #224]	@ (10004b9c <process_control_request+0x380>)
10004abc:	f7fe fdde 	bl	1000367c <__wrap_printf>
10004ac0:	2600      	movs	r6, #0
10004ac2:	e043      	b.n	10004b4c <process_control_request+0x330>
10004ac4:	1c46      	adds	r6, r0, #1
10004ac6:	429e      	cmp	r6, r3
10004ac8:	db04      	blt.n	10004ad4 <process_control_request+0x2b8>
10004aca:	1a1b      	subs	r3, r3, r0
10004acc:	015b      	lsls	r3, r3, #5
10004ace:	4e32      	ldr	r6, [pc, #200]	@ (10004b98 <process_control_request+0x37c>)
10004ad0:	199e      	adds	r6, r3, r6
10004ad2:	e7e5      	b.n	10004aa0 <process_control_request+0x284>
10004ad4:	2600      	movs	r6, #0
10004ad6:	e7e3      	b.n	10004aa0 <process_control_request+0x284>
10004ad8:	7863      	ldrb	r3, [r4, #1]
10004ada:	2b01      	cmp	r3, #1
10004adc:	d010      	beq.n	10004b00 <process_control_request+0x2e4>
10004ade:	2b03      	cmp	r3, #3
10004ae0:	d00e      	beq.n	10004b00 <process_control_request+0x2e4>
10004ae2:	2b00      	cmp	r3, #0
10004ae4:	d145      	bne.n	10004b72 <process_control_request+0x356>
10004ae6:	0028      	movs	r0, r5
10004ae8:	f7ff fe8a 	bl	10004800 <usbd_edpt_stalled>
10004aec:	ab02      	add	r3, sp, #8
10004aee:	1d9a      	adds	r2, r3, #6
10004af0:	8010      	strh	r0, [r2, #0]
10004af2:	2302      	movs	r3, #2
10004af4:	0021      	movs	r1, r4
10004af6:	0028      	movs	r0, r5
10004af8:	f000 f98c 	bl	10004e14 <tud_control_xfer>
10004afc:	2601      	movs	r6, #1
10004afe:	e025      	b.n	10004b4c <process_control_request+0x330>
10004b00:	78a0      	ldrb	r0, [r4, #2]
10004b02:	78e2      	ldrb	r2, [r4, #3]
10004b04:	0212      	lsls	r2, r2, #8
10004b06:	4302      	orrs	r2, r0
10004b08:	d104      	bne.n	10004b14 <process_control_request+0x2f8>
10004b0a:	2b01      	cmp	r3, #1
10004b0c:	d019      	beq.n	10004b42 <process_control_request+0x326>
10004b0e:	0028      	movs	r0, r5
10004b10:	f7ff fe42 	bl	10004798 <usbd_edpt_stall>
10004b14:	2e00      	cmp	r6, #0
10004b16:	d02e      	beq.n	10004b76 <process_control_request+0x35a>
10004b18:	0022      	movs	r2, r4
10004b1a:	0031      	movs	r1, r6
10004b1c:	0028      	movs	r0, r5
10004b1e:	f7ff fb61 	bl	100041e4 <invoke_class_control>
10004b22:	2000      	movs	r0, #0
10004b24:	f000 f9cc 	bl	10004ec0 <usbd_control_set_complete_callback>
10004b28:	4b18      	ldr	r3, [pc, #96]	@ (10004b8c <process_control_request+0x370>)
10004b2a:	2235      	movs	r2, #53	@ 0x35
10004b2c:	5c9b      	ldrb	r3, [r3, r2]
10004b2e:	07db      	lsls	r3, r3, #31
10004b30:	0fde      	lsrs	r6, r3, #31
10004b32:	2b00      	cmp	r3, #0
10004b34:	d10a      	bne.n	10004b4c <process_control_request+0x330>
10004b36:	0021      	movs	r1, r4
10004b38:	0028      	movs	r0, r5
10004b3a:	f000 f957 	bl	10004dec <tud_control_status>
10004b3e:	2601      	movs	r6, #1
10004b40:	e004      	b.n	10004b4c <process_control_request+0x330>
10004b42:	0028      	movs	r0, r5
10004b44:	f7ff fe42 	bl	100047cc <usbd_edpt_clear_stall>
10004b48:	e7e4      	b.n	10004b14 <process_control_request+0x2f8>
10004b4a:	2600      	movs	r6, #0
10004b4c:	0030      	movs	r0, r6
10004b4e:	b005      	add	sp, #20
10004b50:	bdf0      	pop	{r4, r5, r6, r7, pc}
10004b52:	2600      	movs	r6, #0
10004b54:	e7fa      	b.n	10004b4c <process_control_request+0x330>
10004b56:	2600      	movs	r6, #0
10004b58:	e7f8      	b.n	10004b4c <process_control_request+0x330>
10004b5a:	2600      	movs	r6, #0
10004b5c:	e7f6      	b.n	10004b4c <process_control_request+0x330>
10004b5e:	2600      	movs	r6, #0
10004b60:	e7f4      	b.n	10004b4c <process_control_request+0x330>
10004b62:	2600      	movs	r6, #0
10004b64:	e7f2      	b.n	10004b4c <process_control_request+0x330>
10004b66:	2600      	movs	r6, #0
10004b68:	e7f0      	b.n	10004b4c <process_control_request+0x330>
10004b6a:	2600      	movs	r6, #0
10004b6c:	e7ee      	b.n	10004b4c <process_control_request+0x330>
10004b6e:	2600      	movs	r6, #0
10004b70:	e7ec      	b.n	10004b4c <process_control_request+0x330>
10004b72:	2600      	movs	r6, #0
10004b74:	e7ea      	b.n	10004b4c <process_control_request+0x330>
10004b76:	2601      	movs	r6, #1
10004b78:	e7e8      	b.n	10004b4c <process_control_request+0x330>
10004b7a:	46c0      	nop			@ (mov r8, r8)
10004b7c:	100077c8 	.word	0x100077c8
10004b80:	10007880 	.word	0x10007880
10004b84:	100071dc 	.word	0x100071dc
10004b88:	10003745 	.word	0x10003745
10004b8c:	20000ff8 	.word	0x20000ff8
10004b90:	20001bad 	.word	0x20001bad
10004b94:	20000e48 	.word	0x20000e48
10004b98:	100078cc 	.word	0x100078cc
10004b9c:	00000395 	.word	0x00000395

10004ba0 <tud_task_ext>:
10004ba0:	b530      	push	{r4, r5, lr}
10004ba2:	b085      	sub	sp, #20
10004ba4:	f7ff fc8e 	bl	100044c4 <tud_inited>
10004ba8:	2800      	cmp	r0, #0
10004baa:	d108      	bne.n	10004bbe <tud_task_ext+0x1e>
10004bac:	b005      	add	sp, #20
10004bae:	bd30      	pop	{r4, r5, pc}
10004bb0:	ac01      	add	r4, sp, #4
10004bb2:	7820      	ldrb	r0, [r4, #0]
10004bb4:	f7ff fb10 	bl	100041d8 <usbd_reset>
10004bb8:	7922      	ldrb	r2, [r4, #4]
10004bba:	4b63      	ldr	r3, [pc, #396]	@ (10004d48 <tud_task_ext+0x1a8>)
10004bbc:	709a      	strb	r2, [r3, #2]
10004bbe:	4b63      	ldr	r3, [pc, #396]	@ (10004d4c <tud_task_ext+0x1ac>)
10004bc0:	681c      	ldr	r4, [r3, #0]
10004bc2:	6962      	ldr	r2, [r4, #20]
10004bc4:	f3ef 8110 	mrs	r1, PRIMASK
10004bc8:	b672      	cpsid	i
10004bca:	6813      	ldr	r3, [r2, #0]
10004bcc:	2b00      	cmp	r3, #0
10004bce:	d0fc      	beq.n	10004bca <tud_task_ext+0x2a>
10004bd0:	f3bf 8f5f 	dmb	sy
10004bd4:	61a1      	str	r1, [r4, #24]
10004bd6:	a901      	add	r1, sp, #4
10004bd8:	0020      	movs	r0, r4
10004bda:	f001 fb58 	bl	1000628e <tu_fifo_read>
10004bde:	6962      	ldr	r2, [r4, #20]
10004be0:	69a3      	ldr	r3, [r4, #24]
10004be2:	f3bf 8f5f 	dmb	sy
10004be6:	2100      	movs	r1, #0
10004be8:	6011      	str	r1, [r2, #0]
10004bea:	f383 8810 	msr	PRIMASK, r3
10004bee:	2800      	cmp	r0, #0
10004bf0:	d0dc      	beq.n	10004bac <tud_task_ext+0xc>
10004bf2:	ab01      	add	r3, sp, #4
10004bf4:	785b      	ldrb	r3, [r3, #1]
10004bf6:	2b08      	cmp	r3, #8
10004bf8:	d8e1      	bhi.n	10004bbe <tud_task_ext+0x1e>
10004bfa:	009b      	lsls	r3, r3, #2
10004bfc:	4a54      	ldr	r2, [pc, #336]	@ (10004d50 <tud_task_ext+0x1b0>)
10004bfe:	58d3      	ldr	r3, [r2, r3]
10004c00:	469f      	mov	pc, r3
10004c02:	ab01      	add	r3, sp, #4
10004c04:	7818      	ldrb	r0, [r3, #0]
10004c06:	f7ff fae7 	bl	100041d8 <usbd_reset>
10004c0a:	f7ff fc48 	bl	1000449e <tud_umount_cb>
10004c0e:	e7d6      	b.n	10004bbe <tud_task_ext+0x1e>
10004c10:	4b50      	ldr	r3, [pc, #320]	@ (10004d54 <tud_task_ext+0x1b4>)
10004c12:	781b      	ldrb	r3, [r3, #0]
10004c14:	2b00      	cmp	r3, #0
10004c16:	d02d      	beq.n	10004c74 <tud_task_ext+0xd4>
10004c18:	4a4e      	ldr	r2, [pc, #312]	@ (10004d54 <tud_task_ext+0x1b4>)
10004c1a:	7813      	ldrb	r3, [r2, #0]
10004c1c:	3b01      	subs	r3, #1
10004c1e:	b2db      	uxtb	r3, r3
10004c20:	7013      	strb	r3, [r2, #0]
10004c22:	7813      	ldrb	r3, [r2, #0]
10004c24:	2b00      	cmp	r3, #0
10004c26:	d1ca      	bne.n	10004bbe <tud_task_ext+0x1e>
10004c28:	4b47      	ldr	r3, [pc, #284]	@ (10004d48 <tud_task_ext+0x1a8>)
10004c2a:	781a      	ldrb	r2, [r3, #0]
10004c2c:	2401      	movs	r4, #1
10004c2e:	2101      	movs	r1, #1
10004c30:	430a      	orrs	r2, r1
10004c32:	701a      	strb	r2, [r3, #0]
10004c34:	2234      	movs	r2, #52	@ 0x34
10004c36:	5c99      	ldrb	r1, [r3, r2]
10004c38:	43a1      	bics	r1, r4
10004c3a:	5499      	strb	r1, [r3, r2]
10004c3c:	5c99      	ldrb	r1, [r3, r2]
10004c3e:	2004      	movs	r0, #4
10004c40:	4381      	bics	r1, r0
10004c42:	5499      	strb	r1, [r3, r2]
10004c44:	3201      	adds	r2, #1
10004c46:	5c99      	ldrb	r1, [r3, r2]
10004c48:	43a1      	bics	r1, r4
10004c4a:	5499      	strb	r1, [r3, r2]
10004c4c:	5c99      	ldrb	r1, [r3, r2]
10004c4e:	4381      	bics	r1, r0
10004c50:	5499      	strb	r1, [r3, r2]
10004c52:	ab01      	add	r3, sp, #4
10004c54:	7818      	ldrb	r0, [r3, #0]
10004c56:	a902      	add	r1, sp, #8
10004c58:	f7ff fde0 	bl	1000481c <process_control_request>
10004c5c:	2800      	cmp	r0, #0
10004c5e:	d1ae      	bne.n	10004bbe <tud_task_ext+0x1e>
10004c60:	ac01      	add	r4, sp, #4
10004c62:	7820      	ldrb	r0, [r4, #0]
10004c64:	2100      	movs	r1, #0
10004c66:	f7ff f9e3 	bl	10004030 <dcd_edpt_stall>
10004c6a:	7820      	ldrb	r0, [r4, #0]
10004c6c:	2180      	movs	r1, #128	@ 0x80
10004c6e:	f7ff f9df 	bl	10004030 <dcd_edpt_stall>
10004c72:	e7a4      	b.n	10004bbe <tud_task_ext+0x1e>
10004c74:	4938      	ldr	r1, [pc, #224]	@ (10004d58 <tud_task_ext+0x1b8>)
10004c76:	4839      	ldr	r0, [pc, #228]	@ (10004d5c <tud_task_ext+0x1bc>)
10004c78:	4a39      	ldr	r2, [pc, #228]	@ (10004d60 <tud_task_ext+0x1c0>)
10004c7a:	f7fe fcff 	bl	1000367c <__wrap_printf>
10004c7e:	e795      	b.n	10004bac <tud_task_ext+0xc>
10004c80:	ab01      	add	r3, sp, #4
10004c82:	7919      	ldrb	r1, [r3, #4]
10004c84:	227f      	movs	r2, #127	@ 0x7f
10004c86:	400a      	ands	r2, r1
10004c88:	09cc      	lsrs	r4, r1, #7
10004c8a:	4b2f      	ldr	r3, [pc, #188]	@ (10004d48 <tud_task_ext+0x1a8>)
10004c8c:	0050      	lsls	r0, r2, #1
10004c8e:	181b      	adds	r3, r3, r0
10004c90:	191b      	adds	r3, r3, r4
10004c92:	3330      	adds	r3, #48	@ 0x30
10004c94:	7918      	ldrb	r0, [r3, #4]
10004c96:	2501      	movs	r5, #1
10004c98:	43a8      	bics	r0, r5
10004c9a:	7118      	strb	r0, [r3, #4]
10004c9c:	7918      	ldrb	r0, [r3, #4]
10004c9e:	3503      	adds	r5, #3
10004ca0:	43a8      	bics	r0, r5
10004ca2:	7118      	strb	r0, [r3, #4]
10004ca4:	2a00      	cmp	r2, #0
10004ca6:	d015      	beq.n	10004cd4 <tud_task_ext+0x134>
10004ca8:	4b27      	ldr	r3, [pc, #156]	@ (10004d48 <tud_task_ext+0x1a8>)
10004caa:	0052      	lsls	r2, r2, #1
10004cac:	189b      	adds	r3, r3, r2
10004cae:	191b      	adds	r3, r3, r4
10004cb0:	7d1b      	ldrb	r3, [r3, #20]
10004cb2:	4a2c      	ldr	r2, [pc, #176]	@ (10004d64 <tud_task_ext+0x1c4>)
10004cb4:	7812      	ldrb	r2, [r2, #0]
10004cb6:	4293      	cmp	r3, r2
10004cb8:	d213      	bcs.n	10004ce2 <tud_task_ext+0x142>
10004cba:	4a2b      	ldr	r2, [pc, #172]	@ (10004d68 <tud_task_ext+0x1c8>)
10004cbc:	6812      	ldr	r2, [r2, #0]
10004cbe:	015b      	lsls	r3, r3, #5
10004cc0:	18d3      	adds	r3, r2, r3
10004cc2:	2b00      	cmp	r3, #0
10004cc4:	d015      	beq.n	10004cf2 <tud_task_ext+0x152>
10004cc6:	699c      	ldr	r4, [r3, #24]
10004cc8:	a801      	add	r0, sp, #4
10004cca:	7942      	ldrb	r2, [r0, #5]
10004ccc:	9b03      	ldr	r3, [sp, #12]
10004cce:	7800      	ldrb	r0, [r0, #0]
10004cd0:	47a0      	blx	r4
10004cd2:	e774      	b.n	10004bbe <tud_task_ext+0x1e>
10004cd4:	a801      	add	r0, sp, #4
10004cd6:	7942      	ldrb	r2, [r0, #5]
10004cd8:	9b03      	ldr	r3, [sp, #12]
10004cda:	7800      	ldrb	r0, [r0, #0]
10004cdc:	f000 f904 	bl	10004ee8 <usbd_control_xfer_cb>
10004ce0:	e76d      	b.n	10004bbe <tud_task_ext+0x1e>
10004ce2:	1c50      	adds	r0, r2, #1
10004ce4:	4298      	cmp	r0, r3
10004ce6:	db04      	blt.n	10004cf2 <tud_task_ext+0x152>
10004ce8:	1a9b      	subs	r3, r3, r2
10004cea:	015b      	lsls	r3, r3, #5
10004cec:	4a1f      	ldr	r2, [pc, #124]	@ (10004d6c <tud_task_ext+0x1cc>)
10004cee:	189b      	adds	r3, r3, r2
10004cf0:	e7e9      	b.n	10004cc6 <tud_task_ext+0x126>
10004cf2:	22a4      	movs	r2, #164	@ 0xa4
10004cf4:	4918      	ldr	r1, [pc, #96]	@ (10004d58 <tud_task_ext+0x1b8>)
10004cf6:	4819      	ldr	r0, [pc, #100]	@ (10004d5c <tud_task_ext+0x1bc>)
10004cf8:	0092      	lsls	r2, r2, #2
10004cfa:	f7fe fcbf 	bl	1000367c <__wrap_printf>
10004cfe:	e755      	b.n	10004bac <tud_task_ext+0xc>
10004d00:	4b11      	ldr	r3, [pc, #68]	@ (10004d48 <tud_task_ext+0x1a8>)
10004d02:	781b      	ldrb	r3, [r3, #0]
10004d04:	07db      	lsls	r3, r3, #31
10004d06:	d400      	bmi.n	10004d0a <tud_task_ext+0x16a>
10004d08:	e759      	b.n	10004bbe <tud_task_ext+0x1e>
10004d0a:	4b0f      	ldr	r3, [pc, #60]	@ (10004d48 <tud_task_ext+0x1a8>)
10004d0c:	7818      	ldrb	r0, [r3, #0]
10004d0e:	0700      	lsls	r0, r0, #28
10004d10:	0fc0      	lsrs	r0, r0, #31
10004d12:	f7ff fbc5 	bl	100044a0 <tud_suspend_cb>
10004d16:	e752      	b.n	10004bbe <tud_task_ext+0x1e>
10004d18:	4b0b      	ldr	r3, [pc, #44]	@ (10004d48 <tud_task_ext+0x1a8>)
10004d1a:	781b      	ldrb	r3, [r3, #0]
10004d1c:	07db      	lsls	r3, r3, #31
10004d1e:	d400      	bmi.n	10004d22 <tud_task_ext+0x182>
10004d20:	e74d      	b.n	10004bbe <tud_task_ext+0x1e>
10004d22:	f7ff fbbe 	bl	100044a2 <tud_resume_cb>
10004d26:	e74a      	b.n	10004bbe <tud_task_ext+0x1e>
10004d28:	9b02      	ldr	r3, [sp, #8]
10004d2a:	2b00      	cmp	r3, #0
10004d2c:	d100      	bne.n	10004d30 <tud_task_ext+0x190>
10004d2e:	e746      	b.n	10004bbe <tud_task_ext+0x1e>
10004d30:	9803      	ldr	r0, [sp, #12]
10004d32:	4798      	blx	r3
10004d34:	e743      	b.n	10004bbe <tud_task_ext+0x1e>
10004d36:	4b04      	ldr	r3, [pc, #16]	@ (10004d48 <tud_task_ext+0x1a8>)
10004d38:	78db      	ldrb	r3, [r3, #3]
10004d3a:	07db      	lsls	r3, r3, #31
10004d3c:	d400      	bmi.n	10004d40 <tud_task_ext+0x1a0>
10004d3e:	e73e      	b.n	10004bbe <tud_task_ext+0x1e>
10004d40:	9802      	ldr	r0, [sp, #8]
10004d42:	f7ff fb36 	bl	100043b2 <tud_sof_cb>
10004d46:	e73a      	b.n	10004bbe <tud_task_ext+0x1e>
10004d48:	20000ff8 	.word	0x20000ff8
10004d4c:	20001050 	.word	0x20001050
10004d50:	100077f0 	.word	0x100077f0
10004d54:	20001baf 	.word	0x20001baf
10004d58:	100078ac 	.word	0x100078ac
10004d5c:	100071dc 	.word	0x100071dc
10004d60:	00000265 	.word	0x00000265
10004d64:	20001bad 	.word	0x20001bad
10004d68:	20000e48 	.word	0x20000e48
10004d6c:	100078cc 	.word	0x100078cc

10004d70 <status_stage_xact>:
10004d70:	b510      	push	{r4, lr}
10004d72:	2300      	movs	r3, #0
10004d74:	56cb      	ldrsb	r3, [r1, r3]
10004d76:	2b00      	cmp	r3, #0
10004d78:	db05      	blt.n	10004d86 <status_stage_xact+0x16>
10004d7a:	2180      	movs	r1, #128	@ 0x80
10004d7c:	2300      	movs	r3, #0
10004d7e:	2200      	movs	r2, #0
10004d80:	f7ff fcc6 	bl	10004710 <usbd_edpt_xfer>
10004d84:	bd10      	pop	{r4, pc}
10004d86:	2100      	movs	r1, #0
10004d88:	e7f8      	b.n	10004d7c <status_stage_xact+0xc>
	...

10004d8c <data_stage_xact>:
10004d8c:	b5f8      	push	{r3, r4, r5, r6, r7, lr}
10004d8e:	0005      	movs	r5, r0
10004d90:	4b14      	ldr	r3, [pc, #80]	@ (10004de4 <data_stage_xact+0x58>)
10004d92:	899f      	ldrh	r7, [r3, #12]
10004d94:	89de      	ldrh	r6, [r3, #14]
10004d96:	1bbb      	subs	r3, r7, r6
10004d98:	b29b      	uxth	r3, r3
10004d9a:	1c1c      	adds	r4, r3, #0
10004d9c:	2b40      	cmp	r3, #64	@ 0x40
10004d9e:	d900      	bls.n	10004da2 <data_stage_xact+0x16>
10004da0:	2440      	movs	r4, #64	@ 0x40
10004da2:	b2a4      	uxth	r4, r4
10004da4:	4b0f      	ldr	r3, [pc, #60]	@ (10004de4 <data_stage_xact+0x58>)
10004da6:	781b      	ldrb	r3, [r3, #0]
10004da8:	b25b      	sxtb	r3, r3
10004daa:	2b00      	cmp	r3, #0
10004dac:	db08      	blt.n	10004dc0 <data_stage_xact+0x34>
10004dae:	2100      	movs	r1, #0
10004db0:	42b7      	cmp	r7, r6
10004db2:	d013      	beq.n	10004ddc <data_stage_xact+0x50>
10004db4:	4a0c      	ldr	r2, [pc, #48]	@ (10004de8 <data_stage_xact+0x5c>)
10004db6:	0023      	movs	r3, r4
10004db8:	0028      	movs	r0, r5
10004dba:	f7ff fca9 	bl	10004710 <usbd_edpt_xfer>
10004dbe:	bdf8      	pop	{r3, r4, r5, r6, r7, pc}
10004dc0:	42b7      	cmp	r7, r6
10004dc2:	d009      	beq.n	10004dd8 <data_stage_xact+0x4c>
10004dc4:	4b07      	ldr	r3, [pc, #28]	@ (10004de4 <data_stage_xact+0x58>)
10004dc6:	6899      	ldr	r1, [r3, #8]
10004dc8:	2c40      	cmp	r4, #64	@ 0x40
10004dca:	d809      	bhi.n	10004de0 <data_stage_xact+0x54>
10004dcc:	4806      	ldr	r0, [pc, #24]	@ (10004de8 <data_stage_xact+0x5c>)
10004dce:	0022      	movs	r2, r4
10004dd0:	f7fd f9e0 	bl	10002194 <__wrap___aeabi_memcpy>
10004dd4:	2180      	movs	r1, #128	@ 0x80
10004dd6:	e7eb      	b.n	10004db0 <data_stage_xact+0x24>
10004dd8:	2180      	movs	r1, #128	@ 0x80
10004dda:	e7e9      	b.n	10004db0 <data_stage_xact+0x24>
10004ddc:	2200      	movs	r2, #0
10004dde:	e7ea      	b.n	10004db6 <data_stage_xact+0x2a>
10004de0:	2000      	movs	r0, #0
10004de2:	e7ec      	b.n	10004dbe <data_stage_xact+0x32>
10004de4:	20000fd8 	.word	0x20000fd8
10004de8:	20000f98 	.word	0x20000f98

10004dec <tud_control_status>:
10004dec:	b570      	push	{r4, r5, r6, lr}
10004dee:	0006      	movs	r6, r0
10004df0:	000d      	movs	r5, r1
10004df2:	4c07      	ldr	r4, [pc, #28]	@ (10004e10 <tud_control_status+0x24>)
10004df4:	2208      	movs	r2, #8
10004df6:	0020      	movs	r0, r4
10004df8:	f7fd f9cc 	bl	10002194 <__wrap___aeabi_memcpy>
10004dfc:	2300      	movs	r3, #0
10004dfe:	60a3      	str	r3, [r4, #8]
10004e00:	81e3      	strh	r3, [r4, #14]
10004e02:	81a3      	strh	r3, [r4, #12]
10004e04:	0029      	movs	r1, r5
10004e06:	0030      	movs	r0, r6
10004e08:	f7ff ffb2 	bl	10004d70 <status_stage_xact>
10004e0c:	bd70      	pop	{r4, r5, r6, pc}
10004e0e:	46c0      	nop			@ (mov r8, r8)
10004e10:	20000fd8 	.word	0x20000fd8

10004e14 <tud_control_xfer>:
10004e14:	b5f0      	push	{r4, r5, r6, r7, lr}
10004e16:	46c6      	mov	lr, r8
10004e18:	b500      	push	{lr}
10004e1a:	4680      	mov	r8, r0
10004e1c:	000c      	movs	r4, r1
10004e1e:	0016      	movs	r6, r2
10004e20:	001d      	movs	r5, r3
10004e22:	4b1f      	ldr	r3, [pc, #124]	@ (10004ea0 <tud_control_xfer+0x8c>)
10004e24:	2208      	movs	r2, #8
10004e26:	001f      	movs	r7, r3
10004e28:	0018      	movs	r0, r3
10004e2a:	f7fd f9b3 	bl	10002194 <__wrap___aeabi_memcpy>
10004e2e:	60be      	str	r6, [r7, #8]
10004e30:	2300      	movs	r3, #0
10004e32:	81fb      	strh	r3, [r7, #14]
10004e34:	79a3      	ldrb	r3, [r4, #6]
10004e36:	79e1      	ldrb	r1, [r4, #7]
10004e38:	0209      	lsls	r1, r1, #8
10004e3a:	4319      	orrs	r1, r3
10004e3c:	1c0b      	adds	r3, r1, #0
10004e3e:	42a9      	cmp	r1, r5
10004e40:	d900      	bls.n	10004e44 <tud_control_xfer+0x30>
10004e42:	1c2b      	adds	r3, r5, #0
10004e44:	b299      	uxth	r1, r3
10004e46:	4a16      	ldr	r2, [pc, #88]	@ (10004ea0 <tud_control_xfer+0x8c>)
10004e48:	8193      	strh	r3, [r2, #12]
10004e4a:	79a2      	ldrb	r2, [r4, #6]
10004e4c:	79e3      	ldrb	r3, [r4, #7]
10004e4e:	021b      	lsls	r3, r3, #8
10004e50:	4313      	orrs	r3, r2
10004e52:	d019      	beq.n	10004e88 <tud_control_xfer+0x74>
10004e54:	2900      	cmp	r1, #0
10004e56:	d001      	beq.n	10004e5c <tud_control_xfer+0x48>
10004e58:	2e00      	cmp	r6, #0
10004e5a:	d008      	beq.n	10004e6e <tud_control_xfer+0x5a>
10004e5c:	4640      	mov	r0, r8
10004e5e:	f7ff ff95 	bl	10004d8c <data_stage_xact>
10004e62:	1e04      	subs	r4, r0, #0
10004e64:	d00a      	beq.n	10004e7c <tud_control_xfer+0x68>
10004e66:	0020      	movs	r0, r4
10004e68:	bc80      	pop	{r7}
10004e6a:	46b8      	mov	r8, r7
10004e6c:	bdf0      	pop	{r4, r5, r6, r7, pc}
10004e6e:	490d      	ldr	r1, [pc, #52]	@ (10004ea4 <tud_control_xfer+0x90>)
10004e70:	480d      	ldr	r0, [pc, #52]	@ (10004ea8 <tud_control_xfer+0x94>)
10004e72:	2272      	movs	r2, #114	@ 0x72
10004e74:	f7fe fc02 	bl	1000367c <__wrap_printf>
10004e78:	2400      	movs	r4, #0
10004e7a:	e7f4      	b.n	10004e66 <tud_control_xfer+0x52>
10004e7c:	4909      	ldr	r1, [pc, #36]	@ (10004ea4 <tud_control_xfer+0x90>)
10004e7e:	480a      	ldr	r0, [pc, #40]	@ (10004ea8 <tud_control_xfer+0x94>)
10004e80:	2274      	movs	r2, #116	@ 0x74
10004e82:	f7fe fbfb 	bl	1000367c <__wrap_printf>
10004e86:	e7ee      	b.n	10004e66 <tud_control_xfer+0x52>
10004e88:	0021      	movs	r1, r4
10004e8a:	4640      	mov	r0, r8
10004e8c:	f7ff ff70 	bl	10004d70 <status_stage_xact>
10004e90:	1e04      	subs	r4, r0, #0
10004e92:	d1e8      	bne.n	10004e66 <tud_control_xfer+0x52>
10004e94:	4903      	ldr	r1, [pc, #12]	@ (10004ea4 <tud_control_xfer+0x90>)
10004e96:	4804      	ldr	r0, [pc, #16]	@ (10004ea8 <tud_control_xfer+0x94>)
10004e98:	2276      	movs	r2, #118	@ 0x76
10004e9a:	f7fe fbef 	bl	1000367c <__wrap_printf>
10004e9e:	e7e2      	b.n	10004e66 <tud_control_xfer+0x52>
10004ea0:	20000fd8 	.word	0x20000fd8
10004ea4:	10007924 	.word	0x10007924
10004ea8:	100071dc 	.word	0x100071dc

10004eac <usbd_control_reset>:
10004eac:	b510      	push	{r4, lr}
10004eae:	4803      	ldr	r0, [pc, #12]	@ (10004ebc <usbd_control_reset+0x10>)
10004eb0:	2214      	movs	r2, #20
10004eb2:	2100      	movs	r1, #0
10004eb4:	f7fd f968 	bl	10002188 <__wrap_memset>
10004eb8:	bd10      	pop	{r4, pc}
10004eba:	46c0      	nop			@ (mov r8, r8)
10004ebc:	20000fd8 	.word	0x20000fd8

10004ec0 <usbd_control_set_complete_callback>:
10004ec0:	4b01      	ldr	r3, [pc, #4]	@ (10004ec8 <usbd_control_set_complete_callback+0x8>)
10004ec2:	6118      	str	r0, [r3, #16]
10004ec4:	4770      	bx	lr
10004ec6:	46c0      	nop			@ (mov r8, r8)
10004ec8:	20000fd8 	.word	0x20000fd8

10004ecc <usbd_control_set_request>:
10004ecc:	b510      	push	{r4, lr}
10004ece:	0001      	movs	r1, r0
10004ed0:	4c04      	ldr	r4, [pc, #16]	@ (10004ee4 <usbd_control_set_request+0x18>)
10004ed2:	2208      	movs	r2, #8
10004ed4:	0020      	movs	r0, r4
10004ed6:	f7fd f95d 	bl	10002194 <__wrap___aeabi_memcpy>
10004eda:	2300      	movs	r3, #0
10004edc:	60a3      	str	r3, [r4, #8]
10004ede:	81e3      	strh	r3, [r4, #14]
10004ee0:	81a3      	strh	r3, [r4, #12]
10004ee2:	bd10      	pop	{r4, pc}
10004ee4:	20000fd8 	.word	0x20000fd8

10004ee8 <usbd_control_xfer_cb>:
10004ee8:	b570      	push	{r4, r5, r6, lr}
10004eea:	0005      	movs	r5, r0
10004eec:	001c      	movs	r4, r3
10004eee:	09c9      	lsrs	r1, r1, #7
10004ef0:	4b31      	ldr	r3, [pc, #196]	@ (10004fb8 <usbd_control_xfer_cb+0xd0>)
10004ef2:	781b      	ldrb	r3, [r3, #0]
10004ef4:	09db      	lsrs	r3, r3, #7
10004ef6:	428b      	cmp	r3, r1
10004ef8:	d016      	beq.n	10004f28 <usbd_control_xfer_cb+0x40>
10004efa:	2c00      	cmp	r4, #0
10004efc:	d007      	beq.n	10004f0e <usbd_control_xfer_cb+0x26>
10004efe:	492f      	ldr	r1, [pc, #188]	@ (10004fbc <usbd_control_xfer_cb+0xd4>)
10004f00:	482f      	ldr	r0, [pc, #188]	@ (10004fc0 <usbd_control_xfer_cb+0xd8>)
10004f02:	229d      	movs	r2, #157	@ 0x9d
10004f04:	f7fe fbba 	bl	1000367c <__wrap_printf>
10004f08:	2400      	movs	r4, #0
10004f0a:	0020      	movs	r0, r4
10004f0c:	bd70      	pop	{r4, r5, r6, pc}
10004f0e:	4c2a      	ldr	r4, [pc, #168]	@ (10004fb8 <usbd_control_xfer_cb+0xd0>)
10004f10:	0021      	movs	r1, r4
10004f12:	f7ff f84f 	bl	10003fb4 <dcd_edpt0_status_complete>
10004f16:	6923      	ldr	r3, [r4, #16]
10004f18:	2b00      	cmp	r3, #0
10004f1a:	d003      	beq.n	10004f24 <usbd_control_xfer_cb+0x3c>
10004f1c:	4a26      	ldr	r2, [pc, #152]	@ (10004fb8 <usbd_control_xfer_cb+0xd0>)
10004f1e:	2103      	movs	r1, #3
10004f20:	0028      	movs	r0, r5
10004f22:	4798      	blx	r3
10004f24:	2401      	movs	r4, #1
10004f26:	e7f0      	b.n	10004f0a <usbd_control_xfer_cb+0x22>
10004f28:	4b23      	ldr	r3, [pc, #140]	@ (10004fb8 <usbd_control_xfer_cb+0xd0>)
10004f2a:	781b      	ldrb	r3, [r3, #0]
10004f2c:	b25b      	sxtb	r3, r3
10004f2e:	2b00      	cmp	r3, #0
10004f30:	db07      	blt.n	10004f42 <usbd_control_xfer_cb+0x5a>
10004f32:	4b21      	ldr	r3, [pc, #132]	@ (10004fb8 <usbd_control_xfer_cb+0xd0>)
10004f34:	6898      	ldr	r0, [r3, #8]
10004f36:	2800      	cmp	r0, #0
10004f38:	d03c      	beq.n	10004fb4 <usbd_control_xfer_cb+0xcc>
10004f3a:	4922      	ldr	r1, [pc, #136]	@ (10004fc4 <usbd_control_xfer_cb+0xdc>)
10004f3c:	0022      	movs	r2, r4
10004f3e:	f7fd f929 	bl	10002194 <__wrap___aeabi_memcpy>
10004f42:	4a1d      	ldr	r2, [pc, #116]	@ (10004fb8 <usbd_control_xfer_cb+0xd0>)
10004f44:	89d3      	ldrh	r3, [r2, #14]
10004f46:	b2a1      	uxth	r1, r4
10004f48:	185b      	adds	r3, r3, r1
10004f4a:	b29b      	uxth	r3, r3
10004f4c:	81d3      	strh	r3, [r2, #14]
10004f4e:	6891      	ldr	r1, [r2, #8]
10004f50:	1909      	adds	r1, r1, r4
10004f52:	6091      	str	r1, [r2, #8]
10004f54:	88d2      	ldrh	r2, [r2, #6]
10004f56:	4293      	cmp	r3, r2
10004f58:	d001      	beq.n	10004f5e <usbd_control_xfer_cb+0x76>
10004f5a:	2c3f      	cmp	r4, #63	@ 0x3f
10004f5c:	d81f      	bhi.n	10004f9e <usbd_control_xfer_cb+0xb6>
10004f5e:	4b16      	ldr	r3, [pc, #88]	@ (10004fb8 <usbd_control_xfer_cb+0xd0>)
10004f60:	691b      	ldr	r3, [r3, #16]
10004f62:	2b00      	cmp	r3, #0
10004f64:	d005      	beq.n	10004f72 <usbd_control_xfer_cb+0x8a>
10004f66:	4a14      	ldr	r2, [pc, #80]	@ (10004fb8 <usbd_control_xfer_cb+0xd0>)
10004f68:	2102      	movs	r1, #2
10004f6a:	0028      	movs	r0, r5
10004f6c:	4798      	blx	r3
10004f6e:	2800      	cmp	r0, #0
10004f70:	d00b      	beq.n	10004f8a <usbd_control_xfer_cb+0xa2>
10004f72:	4911      	ldr	r1, [pc, #68]	@ (10004fb8 <usbd_control_xfer_cb+0xd0>)
10004f74:	0028      	movs	r0, r5
10004f76:	f7ff fefb 	bl	10004d70 <status_stage_xact>
10004f7a:	1e04      	subs	r4, r0, #0
10004f7c:	d1c5      	bne.n	10004f0a <usbd_control_xfer_cb+0x22>
10004f7e:	490f      	ldr	r1, [pc, #60]	@ (10004fbc <usbd_control_xfer_cb+0xd4>)
10004f80:	480f      	ldr	r0, [pc, #60]	@ (10004fc0 <usbd_control_xfer_cb+0xd8>)
10004f82:	22c5      	movs	r2, #197	@ 0xc5
10004f84:	f7fe fb7a 	bl	1000367c <__wrap_printf>
10004f88:	e7bf      	b.n	10004f0a <usbd_control_xfer_cb+0x22>
10004f8a:	2100      	movs	r1, #0
10004f8c:	0028      	movs	r0, r5
10004f8e:	f7ff f84f 	bl	10004030 <dcd_edpt_stall>
10004f92:	2180      	movs	r1, #128	@ 0x80
10004f94:	0028      	movs	r0, r5
10004f96:	f7ff f84b 	bl	10004030 <dcd_edpt_stall>
10004f9a:	2401      	movs	r4, #1
10004f9c:	e7b5      	b.n	10004f0a <usbd_control_xfer_cb+0x22>
10004f9e:	0028      	movs	r0, r5
10004fa0:	f7ff fef4 	bl	10004d8c <data_stage_xact>
10004fa4:	1e04      	subs	r4, r0, #0
10004fa6:	d1b0      	bne.n	10004f0a <usbd_control_xfer_cb+0x22>
10004fa8:	4904      	ldr	r1, [pc, #16]	@ (10004fbc <usbd_control_xfer_cb+0xd4>)
10004faa:	4805      	ldr	r0, [pc, #20]	@ (10004fc0 <usbd_control_xfer_cb+0xd8>)
10004fac:	22cd      	movs	r2, #205	@ 0xcd
10004fae:	f7fe fb65 	bl	1000367c <__wrap_printf>
10004fb2:	e7aa      	b.n	10004f0a <usbd_control_xfer_cb+0x22>
10004fb4:	2400      	movs	r4, #0
10004fb6:	e7a8      	b.n	10004f0a <usbd_control_xfer_cb+0x22>
10004fb8:	20000fd8 	.word	0x20000fd8
10004fbc:	1000790c 	.word	0x1000790c
10004fc0:	100071dc 	.word	0x100071dc
10004fc4:	20000f98 	.word	0x20000f98

10004fc8 <_prep_out_transaction>:
10004fc8:	b570      	push	{r4, r5, r6, lr}
10004fca:	0005      	movs	r5, r0
10004fcc:	f7ff fa6a 	bl	100044a4 <tud_mounted>
10004fd0:	2800      	cmp	r0, #0
10004fd2:	d102      	bne.n	10004fda <_prep_out_transaction+0x12>
10004fd4:	2400      	movs	r4, #0
10004fd6:	0020      	movs	r0, r4
10004fd8:	bd70      	pop	{r4, r5, r6, pc}
10004fda:	f7ff fa6b 	bl	100044b4 <tud_suspended>
10004fde:	1e04      	subs	r4, r0, #0
10004fe0:	d1f8      	bne.n	10004fd4 <_prep_out_transaction+0xc>
10004fe2:	4b1c      	ldr	r3, [pc, #112]	@ (10005054 <_prep_out_transaction+0x8c>)
10004fe4:	22c8      	movs	r2, #200	@ 0xc8
10004fe6:	436a      	muls	r2, r5
10004fe8:	189b      	adds	r3, r3, r2
10004fea:	78db      	ldrb	r3, [r3, #3]
10004fec:	2b00      	cmp	r3, #0
10004fee:	d0f1      	beq.n	10004fd4 <_prep_out_transaction+0xc>
10004ff0:	26c8      	movs	r6, #200	@ 0xc8
10004ff2:	436e      	muls	r6, r5
10004ff4:	3610      	adds	r6, #16
10004ff6:	4b17      	ldr	r3, [pc, #92]	@ (10005054 <_prep_out_transaction+0x8c>)
10004ff8:	18f6      	adds	r6, r6, r3
10004ffa:	0030      	movs	r0, r6
10004ffc:	f001 f930 	bl	10006260 <tu_fifo_remaining>
10005000:	283f      	cmp	r0, #63	@ 0x3f
10005002:	d9e8      	bls.n	10004fd6 <_prep_out_transaction+0xe>
10005004:	4b13      	ldr	r3, [pc, #76]	@ (10005054 <_prep_out_transaction+0x8c>)
10005006:	22c8      	movs	r2, #200	@ 0xc8
10005008:	436a      	muls	r2, r5
1000500a:	189b      	adds	r3, r3, r2
1000500c:	78d9      	ldrb	r1, [r3, #3]
1000500e:	2000      	movs	r0, #0
10005010:	f7ff fb56 	bl	100046c0 <usbd_edpt_claim>
10005014:	2800      	cmp	r0, #0
10005016:	d101      	bne.n	1000501c <_prep_out_transaction+0x54>
10005018:	0004      	movs	r4, r0
1000501a:	e7dc      	b.n	10004fd6 <_prep_out_transaction+0xe>
1000501c:	0030      	movs	r0, r6
1000501e:	f001 f91f 	bl	10006260 <tu_fifo_remaining>
10005022:	283f      	cmp	r0, #63	@ 0x3f
10005024:	d90d      	bls.n	10005042 <_prep_out_transaction+0x7a>
10005026:	01ea      	lsls	r2, r5, #7
10005028:	4b0b      	ldr	r3, [pc, #44]	@ (10005058 <_prep_out_transaction+0x90>)
1000502a:	18d2      	adds	r2, r2, r3
1000502c:	4b09      	ldr	r3, [pc, #36]	@ (10005054 <_prep_out_transaction+0x8c>)
1000502e:	21c8      	movs	r1, #200	@ 0xc8
10005030:	4369      	muls	r1, r5
10005032:	185b      	adds	r3, r3, r1
10005034:	78d9      	ldrb	r1, [r3, #3]
10005036:	2340      	movs	r3, #64	@ 0x40
10005038:	2000      	movs	r0, #0
1000503a:	f7ff fb69 	bl	10004710 <usbd_edpt_xfer>
1000503e:	0004      	movs	r4, r0
10005040:	e7c9      	b.n	10004fd6 <_prep_out_transaction+0xe>
10005042:	4b04      	ldr	r3, [pc, #16]	@ (10005054 <_prep_out_transaction+0x8c>)
10005044:	22c8      	movs	r2, #200	@ 0xc8
10005046:	436a      	muls	r2, r5
10005048:	189b      	adds	r3, r3, r2
1000504a:	78d9      	ldrb	r1, [r3, #3]
1000504c:	2000      	movs	r0, #0
1000504e:	f7ff fb4b 	bl	100046e8 <usbd_edpt_release>
10005052:	e7c0      	b.n	10004fd6 <_prep_out_transaction+0xe>
10005054:	20000ed0 	.word	0x20000ed0
10005058:	20000e4c 	.word	0x20000e4c

1000505c <tud_cdc_n_connected>:
1000505c:	b510      	push	{r4, lr}
1000505e:	0004      	movs	r4, r0
10005060:	f7ff fa20 	bl	100044a4 <tud_mounted>
10005064:	2800      	cmp	r0, #0
10005066:	d101      	bne.n	1000506c <tud_cdc_n_connected+0x10>
10005068:	2000      	movs	r0, #0
1000506a:	bd10      	pop	{r4, pc}
1000506c:	f7ff fa22 	bl	100044b4 <tud_suspended>
10005070:	2800      	cmp	r0, #0
10005072:	d108      	bne.n	10005086 <tud_cdc_n_connected+0x2a>
10005074:	4b06      	ldr	r3, [pc, #24]	@ (10005090 <tud_cdc_n_connected+0x34>)
10005076:	22c8      	movs	r2, #200	@ 0xc8
10005078:	4362      	muls	r2, r4
1000507a:	189b      	adds	r3, r3, r2
1000507c:	791b      	ldrb	r3, [r3, #4]
1000507e:	07db      	lsls	r3, r3, #31
10005080:	d503      	bpl.n	1000508a <tud_cdc_n_connected+0x2e>
10005082:	3001      	adds	r0, #1
10005084:	e7f1      	b.n	1000506a <tud_cdc_n_connected+0xe>
10005086:	2000      	movs	r0, #0
10005088:	e7ef      	b.n	1000506a <tud_cdc_n_connected+0xe>
1000508a:	2000      	movs	r0, #0
1000508c:	e7ed      	b.n	1000506a <tud_cdc_n_connected+0xe>
1000508e:	46c0      	nop			@ (mov r8, r8)
10005090:	20000ed0 	.word	0x20000ed0

10005094 <tud_cdc_n_available>:
10005094:	b510      	push	{r4, lr}
10005096:	23c8      	movs	r3, #200	@ 0xc8
10005098:	4343      	muls	r3, r0
1000509a:	3310      	adds	r3, #16
1000509c:	4802      	ldr	r0, [pc, #8]	@ (100050a8 <tud_cdc_n_available+0x14>)
1000509e:	1818      	adds	r0, r3, r0
100050a0:	f001 f8ac 	bl	100061fc <tu_fifo_count>
100050a4:	bd10      	pop	{r4, pc}
100050a6:	46c0      	nop			@ (mov r8, r8)
100050a8:	20000ed0 	.word	0x20000ed0

100050ac <tud_cdc_n_read>:
100050ac:	b570      	push	{r4, r5, r6, lr}
100050ae:	0004      	movs	r4, r0
100050b0:	20c8      	movs	r0, #200	@ 0xc8
100050b2:	4360      	muls	r0, r4
100050b4:	0003      	movs	r3, r0
100050b6:	3310      	adds	r3, #16
100050b8:	4807      	ldr	r0, [pc, #28]	@ (100050d8 <tud_cdc_n_read+0x2c>)
100050ba:	1818      	adds	r0, r3, r0
100050bc:	4b07      	ldr	r3, [pc, #28]	@ (100050dc <tud_cdc_n_read+0x30>)
100050be:	429a      	cmp	r2, r3
100050c0:	d808      	bhi.n	100050d4 <tud_cdc_n_read+0x28>
100050c2:	b292      	uxth	r2, r2
100050c4:	f001 f904 	bl	100062d0 <tu_fifo_read_n>
100050c8:	0005      	movs	r5, r0
100050ca:	0020      	movs	r0, r4
100050cc:	f7ff ff7c 	bl	10004fc8 <_prep_out_transaction>
100050d0:	0028      	movs	r0, r5
100050d2:	bd70      	pop	{r4, r5, r6, pc}
100050d4:	4a02      	ldr	r2, [pc, #8]	@ (100050e0 <tud_cdc_n_read+0x34>)
100050d6:	e7f5      	b.n	100050c4 <tud_cdc_n_read+0x18>
100050d8:	20000ed0 	.word	0x20000ed0
100050dc:	0000fffe 	.word	0x0000fffe
100050e0:	0000ffff 	.word	0x0000ffff

100050e4 <tud_cdc_n_write_flush>:
100050e4:	b570      	push	{r4, r5, r6, lr}
100050e6:	0005      	movs	r5, r0
100050e8:	f7ff f9dc 	bl	100044a4 <tud_mounted>
100050ec:	2800      	cmp	r0, #0
100050ee:	d101      	bne.n	100050f4 <tud_cdc_n_write_flush+0x10>
100050f0:	2000      	movs	r0, #0
100050f2:	bd70      	pop	{r4, r5, r6, pc}
100050f4:	f7ff f9de 	bl	100044b4 <tud_suspended>
100050f8:	2800      	cmp	r0, #0
100050fa:	d1f9      	bne.n	100050f0 <tud_cdc_n_write_flush+0xc>
100050fc:	24c8      	movs	r4, #200	@ 0xc8
100050fe:	436c      	muls	r4, r5
10005100:	3420      	adds	r4, #32
10005102:	4b20      	ldr	r3, [pc, #128]	@ (10005184 <tud_cdc_n_write_flush+0xa0>)
10005104:	18e4      	adds	r4, r4, r3
10005106:	3404      	adds	r4, #4
10005108:	0020      	movs	r0, r4
1000510a:	f001 f877 	bl	100061fc <tu_fifo_count>
1000510e:	2800      	cmp	r0, #0
10005110:	d101      	bne.n	10005116 <tud_cdc_n_write_flush+0x32>
10005112:	2000      	movs	r0, #0
10005114:	e7ed      	b.n	100050f2 <tud_cdc_n_write_flush+0xe>
10005116:	4b1b      	ldr	r3, [pc, #108]	@ (10005184 <tud_cdc_n_write_flush+0xa0>)
10005118:	22c8      	movs	r2, #200	@ 0xc8
1000511a:	436a      	muls	r2, r5
1000511c:	189b      	adds	r3, r3, r2
1000511e:	7899      	ldrb	r1, [r3, #2]
10005120:	2000      	movs	r0, #0
10005122:	f7ff facd 	bl	100046c0 <usbd_edpt_claim>
10005126:	2800      	cmp	r0, #0
10005128:	d101      	bne.n	1000512e <tud_cdc_n_write_flush+0x4a>
1000512a:	2000      	movs	r0, #0
1000512c:	e7e1      	b.n	100050f2 <tud_cdc_n_write_flush+0xe>
1000512e:	01ee      	lsls	r6, r5, #7
10005130:	3640      	adds	r6, #64	@ 0x40
10005132:	4b15      	ldr	r3, [pc, #84]	@ (10005188 <tud_cdc_n_write_flush+0xa4>)
10005134:	18f6      	adds	r6, r6, r3
10005136:	2240      	movs	r2, #64	@ 0x40
10005138:	0031      	movs	r1, r6
1000513a:	0020      	movs	r0, r4
1000513c:	f001 f8c8 	bl	100062d0 <tu_fifo_read_n>
10005140:	1e04      	subs	r4, r0, #0
10005142:	d014      	beq.n	1000516e <tud_cdc_n_write_flush+0x8a>
10005144:	4b0f      	ldr	r3, [pc, #60]	@ (10005184 <tud_cdc_n_write_flush+0xa0>)
10005146:	22c8      	movs	r2, #200	@ 0xc8
10005148:	436a      	muls	r2, r5
1000514a:	189b      	adds	r3, r3, r2
1000514c:	7899      	ldrb	r1, [r3, #2]
1000514e:	0003      	movs	r3, r0
10005150:	0032      	movs	r2, r6
10005152:	2000      	movs	r0, #0
10005154:	f7ff fadc 	bl	10004710 <usbd_edpt_xfer>
10005158:	2800      	cmp	r0, #0
1000515a:	d001      	beq.n	10005160 <tud_cdc_n_write_flush+0x7c>
1000515c:	0020      	movs	r0, r4
1000515e:	e7c8      	b.n	100050f2 <tud_cdc_n_write_flush+0xe>
10005160:	490a      	ldr	r1, [pc, #40]	@ (1000518c <tud_cdc_n_write_flush+0xa8>)
10005162:	480b      	ldr	r0, [pc, #44]	@ (10005190 <tud_cdc_n_write_flush+0xac>)
10005164:	22d5      	movs	r2, #213	@ 0xd5
10005166:	f7fe fa89 	bl	1000367c <__wrap_printf>
1000516a:	2000      	movs	r0, #0
1000516c:	e7c1      	b.n	100050f2 <tud_cdc_n_write_flush+0xe>
1000516e:	4b05      	ldr	r3, [pc, #20]	@ (10005184 <tud_cdc_n_write_flush+0xa0>)
10005170:	22c8      	movs	r2, #200	@ 0xc8
10005172:	436a      	muls	r2, r5
10005174:	189b      	adds	r3, r3, r2
10005176:	7899      	ldrb	r1, [r3, #2]
10005178:	2000      	movs	r0, #0
1000517a:	f7ff fab5 	bl	100046e8 <usbd_edpt_release>
1000517e:	2000      	movs	r0, #0
10005180:	e7b7      	b.n	100050f2 <tud_cdc_n_write_flush+0xe>
10005182:	46c0      	nop			@ (mov r8, r8)
10005184:	20000ed0 	.word	0x20000ed0
10005188:	20000e4c 	.word	0x20000e4c
1000518c:	10007954 	.word	0x10007954
10005190:	100071dc 	.word	0x100071dc

10005194 <tud_cdc_n_write>:
10005194:	b570      	push	{r4, r5, r6, lr}
10005196:	0005      	movs	r5, r0
10005198:	24c8      	movs	r4, #200	@ 0xc8
1000519a:	4344      	muls	r4, r0
1000519c:	3420      	adds	r4, #32
1000519e:	4b0c      	ldr	r3, [pc, #48]	@ (100051d0 <tud_cdc_n_write+0x3c>)
100051a0:	18e4      	adds	r4, r4, r3
100051a2:	3404      	adds	r4, #4
100051a4:	4b0b      	ldr	r3, [pc, #44]	@ (100051d4 <tud_cdc_n_write+0x40>)
100051a6:	429a      	cmp	r2, r3
100051a8:	d80b      	bhi.n	100051c2 <tud_cdc_n_write+0x2e>
100051aa:	b292      	uxth	r2, r2
100051ac:	0020      	movs	r0, r4
100051ae:	f001 f8c6 	bl	1000633e <tu_fifo_write_n>
100051b2:	0006      	movs	r6, r0
100051b4:	0020      	movs	r0, r4
100051b6:	f001 f821 	bl	100061fc <tu_fifo_count>
100051ba:	283f      	cmp	r0, #63	@ 0x3f
100051bc:	d803      	bhi.n	100051c6 <tud_cdc_n_write+0x32>
100051be:	0030      	movs	r0, r6
100051c0:	bd70      	pop	{r4, r5, r6, pc}
100051c2:	4a05      	ldr	r2, [pc, #20]	@ (100051d8 <tud_cdc_n_write+0x44>)
100051c4:	e7f2      	b.n	100051ac <tud_cdc_n_write+0x18>
100051c6:	0028      	movs	r0, r5
100051c8:	f7ff ff8c 	bl	100050e4 <tud_cdc_n_write_flush>
100051cc:	e7f7      	b.n	100051be <tud_cdc_n_write+0x2a>
100051ce:	46c0      	nop			@ (mov r8, r8)
100051d0:	20000ed0 	.word	0x20000ed0
100051d4:	0000fffe 	.word	0x0000fffe
100051d8:	0000ffff 	.word	0x0000ffff

100051dc <tud_cdc_n_write_available>:
100051dc:	b510      	push	{r4, lr}
100051de:	23c8      	movs	r3, #200	@ 0xc8
100051e0:	4358      	muls	r0, r3
100051e2:	3020      	adds	r0, #32
100051e4:	4b02      	ldr	r3, [pc, #8]	@ (100051f0 <tud_cdc_n_write_available+0x14>)
100051e6:	18c0      	adds	r0, r0, r3
100051e8:	3004      	adds	r0, #4
100051ea:	f001 f839 	bl	10006260 <tu_fifo_remaining>
100051ee:	bd10      	pop	{r4, pc}
100051f0:	20000ed0 	.word	0x20000ed0

100051f4 <cdcd_init>:
100051f4:	b5f0      	push	{r4, r5, r6, r7, lr}
100051f6:	46ce      	mov	lr, r9
100051f8:	4647      	mov	r7, r8
100051fa:	b580      	push	{r7, lr}
100051fc:	b083      	sub	sp, #12
100051fe:	4826      	ldr	r0, [pc, #152]	@ (10005298 <cdcd_init+0xa4>)
10005200:	22c8      	movs	r2, #200	@ 0xc8
10005202:	2100      	movs	r1, #0
10005204:	f7fc ffc0 	bl	10002188 <__wrap_memset>
10005208:	4b24      	ldr	r3, [pc, #144]	@ (1000529c <cdcd_init+0xa8>)
1000520a:	2200      	movs	r2, #0
1000520c:	701a      	strb	r2, [r3, #0]
1000520e:	2700      	movs	r7, #0
10005210:	2f00      	cmp	r7, #0
10005212:	d004      	beq.n	1000521e <cdcd_init+0x2a>
10005214:	b003      	add	sp, #12
10005216:	bcc0      	pop	{r6, r7}
10005218:	46b9      	mov	r9, r7
1000521a:	46b0      	mov	r8, r6
1000521c:	bdf0      	pop	{r4, r5, r6, r7, pc}
1000521e:	4e1e      	ldr	r6, [pc, #120]	@ (10005298 <cdcd_init+0xa4>)
10005220:	24c8      	movs	r4, #200	@ 0xc8
10005222:	437c      	muls	r4, r7
10005224:	1935      	adds	r5, r6, r4
10005226:	23ff      	movs	r3, #255	@ 0xff
10005228:	716b      	strb	r3, [r5, #5]
1000522a:	23e1      	movs	r3, #225	@ 0xe1
1000522c:	025b      	lsls	r3, r3, #9
1000522e:	60ab      	str	r3, [r5, #8]
10005230:	2300      	movs	r3, #0
10005232:	4698      	mov	r8, r3
10005234:	732b      	strb	r3, [r5, #12]
10005236:	736b      	strb	r3, [r5, #13]
10005238:	3308      	adds	r3, #8
1000523a:	73ab      	strb	r3, [r5, #14]
1000523c:	0021      	movs	r1, r4
1000523e:	3138      	adds	r1, #56	@ 0x38
10005240:	1989      	adds	r1, r1, r6
10005242:	0020      	movs	r0, r4
10005244:	3010      	adds	r0, #16
10005246:	1980      	adds	r0, r0, r6
10005248:	4643      	mov	r3, r8
1000524a:	9300      	str	r3, [sp, #0]
1000524c:	3301      	adds	r3, #1
1000524e:	2240      	movs	r2, #64	@ 0x40
10005250:	f000 ff96 	bl	10006180 <tu_fifo_config>
10005254:	0021      	movs	r1, r4
10005256:	3178      	adds	r1, #120	@ 0x78
10005258:	1989      	adds	r1, r1, r6
1000525a:	0020      	movs	r0, r4
1000525c:	3020      	adds	r0, #32
1000525e:	1980      	adds	r0, r0, r6
10005260:	3004      	adds	r0, #4
10005262:	2301      	movs	r3, #1
10005264:	9300      	str	r3, [sp, #0]
10005266:	2240      	movs	r2, #64	@ 0x40
10005268:	f000 ff8a 	bl	10006180 <tu_fifo_config>
1000526c:	0023      	movs	r3, r4
1000526e:	33b8      	adds	r3, #184	@ 0xb8
10005270:	4699      	mov	r9, r3
10005272:	44b1      	add	r9, r6
10005274:	4648      	mov	r0, r9
10005276:	f7fb fbfb 	bl	10000a70 <mutex_init>
1000527a:	34c0      	adds	r4, #192	@ 0xc0
1000527c:	19a4      	adds	r4, r4, r6
1000527e:	0020      	movs	r0, r4
10005280:	f7fb fbf6 	bl	10000a70 <mutex_init>
10005284:	4643      	mov	r3, r8
10005286:	61eb      	str	r3, [r5, #28]
10005288:	464b      	mov	r3, r9
1000528a:	622b      	str	r3, [r5, #32]
1000528c:	632c      	str	r4, [r5, #48]	@ 0x30
1000528e:	4643      	mov	r3, r8
10005290:	636b      	str	r3, [r5, #52]	@ 0x34
10005292:	3701      	adds	r7, #1
10005294:	b2ff      	uxtb	r7, r7
10005296:	e7bb      	b.n	10005210 <cdcd_init+0x1c>
10005298:	20000ed0 	.word	0x20000ed0
1000529c:	20000ecc 	.word	0x20000ecc

100052a0 <cdcd_deinit>:
100052a0:	b510      	push	{r4, lr}
100052a2:	2300      	movs	r3, #0
100052a4:	2b00      	cmp	r3, #0
100052a6:	d001      	beq.n	100052ac <cdcd_deinit+0xc>
100052a8:	2001      	movs	r0, #1
100052aa:	bd10      	pop	{r4, pc}
100052ac:	0019      	movs	r1, r3
100052ae:	4a0d      	ldr	r2, [pc, #52]	@ (100052e4 <cdcd_deinit+0x44>)
100052b0:	20c8      	movs	r0, #200	@ 0xc8
100052b2:	4358      	muls	r0, r3
100052b4:	1812      	adds	r2, r2, r0
100052b6:	6a10      	ldr	r0, [r2, #32]
100052b8:	6b14      	ldr	r4, [r2, #48]	@ 0x30
100052ba:	2800      	cmp	r0, #0
100052bc:	d006      	beq.n	100052cc <cdcd_deinit+0x2c>
100052be:	4a09      	ldr	r2, [pc, #36]	@ (100052e4 <cdcd_deinit+0x44>)
100052c0:	20c8      	movs	r0, #200	@ 0xc8
100052c2:	4358      	muls	r0, r3
100052c4:	1812      	adds	r2, r2, r0
100052c6:	2000      	movs	r0, #0
100052c8:	61d0      	str	r0, [r2, #28]
100052ca:	6210      	str	r0, [r2, #32]
100052cc:	2c00      	cmp	r4, #0
100052ce:	d006      	beq.n	100052de <cdcd_deinit+0x3e>
100052d0:	4a04      	ldr	r2, [pc, #16]	@ (100052e4 <cdcd_deinit+0x44>)
100052d2:	20c8      	movs	r0, #200	@ 0xc8
100052d4:	4341      	muls	r1, r0
100052d6:	1852      	adds	r2, r2, r1
100052d8:	2100      	movs	r1, #0
100052da:	6311      	str	r1, [r2, #48]	@ 0x30
100052dc:	6351      	str	r1, [r2, #52]	@ 0x34
100052de:	3301      	adds	r3, #1
100052e0:	b2db      	uxtb	r3, r3
100052e2:	e7df      	b.n	100052a4 <cdcd_deinit+0x4>
100052e4:	20000ed0 	.word	0x20000ed0

100052e8 <cdcd_reset>:
100052e8:	b570      	push	{r4, r5, r6, lr}
100052ea:	2400      	movs	r4, #0
100052ec:	2c00      	cmp	r4, #0
100052ee:	d000      	beq.n	100052f2 <cdcd_reset+0xa>
100052f0:	bd70      	pop	{r4, r5, r6, pc}
100052f2:	0025      	movs	r5, r4
100052f4:	20c8      	movs	r0, #200	@ 0xc8
100052f6:	4360      	muls	r0, r4
100052f8:	4b15      	ldr	r3, [pc, #84]	@ (10005350 <cdcd_reset+0x68>)
100052fa:	18c0      	adds	r0, r0, r3
100052fc:	2205      	movs	r2, #5
100052fe:	2100      	movs	r1, #0
10005300:	f7fc ff42 	bl	10002188 <__wrap_memset>
10005304:	4b13      	ldr	r3, [pc, #76]	@ (10005354 <cdcd_reset+0x6c>)
10005306:	781b      	ldrb	r3, [r3, #0]
10005308:	07db      	lsls	r3, r3, #31
1000530a:	d50f      	bpl.n	1000532c <cdcd_reset+0x44>
1000530c:	4b11      	ldr	r3, [pc, #68]	@ (10005354 <cdcd_reset+0x6c>)
1000530e:	781b      	ldrb	r3, [r3, #0]
10005310:	079b      	lsls	r3, r3, #30
10005312:	d513      	bpl.n	1000533c <cdcd_reset+0x54>
10005314:	20c8      	movs	r0, #200	@ 0xc8
10005316:	4368      	muls	r0, r5
10005318:	3020      	adds	r0, #32
1000531a:	4b0d      	ldr	r3, [pc, #52]	@ (10005350 <cdcd_reset+0x68>)
1000531c:	18c0      	adds	r0, r0, r3
1000531e:	3004      	adds	r0, #4
10005320:	2101      	movs	r1, #1
10005322:	f001 f830 	bl	10006386 <tu_fifo_set_overwritable>
10005326:	3401      	adds	r4, #1
10005328:	b2e4      	uxtb	r4, r4
1000532a:	e7df      	b.n	100052ec <cdcd_reset+0x4>
1000532c:	20c8      	movs	r0, #200	@ 0xc8
1000532e:	4360      	muls	r0, r4
10005330:	3010      	adds	r0, #16
10005332:	4b07      	ldr	r3, [pc, #28]	@ (10005350 <cdcd_reset+0x68>)
10005334:	18c0      	adds	r0, r0, r3
10005336:	f001 f807 	bl	10006348 <tu_fifo_clear>
1000533a:	e7e7      	b.n	1000530c <cdcd_reset+0x24>
1000533c:	20c8      	movs	r0, #200	@ 0xc8
1000533e:	4368      	muls	r0, r5
10005340:	3020      	adds	r0, #32
10005342:	4b03      	ldr	r3, [pc, #12]	@ (10005350 <cdcd_reset+0x68>)
10005344:	18c0      	adds	r0, r0, r3
10005346:	3004      	adds	r0, #4
10005348:	f000 fffe 	bl	10006348 <tu_fifo_clear>
1000534c:	e7e2      	b.n	10005314 <cdcd_reset+0x2c>
1000534e:	46c0      	nop			@ (mov r8, r8)
10005350:	20000ed0 	.word	0x20000ed0
10005354:	20000ecc 	.word	0x20000ecc

10005358 <cdcd_open>:
10005358:	b5f0      	push	{r4, r5, r6, r7, lr}
1000535a:	b085      	sub	sp, #20
1000535c:	9003      	str	r0, [sp, #12]
1000535e:	794b      	ldrb	r3, [r1, #5]
10005360:	2b02      	cmp	r3, #2
10005362:	d163      	bne.n	1000542c <cdcd_open+0xd4>
10005364:	798b      	ldrb	r3, [r1, #6]
10005366:	2b02      	cmp	r3, #2
10005368:	d164      	bne.n	10005434 <cdcd_open+0xdc>
1000536a:	2700      	movs	r7, #0
1000536c:	2f00      	cmp	r7, #0
1000536e:	d007      	beq.n	10005380 <cdcd_open+0x28>
10005370:	2f00      	cmp	r7, #0
10005372:	d10f      	bne.n	10005394 <cdcd_open+0x3c>
10005374:	788b      	ldrb	r3, [r1, #2]
10005376:	7033      	strb	r3, [r6, #0]
10005378:	780c      	ldrb	r4, [r1, #0]
1000537a:	190c      	adds	r4, r1, r4
1000537c:	2509      	movs	r5, #9
1000537e:	e015      	b.n	100053ac <cdcd_open+0x54>
10005380:	23c8      	movs	r3, #200	@ 0xc8
10005382:	437b      	muls	r3, r7
10005384:	4e2c      	ldr	r6, [pc, #176]	@ (10005438 <cdcd_open+0xe0>)
10005386:	199e      	adds	r6, r3, r6
10005388:	78b3      	ldrb	r3, [r6, #2]
1000538a:	2b00      	cmp	r3, #0
1000538c:	d0f0      	beq.n	10005370 <cdcd_open+0x18>
1000538e:	3701      	adds	r7, #1
10005390:	b2ff      	uxtb	r7, r7
10005392:	e7eb      	b.n	1000536c <cdcd_open+0x14>
10005394:	2242      	movs	r2, #66	@ 0x42
10005396:	4929      	ldr	r1, [pc, #164]	@ (1000543c <cdcd_open+0xe4>)
10005398:	4829      	ldr	r0, [pc, #164]	@ (10005440 <cdcd_open+0xe8>)
1000539a:	32ff      	adds	r2, #255	@ 0xff
1000539c:	f7fe f96e 	bl	1000367c <__wrap_printf>
100053a0:	2500      	movs	r5, #0
100053a2:	e044      	b.n	1000542e <cdcd_open+0xd6>
100053a4:	7823      	ldrb	r3, [r4, #0]
100053a6:	195d      	adds	r5, r3, r5
100053a8:	b2ad      	uxth	r5, r5
100053aa:	18e4      	adds	r4, r4, r3
100053ac:	7863      	ldrb	r3, [r4, #1]
100053ae:	2b24      	cmp	r3, #36	@ 0x24
100053b0:	d101      	bne.n	100053b6 <cdcd_open+0x5e>
100053b2:	4295      	cmp	r5, r2
100053b4:	d9f6      	bls.n	100053a4 <cdcd_open+0x4c>
100053b6:	2b05      	cmp	r3, #5
100053b8:	d009      	beq.n	100053ce <cdcd_open+0x76>
100053ba:	7863      	ldrb	r3, [r4, #1]
100053bc:	2b04      	cmp	r3, #4
100053be:	d102      	bne.n	100053c6 <cdcd_open+0x6e>
100053c0:	7963      	ldrb	r3, [r4, #5]
100053c2:	2b0a      	cmp	r3, #10
100053c4:	d018      	beq.n	100053f8 <cdcd_open+0xa0>
100053c6:	0038      	movs	r0, r7
100053c8:	f7ff fdfe 	bl	10004fc8 <_prep_out_transaction>
100053cc:	e02f      	b.n	1000542e <cdcd_open+0xd6>
100053ce:	0021      	movs	r1, r4
100053d0:	9803      	ldr	r0, [sp, #12]
100053d2:	f7ff f901 	bl	100045d8 <usbd_edpt_open>
100053d6:	2800      	cmp	r0, #0
100053d8:	d006      	beq.n	100053e8 <cdcd_open+0x90>
100053da:	78a3      	ldrb	r3, [r4, #2]
100053dc:	7073      	strb	r3, [r6, #1]
100053de:	7823      	ldrb	r3, [r4, #0]
100053e0:	195d      	adds	r5, r3, r5
100053e2:	b2ad      	uxth	r5, r5
100053e4:	18e4      	adds	r4, r4, r3
100053e6:	e7e8      	b.n	100053ba <cdcd_open+0x62>
100053e8:	2254      	movs	r2, #84	@ 0x54
100053ea:	4914      	ldr	r1, [pc, #80]	@ (1000543c <cdcd_open+0xe4>)
100053ec:	4814      	ldr	r0, [pc, #80]	@ (10005440 <cdcd_open+0xe8>)
100053ee:	32ff      	adds	r2, #255	@ 0xff
100053f0:	f7fe f944 	bl	1000367c <__wrap_printf>
100053f4:	2500      	movs	r5, #0
100053f6:	e01a      	b.n	1000542e <cdcd_open+0xd6>
100053f8:	7821      	ldrb	r1, [r4, #0]
100053fa:	194d      	adds	r5, r1, r5
100053fc:	b2ad      	uxth	r5, r5
100053fe:	1861      	adds	r1, r4, r1
10005400:	1cb3      	adds	r3, r6, #2
10005402:	9301      	str	r3, [sp, #4]
10005404:	1cf3      	adds	r3, r6, #3
10005406:	9300      	str	r3, [sp, #0]
10005408:	2302      	movs	r3, #2
1000540a:	2202      	movs	r2, #2
1000540c:	9803      	ldr	r0, [sp, #12]
1000540e:	f7ff f913 	bl	10004638 <usbd_open_edpt_pair>
10005412:	2800      	cmp	r0, #0
10005414:	d002      	beq.n	1000541c <cdcd_open+0xc4>
10005416:	350e      	adds	r5, #14
10005418:	b2ad      	uxth	r5, r5
1000541a:	e7d4      	b.n	100053c6 <cdcd_open+0x6e>
1000541c:	22b1      	movs	r2, #177	@ 0xb1
1000541e:	4907      	ldr	r1, [pc, #28]	@ (1000543c <cdcd_open+0xe4>)
10005420:	4807      	ldr	r0, [pc, #28]	@ (10005440 <cdcd_open+0xe8>)
10005422:	0052      	lsls	r2, r2, #1
10005424:	f7fe f92a 	bl	1000367c <__wrap_printf>
10005428:	2500      	movs	r5, #0
1000542a:	e000      	b.n	1000542e <cdcd_open+0xd6>
1000542c:	2500      	movs	r5, #0
1000542e:	0028      	movs	r0, r5
10005430:	b005      	add	sp, #20
10005432:	bdf0      	pop	{r4, r5, r6, r7, pc}
10005434:	2500      	movs	r5, #0
10005436:	e7fa      	b.n	1000542e <cdcd_open+0xd6>
10005438:	20000ed0 	.word	0x20000ed0
1000543c:	10007948 	.word	0x10007948
10005440:	100071dc 	.word	0x100071dc

10005444 <cdcd_control_xfer_cb>:
10005444:	b5f8      	push	{r3, r4, r5, r6, r7, lr}
10005446:	0014      	movs	r4, r2
10005448:	7812      	ldrb	r2, [r2, #0]
1000544a:	2360      	movs	r3, #96	@ 0x60
1000544c:	4013      	ands	r3, r2
1000544e:	2b20      	cmp	r3, #32
10005450:	d000      	beq.n	10005454 <cdcd_control_xfer_cb+0x10>
10005452:	e082      	b.n	1000555a <cdcd_control_xfer_cb+0x116>
10005454:	2500      	movs	r5, #0
10005456:	2d00      	cmp	r5, #0
10005458:	d00e      	beq.n	10005478 <cdcd_control_xfer_cb+0x34>
1000545a:	2d00      	cmp	r5, #0
1000545c:	d000      	beq.n	10005460 <cdcd_control_xfer_cb+0x1c>
1000545e:	e07e      	b.n	1000555e <cdcd_control_xfer_cb+0x11a>
10005460:	7863      	ldrb	r3, [r4, #1]
10005462:	2b22      	cmp	r3, #34	@ 0x22
10005464:	d042      	beq.n	100054ec <cdcd_control_xfer_cb+0xa8>
10005466:	d817      	bhi.n	10005498 <cdcd_control_xfer_cb+0x54>
10005468:	2b20      	cmp	r3, #32
1000546a:	d01f      	beq.n	100054ac <cdcd_control_xfer_cb+0x68>
1000546c:	2b21      	cmp	r3, #33	@ 0x21
1000546e:	d111      	bne.n	10005494 <cdcd_control_xfer_cb+0x50>
10005470:	2901      	cmp	r1, #1
10005472:	d033      	beq.n	100054dc <cdcd_control_xfer_cb+0x98>
10005474:	2001      	movs	r0, #1
10005476:	e071      	b.n	1000555c <cdcd_control_xfer_cb+0x118>
10005478:	23c8      	movs	r3, #200	@ 0xc8
1000547a:	436b      	muls	r3, r5
1000547c:	4a3c      	ldr	r2, [pc, #240]	@ (10005570 <cdcd_control_xfer_cb+0x12c>)
1000547e:	189e      	adds	r6, r3, r2
10005480:	5cd2      	ldrb	r2, [r2, r3]
10005482:	7927      	ldrb	r7, [r4, #4]
10005484:	7963      	ldrb	r3, [r4, #5]
10005486:	021b      	lsls	r3, r3, #8
10005488:	433b      	orrs	r3, r7
1000548a:	429a      	cmp	r2, r3
1000548c:	d0e5      	beq.n	1000545a <cdcd_control_xfer_cb+0x16>
1000548e:	3501      	adds	r5, #1
10005490:	b2ed      	uxtb	r5, r5
10005492:	e7e0      	b.n	10005456 <cdcd_control_xfer_cb+0x12>
10005494:	2000      	movs	r0, #0
10005496:	e061      	b.n	1000555c <cdcd_control_xfer_cb+0x118>
10005498:	2b23      	cmp	r3, #35	@ 0x23
1000549a:	d105      	bne.n	100054a8 <cdcd_control_xfer_cb+0x64>
1000549c:	2901      	cmp	r1, #1
1000549e:	d04b      	beq.n	10005538 <cdcd_control_xfer_cb+0xf4>
100054a0:	2903      	cmp	r1, #3
100054a2:	d04e      	beq.n	10005542 <cdcd_control_xfer_cb+0xfe>
100054a4:	2001      	movs	r0, #1
100054a6:	e059      	b.n	1000555c <cdcd_control_xfer_cb+0x118>
100054a8:	2000      	movs	r0, #0
100054aa:	e057      	b.n	1000555c <cdcd_control_xfer_cb+0x118>
100054ac:	2901      	cmp	r1, #1
100054ae:	d003      	beq.n	100054b8 <cdcd_control_xfer_cb+0x74>
100054b0:	2903      	cmp	r1, #3
100054b2:	d009      	beq.n	100054c8 <cdcd_control_xfer_cb+0x84>
100054b4:	2001      	movs	r0, #1
100054b6:	e051      	b.n	1000555c <cdcd_control_xfer_cb+0x118>
100054b8:	0032      	movs	r2, r6
100054ba:	3208      	adds	r2, #8
100054bc:	2307      	movs	r3, #7
100054be:	0021      	movs	r1, r4
100054c0:	f7ff fca8 	bl	10004e14 <tud_control_xfer>
100054c4:	2001      	movs	r0, #1
100054c6:	e049      	b.n	1000555c <cdcd_control_xfer_cb+0x118>
100054c8:	4b2a      	ldr	r3, [pc, #168]	@ (10005574 <cdcd_control_xfer_cb+0x130>)
100054ca:	2b00      	cmp	r3, #0
100054cc:	d049      	beq.n	10005562 <cdcd_control_xfer_cb+0x11e>
100054ce:	0031      	movs	r1, r6
100054d0:	3108      	adds	r1, #8
100054d2:	0028      	movs	r0, r5
100054d4:	f7fe f958 	bl	10003788 <tud_cdc_line_coding_cb>
100054d8:	2001      	movs	r0, #1
100054da:	e03f      	b.n	1000555c <cdcd_control_xfer_cb+0x118>
100054dc:	0032      	movs	r2, r6
100054de:	3208      	adds	r2, #8
100054e0:	2307      	movs	r3, #7
100054e2:	0021      	movs	r1, r4
100054e4:	f7ff fc96 	bl	10004e14 <tud_control_xfer>
100054e8:	2001      	movs	r0, #1
100054ea:	e037      	b.n	1000555c <cdcd_control_xfer_cb+0x118>
100054ec:	2901      	cmp	r1, #1
100054ee:	d003      	beq.n	100054f8 <cdcd_control_xfer_cb+0xb4>
100054f0:	2903      	cmp	r1, #3
100054f2:	d006      	beq.n	10005502 <cdcd_control_xfer_cb+0xbe>
100054f4:	2001      	movs	r0, #1
100054f6:	e031      	b.n	1000555c <cdcd_control_xfer_cb+0x118>
100054f8:	0021      	movs	r1, r4
100054fa:	f7ff fc77 	bl	10004dec <tud_control_status>
100054fe:	2001      	movs	r0, #1
10005500:	e02c      	b.n	1000555c <cdcd_control_xfer_cb+0x118>
10005502:	78a2      	ldrb	r2, [r4, #2]
10005504:	78e3      	ldrb	r3, [r4, #3]
10005506:	021b      	lsls	r3, r3, #8
10005508:	4313      	orrs	r3, r2
1000550a:	2401      	movs	r4, #1
1000550c:	0027      	movs	r7, r4
1000550e:	401f      	ands	r7, r3
10005510:	085a      	lsrs	r2, r3, #1
10005512:	4014      	ands	r4, r2
10005514:	7133      	strb	r3, [r6, #4]
10005516:	2101      	movs	r1, #1
10005518:	4079      	eors	r1, r7
1000551a:	b2c9      	uxtb	r1, r1
1000551c:	0030      	movs	r0, r6
1000551e:	3024      	adds	r0, #36	@ 0x24
10005520:	f000 ff31 	bl	10006386 <tu_fifo_set_overwritable>
10005524:	4b14      	ldr	r3, [pc, #80]	@ (10005578 <cdcd_control_xfer_cb+0x134>)
10005526:	2b00      	cmp	r3, #0
10005528:	d01d      	beq.n	10005566 <cdcd_control_xfer_cb+0x122>
1000552a:	0022      	movs	r2, r4
1000552c:	0039      	movs	r1, r7
1000552e:	0028      	movs	r0, r5
10005530:	e000      	b.n	10005534 <cdcd_control_xfer_cb+0xf0>
10005532:	bf00      	nop
10005534:	2001      	movs	r0, #1
10005536:	e011      	b.n	1000555c <cdcd_control_xfer_cb+0x118>
10005538:	0021      	movs	r1, r4
1000553a:	f7ff fc57 	bl	10004dec <tud_control_status>
1000553e:	2001      	movs	r0, #1
10005540:	e00c      	b.n	1000555c <cdcd_control_xfer_cb+0x118>
10005542:	4b0e      	ldr	r3, [pc, #56]	@ (1000557c <cdcd_control_xfer_cb+0x138>)
10005544:	2b00      	cmp	r3, #0
10005546:	d010      	beq.n	1000556a <cdcd_control_xfer_cb+0x126>
10005548:	78a3      	ldrb	r3, [r4, #2]
1000554a:	78e1      	ldrb	r1, [r4, #3]
1000554c:	0209      	lsls	r1, r1, #8
1000554e:	4319      	orrs	r1, r3
10005550:	0028      	movs	r0, r5
10005552:	e000      	b.n	10005556 <cdcd_control_xfer_cb+0x112>
10005554:	bf00      	nop
10005556:	2001      	movs	r0, #1
10005558:	e000      	b.n	1000555c <cdcd_control_xfer_cb+0x118>
1000555a:	2000      	movs	r0, #0
1000555c:	bdf8      	pop	{r3, r4, r5, r6, r7, pc}
1000555e:	2000      	movs	r0, #0
10005560:	e7fc      	b.n	1000555c <cdcd_control_xfer_cb+0x118>
10005562:	2001      	movs	r0, #1
10005564:	e7fa      	b.n	1000555c <cdcd_control_xfer_cb+0x118>
10005566:	2001      	movs	r0, #1
10005568:	e7f8      	b.n	1000555c <cdcd_control_xfer_cb+0x118>
1000556a:	2001      	movs	r0, #1
1000556c:	e7f6      	b.n	1000555c <cdcd_control_xfer_cb+0x118>
1000556e:	46c0      	nop			@ (mov r8, r8)
10005570:	20000ed0 	.word	0x20000ed0
10005574:	10003789 	.word	0x10003789
	...

10005580 <cdcd_xfer_cb>:
10005580:	b5f0      	push	{r4, r5, r6, r7, lr}
10005582:	46d6      	mov	lr, sl
10005584:	4647      	mov	r7, r8
10005586:	b580      	push	{r7, lr}
10005588:	b083      	sub	sp, #12
1000558a:	9001      	str	r0, [sp, #4]
1000558c:	000f      	movs	r7, r1
1000558e:	9300      	str	r3, [sp, #0]
10005590:	2400      	movs	r4, #0
10005592:	2c00      	cmp	r4, #0
10005594:	d00f      	beq.n	100055b6 <cdcd_xfer_cb+0x36>
10005596:	2c00      	cmp	r4, #0
10005598:	d11a      	bne.n	100055d0 <cdcd_xfer_cb+0x50>
1000559a:	46a0      	mov	r8, r4
1000559c:	78eb      	ldrb	r3, [r5, #3]
1000559e:	42bb      	cmp	r3, r7
100055a0:	d01e      	beq.n	100055e0 <cdcd_xfer_cb+0x60>
100055a2:	78ab      	ldrb	r3, [r5, #2]
100055a4:	42bb      	cmp	r3, r7
100055a6:	d054      	beq.n	10005652 <cdcd_xfer_cb+0xd2>
100055a8:	2401      	movs	r4, #1
100055aa:	0020      	movs	r0, r4
100055ac:	b003      	add	sp, #12
100055ae:	bcc0      	pop	{r6, r7}
100055b0:	46ba      	mov	sl, r7
100055b2:	46b0      	mov	r8, r6
100055b4:	bdf0      	pop	{r4, r5, r6, r7, pc}
100055b6:	25c8      	movs	r5, #200	@ 0xc8
100055b8:	4365      	muls	r5, r4
100055ba:	4b3c      	ldr	r3, [pc, #240]	@ (100056ac <cdcd_xfer_cb+0x12c>)
100055bc:	18ed      	adds	r5, r5, r3
100055be:	78eb      	ldrb	r3, [r5, #3]
100055c0:	42bb      	cmp	r3, r7
100055c2:	d0e8      	beq.n	10005596 <cdcd_xfer_cb+0x16>
100055c4:	78ab      	ldrb	r3, [r5, #2]
100055c6:	42bb      	cmp	r3, r7
100055c8:	d0e5      	beq.n	10005596 <cdcd_xfer_cb+0x16>
100055ca:	3401      	adds	r4, #1
100055cc:	b2e4      	uxtb	r4, r4
100055ce:	e7e0      	b.n	10005592 <cdcd_xfer_cb+0x12>
100055d0:	22e6      	movs	r2, #230	@ 0xe6
100055d2:	4937      	ldr	r1, [pc, #220]	@ (100056b0 <cdcd_xfer_cb+0x130>)
100055d4:	4837      	ldr	r0, [pc, #220]	@ (100056b4 <cdcd_xfer_cb+0x134>)
100055d6:	0052      	lsls	r2, r2, #1
100055d8:	f7fe f850 	bl	1000367c <__wrap_printf>
100055dc:	2400      	movs	r4, #0
100055de:	e7e4      	b.n	100055aa <cdcd_xfer_cb+0x2a>
100055e0:	2310      	movs	r3, #16
100055e2:	469a      	mov	sl, r3
100055e4:	44aa      	add	sl, r5
100055e6:	01e1      	lsls	r1, r4, #7
100055e8:	4b33      	ldr	r3, [pc, #204]	@ (100056b8 <cdcd_xfer_cb+0x138>)
100055ea:	18c9      	adds	r1, r1, r3
100055ec:	466b      	mov	r3, sp
100055ee:	881a      	ldrh	r2, [r3, #0]
100055f0:	4650      	mov	r0, sl
100055f2:	f000 fea4 	bl	1000633e <tu_fifo_write_n>
100055f6:	4b31      	ldr	r3, [pc, #196]	@ (100056bc <cdcd_xfer_cb+0x13c>)
100055f8:	2b00      	cmp	r3, #0
100055fa:	d01a      	beq.n	10005632 <cdcd_xfer_cb+0xb2>
100055fc:	796b      	ldrb	r3, [r5, #5]
100055fe:	2bff      	cmp	r3, #255	@ 0xff
10005600:	d017      	beq.n	10005632 <cdcd_xfer_cb+0xb2>
10005602:	2600      	movs	r6, #0
10005604:	e000      	b.n	10005608 <cdcd_xfer_cb+0x88>
10005606:	3601      	adds	r6, #1
10005608:	9b00      	ldr	r3, [sp, #0]
1000560a:	429e      	cmp	r6, r3
1000560c:	d211      	bcs.n	10005632 <cdcd_xfer_cb+0xb2>
1000560e:	796a      	ldrb	r2, [r5, #5]
10005610:	4b29      	ldr	r3, [pc, #164]	@ (100056b8 <cdcd_xfer_cb+0x138>)
10005612:	4641      	mov	r1, r8
10005614:	01c9      	lsls	r1, r1, #7
10005616:	185b      	adds	r3, r3, r1
10005618:	5d9b      	ldrb	r3, [r3, r6]
1000561a:	429a      	cmp	r2, r3
1000561c:	d1f3      	bne.n	10005606 <cdcd_xfer_cb+0x86>
1000561e:	4650      	mov	r0, sl
10005620:	f000 fe02 	bl	10006228 <tu_fifo_empty>
10005624:	2800      	cmp	r0, #0
10005626:	d1ee      	bne.n	10005606 <cdcd_xfer_cb+0x86>
10005628:	7969      	ldrb	r1, [r5, #5]
1000562a:	0020      	movs	r0, r4
1000562c:	e000      	b.n	10005630 <cdcd_xfer_cb+0xb0>
1000562e:	bf00      	nop
10005630:	e7e9      	b.n	10005606 <cdcd_xfer_cb+0x86>
10005632:	4b23      	ldr	r3, [pc, #140]	@ (100056c0 <cdcd_xfer_cb+0x140>)
10005634:	2b00      	cmp	r3, #0
10005636:	d004      	beq.n	10005642 <cdcd_xfer_cb+0xc2>
10005638:	4650      	mov	r0, sl
1000563a:	f000 fdf5 	bl	10006228 <tu_fifo_empty>
1000563e:	2800      	cmp	r0, #0
10005640:	d003      	beq.n	1000564a <cdcd_xfer_cb+0xca>
10005642:	0020      	movs	r0, r4
10005644:	f7ff fcc0 	bl	10004fc8 <_prep_out_transaction>
10005648:	e7ab      	b.n	100055a2 <cdcd_xfer_cb+0x22>
1000564a:	0020      	movs	r0, r4
1000564c:	e000      	b.n	10005650 <cdcd_xfer_cb+0xd0>
1000564e:	bf00      	nop
10005650:	e7f7      	b.n	10005642 <cdcd_xfer_cb+0xc2>
10005652:	4b1c      	ldr	r3, [pc, #112]	@ (100056c4 <cdcd_xfer_cb+0x144>)
10005654:	2b00      	cmp	r3, #0
10005656:	d002      	beq.n	1000565e <cdcd_xfer_cb+0xde>
10005658:	0020      	movs	r0, r4
1000565a:	e000      	b.n	1000565e <cdcd_xfer_cb+0xde>
1000565c:	bf00      	nop
1000565e:	0020      	movs	r0, r4
10005660:	f7ff fd40 	bl	100050e4 <tud_cdc_n_write_flush>
10005664:	2800      	cmp	r0, #0
10005666:	d001      	beq.n	1000566c <cdcd_xfer_cb+0xec>
10005668:	2401      	movs	r4, #1
1000566a:	e79e      	b.n	100055aa <cdcd_xfer_cb+0x2a>
1000566c:	0028      	movs	r0, r5
1000566e:	3024      	adds	r0, #36	@ 0x24
10005670:	f000 fdc4 	bl	100061fc <tu_fifo_count>
10005674:	2800      	cmp	r0, #0
10005676:	d115      	bne.n	100056a4 <cdcd_xfer_cb+0x124>
10005678:	9b00      	ldr	r3, [sp, #0]
1000567a:	2b00      	cmp	r3, #0
1000567c:	d014      	beq.n	100056a8 <cdcd_xfer_cb+0x128>
1000567e:	069e      	lsls	r6, r3, #26
10005680:	d001      	beq.n	10005686 <cdcd_xfer_cb+0x106>
10005682:	2401      	movs	r4, #1
10005684:	e791      	b.n	100055aa <cdcd_xfer_cb+0x2a>
10005686:	78a9      	ldrb	r1, [r5, #2]
10005688:	9801      	ldr	r0, [sp, #4]
1000568a:	f7ff f819 	bl	100046c0 <usbd_edpt_claim>
1000568e:	1e04      	subs	r4, r0, #0
10005690:	d101      	bne.n	10005696 <cdcd_xfer_cb+0x116>
10005692:	2401      	movs	r4, #1
10005694:	e789      	b.n	100055aa <cdcd_xfer_cb+0x2a>
10005696:	78a9      	ldrb	r1, [r5, #2]
10005698:	2300      	movs	r3, #0
1000569a:	2200      	movs	r2, #0
1000569c:	9801      	ldr	r0, [sp, #4]
1000569e:	f7ff f837 	bl	10004710 <usbd_edpt_xfer>
100056a2:	e782      	b.n	100055aa <cdcd_xfer_cb+0x2a>
100056a4:	2401      	movs	r4, #1
100056a6:	e780      	b.n	100055aa <cdcd_xfer_cb+0x2a>
100056a8:	2401      	movs	r4, #1
100056aa:	e77e      	b.n	100055aa <cdcd_xfer_cb+0x2a>
100056ac:	20000ed0 	.word	0x20000ed0
100056b0:	10007938 	.word	0x10007938
100056b4:	100071dc 	.word	0x100071dc
100056b8:	20000e4c 	.word	0x20000e4c
	...

100056c8 <tud_vendor_n_mounted>:
100056c8:	2800      	cmp	r0, #0
100056ca:	d117      	bne.n	100056fc <tud_vendor_n_mounted+0x34>
100056cc:	4b0c      	ldr	r3, [pc, #48]	@ (10005700 <tud_vendor_n_mounted+0x38>)
100056ce:	2293      	movs	r2, #147	@ 0x93
100056d0:	0092      	lsls	r2, r2, #2
100056d2:	4342      	muls	r2, r0
100056d4:	189b      	adds	r3, r3, r2
100056d6:	332a      	adds	r3, #42	@ 0x2a
100056d8:	33ff      	adds	r3, #255	@ 0xff
100056da:	781b      	ldrb	r3, [r3, #0]
100056dc:	2b00      	cmp	r3, #0
100056de:	d109      	bne.n	100056f4 <tud_vendor_n_mounted+0x2c>
100056e0:	4b07      	ldr	r3, [pc, #28]	@ (10005700 <tud_vendor_n_mounted+0x38>)
100056e2:	2293      	movs	r2, #147	@ 0x93
100056e4:	0092      	lsls	r2, r2, #2
100056e6:	4342      	muls	r2, r0
100056e8:	189b      	adds	r3, r3, r2
100056ea:	795b      	ldrb	r3, [r3, #5]
100056ec:	2b00      	cmp	r3, #0
100056ee:	d003      	beq.n	100056f8 <tud_vendor_n_mounted+0x30>
100056f0:	3001      	adds	r0, #1
100056f2:	e004      	b.n	100056fe <tud_vendor_n_mounted+0x36>
100056f4:	2001      	movs	r0, #1
100056f6:	e002      	b.n	100056fe <tud_vendor_n_mounted+0x36>
100056f8:	2000      	movs	r0, #0
100056fa:	e000      	b.n	100056fe <tud_vendor_n_mounted+0x36>
100056fc:	2000      	movs	r0, #0
100056fe:	4770      	bx	lr
10005700:	20001194 	.word	0x20001194

10005704 <tud_vendor_n_write_flush>:
10005704:	b510      	push	{r4, lr}
10005706:	2800      	cmp	r0, #0
10005708:	d001      	beq.n	1000570e <tud_vendor_n_write_flush+0xa>
1000570a:	2000      	movs	r0, #0
1000570c:	bd10      	pop	{r4, pc}
1000570e:	2193      	movs	r1, #147	@ 0x93
10005710:	0089      	lsls	r1, r1, #2
10005712:	4341      	muls	r1, r0
10005714:	4b02      	ldr	r3, [pc, #8]	@ (10005720 <tud_vendor_n_write_flush+0x1c>)
10005716:	18c9      	adds	r1, r1, r3
10005718:	3104      	adds	r1, #4
1000571a:	f000 fb01 	bl	10005d20 <tu_edpt_stream_write_xfer>
1000571e:	e7f5      	b.n	1000570c <tud_vendor_n_write_flush+0x8>
10005720:	20001194 	.word	0x20001194

10005724 <vendord_init>:
10005724:	b5f0      	push	{r4, r5, r6, r7, lr}
10005726:	46d6      	mov	lr, sl
10005728:	464f      	mov	r7, r9
1000572a:	4646      	mov	r6, r8
1000572c:	b5c0      	push	{r6, r7, lr}
1000572e:	b084      	sub	sp, #16
10005730:	4821      	ldr	r0, [pc, #132]	@ (100057b8 <vendord_init+0x94>)
10005732:	2293      	movs	r2, #147	@ 0x93
10005734:	0092      	lsls	r2, r2, #2
10005736:	2100      	movs	r1, #0
10005738:	f7fc fd26 	bl	10002188 <__wrap_memset>
1000573c:	2500      	movs	r5, #0
1000573e:	2d00      	cmp	r5, #0
10005740:	d005      	beq.n	1000574e <vendord_init+0x2a>
10005742:	b004      	add	sp, #16
10005744:	bce0      	pop	{r5, r6, r7}
10005746:	46ba      	mov	sl, r7
10005748:	46b1      	mov	r9, r6
1000574a:	46a8      	mov	r8, r5
1000574c:	bdf0      	pop	{r4, r5, r6, r7, pc}
1000574e:	2493      	movs	r4, #147	@ 0x93
10005750:	00a4      	lsls	r4, r4, #2
10005752:	436c      	muls	r4, r5
10005754:	0023      	movs	r3, r4
10005756:	3349      	adds	r3, #73	@ 0x49
10005758:	33ff      	adds	r3, #255	@ 0xff
1000575a:	4a17      	ldr	r2, [pc, #92]	@ (100057b8 <vendord_init+0x94>)
1000575c:	4691      	mov	r9, r2
1000575e:	444b      	add	r3, r9
10005760:	3304      	adds	r3, #4
10005762:	01ee      	lsls	r6, r5, #7
10005764:	4a15      	ldr	r2, [pc, #84]	@ (100057bc <vendord_init+0x98>)
10005766:	4692      	mov	sl, r2
10005768:	18b2      	adds	r2, r6, r2
1000576a:	0020      	movs	r0, r4
1000576c:	3029      	adds	r0, #41	@ 0x29
1000576e:	30ff      	adds	r0, #255	@ 0xff
10005770:	4448      	add	r0, r9
10005772:	2140      	movs	r1, #64	@ 0x40
10005774:	4688      	mov	r8, r1
10005776:	9103      	str	r1, [sp, #12]
10005778:	9202      	str	r2, [sp, #8]
1000577a:	2780      	movs	r7, #128	@ 0x80
1000577c:	007f      	lsls	r7, r7, #1
1000577e:	9701      	str	r7, [sp, #4]
10005780:	9300      	str	r3, [sp, #0]
10005782:	2300      	movs	r3, #0
10005784:	2200      	movs	r2, #0
10005786:	2100      	movs	r1, #0
10005788:	f000 fa57 	bl	10005c3a <tu_edpt_stream_init>
1000578c:	0023      	movs	r3, r4
1000578e:	3320      	adds	r3, #32
10005790:	444b      	add	r3, r9
10005792:	3308      	adds	r3, #8
10005794:	3640      	adds	r6, #64	@ 0x40
10005796:	4456      	add	r6, sl
10005798:	0020      	movs	r0, r4
1000579a:	4448      	add	r0, r9
1000579c:	3004      	adds	r0, #4
1000579e:	4642      	mov	r2, r8
100057a0:	9203      	str	r2, [sp, #12]
100057a2:	9602      	str	r6, [sp, #8]
100057a4:	9701      	str	r7, [sp, #4]
100057a6:	9300      	str	r3, [sp, #0]
100057a8:	2300      	movs	r3, #0
100057aa:	3a3f      	subs	r2, #63	@ 0x3f
100057ac:	2100      	movs	r1, #0
100057ae:	f000 fa44 	bl	10005c3a <tu_edpt_stream_init>
100057b2:	3501      	adds	r5, #1
100057b4:	b2ed      	uxtb	r5, r5
100057b6:	e7c2      	b.n	1000573e <vendord_init+0x1a>
100057b8:	20001194 	.word	0x20001194
100057bc:	20001114 	.word	0x20001114

100057c0 <vendord_deinit>:
100057c0:	b570      	push	{r4, r5, r6, lr}
100057c2:	2500      	movs	r5, #0
100057c4:	2d00      	cmp	r5, #0
100057c6:	d001      	beq.n	100057cc <vendord_deinit+0xc>
100057c8:	2001      	movs	r0, #1
100057ca:	bd70      	pop	{r4, r5, r6, pc}
100057cc:	2493      	movs	r4, #147	@ 0x93
100057ce:	00a4      	lsls	r4, r4, #2
100057d0:	436c      	muls	r4, r5
100057d2:	0020      	movs	r0, r4
100057d4:	3029      	adds	r0, #41	@ 0x29
100057d6:	30ff      	adds	r0, #255	@ 0xff
100057d8:	4e05      	ldr	r6, [pc, #20]	@ (100057f0 <vendord_deinit+0x30>)
100057da:	1980      	adds	r0, r0, r6
100057dc:	f000 fa5e 	bl	10005c9c <tu_edpt_stream_deinit>
100057e0:	19a0      	adds	r0, r4, r6
100057e2:	3004      	adds	r0, #4
100057e4:	f000 fa5a 	bl	10005c9c <tu_edpt_stream_deinit>
100057e8:	3501      	adds	r5, #1
100057ea:	b2ed      	uxtb	r5, r5
100057ec:	e7ea      	b.n	100057c4 <vendord_deinit+0x4>
100057ee:	46c0      	nop			@ (mov r8, r8)
100057f0:	20001194 	.word	0x20001194

100057f4 <vendord_reset>:
100057f4:	b5f0      	push	{r4, r5, r6, r7, lr}
100057f6:	46c6      	mov	lr, r8
100057f8:	b500      	push	{lr}
100057fa:	2500      	movs	r5, #0
100057fc:	2d00      	cmp	r5, #0
100057fe:	d002      	beq.n	10005806 <vendord_reset+0x12>
10005800:	bc80      	pop	{r7}
10005802:	46b8      	mov	r8, r7
10005804:	bdf0      	pop	{r4, r5, r6, r7, pc}
10005806:	2493      	movs	r4, #147	@ 0x93
10005808:	00a4      	lsls	r4, r4, #2
1000580a:	436c      	muls	r4, r5
1000580c:	4b0c      	ldr	r3, [pc, #48]	@ (10005840 <vendord_reset+0x4c>)
1000580e:	4698      	mov	r8, r3
10005810:	18e6      	adds	r6, r4, r3
10005812:	2700      	movs	r7, #0
10005814:	7037      	strb	r7, [r6, #0]
10005816:	0020      	movs	r0, r4
10005818:	3031      	adds	r0, #49	@ 0x31
1000581a:	30ff      	adds	r0, #255	@ 0xff
1000581c:	4440      	add	r0, r8
1000581e:	f000 fd93 	bl	10006348 <tu_fifo_clear>
10005822:	3408      	adds	r4, #8
10005824:	0020      	movs	r0, r4
10005826:	4440      	add	r0, r8
10005828:	3004      	adds	r0, #4
1000582a:	f000 fd8d 	bl	10006348 <tu_fifo_clear>
1000582e:	0033      	movs	r3, r6
10005830:	332a      	adds	r3, #42	@ 0x2a
10005832:	33ff      	adds	r3, #255	@ 0xff
10005834:	701f      	strb	r7, [r3, #0]
10005836:	7177      	strb	r7, [r6, #5]
10005838:	3501      	adds	r5, #1
1000583a:	b2ed      	uxtb	r5, r5
1000583c:	e7de      	b.n	100057fc <vendord_reset+0x8>
1000583e:	46c0      	nop			@ (mov r8, r8)
10005840:	20001194 	.word	0x20001194

10005844 <vendord_open>:
10005844:	b5f0      	push	{r4, r5, r6, r7, lr}
10005846:	46c6      	mov	lr, r8
10005848:	b500      	push	{lr}
1000584a:	b082      	sub	sp, #8
1000584c:	9001      	str	r0, [sp, #4]
1000584e:	000f      	movs	r7, r1
10005850:	794b      	ldrb	r3, [r1, #5]
10005852:	2bff      	cmp	r3, #255	@ 0xff
10005854:	d000      	beq.n	10005858 <vendord_open+0x14>
10005856:	e08c      	b.n	10005972 <vendord_open+0x12e>
10005858:	780c      	ldrb	r4, [r1, #0]
1000585a:	190c      	adds	r4, r1, r4
1000585c:	18a5      	adds	r5, r4, r2
1000585e:	2600      	movs	r6, #0
10005860:	2e00      	cmp	r6, #0
10005862:	d001      	beq.n	10005868 <vendord_open+0x24>
10005864:	2000      	movs	r0, #0
10005866:	e085      	b.n	10005974 <vendord_open+0x130>
10005868:	0030      	movs	r0, r6
1000586a:	f7ff ff2d 	bl	100056c8 <tud_vendor_n_mounted>
1000586e:	2800      	cmp	r0, #0
10005870:	d002      	beq.n	10005878 <vendord_open+0x34>
10005872:	3601      	adds	r6, #1
10005874:	b2f6      	uxtb	r6, r6
10005876:	e7f3      	b.n	10005860 <vendord_open+0x1c>
10005878:	2393      	movs	r3, #147	@ 0x93
1000587a:	009b      	lsls	r3, r3, #2
1000587c:	4373      	muls	r3, r6
1000587e:	4a3f      	ldr	r2, [pc, #252]	@ (1000597c <vendord_open+0x138>)
10005880:	4698      	mov	r8, r3
10005882:	4490      	add	r8, r2
10005884:	78bb      	ldrb	r3, [r7, #2]
10005886:	4642      	mov	r2, r8
10005888:	7013      	strb	r3, [r2, #0]
1000588a:	e033      	b.n	100058f4 <vendord_open+0xb0>
1000588c:	42ac      	cmp	r4, r5
1000588e:	d26d      	bcs.n	1000596c <vendord_open+0x128>
10005890:	0021      	movs	r1, r4
10005892:	9801      	ldr	r0, [sp, #4]
10005894:	f7fe fea0 	bl	100045d8 <usbd_edpt_open>
10005898:	2800      	cmp	r0, #0
1000589a:	d036      	beq.n	1000590a <vendord_open+0xc6>
1000589c:	3601      	adds	r6, #1
1000589e:	b2f6      	uxtb	r6, r6
100058a0:	78a3      	ldrb	r3, [r4, #2]
100058a2:	09db      	lsrs	r3, r3, #7
100058a4:	2b01      	cmp	r3, #1
100058a6:	d037      	beq.n	10005918 <vendord_open+0xd4>
100058a8:	4640      	mov	r0, r8
100058aa:	3031      	adds	r0, #49	@ 0x31
100058ac:	30ff      	adds	r0, #255	@ 0xff
100058ae:	f000 fd4b 	bl	10006348 <tu_fifo_clear>
100058b2:	78a1      	ldrb	r1, [r4, #2]
100058b4:	2294      	movs	r2, #148	@ 0x94
100058b6:	0052      	lsls	r2, r2, #1
100058b8:	4643      	mov	r3, r8
100058ba:	189b      	adds	r3, r3, r2
100058bc:	7059      	strb	r1, [r3, #1]
100058be:	7921      	ldrb	r1, [r4, #4]
100058c0:	7963      	ldrb	r3, [r4, #5]
100058c2:	021b      	lsls	r3, r3, #8
100058c4:	430b      	orrs	r3, r1
100058c6:	055b      	lsls	r3, r3, #21
100058c8:	0d5b      	lsrs	r3, r3, #21
100058ca:	492d      	ldr	r1, [pc, #180]	@ (10005980 <vendord_open+0x13c>)
100058cc:	468c      	mov	ip, r1
100058ce:	4463      	add	r3, ip
100058d0:	4259      	negs	r1, r3
100058d2:	414b      	adcs	r3, r1
100058d4:	005b      	lsls	r3, r3, #1
100058d6:	4641      	mov	r1, r8
100058d8:	5c89      	ldrb	r1, [r1, r2]
100058da:	2002      	movs	r0, #2
100058dc:	4381      	bics	r1, r0
100058de:	430b      	orrs	r3, r1
100058e0:	4641      	mov	r1, r8
100058e2:	548b      	strb	r3, [r1, r2]
100058e4:	1889      	adds	r1, r1, r2
100058e6:	9801      	ldr	r0, [sp, #4]
100058e8:	f000 fa5c 	bl	10005da4 <tu_edpt_stream_read_xfer>
100058ec:	2800      	cmp	r0, #0
100058ee:	d036      	beq.n	1000595e <vendord_open+0x11a>
100058f0:	7823      	ldrb	r3, [r4, #0]
100058f2:	18e4      	adds	r4, r4, r3
100058f4:	793b      	ldrb	r3, [r7, #4]
100058f6:	42b3      	cmp	r3, r6
100058f8:	d938      	bls.n	1000596c <vendord_open+0x128>
100058fa:	7863      	ldrb	r3, [r4, #1]
100058fc:	2b05      	cmp	r3, #5
100058fe:	d0c5      	beq.n	1000588c <vendord_open+0x48>
10005900:	42ac      	cmp	r4, r5
10005902:	d2c3      	bcs.n	1000588c <vendord_open+0x48>
10005904:	7823      	ldrb	r3, [r4, #0]
10005906:	18e4      	adds	r4, r4, r3
10005908:	e7f7      	b.n	100058fa <vendord_open+0xb6>
1000590a:	491e      	ldr	r1, [pc, #120]	@ (10005984 <vendord_open+0x140>)
1000590c:	481e      	ldr	r0, [pc, #120]	@ (10005988 <vendord_open+0x144>)
1000590e:	22e0      	movs	r2, #224	@ 0xe0
10005910:	f7fd feb4 	bl	1000367c <__wrap_printf>
10005914:	2000      	movs	r0, #0
10005916:	e02d      	b.n	10005974 <vendord_open+0x130>
10005918:	4640      	mov	r0, r8
1000591a:	300c      	adds	r0, #12
1000591c:	f000 fd14 	bl	10006348 <tu_fifo_clear>
10005920:	78a3      	ldrb	r3, [r4, #2]
10005922:	4642      	mov	r2, r8
10005924:	7153      	strb	r3, [r2, #5]
10005926:	7922      	ldrb	r2, [r4, #4]
10005928:	7963      	ldrb	r3, [r4, #5]
1000592a:	021b      	lsls	r3, r3, #8
1000592c:	4313      	orrs	r3, r2
1000592e:	055b      	lsls	r3, r3, #21
10005930:	0d5b      	lsrs	r3, r3, #21
10005932:	4a13      	ldr	r2, [pc, #76]	@ (10005980 <vendord_open+0x13c>)
10005934:	4694      	mov	ip, r2
10005936:	4463      	add	r3, ip
10005938:	425a      	negs	r2, r3
1000593a:	4153      	adcs	r3, r2
1000593c:	005b      	lsls	r3, r3, #1
1000593e:	4642      	mov	r2, r8
10005940:	7912      	ldrb	r2, [r2, #4]
10005942:	2102      	movs	r1, #2
10005944:	438a      	bics	r2, r1
10005946:	4313      	orrs	r3, r2
10005948:	4642      	mov	r2, r8
1000594a:	7113      	strb	r3, [r2, #4]
1000594c:	4b0b      	ldr	r3, [pc, #44]	@ (1000597c <vendord_open+0x138>)
1000594e:	1ad3      	subs	r3, r2, r3
10005950:	109b      	asrs	r3, r3, #2
10005952:	480e      	ldr	r0, [pc, #56]	@ (1000598c <vendord_open+0x148>)
10005954:	4358      	muls	r0, r3
10005956:	b2c0      	uxtb	r0, r0
10005958:	f7ff fed4 	bl	10005704 <tud_vendor_n_write_flush>
1000595c:	e7c8      	b.n	100058f0 <vendord_open+0xac>
1000595e:	4909      	ldr	r1, [pc, #36]	@ (10005984 <vendord_open+0x140>)
10005960:	4809      	ldr	r0, [pc, #36]	@ (10005988 <vendord_open+0x144>)
10005962:	22e8      	movs	r2, #232	@ 0xe8
10005964:	f7fd fe8a 	bl	1000367c <__wrap_printf>
10005968:	2000      	movs	r0, #0
1000596a:	e003      	b.n	10005974 <vendord_open+0x130>
1000596c:	1be0      	subs	r0, r4, r7
1000596e:	b280      	uxth	r0, r0
10005970:	e000      	b.n	10005974 <vendord_open+0x130>
10005972:	2000      	movs	r0, #0
10005974:	b002      	add	sp, #8
10005976:	bc80      	pop	{r7}
10005978:	46b8      	mov	r8, r7
1000597a:	bdf0      	pop	{r4, r5, r6, r7, pc}
1000597c:	20001194 	.word	0x20001194
10005980:	fffffe00 	.word	0xfffffe00
10005984:	1000796c 	.word	0x1000796c
10005988:	100071dc 	.word	0x100071dc
1000598c:	08b51d9b 	.word	0x08b51d9b

10005990 <vendord_xfer_cb>:
10005990:	b5f0      	push	{r4, r5, r6, r7, lr}
10005992:	b083      	sub	sp, #12
10005994:	0006      	movs	r6, r0
10005996:	001d      	movs	r5, r3
10005998:	2400      	movs	r4, #0
1000599a:	2c00      	cmp	r4, #0
1000599c:	d00c      	beq.n	100059b8 <vendord_xfer_cb+0x28>
1000599e:	2c00      	cmp	r4, #0
100059a0:	d157      	bne.n	10005a52 <vendord_xfer_cb+0xc2>
100059a2:	9401      	str	r4, [sp, #4]
100059a4:	232a      	movs	r3, #42	@ 0x2a
100059a6:	33ff      	adds	r3, #255	@ 0xff
100059a8:	5cfb      	ldrb	r3, [r7, r3]
100059aa:	428b      	cmp	r3, r1
100059ac:	d015      	beq.n	100059da <vendord_xfer_cb+0x4a>
100059ae:	797b      	ldrb	r3, [r7, #5]
100059b0:	428b      	cmp	r3, r1
100059b2:	d036      	beq.n	10005a22 <vendord_xfer_cb+0x92>
100059b4:	2001      	movs	r0, #1
100059b6:	e04d      	b.n	10005a54 <vendord_xfer_cb+0xc4>
100059b8:	2393      	movs	r3, #147	@ 0x93
100059ba:	009b      	lsls	r3, r3, #2
100059bc:	4363      	muls	r3, r4
100059be:	4f26      	ldr	r7, [pc, #152]	@ (10005a58 <vendord_xfer_cb+0xc8>)
100059c0:	19df      	adds	r7, r3, r7
100059c2:	003b      	movs	r3, r7
100059c4:	332a      	adds	r3, #42	@ 0x2a
100059c6:	33ff      	adds	r3, #255	@ 0xff
100059c8:	781b      	ldrb	r3, [r3, #0]
100059ca:	428b      	cmp	r3, r1
100059cc:	d0e7      	beq.n	1000599e <vendord_xfer_cb+0xe>
100059ce:	797b      	ldrb	r3, [r7, #5]
100059d0:	428b      	cmp	r3, r1
100059d2:	d0e4      	beq.n	1000599e <vendord_xfer_cb+0xe>
100059d4:	3401      	adds	r4, #1
100059d6:	b2e4      	uxtb	r4, r4
100059d8:	e7df      	b.n	1000599a <vendord_xfer_cb+0xa>
100059da:	003b      	movs	r3, r7
100059dc:	3331      	adds	r3, #49	@ 0x31
100059de:	33ff      	adds	r3, #255	@ 0xff
100059e0:	889b      	ldrh	r3, [r3, #4]
100059e2:	2b00      	cmp	r3, #0
100059e4:	d112      	bne.n	10005a0c <vendord_xfer_cb+0x7c>
100059e6:	4b1d      	ldr	r3, [pc, #116]	@ (10005a5c <vendord_xfer_cb+0xcc>)
100059e8:	2b00      	cmp	r3, #0
100059ea:	d007      	beq.n	100059fc <vendord_xfer_cb+0x6c>
100059ec:	9b01      	ldr	r3, [sp, #4]
100059ee:	01d9      	lsls	r1, r3, #7
100059f0:	4b1b      	ldr	r3, [pc, #108]	@ (10005a60 <vendord_xfer_cb+0xd0>)
100059f2:	18c9      	adds	r1, r1, r3
100059f4:	b2aa      	uxth	r2, r5
100059f6:	0020      	movs	r0, r4
100059f8:	e000      	b.n	100059fc <vendord_xfer_cb+0x6c>
100059fa:	bf00      	nop
100059fc:	0039      	movs	r1, r7
100059fe:	3129      	adds	r1, #41	@ 0x29
10005a00:	31ff      	adds	r1, #255	@ 0xff
10005a02:	0030      	movs	r0, r6
10005a04:	f000 f9ce 	bl	10005da4 <tu_edpt_stream_read_xfer>
10005a08:	2001      	movs	r0, #1
10005a0a:	e023      	b.n	10005a54 <vendord_xfer_cb+0xc4>
10005a0c:	003b      	movs	r3, r7
10005a0e:	3329      	adds	r3, #41	@ 0x29
10005a10:	33ff      	adds	r3, #255	@ 0xff
10005a12:	6859      	ldr	r1, [r3, #4]
10005a14:	b2aa      	uxth	r2, r5
10005a16:	0038      	movs	r0, r7
10005a18:	3031      	adds	r0, #49	@ 0x31
10005a1a:	30ff      	adds	r0, #255	@ 0xff
10005a1c:	f000 fc8f 	bl	1000633e <tu_fifo_write_n>
10005a20:	e7e1      	b.n	100059e6 <vendord_xfer_cb+0x56>
10005a22:	4b10      	ldr	r3, [pc, #64]	@ (10005a64 <vendord_xfer_cb+0xd4>)
10005a24:	2b00      	cmp	r3, #0
10005a26:	d004      	beq.n	10005a32 <vendord_xfer_cb+0xa2>
10005a28:	0429      	lsls	r1, r5, #16
10005a2a:	0c09      	lsrs	r1, r1, #16
10005a2c:	0020      	movs	r0, r4
10005a2e:	e000      	b.n	10005a32 <vendord_xfer_cb+0xa2>
10005a30:	bf00      	nop
10005a32:	1d3c      	adds	r4, r7, #4
10005a34:	0021      	movs	r1, r4
10005a36:	0030      	movs	r0, r6
10005a38:	f000 f972 	bl	10005d20 <tu_edpt_stream_write_xfer>
10005a3c:	2800      	cmp	r0, #0
10005a3e:	d001      	beq.n	10005a44 <vendord_xfer_cb+0xb4>
10005a40:	2001      	movs	r0, #1
10005a42:	e007      	b.n	10005a54 <vendord_xfer_cb+0xc4>
10005a44:	002a      	movs	r2, r5
10005a46:	0021      	movs	r1, r4
10005a48:	0030      	movs	r0, r6
10005a4a:	f000 f929 	bl	10005ca0 <tu_edpt_stream_write_zlp_if_needed>
10005a4e:	2001      	movs	r0, #1
10005a50:	e000      	b.n	10005a54 <vendord_xfer_cb+0xc4>
10005a52:	2000      	movs	r0, #0
10005a54:	b003      	add	sp, #12
10005a56:	bdf0      	pop	{r4, r5, r6, r7, pc}
10005a58:	20001194 	.word	0x20001194
10005a5c:	00000000 	.word	0x00000000
10005a60:	20001114 	.word	0x20001114
10005a64:	00000000 	.word	0x00000000

10005a68 <tusb_rhport_init>:
10005a68:	b510      	push	{r4, lr}
10005a6a:	b082      	sub	sp, #8
10005a6c:	2900      	cmp	r1, #0
10005a6e:	d00a      	beq.n	10005a86 <tusb_rhport_init+0x1e>
10005a70:	2801      	cmp	r0, #1
10005a72:	d81c      	bhi.n	10005aae <tusb_rhport_init+0x46>
10005a74:	780b      	ldrb	r3, [r1, #0]
10005a76:	2b00      	cmp	r3, #0
10005a78:	d019      	beq.n	10005aae <tusb_rhport_init+0x46>
10005a7a:	4a16      	ldr	r2, [pc, #88]	@ (10005ad4 <tusb_rhport_init+0x6c>)
10005a7c:	5413      	strb	r3, [r2, r0]
10005a7e:	2b01      	cmp	r3, #1
10005a80:	d01e      	beq.n	10005ac0 <tusb_rhport_init+0x58>
10005a82:	2401      	movs	r4, #1
10005a84:	e019      	b.n	10005aba <tusb_rhport_init+0x52>
10005a86:	a901      	add	r1, sp, #4
10005a88:	2301      	movs	r3, #1
10005a8a:	700b      	strb	r3, [r1, #0]
10005a8c:	2300      	movs	r3, #0
10005a8e:	704b      	strb	r3, [r1, #1]
10005a90:	2000      	movs	r0, #0
10005a92:	f7fe fd21 	bl	100044d8 <tud_rhport_init>
10005a96:	1e04      	subs	r4, r0, #0
10005a98:	d003      	beq.n	10005aa2 <tusb_rhport_init+0x3a>
10005a9a:	4b0e      	ldr	r3, [pc, #56]	@ (10005ad4 <tusb_rhport_init+0x6c>)
10005a9c:	2201      	movs	r2, #1
10005a9e:	701a      	strb	r2, [r3, #0]
10005aa0:	e00b      	b.n	10005aba <tusb_rhport_init+0x52>
10005aa2:	490d      	ldr	r1, [pc, #52]	@ (10005ad8 <tusb_rhport_init+0x70>)
10005aa4:	480d      	ldr	r0, [pc, #52]	@ (10005adc <tusb_rhport_init+0x74>)
10005aa6:	2247      	movs	r2, #71	@ 0x47
10005aa8:	f7fd fde8 	bl	1000367c <__wrap_printf>
10005aac:	e005      	b.n	10005aba <tusb_rhport_init+0x52>
10005aae:	490a      	ldr	r1, [pc, #40]	@ (10005ad8 <tusb_rhport_init+0x70>)
10005ab0:	480a      	ldr	r0, [pc, #40]	@ (10005adc <tusb_rhport_init+0x74>)
10005ab2:	225a      	movs	r2, #90	@ 0x5a
10005ab4:	f7fd fde2 	bl	1000367c <__wrap_printf>
10005ab8:	2400      	movs	r4, #0
10005aba:	0020      	movs	r0, r4
10005abc:	b002      	add	sp, #8
10005abe:	bd10      	pop	{r4, pc}
10005ac0:	f7fe fd0a 	bl	100044d8 <tud_rhport_init>
10005ac4:	1e04      	subs	r4, r0, #0
10005ac6:	d1f8      	bne.n	10005aba <tusb_rhport_init+0x52>
10005ac8:	4903      	ldr	r1, [pc, #12]	@ (10005ad8 <tusb_rhport_init+0x70>)
10005aca:	4804      	ldr	r0, [pc, #16]	@ (10005adc <tusb_rhport_init+0x74>)
10005acc:	225f      	movs	r2, #95	@ 0x5f
10005ace:	f7fd fdd5 	bl	1000367c <__wrap_printf>
10005ad2:	e7f2      	b.n	10005aba <tusb_rhport_init+0x52>
10005ad4:	20000fec 	.word	0x20000fec
10005ad8:	100079ec 	.word	0x100079ec
10005adc:	100071dc 	.word	0x100071dc

10005ae0 <tu_edpt_claim>:
10005ae0:	b570      	push	{r4, r5, r6, lr}
10005ae2:	0004      	movs	r4, r0
10005ae4:	000d      	movs	r5, r1
10005ae6:	7803      	ldrb	r3, [r0, #0]
10005ae8:	07db      	lsls	r3, r3, #31
10005aea:	0fd8      	lsrs	r0, r3, #31
10005aec:	2b00      	cmp	r3, #0
10005aee:	d11d      	bne.n	10005b2c <tu_edpt_claim+0x4c>
10005af0:	7823      	ldrb	r3, [r4, #0]
10005af2:	075b      	lsls	r3, r3, #29
10005af4:	0fde      	lsrs	r6, r3, #31
10005af6:	2b00      	cmp	r3, #0
10005af8:	db19      	blt.n	10005b2e <tu_edpt_claim+0x4e>
10005afa:	2101      	movs	r1, #1
10005afc:	4249      	negs	r1, r1
10005afe:	0028      	movs	r0, r5
10005b00:	f000 fcbe 	bl	10006480 <__mutex_enter_timeout_ms_veneer>
10005b04:	7823      	ldrb	r3, [r4, #0]
10005b06:	07db      	lsls	r3, r3, #31
10005b08:	0fda      	lsrs	r2, r3, #31
10005b0a:	2b00      	cmp	r3, #0
10005b0c:	d107      	bne.n	10005b1e <tu_edpt_claim+0x3e>
10005b0e:	7823      	ldrb	r3, [r4, #0]
10005b10:	075b      	lsls	r3, r3, #29
10005b12:	d409      	bmi.n	10005b28 <tu_edpt_claim+0x48>
10005b14:	7823      	ldrb	r3, [r4, #0]
10005b16:	2204      	movs	r2, #4
10005b18:	4313      	orrs	r3, r2
10005b1a:	7023      	strb	r3, [r4, #0]
10005b1c:	2601      	movs	r6, #1
10005b1e:	0028      	movs	r0, r5
10005b20:	f000 fc8e 	bl	10006440 <__mutex_exit_veneer>
10005b24:	0030      	movs	r0, r6
10005b26:	e002      	b.n	10005b2e <tu_edpt_claim+0x4e>
10005b28:	0016      	movs	r6, r2
10005b2a:	e7f8      	b.n	10005b1e <tu_edpt_claim+0x3e>
10005b2c:	2000      	movs	r0, #0
10005b2e:	bd70      	pop	{r4, r5, r6, pc}

10005b30 <tu_edpt_release>:
10005b30:	b570      	push	{r4, r5, r6, lr}
10005b32:	0006      	movs	r6, r0
10005b34:	000c      	movs	r4, r1
10005b36:	2101      	movs	r1, #1
10005b38:	4249      	negs	r1, r1
10005b3a:	0020      	movs	r0, r4
10005b3c:	f000 fca0 	bl	10006480 <__mutex_enter_timeout_ms_veneer>
10005b40:	7833      	ldrb	r3, [r6, #0]
10005b42:	075b      	lsls	r3, r3, #29
10005b44:	0fdd      	lsrs	r5, r3, #31
10005b46:	2b00      	cmp	r3, #0
10005b48:	db04      	blt.n	10005b54 <tu_edpt_release+0x24>
10005b4a:	0020      	movs	r0, r4
10005b4c:	f000 fc78 	bl	10006440 <__mutex_exit_veneer>
10005b50:	0028      	movs	r0, r5
10005b52:	bd70      	pop	{r4, r5, r6, pc}
10005b54:	7833      	ldrb	r3, [r6, #0]
10005b56:	07db      	lsls	r3, r3, #31
10005b58:	d404      	bmi.n	10005b64 <tu_edpt_release+0x34>
10005b5a:	7833      	ldrb	r3, [r6, #0]
10005b5c:	2204      	movs	r2, #4
10005b5e:	4393      	bics	r3, r2
10005b60:	7033      	strb	r3, [r6, #0]
10005b62:	e7f2      	b.n	10005b4a <tu_edpt_release+0x1a>
10005b64:	2500      	movs	r5, #0
10005b66:	e7f0      	b.n	10005b4a <tu_edpt_release+0x1a>

10005b68 <tu_edpt_validate>:
10005b68:	b510      	push	{r4, lr}
10005b6a:	7902      	ldrb	r2, [r0, #4]
10005b6c:	7943      	ldrb	r3, [r0, #5]
10005b6e:	021b      	lsls	r3, r3, #8
10005b70:	4313      	orrs	r3, r2
10005b72:	055b      	lsls	r3, r3, #21
10005b74:	0d5b      	lsrs	r3, r3, #21
10005b76:	78c2      	ldrb	r2, [r0, #3]
10005b78:	0792      	lsls	r2, r2, #30
10005b7a:	0f92      	lsrs	r2, r2, #30
10005b7c:	2a02      	cmp	r2, #2
10005b7e:	d014      	beq.n	10005baa <tu_edpt_validate+0x42>
10005b80:	2a03      	cmp	r2, #3
10005b82:	d02d      	beq.n	10005be0 <tu_edpt_validate+0x78>
10005b84:	2a01      	cmp	r2, #1
10005b86:	d13c      	bne.n	10005c02 <tu_edpt_validate+0x9a>
10005b88:	2902      	cmp	r1, #2
10005b8a:	d004      	beq.n	10005b96 <tu_edpt_validate+0x2e>
10005b8c:	4a1e      	ldr	r2, [pc, #120]	@ (10005c08 <tu_edpt_validate+0xa0>)
10005b8e:	429a      	cmp	r2, r3
10005b90:	d304      	bcc.n	10005b9c <tu_edpt_validate+0x34>
10005b92:	2001      	movs	r0, #1
10005b94:	e036      	b.n	10005c04 <tu_edpt_validate+0x9c>
10005b96:	2280      	movs	r2, #128	@ 0x80
10005b98:	00d2      	lsls	r2, r2, #3
10005b9a:	e7f8      	b.n	10005b8e <tu_edpt_validate+0x26>
10005b9c:	491b      	ldr	r1, [pc, #108]	@ (10005c0c <tu_edpt_validate+0xa4>)
10005b9e:	481c      	ldr	r0, [pc, #112]	@ (10005c10 <tu_edpt_validate+0xa8>)
10005ba0:	22d1      	movs	r2, #209	@ 0xd1
10005ba2:	f7fd fd6b 	bl	1000367c <__wrap_printf>
10005ba6:	2000      	movs	r0, #0
10005ba8:	e02c      	b.n	10005c04 <tu_edpt_validate+0x9c>
10005baa:	2902      	cmp	r1, #2
10005bac:	d003      	beq.n	10005bb6 <tu_edpt_validate+0x4e>
10005bae:	2b40      	cmp	r3, #64	@ 0x40
10005bb0:	d80f      	bhi.n	10005bd2 <tu_edpt_validate+0x6a>
10005bb2:	2001      	movs	r0, #1
10005bb4:	e026      	b.n	10005c04 <tu_edpt_validate+0x9c>
10005bb6:	2280      	movs	r2, #128	@ 0x80
10005bb8:	0092      	lsls	r2, r2, #2
10005bba:	4293      	cmp	r3, r2
10005bbc:	d101      	bne.n	10005bc2 <tu_edpt_validate+0x5a>
10005bbe:	2001      	movs	r0, #1
10005bc0:	e020      	b.n	10005c04 <tu_edpt_validate+0x9c>
10005bc2:	4912      	ldr	r1, [pc, #72]	@ (10005c0c <tu_edpt_validate+0xa4>)
10005bc4:	4812      	ldr	r0, [pc, #72]	@ (10005c10 <tu_edpt_validate+0xa8>)
10005bc6:	3a29      	subs	r2, #41	@ 0x29
10005bc8:	3aff      	subs	r2, #255	@ 0xff
10005bca:	f7fd fd57 	bl	1000367c <__wrap_printf>
10005bce:	2000      	movs	r0, #0
10005bd0:	e018      	b.n	10005c04 <tu_edpt_validate+0x9c>
10005bd2:	490e      	ldr	r1, [pc, #56]	@ (10005c0c <tu_edpt_validate+0xa4>)
10005bd4:	480e      	ldr	r0, [pc, #56]	@ (10005c10 <tu_edpt_validate+0xa8>)
10005bd6:	22db      	movs	r2, #219	@ 0xdb
10005bd8:	f7fd fd50 	bl	1000367c <__wrap_printf>
10005bdc:	2000      	movs	r0, #0
10005bde:	e011      	b.n	10005c04 <tu_edpt_validate+0x9c>
10005be0:	2902      	cmp	r1, #2
10005be2:	d004      	beq.n	10005bee <tu_edpt_validate+0x86>
10005be4:	2240      	movs	r2, #64	@ 0x40
10005be6:	429a      	cmp	r2, r3
10005be8:	d304      	bcc.n	10005bf4 <tu_edpt_validate+0x8c>
10005bea:	2001      	movs	r0, #1
10005bec:	e00a      	b.n	10005c04 <tu_edpt_validate+0x9c>
10005bee:	2280      	movs	r2, #128	@ 0x80
10005bf0:	00d2      	lsls	r2, r2, #3
10005bf2:	e7f8      	b.n	10005be6 <tu_edpt_validate+0x7e>
10005bf4:	4905      	ldr	r1, [pc, #20]	@ (10005c0c <tu_edpt_validate+0xa4>)
10005bf6:	4806      	ldr	r0, [pc, #24]	@ (10005c10 <tu_edpt_validate+0xa8>)
10005bf8:	22e1      	movs	r2, #225	@ 0xe1
10005bfa:	f7fd fd3f 	bl	1000367c <__wrap_printf>
10005bfe:	2000      	movs	r0, #0
10005c00:	e000      	b.n	10005c04 <tu_edpt_validate+0x9c>
10005c02:	2000      	movs	r0, #0
10005c04:	bd10      	pop	{r4, pc}
10005c06:	46c0      	nop			@ (mov r8, r8)
10005c08:	000003ff 	.word	0x000003ff
10005c0c:	100079d8 	.word	0x100079d8
10005c10:	100071dc 	.word	0x100071dc

10005c14 <tu_edpt_bind_driver>:
10005c14:	b530      	push	{r4, r5, lr}
10005c16:	188a      	adds	r2, r1, r2
10005c18:	e001      	b.n	10005c1e <tu_edpt_bind_driver+0xa>
10005c1a:	780c      	ldrb	r4, [r1, #0]
10005c1c:	1909      	adds	r1, r1, r4
10005c1e:	4291      	cmp	r1, r2
10005c20:	d20a      	bcs.n	10005c38 <tu_edpt_bind_driver+0x24>
10005c22:	784c      	ldrb	r4, [r1, #1]
10005c24:	2c05      	cmp	r4, #5
10005c26:	d1f8      	bne.n	10005c1a <tu_edpt_bind_driver+0x6>
10005c28:	788d      	ldrb	r5, [r1, #2]
10005c2a:	347a      	adds	r4, #122	@ 0x7a
10005c2c:	402c      	ands	r4, r5
10005c2e:	0064      	lsls	r4, r4, #1
10005c30:	1904      	adds	r4, r0, r4
10005c32:	09ed      	lsrs	r5, r5, #7
10005c34:	5563      	strb	r3, [r4, r5]
10005c36:	e7f0      	b.n	10005c1a <tu_edpt_bind_driver+0x6>
10005c38:	bd30      	pop	{r4, r5, pc}

10005c3a <tu_edpt_stream_init>:
10005c3a:	b5f0      	push	{r4, r5, r6, r7, lr}
10005c3c:	b085      	sub	sp, #20
10005c3e:	0004      	movs	r4, r0
10005c40:	9203      	str	r2, [sp, #12]
10005c42:	aa0a      	add	r2, sp, #40	@ 0x28
10005c44:	ca40      	ldmia	r2!, {r6}
10005c46:	8817      	ldrh	r7, [r2, #0]
10005c48:	aa0d      	add	r2, sp, #52	@ 0x34
10005c4a:	8815      	ldrh	r5, [r2, #0]
10005c4c:	2201      	movs	r2, #1
10005c4e:	400a      	ands	r2, r1
10005c50:	7801      	ldrb	r1, [r0, #0]
10005c52:	2001      	movs	r0, #1
10005c54:	4381      	bics	r1, r0
10005c56:	4311      	orrs	r1, r2
10005c58:	7021      	strb	r1, [r4, #0]
10005c5a:	0020      	movs	r0, r4
10005c5c:	3008      	adds	r0, #8
10005c5e:	9300      	str	r3, [sp, #0]
10005c60:	2301      	movs	r3, #1
10005c62:	003a      	movs	r2, r7
10005c64:	0031      	movs	r1, r6
10005c66:	f000 fa8b 	bl	10006180 <tu_fifo_config>
10005c6a:	2e00      	cmp	r6, #0
10005c6c:	d001      	beq.n	10005c72 <tu_edpt_stream_init+0x38>
10005c6e:	2f00      	cmp	r7, #0
10005c70:	d105      	bne.n	10005c7e <tu_edpt_stream_init+0x44>
10005c72:	9b0c      	ldr	r3, [sp, #48]	@ 0x30
10005c74:	6063      	str	r3, [r4, #4]
10005c76:	8065      	strh	r5, [r4, #2]
10005c78:	2001      	movs	r0, #1
10005c7a:	b005      	add	sp, #20
10005c7c:	bdf0      	pop	{r4, r5, r6, r7, pc}
10005c7e:	0026      	movs	r6, r4
10005c80:	361c      	adds	r6, #28
10005c82:	0030      	movs	r0, r6
10005c84:	f7fa fef4 	bl	10000a70 <mutex_init>
10005c88:	9b03      	ldr	r3, [sp, #12]
10005c8a:	2b00      	cmp	r3, #0
10005c8c:	d004      	beq.n	10005c98 <tu_edpt_stream_init+0x5e>
10005c8e:	0033      	movs	r3, r6
10005c90:	2600      	movs	r6, #0
10005c92:	6163      	str	r3, [r4, #20]
10005c94:	61a6      	str	r6, [r4, #24]
10005c96:	e7ec      	b.n	10005c72 <tu_edpt_stream_init+0x38>
10005c98:	2300      	movs	r3, #0
10005c9a:	e7fa      	b.n	10005c92 <tu_edpt_stream_init+0x58>

10005c9c <tu_edpt_stream_deinit>:
10005c9c:	2001      	movs	r0, #1
10005c9e:	4770      	bx	lr

10005ca0 <tu_edpt_stream_write_zlp_if_needed>:
10005ca0:	b5f8      	push	{r3, r4, r5, r6, r7, lr}
10005ca2:	0006      	movs	r6, r0
10005ca4:	000c      	movs	r4, r1
10005ca6:	0015      	movs	r5, r2
10005ca8:	780b      	ldrb	r3, [r1, #0]
10005caa:	079b      	lsls	r3, r3, #30
10005cac:	d511      	bpl.n	10005cd2 <tu_edpt_stream_write_zlp_if_needed+0x32>
10005cae:	2780      	movs	r7, #128	@ 0x80
10005cb0:	00bf      	lsls	r7, r7, #2
10005cb2:	0020      	movs	r0, r4
10005cb4:	3008      	adds	r0, #8
10005cb6:	f000 faa1 	bl	100061fc <tu_fifo_count>
10005cba:	2800      	cmp	r0, #0
10005cbc:	d125      	bne.n	10005d0a <tu_edpt_stream_write_zlp_if_needed+0x6a>
10005cbe:	2d00      	cmp	r5, #0
10005cc0:	d025      	beq.n	10005d0e <tu_edpt_stream_write_zlp_if_needed+0x6e>
10005cc2:	3f01      	subs	r7, #1
10005cc4:	423d      	tst	r5, r7
10005cc6:	d124      	bne.n	10005d12 <tu_edpt_stream_write_zlp_if_needed+0x72>
10005cc8:	7823      	ldrb	r3, [r4, #0]
10005cca:	07db      	lsls	r3, r3, #31
10005ccc:	d503      	bpl.n	10005cd6 <tu_edpt_stream_write_zlp_if_needed+0x36>
10005cce:	2000      	movs	r0, #0
10005cd0:	e01c      	b.n	10005d0c <tu_edpt_stream_write_zlp_if_needed+0x6c>
10005cd2:	2740      	movs	r7, #64	@ 0x40
10005cd4:	e7ed      	b.n	10005cb2 <tu_edpt_stream_write_zlp_if_needed+0x12>
10005cd6:	7861      	ldrb	r1, [r4, #1]
10005cd8:	0030      	movs	r0, r6
10005cda:	f7fe fcf1 	bl	100046c0 <usbd_edpt_claim>
10005cde:	2800      	cmp	r0, #0
10005ce0:	d0f5      	beq.n	10005cce <tu_edpt_stream_write_zlp_if_needed+0x2e>
10005ce2:	7823      	ldrb	r3, [r4, #0]
10005ce4:	07db      	lsls	r3, r3, #31
10005ce6:	d507      	bpl.n	10005cf8 <tu_edpt_stream_write_zlp_if_needed+0x58>
10005ce8:	22b5      	movs	r2, #181	@ 0xb5
10005cea:	490b      	ldr	r1, [pc, #44]	@ (10005d18 <tu_edpt_stream_write_zlp_if_needed+0x78>)
10005cec:	480b      	ldr	r0, [pc, #44]	@ (10005d1c <tu_edpt_stream_write_zlp_if_needed+0x7c>)
10005cee:	0052      	lsls	r2, r2, #1
10005cf0:	f7fd fcc4 	bl	1000367c <__wrap_printf>
10005cf4:	2000      	movs	r0, #0
10005cf6:	e009      	b.n	10005d0c <tu_edpt_stream_write_zlp_if_needed+0x6c>
10005cf8:	7861      	ldrb	r1, [r4, #1]
10005cfa:	2300      	movs	r3, #0
10005cfc:	2200      	movs	r2, #0
10005cfe:	0030      	movs	r0, r6
10005d00:	f7fe fd06 	bl	10004710 <usbd_edpt_xfer>
10005d04:	2800      	cmp	r0, #0
10005d06:	d101      	bne.n	10005d0c <tu_edpt_stream_write_zlp_if_needed+0x6c>
10005d08:	e7ee      	b.n	10005ce8 <tu_edpt_stream_write_zlp_if_needed+0x48>
10005d0a:	2000      	movs	r0, #0
10005d0c:	bdf8      	pop	{r3, r4, r5, r6, r7, pc}
10005d0e:	2000      	movs	r0, #0
10005d10:	e7fc      	b.n	10005d0c <tu_edpt_stream_write_zlp_if_needed+0x6c>
10005d12:	2000      	movs	r0, #0
10005d14:	e7fa      	b.n	10005d0c <tu_edpt_stream_write_zlp_if_needed+0x6c>
10005d16:	46c0      	nop			@ (mov r8, r8)
10005d18:	100079b4 	.word	0x100079b4
10005d1c:	100071dc 	.word	0x100071dc

10005d20 <tu_edpt_stream_write_xfer>:
10005d20:	b570      	push	{r4, r5, r6, lr}
10005d22:	0005      	movs	r5, r0
10005d24:	000c      	movs	r4, r1
10005d26:	000e      	movs	r6, r1
10005d28:	3608      	adds	r6, #8
10005d2a:	0030      	movs	r0, r6
10005d2c:	f000 fa66 	bl	100061fc <tu_fifo_count>
10005d30:	2800      	cmp	r0, #0
10005d32:	d030      	beq.n	10005d96 <tu_edpt_stream_write_xfer+0x76>
10005d34:	7823      	ldrb	r3, [r4, #0]
10005d36:	07db      	lsls	r3, r3, #31
10005d38:	d501      	bpl.n	10005d3e <tu_edpt_stream_write_xfer+0x1e>
10005d3a:	2000      	movs	r0, #0
10005d3c:	bd70      	pop	{r4, r5, r6, pc}
10005d3e:	7861      	ldrb	r1, [r4, #1]
10005d40:	0028      	movs	r0, r5
10005d42:	f7fe fcbd 	bl	100046c0 <usbd_edpt_claim>
10005d46:	2800      	cmp	r0, #0
10005d48:	d0f7      	beq.n	10005d3a <tu_edpt_stream_write_xfer+0x1a>
10005d4a:	6861      	ldr	r1, [r4, #4]
10005d4c:	8862      	ldrh	r2, [r4, #2]
10005d4e:	0030      	movs	r0, r6
10005d50:	f000 fabe 	bl	100062d0 <tu_fifo_read_n>
10005d54:	1e06      	subs	r6, r0, #0
10005d56:	d014      	beq.n	10005d82 <tu_edpt_stream_write_xfer+0x62>
10005d58:	7823      	ldrb	r3, [r4, #0]
10005d5a:	07db      	lsls	r3, r3, #31
10005d5c:	d507      	bpl.n	10005d6e <tu_edpt_stream_write_xfer+0x4e>
10005d5e:	22bc      	movs	r2, #188	@ 0xbc
10005d60:	490e      	ldr	r1, [pc, #56]	@ (10005d9c <tu_edpt_stream_write_xfer+0x7c>)
10005d62:	480f      	ldr	r0, [pc, #60]	@ (10005da0 <tu_edpt_stream_write_xfer+0x80>)
10005d64:	0052      	lsls	r2, r2, #1
10005d66:	f7fd fc89 	bl	1000367c <__wrap_printf>
10005d6a:	2000      	movs	r0, #0
10005d6c:	e7e6      	b.n	10005d3c <tu_edpt_stream_write_xfer+0x1c>
10005d6e:	6862      	ldr	r2, [r4, #4]
10005d70:	7861      	ldrb	r1, [r4, #1]
10005d72:	0003      	movs	r3, r0
10005d74:	0028      	movs	r0, r5
10005d76:	f7fe fccb 	bl	10004710 <usbd_edpt_xfer>
10005d7a:	2800      	cmp	r0, #0
10005d7c:	d0ef      	beq.n	10005d5e <tu_edpt_stream_write_xfer+0x3e>
10005d7e:	0030      	movs	r0, r6
10005d80:	e7dc      	b.n	10005d3c <tu_edpt_stream_write_xfer+0x1c>
10005d82:	7823      	ldrb	r3, [r4, #0]
10005d84:	07db      	lsls	r3, r3, #31
10005d86:	d501      	bpl.n	10005d8c <tu_edpt_stream_write_xfer+0x6c>
10005d88:	2000      	movs	r0, #0
10005d8a:	e7d7      	b.n	10005d3c <tu_edpt_stream_write_xfer+0x1c>
10005d8c:	7861      	ldrb	r1, [r4, #1]
10005d8e:	0028      	movs	r0, r5
10005d90:	f7fe fcaa 	bl	100046e8 <usbd_edpt_release>
10005d94:	e7f8      	b.n	10005d88 <tu_edpt_stream_write_xfer+0x68>
10005d96:	2000      	movs	r0, #0
10005d98:	e7d0      	b.n	10005d3c <tu_edpt_stream_write_xfer+0x1c>
10005d9a:	46c0      	nop			@ (mov r8, r8)
10005d9c:	10007998 	.word	0x10007998
10005da0:	100071dc 	.word	0x100071dc

10005da4 <tu_edpt_stream_read_xfer>:
10005da4:	b5f8      	push	{r3, r4, r5, r6, r7, lr}
10005da6:	0005      	movs	r5, r0
10005da8:	000c      	movs	r4, r1
10005daa:	898b      	ldrh	r3, [r1, #12]
10005dac:	2b00      	cmp	r3, #0
10005dae:	d122      	bne.n	10005df6 <tu_edpt_stream_read_xfer+0x52>
10005db0:	780b      	ldrb	r3, [r1, #0]
10005db2:	07db      	lsls	r3, r3, #31
10005db4:	d501      	bpl.n	10005dba <tu_edpt_stream_read_xfer+0x16>
10005db6:	2000      	movs	r0, #0
10005db8:	bdf8      	pop	{r3, r4, r5, r6, r7, pc}
10005dba:	7849      	ldrb	r1, [r1, #1]
10005dbc:	f7fe fc80 	bl	100046c0 <usbd_edpt_claim>
10005dc0:	2800      	cmp	r0, #0
10005dc2:	d0f8      	beq.n	10005db6 <tu_edpt_stream_read_xfer+0x12>
10005dc4:	8863      	ldrh	r3, [r4, #2]
10005dc6:	7822      	ldrb	r2, [r4, #0]
10005dc8:	07d2      	lsls	r2, r2, #31
10005dca:	d507      	bpl.n	10005ddc <tu_edpt_stream_read_xfer+0x38>
10005dcc:	22d9      	movs	r2, #217	@ 0xd9
10005dce:	4930      	ldr	r1, [pc, #192]	@ (10005e90 <tu_edpt_stream_read_xfer+0xec>)
10005dd0:	4830      	ldr	r0, [pc, #192]	@ (10005e94 <tu_edpt_stream_read_xfer+0xf0>)
10005dd2:	0052      	lsls	r2, r2, #1
10005dd4:	f7fd fc52 	bl	1000367c <__wrap_printf>
10005dd8:	2000      	movs	r0, #0
10005dda:	e7ed      	b.n	10005db8 <tu_edpt_stream_read_xfer+0x14>
10005ddc:	7861      	ldrb	r1, [r4, #1]
10005dde:	2b00      	cmp	r3, #0
10005de0:	d007      	beq.n	10005df2 <tu_edpt_stream_read_xfer+0x4e>
10005de2:	6862      	ldr	r2, [r4, #4]
10005de4:	0028      	movs	r0, r5
10005de6:	f7fe fc93 	bl	10004710 <usbd_edpt_xfer>
10005dea:	2800      	cmp	r0, #0
10005dec:	d0ee      	beq.n	10005dcc <tu_edpt_stream_read_xfer+0x28>
10005dee:	8860      	ldrh	r0, [r4, #2]
10005df0:	e7e2      	b.n	10005db8 <tu_edpt_stream_read_xfer+0x14>
10005df2:	2200      	movs	r2, #0
10005df4:	e7f6      	b.n	10005de4 <tu_edpt_stream_read_xfer+0x40>
10005df6:	780b      	ldrb	r3, [r1, #0]
10005df8:	079b      	lsls	r3, r3, #30
10005dfa:	d50d      	bpl.n	10005e18 <tu_edpt_stream_read_xfer+0x74>
10005dfc:	2680      	movs	r6, #128	@ 0x80
10005dfe:	00b6      	lsls	r6, r6, #2
10005e00:	0027      	movs	r7, r4
10005e02:	3708      	adds	r7, #8
10005e04:	0038      	movs	r0, r7
10005e06:	f000 fa2b 	bl	10006260 <tu_fifo_remaining>
10005e0a:	4286      	cmp	r6, r0
10005e0c:	d83d      	bhi.n	10005e8a <tu_edpt_stream_read_xfer+0xe6>
10005e0e:	7823      	ldrb	r3, [r4, #0]
10005e10:	07db      	lsls	r3, r3, #31
10005e12:	d503      	bpl.n	10005e1c <tu_edpt_stream_read_xfer+0x78>
10005e14:	2000      	movs	r0, #0
10005e16:	e7cf      	b.n	10005db8 <tu_edpt_stream_read_xfer+0x14>
10005e18:	2640      	movs	r6, #64	@ 0x40
10005e1a:	e7f1      	b.n	10005e00 <tu_edpt_stream_read_xfer+0x5c>
10005e1c:	7861      	ldrb	r1, [r4, #1]
10005e1e:	0028      	movs	r0, r5
10005e20:	f7fe fc4e 	bl	100046c0 <usbd_edpt_claim>
10005e24:	2800      	cmp	r0, #0
10005e26:	d0f5      	beq.n	10005e14 <tu_edpt_stream_read_xfer+0x70>
10005e28:	0038      	movs	r0, r7
10005e2a:	f000 fa19 	bl	10006260 <tu_fifo_remaining>
10005e2e:	4286      	cmp	r6, r0
10005e30:	d821      	bhi.n	10005e76 <tu_edpt_stream_read_xfer+0xd2>
10005e32:	4276      	negs	r6, r6
10005e34:	b2b6      	uxth	r6, r6
10005e36:	8862      	ldrh	r2, [r4, #2]
10005e38:	4030      	ands	r0, r6
10005e3a:	1c03      	adds	r3, r0, #0
10005e3c:	4290      	cmp	r0, r2
10005e3e:	d900      	bls.n	10005e42 <tu_edpt_stream_read_xfer+0x9e>
10005e40:	1c13      	adds	r3, r2, #0
10005e42:	b29e      	uxth	r6, r3
10005e44:	7823      	ldrb	r3, [r4, #0]
10005e46:	07db      	lsls	r3, r3, #31
10005e48:	d507      	bpl.n	10005e5a <tu_edpt_stream_read_xfer+0xb6>
10005e4a:	22c8      	movs	r2, #200	@ 0xc8
10005e4c:	4910      	ldr	r1, [pc, #64]	@ (10005e90 <tu_edpt_stream_read_xfer+0xec>)
10005e4e:	4811      	ldr	r0, [pc, #68]	@ (10005e94 <tu_edpt_stream_read_xfer+0xf0>)
10005e50:	32ff      	adds	r2, #255	@ 0xff
10005e52:	f7fd fc13 	bl	1000367c <__wrap_printf>
10005e56:	2000      	movs	r0, #0
10005e58:	e7ae      	b.n	10005db8 <tu_edpt_stream_read_xfer+0x14>
10005e5a:	7861      	ldrb	r1, [r4, #1]
10005e5c:	2e00      	cmp	r6, #0
10005e5e:	d008      	beq.n	10005e72 <tu_edpt_stream_read_xfer+0xce>
10005e60:	6862      	ldr	r2, [r4, #4]
10005e62:	0033      	movs	r3, r6
10005e64:	0028      	movs	r0, r5
10005e66:	f7fe fc53 	bl	10004710 <usbd_edpt_xfer>
10005e6a:	2800      	cmp	r0, #0
10005e6c:	d0ed      	beq.n	10005e4a <tu_edpt_stream_read_xfer+0xa6>
10005e6e:	0030      	movs	r0, r6
10005e70:	e7a2      	b.n	10005db8 <tu_edpt_stream_read_xfer+0x14>
10005e72:	2200      	movs	r2, #0
10005e74:	e7f5      	b.n	10005e62 <tu_edpt_stream_read_xfer+0xbe>
10005e76:	7823      	ldrb	r3, [r4, #0]
10005e78:	07db      	lsls	r3, r3, #31
10005e7a:	d501      	bpl.n	10005e80 <tu_edpt_stream_read_xfer+0xdc>
10005e7c:	2000      	movs	r0, #0
10005e7e:	e79b      	b.n	10005db8 <tu_edpt_stream_read_xfer+0x14>
10005e80:	7861      	ldrb	r1, [r4, #1]
10005e82:	0028      	movs	r0, r5
10005e84:	f7fe fc30 	bl	100046e8 <usbd_edpt_release>
10005e88:	e7f8      	b.n	10005e7c <tu_edpt_stream_read_xfer+0xd8>
10005e8a:	2000      	movs	r0, #0
10005e8c:	e794      	b.n	10005db8 <tu_edpt_stream_read_xfer+0x14>
10005e8e:	46c0      	nop			@ (mov r8, r8)
10005e90:	1000797c 	.word	0x1000797c
10005e94:	100071dc 	.word	0x100071dc

10005e98 <advance_index>:
10005e98:	0003      	movs	r3, r0
10005e9a:	188a      	adds	r2, r1, r2
10005e9c:	b290      	uxth	r0, r2
10005e9e:	4281      	cmp	r1, r0
10005ea0:	d802      	bhi.n	10005ea8 <advance_index+0x10>
10005ea2:	005a      	lsls	r2, r3, #1
10005ea4:	4290      	cmp	r0, r2
10005ea6:	db03      	blt.n	10005eb0 <advance_index+0x18>
10005ea8:	005b      	lsls	r3, r3, #1
10005eaa:	b29b      	uxth	r3, r3
10005eac:	1ac0      	subs	r0, r0, r3
10005eae:	b280      	uxth	r0, r0
10005eb0:	4770      	bx	lr

10005eb2 <_tu_fifo_peek>:
10005eb2:	b570      	push	{r4, r5, r6, lr}
10005eb4:	0005      	movs	r5, r0
10005eb6:	0008      	movs	r0, r1
10005eb8:	88ac      	ldrh	r4, [r5, #4]
10005eba:	429a      	cmp	r2, r3
10005ebc:	d30b      	bcc.n	10005ed6 <_tu_fifo_peek+0x24>
10005ebe:	1ad1      	subs	r1, r2, r3
10005ec0:	b289      	uxth	r1, r1
10005ec2:	2900      	cmp	r1, #0
10005ec4:	d01e      	beq.n	10005f04 <_tu_fifo_peek+0x52>
10005ec6:	428c      	cmp	r4, r1
10005ec8:	d210      	bcs.n	10005eec <_tu_fifo_peek+0x3a>
10005eca:	4294      	cmp	r4, r2
10005ecc:	d809      	bhi.n	10005ee2 <_tu_fifo_peek+0x30>
10005ece:	1b12      	subs	r2, r2, r4
10005ed0:	b293      	uxth	r3, r2
10005ed2:	816b      	strh	r3, [r5, #10]
10005ed4:	e00a      	b.n	10005eec <_tu_fifo_peek+0x3a>
10005ed6:	1ad1      	subs	r1, r2, r3
10005ed8:	b289      	uxth	r1, r1
10005eda:	0066      	lsls	r6, r4, #1
10005edc:	1989      	adds	r1, r1, r6
10005ede:	b289      	uxth	r1, r1
10005ee0:	e7ef      	b.n	10005ec2 <_tu_fifo_peek+0x10>
10005ee2:	18a2      	adds	r2, r4, r2
10005ee4:	b293      	uxth	r3, r2
10005ee6:	e7f4      	b.n	10005ed2 <_tu_fifo_peek+0x20>
10005ee8:	1b1b      	subs	r3, r3, r4
10005eea:	b29b      	uxth	r3, r3
10005eec:	429c      	cmp	r4, r3
10005eee:	d9fb      	bls.n	10005ee8 <_tu_fifo_peek+0x36>
10005ef0:	6829      	ldr	r1, [r5, #0]
10005ef2:	88ea      	ldrh	r2, [r5, #6]
10005ef4:	0452      	lsls	r2, r2, #17
10005ef6:	0c52      	lsrs	r2, r2, #17
10005ef8:	4353      	muls	r3, r2
10005efa:	18c9      	adds	r1, r1, r3
10005efc:	f7fc f94a 	bl	10002194 <__wrap___aeabi_memcpy>
10005f00:	2001      	movs	r0, #1
10005f02:	bd70      	pop	{r4, r5, r6, pc}
10005f04:	2000      	movs	r0, #0
10005f06:	e7fc      	b.n	10005f02 <_tu_fifo_peek+0x50>

10005f08 <_ff_pull_n>:
10005f08:	b5f8      	push	{r3, r4, r5, r6, r7, lr}
10005f0a:	46ce      	mov	lr, r9
10005f0c:	4647      	mov	r7, r8
10005f0e:	b580      	push	{r7, lr}
10005f10:	0005      	movs	r5, r0
10005f12:	468c      	mov	ip, r1
10005f14:	a908      	add	r1, sp, #32
10005f16:	7809      	ldrb	r1, [r1, #0]
10005f18:	8884      	ldrh	r4, [r0, #4]
10005f1a:	1ae0      	subs	r0, r4, r3
10005f1c:	b280      	uxth	r0, r0
10005f1e:	1b1c      	subs	r4, r3, r4
10005f20:	1914      	adds	r4, r2, r4
10005f22:	b2a4      	uxth	r4, r4
10005f24:	88ef      	ldrh	r7, [r5, #6]
10005f26:	047f      	lsls	r7, r7, #17
10005f28:	0c7e      	lsrs	r6, r7, #17
10005f2a:	0007      	movs	r7, r0
10005f2c:	4377      	muls	r7, r6
10005f2e:	b2bf      	uxth	r7, r7
10005f30:	4374      	muls	r4, r6
10005f32:	b2a4      	uxth	r4, r4
10005f34:	46a1      	mov	r9, r4
10005f36:	682c      	ldr	r4, [r5, #0]
10005f38:	46a0      	mov	r8, r4
10005f3a:	4373      	muls	r3, r6
10005f3c:	4443      	add	r3, r8
10005f3e:	2900      	cmp	r1, #0
10005f40:	d106      	bne.n	10005f50 <_ff_pull_n+0x48>
10005f42:	4290      	cmp	r0, r2
10005f44:	d308      	bcc.n	10005f58 <_ff_pull_n+0x50>
10005f46:	4372      	muls	r2, r6
10005f48:	0019      	movs	r1, r3
10005f4a:	4660      	mov	r0, ip
10005f4c:	f7fc f922 	bl	10002194 <__wrap___aeabi_memcpy>
10005f50:	bcc0      	pop	{r6, r7}
10005f52:	46b9      	mov	r9, r7
10005f54:	46b0      	mov	r8, r6
10005f56:	bdf8      	pop	{r3, r4, r5, r6, r7, pc}
10005f58:	003a      	movs	r2, r7
10005f5a:	0019      	movs	r1, r3
10005f5c:	4664      	mov	r4, ip
10005f5e:	0020      	movs	r0, r4
10005f60:	f7fc f918 	bl	10002194 <__wrap___aeabi_memcpy>
10005f64:	6829      	ldr	r1, [r5, #0]
10005f66:	19e0      	adds	r0, r4, r7
10005f68:	464a      	mov	r2, r9
10005f6a:	f7fc f913 	bl	10002194 <__wrap___aeabi_memcpy>
10005f6e:	e7ef      	b.n	10005f50 <_ff_pull_n+0x48>

10005f70 <_tu_fifo_peek_n>:
10005f70:	b5f0      	push	{r4, r5, r6, r7, lr}
10005f72:	46c6      	mov	lr, r8
10005f74:	b500      	push	{lr}
10005f76:	b082      	sub	sp, #8
10005f78:	001e      	movs	r6, r3
10005f7a:	ab08      	add	r3, sp, #32
10005f7c:	881b      	ldrh	r3, [r3, #0]
10005f7e:	ac09      	add	r4, sp, #36	@ 0x24
10005f80:	7827      	ldrb	r7, [r4, #0]
10005f82:	8884      	ldrh	r4, [r0, #4]
10005f84:	429e      	cmp	r6, r3
10005f86:	d30f      	bcc.n	10005fa8 <_tu_fifo_peek_n+0x38>
10005f88:	1af5      	subs	r5, r6, r3
10005f8a:	b2ad      	uxth	r5, r5
10005f8c:	2d00      	cmp	r5, #0
10005f8e:	d01f      	beq.n	10005fd0 <_tu_fifo_peek_n+0x60>
10005f90:	42ac      	cmp	r4, r5
10005f92:	d205      	bcs.n	10005fa0 <_tu_fifo_peek_n+0x30>
10005f94:	42b4      	cmp	r4, r6
10005f96:	d810      	bhi.n	10005fba <_tu_fifo_peek_n+0x4a>
10005f98:	1b33      	subs	r3, r6, r4
10005f9a:	b29b      	uxth	r3, r3
10005f9c:	8143      	strh	r3, [r0, #10]
10005f9e:	0025      	movs	r5, r4
10005fa0:	4295      	cmp	r5, r2
10005fa2:	d30f      	bcc.n	10005fc4 <_tu_fifo_peek_n+0x54>
10005fa4:	0015      	movs	r5, r2
10005fa6:	e00d      	b.n	10005fc4 <_tu_fifo_peek_n+0x54>
10005fa8:	1af5      	subs	r5, r6, r3
10005faa:	b2ad      	uxth	r5, r5
10005fac:	46a8      	mov	r8, r5
10005fae:	0065      	lsls	r5, r4, #1
10005fb0:	46ac      	mov	ip, r5
10005fb2:	4645      	mov	r5, r8
10005fb4:	4465      	add	r5, ip
10005fb6:	b2ad      	uxth	r5, r5
10005fb8:	e7e8      	b.n	10005f8c <_tu_fifo_peek_n+0x1c>
10005fba:	19a6      	adds	r6, r4, r6
10005fbc:	b2b3      	uxth	r3, r6
10005fbe:	e7ed      	b.n	10005f9c <_tu_fifo_peek_n+0x2c>
10005fc0:	1b1b      	subs	r3, r3, r4
10005fc2:	b29b      	uxth	r3, r3
10005fc4:	429c      	cmp	r4, r3
10005fc6:	d9fb      	bls.n	10005fc0 <_tu_fifo_peek_n+0x50>
10005fc8:	9700      	str	r7, [sp, #0]
10005fca:	002a      	movs	r2, r5
10005fcc:	f7ff ff9c 	bl	10005f08 <_ff_pull_n>
10005fd0:	0028      	movs	r0, r5
10005fd2:	b002      	add	sp, #8
10005fd4:	bc80      	pop	{r7}
10005fd6:	46b8      	mov	r8, r7
10005fd8:	bdf0      	pop	{r4, r5, r6, r7, pc}

10005fda <_tu_fifo_read_n>:
10005fda:	b5f0      	push	{r4, r5, r6, r7, lr}
10005fdc:	b083      	sub	sp, #12
10005fde:	0004      	movs	r4, r0
10005fe0:	000d      	movs	r5, r1
10005fe2:	0016      	movs	r6, r2
10005fe4:	001f      	movs	r7, r3
10005fe6:	6900      	ldr	r0, [r0, #16]
10005fe8:	2800      	cmp	r0, #0
10005fea:	d003      	beq.n	10005ff4 <_tu_fifo_read_n+0x1a>
10005fec:	2101      	movs	r1, #1
10005fee:	4249      	negs	r1, r1
10005ff0:	f000 fa46 	bl	10006480 <__mutex_enter_timeout_ms_veneer>
10005ff4:	8923      	ldrh	r3, [r4, #8]
10005ff6:	b29b      	uxth	r3, r3
10005ff8:	8962      	ldrh	r2, [r4, #10]
10005ffa:	9701      	str	r7, [sp, #4]
10005ffc:	9200      	str	r2, [sp, #0]
10005ffe:	0032      	movs	r2, r6
10006000:	0029      	movs	r1, r5
10006002:	0020      	movs	r0, r4
10006004:	f7ff ffb4 	bl	10005f70 <_tu_fifo_peek_n>
10006008:	0005      	movs	r5, r0
1000600a:	8961      	ldrh	r1, [r4, #10]
1000600c:	b289      	uxth	r1, r1
1000600e:	88a0      	ldrh	r0, [r4, #4]
10006010:	002a      	movs	r2, r5
10006012:	f7ff ff41 	bl	10005e98 <advance_index>
10006016:	8160      	strh	r0, [r4, #10]
10006018:	6920      	ldr	r0, [r4, #16]
1000601a:	2800      	cmp	r0, #0
1000601c:	d001      	beq.n	10006022 <_tu_fifo_read_n+0x48>
1000601e:	f000 fa0f 	bl	10006440 <__mutex_exit_veneer>
10006022:	0028      	movs	r0, r5
10006024:	b003      	add	sp, #12
10006026:	bdf0      	pop	{r4, r5, r6, r7, pc}

10006028 <_ff_push_n>:
10006028:	b5f8      	push	{r3, r4, r5, r6, r7, lr}
1000602a:	46ce      	mov	lr, r9
1000602c:	4647      	mov	r7, r8
1000602e:	b580      	push	{r7, lr}
10006030:	0005      	movs	r5, r0
10006032:	468c      	mov	ip, r1
10006034:	a908      	add	r1, sp, #32
10006036:	7808      	ldrb	r0, [r1, #0]
10006038:	88ac      	ldrh	r4, [r5, #4]
1000603a:	1ae1      	subs	r1, r4, r3
1000603c:	b289      	uxth	r1, r1
1000603e:	1b1c      	subs	r4, r3, r4
10006040:	1914      	adds	r4, r2, r4
10006042:	b2a4      	uxth	r4, r4
10006044:	88ef      	ldrh	r7, [r5, #6]
10006046:	047f      	lsls	r7, r7, #17
10006048:	0c7e      	lsrs	r6, r7, #17
1000604a:	000f      	movs	r7, r1
1000604c:	4377      	muls	r7, r6
1000604e:	b2bf      	uxth	r7, r7
10006050:	4374      	muls	r4, r6
10006052:	b2a4      	uxth	r4, r4
10006054:	46a1      	mov	r9, r4
10006056:	682c      	ldr	r4, [r5, #0]
10006058:	46a0      	mov	r8, r4
1000605a:	4373      	muls	r3, r6
1000605c:	4443      	add	r3, r8
1000605e:	2800      	cmp	r0, #0
10006060:	d106      	bne.n	10006070 <_ff_push_n+0x48>
10006062:	4291      	cmp	r1, r2
10006064:	d308      	bcc.n	10006078 <_ff_push_n+0x50>
10006066:	4372      	muls	r2, r6
10006068:	4661      	mov	r1, ip
1000606a:	0018      	movs	r0, r3
1000606c:	f7fc f892 	bl	10002194 <__wrap___aeabi_memcpy>
10006070:	bcc0      	pop	{r6, r7}
10006072:	46b9      	mov	r9, r7
10006074:	46b0      	mov	r8, r6
10006076:	bdf8      	pop	{r3, r4, r5, r6, r7, pc}
10006078:	003a      	movs	r2, r7
1000607a:	4664      	mov	r4, ip
1000607c:	0021      	movs	r1, r4
1000607e:	0018      	movs	r0, r3
10006080:	f7fc f888 	bl	10002194 <__wrap___aeabi_memcpy>
10006084:	6828      	ldr	r0, [r5, #0]
10006086:	19e1      	adds	r1, r4, r7
10006088:	464a      	mov	r2, r9
1000608a:	f7fc f883 	bl	10002194 <__wrap___aeabi_memcpy>
1000608e:	e7ef      	b.n	10006070 <_ff_push_n+0x48>

10006090 <_tu_fifo_write_n>:
10006090:	b5f0      	push	{r4, r5, r6, r7, lr}
10006092:	b085      	sub	sp, #20
10006094:	0006      	movs	r6, r0
10006096:	9103      	str	r1, [sp, #12]
10006098:	1e17      	subs	r7, r2, #0
1000609a:	9302      	str	r3, [sp, #8]
1000609c:	d100      	bne.n	100060a0 <_tu_fifo_write_n+0x10>
1000609e:	e06d      	b.n	1000617c <_tu_fifo_write_n+0xec>
100060a0:	68c0      	ldr	r0, [r0, #12]
100060a2:	2800      	cmp	r0, #0
100060a4:	d003      	beq.n	100060ae <_tu_fifo_write_n+0x1e>
100060a6:	2101      	movs	r1, #1
100060a8:	4249      	negs	r1, r1
100060aa:	f000 f9e9 	bl	10006480 <__mutex_enter_timeout_ms_veneer>
100060ae:	8934      	ldrh	r4, [r6, #8]
100060b0:	b2a4      	uxth	r4, r4
100060b2:	8971      	ldrh	r1, [r6, #10]
100060b4:	b289      	uxth	r1, r1
100060b6:	79f3      	ldrb	r3, [r6, #7]
100060b8:	09db      	lsrs	r3, r3, #7
100060ba:	d118      	bne.n	100060ee <_tu_fifo_write_n+0x5e>
100060bc:	88b3      	ldrh	r3, [r6, #4]
100060be:	428c      	cmp	r4, r1
100060c0:	d30f      	bcc.n	100060e2 <_tu_fifo_write_n+0x52>
100060c2:	1a61      	subs	r1, r4, r1
100060c4:	b289      	uxth	r1, r1
100060c6:	428b      	cmp	r3, r1
100060c8:	d956      	bls.n	10006178 <_tu_fifo_write_n+0xe8>
100060ca:	1a5b      	subs	r3, r3, r1
100060cc:	b29b      	uxth	r3, r3
100060ce:	1c3a      	adds	r2, r7, #0
100060d0:	429f      	cmp	r7, r3
100060d2:	d900      	bls.n	100060d6 <_tu_fifo_write_n+0x46>
100060d4:	1c1a      	adds	r2, r3, #0
100060d6:	b295      	uxth	r5, r2
100060d8:	2d00      	cmp	r5, #0
100060da:	d045      	beq.n	10006168 <_tu_fifo_write_n+0xd8>
100060dc:	88b2      	ldrh	r2, [r6, #4]
100060de:	0023      	movs	r3, r4
100060e0:	e033      	b.n	1000614a <_tu_fifo_write_n+0xba>
100060e2:	1a61      	subs	r1, r4, r1
100060e4:	b289      	uxth	r1, r1
100060e6:	005a      	lsls	r2, r3, #1
100060e8:	1889      	adds	r1, r1, r2
100060ea:	b289      	uxth	r1, r1
100060ec:	e7eb      	b.n	100060c6 <_tu_fifo_write_n+0x36>
100060ee:	88b5      	ldrh	r5, [r6, #4]
100060f0:	42bd      	cmp	r5, r7
100060f2:	d80e      	bhi.n	10006112 <_tu_fifo_write_n+0x82>
100060f4:	9b02      	ldr	r3, [sp, #8]
100060f6:	2b00      	cmp	r3, #0
100060f8:	d121      	bne.n	1000613e <_tu_fifo_write_n+0xae>
100060fa:	1b7b      	subs	r3, r7, r5
100060fc:	88f7      	ldrh	r7, [r6, #6]
100060fe:	047f      	lsls	r7, r7, #17
10006100:	0c7f      	lsrs	r7, r7, #17
10006102:	435f      	muls	r7, r3
10006104:	9b03      	ldr	r3, [sp, #12]
10006106:	469c      	mov	ip, r3
10006108:	44bc      	add	ip, r7
1000610a:	4663      	mov	r3, ip
1000610c:	9303      	str	r3, [sp, #12]
1000610e:	000c      	movs	r4, r1
10006110:	e7e2      	b.n	100060d8 <_tu_fifo_write_n+0x48>
10006112:	428c      	cmp	r4, r1
10006114:	d30d      	bcc.n	10006132 <_tu_fifo_write_n+0xa2>
10006116:	1a63      	subs	r3, r4, r1
10006118:	b29b      	uxth	r3, r3
1000611a:	19db      	adds	r3, r3, r7
1000611c:	006a      	lsls	r2, r5, #1
1000611e:	4293      	cmp	r3, r2
10006120:	db0f      	blt.n	10006142 <_tu_fifo_write_n+0xb2>
10006122:	1bea      	subs	r2, r5, r7
10006124:	b292      	uxth	r2, r2
10006126:	0028      	movs	r0, r5
10006128:	f7ff feb6 	bl	10005e98 <advance_index>
1000612c:	0004      	movs	r4, r0
1000612e:	003d      	movs	r5, r7
10006130:	e7d2      	b.n	100060d8 <_tu_fifo_write_n+0x48>
10006132:	1a63      	subs	r3, r4, r1
10006134:	b29b      	uxth	r3, r3
10006136:	006a      	lsls	r2, r5, #1
10006138:	189b      	adds	r3, r3, r2
1000613a:	b29b      	uxth	r3, r3
1000613c:	e7ed      	b.n	1000611a <_tu_fifo_write_n+0x8a>
1000613e:	000c      	movs	r4, r1
10006140:	e7ca      	b.n	100060d8 <_tu_fifo_write_n+0x48>
10006142:	003d      	movs	r5, r7
10006144:	e7c8      	b.n	100060d8 <_tu_fifo_write_n+0x48>
10006146:	1a9b      	subs	r3, r3, r2
10006148:	b29b      	uxth	r3, r3
1000614a:	429a      	cmp	r2, r3
1000614c:	d9fb      	bls.n	10006146 <_tu_fifo_write_n+0xb6>
1000614e:	9a02      	ldr	r2, [sp, #8]
10006150:	9200      	str	r2, [sp, #0]
10006152:	002a      	movs	r2, r5
10006154:	9903      	ldr	r1, [sp, #12]
10006156:	0030      	movs	r0, r6
10006158:	f7ff ff66 	bl	10006028 <_ff_push_n>
1000615c:	88b0      	ldrh	r0, [r6, #4]
1000615e:	002a      	movs	r2, r5
10006160:	0021      	movs	r1, r4
10006162:	f7ff fe99 	bl	10005e98 <advance_index>
10006166:	8130      	strh	r0, [r6, #8]
10006168:	68f0      	ldr	r0, [r6, #12]
1000616a:	2800      	cmp	r0, #0
1000616c:	d001      	beq.n	10006172 <_tu_fifo_write_n+0xe2>
1000616e:	f000 f967 	bl	10006440 <__mutex_exit_veneer>
10006172:	0028      	movs	r0, r5
10006174:	b005      	add	sp, #20
10006176:	bdf0      	pop	{r4, r5, r6, r7, pc}
10006178:	2500      	movs	r5, #0
1000617a:	e7f5      	b.n	10006168 <_tu_fifo_write_n+0xd8>
1000617c:	0015      	movs	r5, r2
1000617e:	e7f8      	b.n	10006172 <_tu_fifo_write_n+0xe2>

10006180 <tu_fifo_config>:
10006180:	b5f0      	push	{r4, r5, r6, r7, lr}
10006182:	b083      	sub	sp, #12
10006184:	0004      	movs	r4, r0
10006186:	9101      	str	r1, [sp, #4]
10006188:	0016      	movs	r6, r2
1000618a:	001d      	movs	r5, r3
1000618c:	ab08      	add	r3, sp, #32
1000618e:	781f      	ldrb	r7, [r3, #0]
10006190:	2380      	movs	r3, #128	@ 0x80
10006192:	021b      	lsls	r3, r3, #8
10006194:	429a      	cmp	r2, r3
10006196:	d82d      	bhi.n	100061f4 <tu_fifo_config+0x74>
10006198:	68c0      	ldr	r0, [r0, #12]
1000619a:	2800      	cmp	r0, #0
1000619c:	d003      	beq.n	100061a6 <tu_fifo_config+0x26>
1000619e:	2101      	movs	r1, #1
100061a0:	4249      	negs	r1, r1
100061a2:	f000 f96d 	bl	10006480 <__mutex_enter_timeout_ms_veneer>
100061a6:	6920      	ldr	r0, [r4, #16]
100061a8:	2800      	cmp	r0, #0
100061aa:	d003      	beq.n	100061b4 <tu_fifo_config+0x34>
100061ac:	2101      	movs	r1, #1
100061ae:	4249      	negs	r1, r1
100061b0:	f000 f966 	bl	10006480 <__mutex_enter_timeout_ms_veneer>
100061b4:	9b01      	ldr	r3, [sp, #4]
100061b6:	6023      	str	r3, [r4, #0]
100061b8:	80a6      	strh	r6, [r4, #4]
100061ba:	046d      	lsls	r5, r5, #17
100061bc:	0c6b      	lsrs	r3, r5, #17
100061be:	88e5      	ldrh	r5, [r4, #6]
100061c0:	0bed      	lsrs	r5, r5, #15
100061c2:	03ed      	lsls	r5, r5, #15
100061c4:	431d      	orrs	r5, r3
100061c6:	80e5      	strh	r5, [r4, #6]
100061c8:	01fb      	lsls	r3, r7, #7
100061ca:	79e2      	ldrb	r2, [r4, #7]
100061cc:	277f      	movs	r7, #127	@ 0x7f
100061ce:	4017      	ands	r7, r2
100061d0:	431f      	orrs	r7, r3
100061d2:	71e7      	strb	r7, [r4, #7]
100061d4:	2300      	movs	r3, #0
100061d6:	8163      	strh	r3, [r4, #10]
100061d8:	8123      	strh	r3, [r4, #8]
100061da:	68e0      	ldr	r0, [r4, #12]
100061dc:	2800      	cmp	r0, #0
100061de:	d001      	beq.n	100061e4 <tu_fifo_config+0x64>
100061e0:	f000 f92e 	bl	10006440 <__mutex_exit_veneer>
100061e4:	6920      	ldr	r0, [r4, #16]
100061e6:	2800      	cmp	r0, #0
100061e8:	d006      	beq.n	100061f8 <tu_fifo_config+0x78>
100061ea:	f000 f929 	bl	10006440 <__mutex_exit_veneer>
100061ee:	2001      	movs	r0, #1
100061f0:	b003      	add	sp, #12
100061f2:	bdf0      	pop	{r4, r5, r6, r7, pc}
100061f4:	2000      	movs	r0, #0
100061f6:	e7fb      	b.n	100061f0 <tu_fifo_config+0x70>
100061f8:	2001      	movs	r0, #1
100061fa:	e7f9      	b.n	100061f0 <tu_fifo_config+0x70>

100061fc <tu_fifo_count>:
100061fc:	b510      	push	{r4, lr}
100061fe:	8882      	ldrh	r2, [r0, #4]
10006200:	8901      	ldrh	r1, [r0, #8]
10006202:	b28b      	uxth	r3, r1
10006204:	8940      	ldrh	r0, [r0, #10]
10006206:	b284      	uxth	r4, r0
10006208:	4288      	cmp	r0, r1
1000620a:	d807      	bhi.n	1000621c <tu_fifo_count+0x20>
1000620c:	1b1b      	subs	r3, r3, r4
1000620e:	b29b      	uxth	r3, r3
10006210:	1c10      	adds	r0, r2, #0
10006212:	429a      	cmp	r2, r3
10006214:	d900      	bls.n	10006218 <tu_fifo_count+0x1c>
10006216:	1c18      	adds	r0, r3, #0
10006218:	b280      	uxth	r0, r0
1000621a:	bd10      	pop	{r4, pc}
1000621c:	1b1b      	subs	r3, r3, r4
1000621e:	b29b      	uxth	r3, r3
10006220:	0051      	lsls	r1, r2, #1
10006222:	185b      	adds	r3, r3, r1
10006224:	b29b      	uxth	r3, r3
10006226:	e7f3      	b.n	10006210 <tu_fifo_count+0x14>

10006228 <tu_fifo_empty>:
10006228:	8903      	ldrh	r3, [r0, #8]
1000622a:	8940      	ldrh	r0, [r0, #10]
1000622c:	1a18      	subs	r0, r3, r0
1000622e:	4243      	negs	r3, r0
10006230:	4158      	adcs	r0, r3
10006232:	b2c0      	uxtb	r0, r0
10006234:	4770      	bx	lr

10006236 <tu_fifo_full>:
10006236:	b510      	push	{r4, lr}
10006238:	8884      	ldrh	r4, [r0, #4]
1000623a:	8902      	ldrh	r2, [r0, #8]
1000623c:	b293      	uxth	r3, r2
1000623e:	8941      	ldrh	r1, [r0, #10]
10006240:	b288      	uxth	r0, r1
10006242:	4291      	cmp	r1, r2
10006244:	d806      	bhi.n	10006254 <tu_fifo_full+0x1e>
10006246:	1a1b      	subs	r3, r3, r0
10006248:	b29b      	uxth	r3, r3
1000624a:	2000      	movs	r0, #0
1000624c:	42a3      	cmp	r3, r4
1000624e:	4140      	adcs	r0, r0
10006250:	b2c0      	uxtb	r0, r0
10006252:	bd10      	pop	{r4, pc}
10006254:	1a1b      	subs	r3, r3, r0
10006256:	b29b      	uxth	r3, r3
10006258:	0062      	lsls	r2, r4, #1
1000625a:	189b      	adds	r3, r3, r2
1000625c:	b29b      	uxth	r3, r3
1000625e:	e7f4      	b.n	1000624a <tu_fifo_full+0x14>

10006260 <tu_fifo_remaining>:
10006260:	b510      	push	{r4, lr}
10006262:	8882      	ldrh	r2, [r0, #4]
10006264:	8901      	ldrh	r1, [r0, #8]
10006266:	b28b      	uxth	r3, r1
10006268:	8940      	ldrh	r0, [r0, #10]
1000626a:	b284      	uxth	r4, r0
1000626c:	4288      	cmp	r0, r1
1000626e:	d806      	bhi.n	1000627e <tu_fifo_remaining+0x1e>
10006270:	1b1b      	subs	r3, r3, r4
10006272:	b29b      	uxth	r3, r3
10006274:	429a      	cmp	r2, r3
10006276:	d908      	bls.n	1000628a <tu_fifo_remaining+0x2a>
10006278:	1ad0      	subs	r0, r2, r3
1000627a:	b280      	uxth	r0, r0
1000627c:	bd10      	pop	{r4, pc}
1000627e:	1b1b      	subs	r3, r3, r4
10006280:	b29b      	uxth	r3, r3
10006282:	0051      	lsls	r1, r2, #1
10006284:	185b      	adds	r3, r3, r1
10006286:	b29b      	uxth	r3, r3
10006288:	e7f4      	b.n	10006274 <tu_fifo_remaining+0x14>
1000628a:	2000      	movs	r0, #0
1000628c:	e7f6      	b.n	1000627c <tu_fifo_remaining+0x1c>

1000628e <tu_fifo_read>:
1000628e:	b570      	push	{r4, r5, r6, lr}
10006290:	0004      	movs	r4, r0
10006292:	000d      	movs	r5, r1
10006294:	6900      	ldr	r0, [r0, #16]
10006296:	2800      	cmp	r0, #0
10006298:	d003      	beq.n	100062a2 <tu_fifo_read+0x14>
1000629a:	2101      	movs	r1, #1
1000629c:	4249      	negs	r1, r1
1000629e:	f000 f8ef 	bl	10006480 <__mutex_enter_timeout_ms_veneer>
100062a2:	8922      	ldrh	r2, [r4, #8]
100062a4:	b292      	uxth	r2, r2
100062a6:	8963      	ldrh	r3, [r4, #10]
100062a8:	b29b      	uxth	r3, r3
100062aa:	0029      	movs	r1, r5
100062ac:	0020      	movs	r0, r4
100062ae:	f7ff fe00 	bl	10005eb2 <_tu_fifo_peek>
100062b2:	0005      	movs	r5, r0
100062b4:	8961      	ldrh	r1, [r4, #10]
100062b6:	b289      	uxth	r1, r1
100062b8:	88a0      	ldrh	r0, [r4, #4]
100062ba:	002a      	movs	r2, r5
100062bc:	f7ff fdec 	bl	10005e98 <advance_index>
100062c0:	8160      	strh	r0, [r4, #10]
100062c2:	6920      	ldr	r0, [r4, #16]
100062c4:	2800      	cmp	r0, #0
100062c6:	d001      	beq.n	100062cc <tu_fifo_read+0x3e>
100062c8:	f000 f8ba 	bl	10006440 <__mutex_exit_veneer>
100062cc:	0028      	movs	r0, r5
100062ce:	bd70      	pop	{r4, r5, r6, pc}

100062d0 <tu_fifo_read_n>:
100062d0:	b510      	push	{r4, lr}
100062d2:	2300      	movs	r3, #0
100062d4:	f7ff fe81 	bl	10005fda <_tu_fifo_read_n>
100062d8:	bd10      	pop	{r4, pc}

100062da <tu_fifo_write>:
100062da:	b5f8      	push	{r3, r4, r5, r6, r7, lr}
100062dc:	0004      	movs	r4, r0
100062de:	000e      	movs	r6, r1
100062e0:	68c0      	ldr	r0, [r0, #12]
100062e2:	2800      	cmp	r0, #0
100062e4:	d003      	beq.n	100062ee <tu_fifo_write+0x14>
100062e6:	2101      	movs	r1, #1
100062e8:	4249      	negs	r1, r1
100062ea:	f000 f8c9 	bl	10006480 <__mutex_enter_timeout_ms_veneer>
100062ee:	8925      	ldrh	r5, [r4, #8]
100062f0:	b2ad      	uxth	r5, r5
100062f2:	0020      	movs	r0, r4
100062f4:	f7ff ff9f 	bl	10006236 <tu_fifo_full>
100062f8:	2800      	cmp	r0, #0
100062fa:	d002      	beq.n	10006302 <tu_fifo_write+0x28>
100062fc:	79e7      	ldrb	r7, [r4, #7]
100062fe:	09ff      	lsrs	r7, r7, #7
10006300:	d016      	beq.n	10006330 <tu_fifo_write+0x56>
10006302:	88a2      	ldrh	r2, [r4, #4]
10006304:	002b      	movs	r3, r5
10006306:	e001      	b.n	1000630c <tu_fifo_write+0x32>
10006308:	1a9b      	subs	r3, r3, r2
1000630a:	b29b      	uxth	r3, r3
1000630c:	429a      	cmp	r2, r3
1000630e:	d9fb      	bls.n	10006308 <tu_fifo_write+0x2e>
10006310:	6820      	ldr	r0, [r4, #0]
10006312:	88e2      	ldrh	r2, [r4, #6]
10006314:	0452      	lsls	r2, r2, #17
10006316:	0c52      	lsrs	r2, r2, #17
10006318:	4353      	muls	r3, r2
1000631a:	18c0      	adds	r0, r0, r3
1000631c:	0031      	movs	r1, r6
1000631e:	f7fb ff39 	bl	10002194 <__wrap___aeabi_memcpy>
10006322:	88a0      	ldrh	r0, [r4, #4]
10006324:	2201      	movs	r2, #1
10006326:	0029      	movs	r1, r5
10006328:	f7ff fdb6 	bl	10005e98 <advance_index>
1000632c:	8120      	strh	r0, [r4, #8]
1000632e:	2701      	movs	r7, #1
10006330:	68e0      	ldr	r0, [r4, #12]
10006332:	2800      	cmp	r0, #0
10006334:	d001      	beq.n	1000633a <tu_fifo_write+0x60>
10006336:	f000 f883 	bl	10006440 <__mutex_exit_veneer>
1000633a:	0038      	movs	r0, r7
1000633c:	bdf8      	pop	{r3, r4, r5, r6, r7, pc}

1000633e <tu_fifo_write_n>:
1000633e:	b510      	push	{r4, lr}
10006340:	2300      	movs	r3, #0
10006342:	f7ff fea5 	bl	10006090 <_tu_fifo_write_n>
10006346:	bd10      	pop	{r4, pc}

10006348 <tu_fifo_clear>:
10006348:	b510      	push	{r4, lr}
1000634a:	0004      	movs	r4, r0
1000634c:	68c0      	ldr	r0, [r0, #12]
1000634e:	2800      	cmp	r0, #0
10006350:	d003      	beq.n	1000635a <tu_fifo_clear+0x12>
10006352:	2101      	movs	r1, #1
10006354:	4249      	negs	r1, r1
10006356:	f000 f893 	bl	10006480 <__mutex_enter_timeout_ms_veneer>
1000635a:	6920      	ldr	r0, [r4, #16]
1000635c:	2800      	cmp	r0, #0
1000635e:	d003      	beq.n	10006368 <tu_fifo_clear+0x20>
10006360:	2101      	movs	r1, #1
10006362:	4249      	negs	r1, r1
10006364:	f000 f88c 	bl	10006480 <__mutex_enter_timeout_ms_veneer>
10006368:	2300      	movs	r3, #0
1000636a:	8163      	strh	r3, [r4, #10]
1000636c:	8123      	strh	r3, [r4, #8]
1000636e:	68e0      	ldr	r0, [r4, #12]
10006370:	2800      	cmp	r0, #0
10006372:	d001      	beq.n	10006378 <tu_fifo_clear+0x30>
10006374:	f000 f864 	bl	10006440 <__mutex_exit_veneer>
10006378:	6920      	ldr	r0, [r4, #16]
1000637a:	2800      	cmp	r0, #0
1000637c:	d001      	beq.n	10006382 <tu_fifo_clear+0x3a>
1000637e:	f000 f85f 	bl	10006440 <__mutex_exit_veneer>
10006382:	2001      	movs	r0, #1
10006384:	bd10      	pop	{r4, pc}

10006386 <tu_fifo_set_overwritable>:
10006386:	b570      	push	{r4, r5, r6, lr}
10006388:	0004      	movs	r4, r0
1000638a:	000d      	movs	r5, r1
1000638c:	68c0      	ldr	r0, [r0, #12]
1000638e:	2800      	cmp	r0, #0
10006390:	d003      	beq.n	1000639a <tu_fifo_set_overwritable+0x14>
10006392:	2101      	movs	r1, #1
10006394:	4249      	negs	r1, r1
10006396:	f000 f873 	bl	10006480 <__mutex_enter_timeout_ms_veneer>
1000639a:	6920      	ldr	r0, [r4, #16]
1000639c:	2800      	cmp	r0, #0
1000639e:	d003      	beq.n	100063a8 <tu_fifo_set_overwritable+0x22>
100063a0:	2101      	movs	r1, #1
100063a2:	4249      	negs	r1, r1
100063a4:	f000 f86c 	bl	10006480 <__mutex_enter_timeout_ms_veneer>
100063a8:	01ed      	lsls	r5, r5, #7
100063aa:	79e3      	ldrb	r3, [r4, #7]
100063ac:	217f      	movs	r1, #127	@ 0x7f
100063ae:	4019      	ands	r1, r3
100063b0:	4329      	orrs	r1, r5
100063b2:	71e1      	strb	r1, [r4, #7]
100063b4:	68e0      	ldr	r0, [r4, #12]
100063b6:	2800      	cmp	r0, #0
100063b8:	d001      	beq.n	100063be <tu_fifo_set_overwritable+0x38>
100063ba:	f000 f841 	bl	10006440 <__mutex_exit_veneer>
100063be:	6920      	ldr	r0, [r4, #16]
100063c0:	2800      	cmp	r0, #0
100063c2:	d001      	beq.n	100063c8 <tu_fifo_set_overwritable+0x42>
100063c4:	f000 f83c 	bl	10006440 <__mutex_exit_veneer>
100063c8:	2001      	movs	r0, #1
100063ca:	bd70      	pop	{r4, r5, r6, pc}

100063cc <strlen>:
100063cc:	b510      	push	{r4, lr}
100063ce:	0783      	lsls	r3, r0, #30
100063d0:	d00a      	beq.n	100063e8 <strlen+0x1c>
100063d2:	0003      	movs	r3, r0
100063d4:	2103      	movs	r1, #3
100063d6:	e002      	b.n	100063de <strlen+0x12>
100063d8:	3301      	adds	r3, #1
100063da:	420b      	tst	r3, r1
100063dc:	d005      	beq.n	100063ea <strlen+0x1e>
100063de:	781a      	ldrb	r2, [r3, #0]
100063e0:	2a00      	cmp	r2, #0
100063e2:	d1f9      	bne.n	100063d8 <strlen+0xc>
100063e4:	1a18      	subs	r0, r3, r0
100063e6:	bd10      	pop	{r4, pc}
100063e8:	0003      	movs	r3, r0
100063ea:	6819      	ldr	r1, [r3, #0]
100063ec:	4a0c      	ldr	r2, [pc, #48]	@ (10006420 <strlen+0x54>)
100063ee:	4c0d      	ldr	r4, [pc, #52]	@ (10006424 <strlen+0x58>)
100063f0:	188a      	adds	r2, r1, r2
100063f2:	438a      	bics	r2, r1
100063f4:	4222      	tst	r2, r4
100063f6:	d10f      	bne.n	10006418 <strlen+0x4c>
100063f8:	6859      	ldr	r1, [r3, #4]
100063fa:	4a09      	ldr	r2, [pc, #36]	@ (10006420 <strlen+0x54>)
100063fc:	3304      	adds	r3, #4
100063fe:	188a      	adds	r2, r1, r2
10006400:	438a      	bics	r2, r1
10006402:	4222      	tst	r2, r4
10006404:	d108      	bne.n	10006418 <strlen+0x4c>
10006406:	6859      	ldr	r1, [r3, #4]
10006408:	4a05      	ldr	r2, [pc, #20]	@ (10006420 <strlen+0x54>)
1000640a:	3304      	adds	r3, #4
1000640c:	188a      	adds	r2, r1, r2
1000640e:	438a      	bics	r2, r1
10006410:	4222      	tst	r2, r4
10006412:	d0f1      	beq.n	100063f8 <strlen+0x2c>
10006414:	e000      	b.n	10006418 <strlen+0x4c>
10006416:	3301      	adds	r3, #1
10006418:	781a      	ldrb	r2, [r3, #0]
1000641a:	2a00      	cmp	r2, #0
1000641c:	d1fb      	bne.n	10006416 <strlen+0x4a>
1000641e:	e7e1      	b.n	100063e4 <strlen+0x18>
10006420:	fefefeff 	.word	0xfefefeff
10006424:	80808080 	.word	0x80808080

10006428 <_fini>:
10006428:	b5f8      	push	{r3, r4, r5, r6, r7, lr}
1000642a:	46c0      	nop			@ (mov r8, r8)
1000642c:	0000      	movs	r0, r0
	...

10006430 <__flash_do_cmd_veneer>:
10006430:	b401      	push	{r0}
10006432:	4802      	ldr	r0, [pc, #8]	@ (1000643c <__flash_do_cmd_veneer+0xc>)
10006434:	4684      	mov	ip, r0
10006436:	bc01      	pop	{r0}
10006438:	4760      	bx	ip
1000643a:	bf00      	nop
1000643c:	200002f5 	.word	0x200002f5

10006440 <__mutex_exit_veneer>:
10006440:	b401      	push	{r0}
10006442:	4802      	ldr	r0, [pc, #8]	@ (1000644c <__mutex_exit_veneer+0xc>)
10006444:	4684      	mov	ip, r0
10006446:	bc01      	pop	{r0}
10006448:	4760      	bx	ip
1000644a:	bf00      	nop
1000644c:	20000209 	.word	0x20000209

10006450 <____aeabi_ldiv0_veneer>:
10006450:	b401      	push	{r0}
10006452:	4802      	ldr	r0, [pc, #8]	@ (1000645c <____aeabi_ldiv0_veneer+0xc>)
10006454:	4684      	mov	ip, r0
10006456:	bc01      	pop	{r0}
10006458:	4760      	bx	ip
1000645a:	bf00      	nop
1000645c:	20000b3d 	.word	0x20000b3d

10006460 <____aeabi_idiv0_veneer>:
10006460:	b401      	push	{r0}
10006462:	4802      	ldr	r0, [pc, #8]	@ (1000646c <____aeabi_idiv0_veneer+0xc>)
10006464:	4684      	mov	ip, r0
10006466:	bc01      	pop	{r0}
10006468:	4760      	bx	ip
1000646a:	bf00      	nop
1000646c:	20000b3d 	.word	0x20000b3d

10006470 <__mutex_try_enter_veneer>:
10006470:	b401      	push	{r0}
10006472:	4802      	ldr	r0, [pc, #8]	@ (1000647c <__mutex_try_enter_veneer+0xc>)
10006474:	4684      	mov	ip, r0
10006476:	bc01      	pop	{r0}
10006478:	4760      	bx	ip
1000647a:	bf00      	nop
1000647c:	200000c1 	.word	0x200000c1

10006480 <__mutex_enter_timeout_ms_veneer>:
10006480:	b401      	push	{r0}
10006482:	4802      	ldr	r0, [pc, #8]	@ (1000648c <__mutex_enter_timeout_ms_veneer+0xc>)
10006484:	4684      	mov	ip, r0
10006486:	bc01      	pop	{r0}
10006488:	4760      	bx	ip
1000648a:	bf00      	nop
1000648c:	200001cd 	.word	0x200001cd

10006490 <__e15_is_bulkin_ep_veneer>:
10006490:	b401      	push	{r0}
10006492:	4802      	ldr	r0, [pc, #8]	@ (1000649c <__e15_is_bulkin_ep_veneer+0xc>)
10006494:	4684      	mov	ip, r0
10006496:	bc01      	pop	{r0}
10006498:	4760      	bx	ip
1000649a:	bf00      	nop
1000649c:	2000072d 	.word	0x2000072d

100064a0 <__e15_is_critical_frame_period_veneer>:
100064a0:	b401      	push	{r0}
100064a2:	4802      	ldr	r0, [pc, #8]	@ (100064ac <__e15_is_critical_frame_period_veneer+0xc>)
100064a4:	4684      	mov	ip, r0
100064a6:	bc01      	pop	{r0}
100064a8:	4760      	bx	ip
100064aa:	bf00      	nop
100064ac:	20000759 	.word	0x20000759

100064b0 <__mutex_try_enter_block_until_veneer>:
100064b0:	b401      	push	{r0}
100064b2:	4802      	ldr	r0, [pc, #8]	@ (100064bc <__mutex_try_enter_block_until_veneer+0xc>)
100064b4:	4684      	mov	ip, r0
100064b6:	bc01      	pop	{r0}
100064b8:	4760      	bx	ip
100064ba:	bf00      	nop
100064bc:	20000199 	.word	0x20000199

100064c0 <__hw_endpoint_start_next_buffer_veneer>:
100064c0:	b401      	push	{r0}
100064c2:	4802      	ldr	r0, [pc, #8]	@ (100064cc <__hw_endpoint_start_next_buffer_veneer+0xc>)
100064c4:	4684      	mov	ip, r0
100064c6:	bc01      	pop	{r0}
100064c8:	4760      	bx	ip
100064ca:	bf00      	nop
100064cc:	20000881 	.word	0x20000881

100064d0 <__hw_endpoint_reset_transfer_veneer>:
100064d0:	b401      	push	{r0}
100064d2:	4802      	ldr	r0, [pc, #8]	@ (100064dc <__hw_endpoint_reset_transfer_veneer+0xc>)
100064d4:	4684      	mov	ip, r0
100064d6:	bc01      	pop	{r0}
100064d8:	4760      	bx	ip
100064da:	bf00      	nop
100064dc:	20000829 	.word	0x20000829

100064e0 <___hw_endpoint_buffer_control_update32_veneer>:
100064e0:	b401      	push	{r0}
100064e2:	4802      	ldr	r0, [pc, #8]	@ (100064ec <___hw_endpoint_buffer_control_update32_veneer+0xc>)
100064e4:	4684      	mov	ip, r0
100064e6:	bc01      	pop	{r0}
100064e8:	4760      	bx	ip
100064ea:	bf00      	nop
100064ec:	20000835 	.word	0x20000835

100064f0 <__reset_non_control_endpoints_veneer>:
100064f0:	b401      	push	{r0}
100064f2:	4802      	ldr	r0, [pc, #8]	@ (100064fc <__reset_non_control_endpoints_veneer+0xc>)
100064f4:	4684      	mov	ip, r0
100064f6:	bc01      	pop	{r0}
100064f8:	4760      	bx	ip
100064fa:	bf00      	nop
100064fc:	200003e1 	.word	0x200003e1

10006500 <__pre_init_runtime_init_early_resets>:
10006500:	10001765                                e...

10006504 <__pre_init_runtime_init_usb_power_down>:
10006504:	10001791 10001925 10002179 10001fad     ....%...y!......
10006514:	100020f1                                . ..

10006518 <__pre_init_runtime_init_clocks>:
10006518:	10001859                                Y...

1000651c <__pre_init_runtime_init_post_clock_resets>:
1000651c:	100017ad                                ....

10006520 <__pre_init_runtime_init_rp2040_gpio_ie_disable>:
10006520:	100017cd                                ....

10006524 <__pre_init_runtime_init_spin_locks_reset>:
10006524:	100017e1                                ....

10006528 <__pre_init_runtime_init_mutex>:
10006528:	10000aa9                                ....

1000652c <__pre_init_runtime_init_install_ram_vector_table>:
1000652c:	100017e9                                ....

10006530 <__pre_init_runtime_init_default_alarm_pool>:
10006530:	100012e1                                ....

10006534 <__pre_init_first_per_core_initializer>:
10006534:	10001751                                Q...

10006538 <__pre_init_runtime_init_per_core_irq_priorities>:
10006538:	100005bd                                ....

1000653c <__init_array_start>:
1000653c:	10003c91 	.word	0x10003c91

10006540 <__frame_dummy_init_array_entry>:
10006540:	100002b1                                ....

Disassembly of section .data:

200000c0 <mutex_try_enter>:
200000c0:	b510      	push	{r4, lr}
200000c2:	0003      	movs	r3, r0
200000c4:	6804      	ldr	r4, [r0, #0]
200000c6:	f3ef 8210 	mrs	r2, PRIMASK
200000ca:	b672      	cpsid	i
200000cc:	6820      	ldr	r0, [r4, #0]
200000ce:	2800      	cmp	r0, #0
200000d0:	d0fc      	beq.n	200000cc <mutex_try_enter+0xc>
200000d2:	f3bf 8f5f 	dmb	sy
200000d6:	2004      	movs	r0, #4
200000d8:	5618      	ldrsb	r0, [r3, r0]
200000da:	2800      	cmp	r0, #0
200000dc:	db0b      	blt.n	200000f6 <mutex_try_enter+0x36>
200000de:	2900      	cmp	r1, #0
200000e0:	d010      	beq.n	20000104 <mutex_try_enter+0x44>
200000e2:	6008      	str	r0, [r1, #0]
200000e4:	2000      	movs	r0, #0
200000e6:	681b      	ldr	r3, [r3, #0]
200000e8:	f3bf 8f5f 	dmb	sy
200000ec:	2100      	movs	r1, #0
200000ee:	6019      	str	r1, [r3, #0]
200000f0:	f382 8810 	msr	PRIMASK, r2
200000f4:	bd10      	pop	{r4, pc}
200000f6:	21d0      	movs	r1, #208	@ 0xd0
200000f8:	0609      	lsls	r1, r1, #24
200000fa:	7809      	ldrb	r1, [r1, #0]
200000fc:	b249      	sxtb	r1, r1
200000fe:	7119      	strb	r1, [r3, #4]
20000100:	2001      	movs	r0, #1
20000102:	e7f0      	b.n	200000e6 <mutex_try_enter+0x26>
20000104:	2000      	movs	r0, #0
20000106:	e7ee      	b.n	200000e6 <mutex_try_enter+0x26>

20000108 <mutex_enter_block_until>:
20000108:	b5f0      	push	{r4, r5, r6, r7, lr}
2000010a:	46d6      	mov	lr, sl
2000010c:	464f      	mov	r7, r9
2000010e:	4646      	mov	r6, r8
20000110:	b5c0      	push	{r6, r7, lr}
20000112:	0005      	movs	r5, r0
20000114:	4690      	mov	r8, r2
20000116:	4699      	mov	r9, r3
20000118:	6803      	ldr	r3, [r0, #0]
2000011a:	2b00      	cmp	r3, #0
2000011c:	d020      	beq.n	20000160 <mutex_enter_block_until+0x58>
2000011e:	23d0      	movs	r3, #208	@ 0xd0
20000120:	061b      	lsls	r3, r3, #24
20000122:	781b      	ldrb	r3, [r3, #0]
20000124:	b25b      	sxtb	r3, r3
20000126:	469a      	mov	sl, r3
20000128:	682f      	ldr	r7, [r5, #0]
2000012a:	f3ef 8410 	mrs	r4, PRIMASK
2000012e:	b672      	cpsid	i
20000130:	683e      	ldr	r6, [r7, #0]
20000132:	2e00      	cmp	r6, #0
20000134:	d0fc      	beq.n	20000130 <mutex_enter_block_until+0x28>
20000136:	f3bf 8f5f 	dmb	sy
2000013a:	2304      	movs	r3, #4
2000013c:	56eb      	ldrsb	r3, [r5, r3]
2000013e:	2b00      	cmp	r3, #0
20000140:	db14      	blt.n	2000016c <mutex_enter_block_until+0x64>
20000142:	682b      	ldr	r3, [r5, #0]
20000144:	f3bf 8f5f 	dmb	sy
20000148:	2200      	movs	r2, #0
2000014a:	601a      	str	r2, [r3, #0]
2000014c:	f384 8810 	msr	PRIMASK, r4
20000150:	4640      	mov	r0, r8
20000152:	4649      	mov	r1, r9
20000154:	f000 fd34 	bl	20000bc0 <__best_effort_wfe_or_timeout_veneer>
20000158:	2800      	cmp	r0, #0
2000015a:	d0e5      	beq.n	20000128 <mutex_enter_block_until+0x20>
2000015c:	2000      	movs	r0, #0
2000015e:	e00f      	b.n	20000180 <mutex_enter_block_until+0x78>
20000160:	4b0a      	ldr	r3, [pc, #40]	@ (2000018c <mutex_enter_block_until+0x84>)
20000162:	4a0b      	ldr	r2, [pc, #44]	@ (20000190 <mutex_enter_block_until+0x88>)
20000164:	480b      	ldr	r0, [pc, #44]	@ (20000194 <mutex_enter_block_until+0x8c>)
20000166:	21a6      	movs	r1, #166	@ 0xa6
20000168:	f000 fd32 	bl	20000bd0 <____assert_func_veneer>
2000016c:	4653      	mov	r3, sl
2000016e:	712b      	strb	r3, [r5, #4]
20000170:	682b      	ldr	r3, [r5, #0]
20000172:	f3bf 8f5f 	dmb	sy
20000176:	2200      	movs	r2, #0
20000178:	601a      	str	r2, [r3, #0]
2000017a:	f384 8810 	msr	PRIMASK, r4
2000017e:	2001      	movs	r0, #1
20000180:	bce0      	pop	{r5, r6, r7}
20000182:	46ba      	mov	sl, r7
20000184:	46b1      	mov	r9, r6
20000186:	46a8      	mov	r8, r5
20000188:	bdf0      	pop	{r4, r5, r6, r7, pc}
2000018a:	46c0      	nop			@ (mov r8, r8)
2000018c:	10006894 	.word	0x10006894
20000190:	10007280 	.word	0x10007280
20000194:	10006844 	.word	0x10006844

20000198 <mutex_try_enter_block_until>:
20000198:	b570      	push	{r4, r5, r6, lr}
2000019a:	b082      	sub	sp, #8
2000019c:	0006      	movs	r6, r0
2000019e:	0015      	movs	r5, r2
200001a0:	001c      	movs	r4, r3
200001a2:	a901      	add	r1, sp, #4
200001a4:	f7ff ff8c 	bl	200000c0 <mutex_try_enter>
200001a8:	2800      	cmp	r0, #0
200001aa:	d107      	bne.n	200001bc <mutex_try_enter_block_until+0x24>
200001ac:	9b01      	ldr	r3, [sp, #4]
200001ae:	b25b      	sxtb	r3, r3
200001b0:	22d0      	movs	r2, #208	@ 0xd0
200001b2:	0612      	lsls	r2, r2, #24
200001b4:	7812      	ldrb	r2, [r2, #0]
200001b6:	b252      	sxtb	r2, r2
200001b8:	4293      	cmp	r3, r2
200001ba:	d101      	bne.n	200001c0 <mutex_try_enter_block_until+0x28>
200001bc:	b002      	add	sp, #8
200001be:	bd70      	pop	{r4, r5, r6, pc}
200001c0:	002a      	movs	r2, r5
200001c2:	0023      	movs	r3, r4
200001c4:	0030      	movs	r0, r6
200001c6:	f7ff ff9f 	bl	20000108 <mutex_enter_block_until>
200001ca:	e7f7      	b.n	200001bc <mutex_try_enter_block_until+0x24>

200001cc <mutex_enter_timeout_ms>:
200001cc:	b5f8      	push	{r3, r4, r5, r6, r7, lr}
200001ce:	0006      	movs	r6, r0
200001d0:	000f      	movs	r7, r1
200001d2:	f000 fcc5 	bl	20000b60 <__time_us_64_veneer>
200001d6:	0004      	movs	r4, r0
200001d8:	000d      	movs	r5, r1
200001da:	22fa      	movs	r2, #250	@ 0xfa
200001dc:	0092      	lsls	r2, r2, #2
200001de:	2300      	movs	r3, #0
200001e0:	0038      	movs	r0, r7
200001e2:	2100      	movs	r1, #0
200001e4:	f000 fcac 	bl	20000b40 <____wrap___aeabi_lmul_veneer>
200001e8:	0022      	movs	r2, r4
200001ea:	002b      	movs	r3, r5
200001ec:	1812      	adds	r2, r2, r0
200001ee:	414b      	adcs	r3, r1
200001f0:	2b00      	cmp	r3, #0
200001f2:	db03      	blt.n	200001fc <mutex_enter_timeout_ms+0x30>
200001f4:	0030      	movs	r0, r6
200001f6:	f7ff ff87 	bl	20000108 <mutex_enter_block_until>
200001fa:	bdf8      	pop	{r3, r4, r5, r6, r7, pc}
200001fc:	2201      	movs	r2, #1
200001fe:	4252      	negs	r2, r2
20000200:	4b00      	ldr	r3, [pc, #0]	@ (20000204 <mutex_enter_timeout_ms+0x38>)
20000202:	e7f7      	b.n	200001f4 <mutex_enter_timeout_ms+0x28>
20000204:	7fffffff 	.word	0x7fffffff

20000208 <mutex_exit>:
20000208:	b510      	push	{r4, lr}
2000020a:	6801      	ldr	r1, [r0, #0]
2000020c:	f3ef 8310 	mrs	r3, PRIMASK
20000210:	b672      	cpsid	i
20000212:	680a      	ldr	r2, [r1, #0]
20000214:	2a00      	cmp	r2, #0
20000216:	d0fc      	beq.n	20000212 <mutex_exit+0xa>
20000218:	f3bf 8f5f 	dmb	sy
2000021c:	2204      	movs	r2, #4
2000021e:	5682      	ldrsb	r2, [r0, r2]
20000220:	2a00      	cmp	r2, #0
20000222:	db0a      	blt.n	2000023a <mutex_exit+0x32>
20000224:	22ff      	movs	r2, #255	@ 0xff
20000226:	7102      	strb	r2, [r0, #4]
20000228:	6802      	ldr	r2, [r0, #0]
2000022a:	f3bf 8f5f 	dmb	sy
2000022e:	2100      	movs	r1, #0
20000230:	6011      	str	r1, [r2, #0]
20000232:	f383 8810 	msr	PRIMASK, r3
20000236:	bf40      	sev
20000238:	bd10      	pop	{r4, pc}
2000023a:	4b03      	ldr	r3, [pc, #12]	@ (20000248 <mutex_exit+0x40>)
2000023c:	4a03      	ldr	r2, [pc, #12]	@ (2000024c <mutex_exit+0x44>)
2000023e:	4804      	ldr	r0, [pc, #16]	@ (20000250 <mutex_exit+0x48>)
20000240:	21d5      	movs	r1, #213	@ 0xd5
20000242:	f000 fcc5 	bl	20000bd0 <____assert_func_veneer>
20000246:	46c0      	nop			@ (mov r8, r8)
20000248:	100068a8 	.word	0x100068a8
2000024c:	10007274 	.word	0x10007274
20000250:	10006844 	.word	0x10006844

20000254 <flash_init_boot2_copyout>:
20000254:	4b09      	ldr	r3, [pc, #36]	@ (2000027c <flash_init_boot2_copyout+0x28>)
20000256:	781b      	ldrb	r3, [r3, #0]
20000258:	2b00      	cmp	r3, #0
2000025a:	d008      	beq.n	2000026e <flash_init_boot2_copyout+0x1a>
2000025c:	e00c      	b.n	20000278 <flash_init_boot2_copyout+0x24>
2000025e:	009a      	lsls	r2, r3, #2
20000260:	2180      	movs	r1, #128	@ 0x80
20000262:	0549      	lsls	r1, r1, #21
20000264:	1851      	adds	r1, r2, r1
20000266:	6808      	ldr	r0, [r1, #0]
20000268:	4905      	ldr	r1, [pc, #20]	@ (20000280 <flash_init_boot2_copyout+0x2c>)
2000026a:	5050      	str	r0, [r2, r1]
2000026c:	3301      	adds	r3, #1
2000026e:	2b3f      	cmp	r3, #63	@ 0x3f
20000270:	ddf5      	ble.n	2000025e <flash_init_boot2_copyout+0xa>
20000272:	4b02      	ldr	r3, [pc, #8]	@ (2000027c <flash_init_boot2_copyout+0x28>)
20000274:	2201      	movs	r2, #1
20000276:	701a      	strb	r2, [r3, #0]
20000278:	4770      	bx	lr
2000027a:	46c0      	nop			@ (mov r8, r8)
2000027c:	20001bb0 	.word	0x20001bb0
20000280:	200013e0 	.word	0x200013e0

20000284 <flash_enable_xip_via_boot2>:
20000284:	b510      	push	{r4, lr}
20000286:	4b01      	ldr	r3, [pc, #4]	@ (2000028c <flash_enable_xip_via_boot2+0x8>)
20000288:	4798      	blx	r3
2000028a:	bd10      	pop	{r4, pc}
2000028c:	200013e1 	.word	0x200013e1

20000290 <flash_save_hardware_state>:
20000290:	2300      	movs	r3, #0
20000292:	e005      	b.n	200002a0 <flash_save_hardware_state+0x10>
20000294:	009a      	lsls	r2, r3, #2
20000296:	4904      	ldr	r1, [pc, #16]	@ (200002a8 <flash_save_hardware_state+0x18>)
20000298:	1851      	adds	r1, r2, r1
2000029a:	6849      	ldr	r1, [r1, #4]
2000029c:	5011      	str	r1, [r2, r0]
2000029e:	3301      	adds	r3, #1
200002a0:	2b05      	cmp	r3, #5
200002a2:	d9f7      	bls.n	20000294 <flash_save_hardware_state+0x4>
200002a4:	4770      	bx	lr
200002a6:	46c0      	nop			@ (mov r8, r8)
200002a8:	40020000 	.word	0x40020000

200002ac <flash_restore_hardware_state>:
200002ac:	b510      	push	{r4, lr}
200002ae:	2200      	movs	r2, #0
200002b0:	e006      	b.n	200002c0 <flash_restore_hardware_state+0x14>
200002b2:	0093      	lsls	r3, r2, #2
200002b4:	5819      	ldr	r1, [r3, r0]
200002b6:	4c04      	ldr	r4, [pc, #16]	@ (200002c8 <flash_restore_hardware_state+0x1c>)
200002b8:	46a4      	mov	ip, r4
200002ba:	4463      	add	r3, ip
200002bc:	6059      	str	r1, [r3, #4]
200002be:	3201      	adds	r2, #1
200002c0:	2a05      	cmp	r2, #5
200002c2:	d9f6      	bls.n	200002b2 <flash_restore_hardware_state+0x6>
200002c4:	bd10      	pop	{r4, pc}
200002c6:	46c0      	nop			@ (mov r8, r8)
200002c8:	40020000 	.word	0x40020000

200002cc <flash_cs_force>:
200002cc:	2800      	cmp	r0, #0
200002ce:	d00a      	beq.n	200002e6 <flash_cs_force+0x1a>
200002d0:	2303      	movs	r3, #3
200002d2:	021b      	lsls	r3, r3, #8
200002d4:	4a05      	ldr	r2, [pc, #20]	@ (200002ec <flash_cs_force+0x20>)
200002d6:	6812      	ldr	r2, [r2, #0]
200002d8:	4053      	eors	r3, r2
200002da:	22c0      	movs	r2, #192	@ 0xc0
200002dc:	0092      	lsls	r2, r2, #2
200002de:	4013      	ands	r3, r2
200002e0:	4a03      	ldr	r2, [pc, #12]	@ (200002f0 <flash_cs_force+0x24>)
200002e2:	6013      	str	r3, [r2, #0]
200002e4:	4770      	bx	lr
200002e6:	2302      	movs	r3, #2
200002e8:	e7f3      	b.n	200002d2 <flash_cs_force+0x6>
200002ea:	46c0      	nop			@ (mov r8, r8)
200002ec:	4001800c 	.word	0x4001800c
200002f0:	4001900c 	.word	0x4001900c

200002f4 <flash_do_cmd>:
200002f4:	b5f0      	push	{r4, r5, r6, r7, lr}
200002f6:	46d6      	mov	lr, sl
200002f8:	464f      	mov	r7, r9
200002fa:	4646      	mov	r6, r8
200002fc:	b5c0      	push	{r6, r7, lr}
200002fe:	b086      	sub	sp, #24
20000300:	0007      	movs	r7, r0
20000302:	000e      	movs	r6, r1
20000304:	0015      	movs	r5, r2
20000306:	2318      	movs	r3, #24
20000308:	469a      	mov	sl, r3
2000030a:	881b      	ldrh	r3, [r3, #0]
2000030c:	2214      	movs	r2, #20
2000030e:	4690      	mov	r8, r2
20000310:	8810      	ldrh	r0, [r2, #0]
20000312:	492d      	ldr	r1, [pc, #180]	@ (200003c8 <flash_do_cmd+0xd4>)
20000314:	4798      	blx	r3
20000316:	4681      	mov	r9, r0
20000318:	4653      	mov	r3, sl
2000031a:	881b      	ldrh	r3, [r3, #0]
2000031c:	4642      	mov	r2, r8
2000031e:	8810      	ldrh	r0, [r2, #0]
20000320:	492a      	ldr	r1, [pc, #168]	@ (200003cc <flash_do_cmd+0xd8>)
20000322:	4798      	blx	r3
20000324:	0004      	movs	r4, r0
20000326:	4653      	mov	r3, sl
20000328:	881b      	ldrh	r3, [r3, #0]
2000032a:	4642      	mov	r2, r8
2000032c:	8810      	ldrh	r0, [r2, #0]
2000032e:	4928      	ldr	r1, [pc, #160]	@ (200003d0 <flash_do_cmd+0xdc>)
20000330:	4798      	blx	r3
20000332:	4680      	mov	r8, r0
20000334:	464b      	mov	r3, r9
20000336:	2b00      	cmp	r3, #0
20000338:	d00f      	beq.n	2000035a <flash_do_cmd+0x66>
2000033a:	2c00      	cmp	r4, #0
2000033c:	d00d      	beq.n	2000035a <flash_do_cmd+0x66>
2000033e:	2800      	cmp	r0, #0
20000340:	d00b      	beq.n	2000035a <flash_do_cmd+0x66>
20000342:	f7ff ff87 	bl	20000254 <flash_init_boot2_copyout>
20000346:	4668      	mov	r0, sp
20000348:	f7ff ffa2 	bl	20000290 <flash_save_hardware_state>
2000034c:	47c8      	blx	r9
2000034e:	47a0      	blx	r4
20000350:	2000      	movs	r0, #0
20000352:	f7ff ffbb 	bl	200002cc <flash_cs_force>
20000356:	002a      	movs	r2, r5
20000358:	e010      	b.n	2000037c <flash_do_cmd+0x88>
2000035a:	4b1e      	ldr	r3, [pc, #120]	@ (200003d4 <flash_do_cmd+0xe0>)
2000035c:	4a1e      	ldr	r2, [pc, #120]	@ (200003d8 <flash_do_cmd+0xe4>)
2000035e:	218a      	movs	r1, #138	@ 0x8a
20000360:	481e      	ldr	r0, [pc, #120]	@ (200003dc <flash_do_cmd+0xe8>)
20000362:	0049      	lsls	r1, r1, #1
20000364:	f000 fc34 	bl	20000bd0 <____assert_func_veneer>
20000368:	2b00      	cmp	r3, #0
2000036a:	d007      	beq.n	2000037c <flash_do_cmd+0x88>
2000036c:	2a00      	cmp	r2, #0
2000036e:	d005      	beq.n	2000037c <flash_do_cmd+0x88>
20000370:	23c0      	movs	r3, #192	@ 0xc0
20000372:	055b      	lsls	r3, r3, #21
20000374:	6e1b      	ldr	r3, [r3, #96]	@ 0x60
20000376:	7033      	strb	r3, [r6, #0]
20000378:	3a01      	subs	r2, #1
2000037a:	3601      	adds	r6, #1
2000037c:	002b      	movs	r3, r5
2000037e:	4313      	orrs	r3, r2
20000380:	d012      	beq.n	200003a8 <flash_do_cmd+0xb4>
20000382:	23c0      	movs	r3, #192	@ 0xc0
20000384:	055b      	lsls	r3, r3, #21
20000386:	6a9c      	ldr	r4, [r3, #40]	@ 0x28
20000388:	2308      	movs	r3, #8
2000038a:	4023      	ands	r3, r4
2000038c:	07a4      	lsls	r4, r4, #30
2000038e:	d5eb      	bpl.n	20000368 <flash_do_cmd+0x74>
20000390:	2d00      	cmp	r5, #0
20000392:	d0e9      	beq.n	20000368 <flash_do_cmd+0x74>
20000394:	1b51      	subs	r1, r2, r5
20000396:	290d      	cmp	r1, #13
20000398:	d8e6      	bhi.n	20000368 <flash_do_cmd+0x74>
2000039a:	7838      	ldrb	r0, [r7, #0]
2000039c:	21c0      	movs	r1, #192	@ 0xc0
2000039e:	0549      	lsls	r1, r1, #21
200003a0:	6608      	str	r0, [r1, #96]	@ 0x60
200003a2:	3d01      	subs	r5, #1
200003a4:	3701      	adds	r7, #1
200003a6:	e7df      	b.n	20000368 <flash_do_cmd+0x74>
200003a8:	2001      	movs	r0, #1
200003aa:	f7ff ff8f 	bl	200002cc <flash_cs_force>
200003ae:	47c0      	blx	r8
200003b0:	f7ff ff68 	bl	20000284 <flash_enable_xip_via_boot2>
200003b4:	4668      	mov	r0, sp
200003b6:	f7ff ff79 	bl	200002ac <flash_restore_hardware_state>
200003ba:	b006      	add	sp, #24
200003bc:	bce0      	pop	{r5, r6, r7}
200003be:	46ba      	mov	sl, r7
200003c0:	46b1      	mov	r9, r6
200003c2:	46a8      	mov	r8, r5
200003c4:	bdf0      	pop	{r4, r5, r6, r7, pc}
200003c6:	46c0      	nop			@ (mov r8, r8)
200003c8:	00004649 	.word	0x00004649
200003cc:	00005845 	.word	0x00005845
200003d0:	00004346 	.word	0x00004346
200003d4:	10006fa0 	.word	0x10006fa0
200003d8:	100076fc 	.word	0x100076fc
200003dc:	10006e50 	.word	0x10006e50

200003e0 <reset_non_control_endpoints>:
200003e0:	b510      	push	{r4, lr}
200003e2:	2300      	movs	r3, #0
200003e4:	e008      	b.n	200003f8 <reset_non_control_endpoints+0x18>
200003e6:	3301      	adds	r3, #1
200003e8:	00da      	lsls	r2, r3, #3
200003ea:	2100      	movs	r1, #0
200003ec:	4808      	ldr	r0, [pc, #32]	@ (20000410 <reset_non_control_endpoints+0x30>)
200003ee:	5011      	str	r1, [r2, r0]
200003f0:	4684      	mov	ip, r0
200003f2:	4462      	add	r2, ip
200003f4:	6051      	str	r1, [r2, #4]
200003f6:	b2db      	uxtb	r3, r3
200003f8:	2b0e      	cmp	r3, #14
200003fa:	d9f4      	bls.n	200003e6 <reset_non_control_endpoints+0x6>
200003fc:	4805      	ldr	r0, [pc, #20]	@ (20000414 <reset_non_control_endpoints+0x34>)
200003fe:	22f0      	movs	r2, #240	@ 0xf0
20000400:	0092      	lsls	r2, r2, #2
20000402:	2100      	movs	r1, #0
20000404:	f000 fbd4 	bl	20000bb0 <____wrap_memset_veneer>
20000408:	4b03      	ldr	r3, [pc, #12]	@ (20000418 <reset_non_control_endpoints+0x38>)
2000040a:	4a04      	ldr	r2, [pc, #16]	@ (2000041c <reset_non_control_endpoints+0x3c>)
2000040c:	601a      	str	r2, [r3, #0]
2000040e:	bd10      	pop	{r4, pc}
20000410:	50100000 	.word	0x50100000
20000414:	2000158c 	.word	0x2000158c
20000418:	20001950 	.word	0x20001950
2000041c:	50100180 	.word	0x50100180

20000420 <hw_handle_buff_status>:
20000420:	b5f0      	push	{r4, r5, r6, r7, lr}
20000422:	46ce      	mov	lr, r9
20000424:	4647      	mov	r7, r8
20000426:	b580      	push	{r7, lr}
20000428:	b085      	sub	sp, #20
2000042a:	4b21      	ldr	r3, [pc, #132]	@ (200004b0 <hw_handle_buff_status+0x90>)
2000042c:	6d9f      	ldr	r7, [r3, #88]	@ 0x58
2000042e:	2400      	movs	r4, #0
20000430:	2601      	movs	r6, #1
20000432:	e003      	b.n	2000043c <hw_handle_buff_status+0x1c>
20000434:	43b7      	bics	r7, r6
20000436:	0076      	lsls	r6, r6, #1
20000438:	3401      	adds	r4, #1
2000043a:	b2e4      	uxtb	r4, r4
2000043c:	2f00      	cmp	r7, #0
2000043e:	d031      	beq.n	200004a4 <hw_handle_buff_status+0x84>
20000440:	2c1f      	cmp	r4, #31
20000442:	d82f      	bhi.n	200004a4 <hw_handle_buff_status+0x84>
20000444:	423e      	tst	r6, r7
20000446:	d0f6      	beq.n	20000436 <hw_handle_buff_status+0x16>
20000448:	4b1a      	ldr	r3, [pc, #104]	@ (200004b4 <hw_handle_buff_status+0x94>)
2000044a:	659e      	str	r6, [r3, #88]	@ 0x58
2000044c:	0863      	lsrs	r3, r4, #1
2000044e:	4699      	mov	r9, r3
20000450:	2301      	movs	r3, #1
20000452:	4023      	ands	r3, r4
20000454:	2201      	movs	r2, #1
20000456:	4053      	eors	r3, r2
20000458:	b2db      	uxtb	r3, r3
2000045a:	4698      	mov	r8, r3
2000045c:	464b      	mov	r3, r9
2000045e:	005d      	lsls	r5, r3, #1
20000460:	4445      	add	r5, r8
20000462:	016d      	lsls	r5, r5, #5
20000464:	4b14      	ldr	r3, [pc, #80]	@ (200004b8 <hw_handle_buff_status+0x98>)
20000466:	18ed      	adds	r5, r5, r3
20000468:	0028      	movs	r0, r5
2000046a:	f000 fa47 	bl	200008fc <hw_endpoint_xfer_continue>
2000046e:	2800      	cmp	r0, #0
20000470:	d0e0      	beq.n	20000434 <hw_handle_buff_status+0x14>
20000472:	4a11      	ldr	r2, [pc, #68]	@ (200004b8 <hw_handle_buff_status+0x98>)
20000474:	464b      	mov	r3, r9
20000476:	005b      	lsls	r3, r3, #1
20000478:	4443      	add	r3, r8
2000047a:	015b      	lsls	r3, r3, #5
2000047c:	18d3      	adds	r3, r2, r3
2000047e:	7899      	ldrb	r1, [r3, #2]
20000480:	8ada      	ldrh	r2, [r3, #22]
20000482:	a801      	add	r0, sp, #4
20000484:	2300      	movs	r3, #0
20000486:	4698      	mov	r8, r3
20000488:	7003      	strb	r3, [r0, #0]
2000048a:	3307      	adds	r3, #7
2000048c:	7043      	strb	r3, [r0, #1]
2000048e:	7101      	strb	r1, [r0, #4]
20000490:	6082      	str	r2, [r0, #8]
20000492:	4643      	mov	r3, r8
20000494:	7143      	strb	r3, [r0, #5]
20000496:	2101      	movs	r1, #1
20000498:	f000 fa50 	bl	2000093c <dcd_event_handler>
2000049c:	0028      	movs	r0, r5
2000049e:	f000 f9c3 	bl	20000828 <hw_endpoint_reset_transfer>
200004a2:	e7c7      	b.n	20000434 <hw_handle_buff_status+0x14>
200004a4:	b005      	add	sp, #20
200004a6:	bcc0      	pop	{r6, r7}
200004a8:	46b9      	mov	r9, r7
200004aa:	46b0      	mov	r8, r6
200004ac:	bdf0      	pop	{r4, r5, r6, r7, pc}
200004ae:	46c0      	nop			@ (mov r8, r8)
200004b0:	50110000 	.word	0x50110000
200004b4:	50113000 	.word	0x50113000
200004b8:	2000154c 	.word	0x2000154c

200004bc <dcd_rp2040_irq>:
200004bc:	b5f0      	push	{r4, r5, r6, r7, lr}
200004be:	46ce      	mov	lr, r9
200004c0:	4647      	mov	r7, r8
200004c2:	b580      	push	{r7, lr}
200004c4:	b085      	sub	sp, #20
200004c6:	4a75      	ldr	r2, [pc, #468]	@ (2000069c <dcd_rp2040_irq+0x1e0>)
200004c8:	2398      	movs	r3, #152	@ 0x98
200004ca:	58d5      	ldr	r5, [r2, r3]
200004cc:	2380      	movs	r3, #128	@ 0x80
200004ce:	029b      	lsls	r3, r3, #10
200004d0:	002f      	movs	r7, r5
200004d2:	401f      	ands	r7, r3
200004d4:	421d      	tst	r5, r3
200004d6:	d045      	beq.n	20000564 <dcd_rp2040_irq+0xa8>
200004d8:	4b71      	ldr	r3, [pc, #452]	@ (200006a0 <dcd_rp2040_irq+0x1e4>)
200004da:	6a9a      	ldr	r2, [r3, #40]	@ 0x28
200004dc:	4b71      	ldr	r3, [pc, #452]	@ (200006a4 <dcd_rp2040_irq+0x1e8>)
200004de:	601a      	str	r2, [r3, #0]
200004e0:	2400      	movs	r4, #0
200004e2:	2100      	movs	r1, #0
200004e4:	e009      	b.n	200004fa <dcd_rp2040_irq+0x3e>
200004e6:	4b70      	ldr	r3, [pc, #448]	@ (200006a8 <dcd_rp2040_irq+0x1ec>)
200004e8:	185b      	adds	r3, r3, r1
200004ea:	333c      	adds	r3, #60	@ 0x3c
200004ec:	2200      	movs	r2, #0
200004ee:	701a      	strb	r2, [r3, #0]
200004f0:	f000 f9c6 	bl	20000880 <hw_endpoint_start_next_buffer>
200004f4:	0031      	movs	r1, r6
200004f6:	3401      	adds	r4, #1
200004f8:	b2e4      	uxtb	r4, r4
200004fa:	2c0f      	cmp	r4, #15
200004fc:	d818      	bhi.n	20000530 <dcd_rp2040_irq+0x74>
200004fe:	01a6      	lsls	r6, r4, #6
20000500:	0030      	movs	r0, r6
20000502:	3020      	adds	r0, #32
20000504:	4b68      	ldr	r3, [pc, #416]	@ (200006a8 <dcd_rp2040_irq+0x1ec>)
20000506:	18c0      	adds	r0, r0, r3
20000508:	199b      	adds	r3, r3, r6
2000050a:	333b      	adds	r3, #59	@ 0x3b
2000050c:	781b      	ldrb	r3, [r3, #0]
2000050e:	2b02      	cmp	r3, #2
20000510:	d1f1      	bne.n	200004f6 <dcd_rp2040_irq+0x3a>
20000512:	4b65      	ldr	r3, [pc, #404]	@ (200006a8 <dcd_rp2040_irq+0x1ec>)
20000514:	199b      	adds	r3, r3, r6
20000516:	333a      	adds	r3, #58	@ 0x3a
20000518:	781e      	ldrb	r6, [r3, #0]
2000051a:	2e00      	cmp	r6, #0
2000051c:	d0eb      	beq.n	200004f6 <dcd_rp2040_irq+0x3a>
2000051e:	4b62      	ldr	r3, [pc, #392]	@ (200006a8 <dcd_rp2040_irq+0x1ec>)
20000520:	01a1      	lsls	r1, r4, #6
20000522:	185b      	adds	r3, r3, r1
20000524:	333c      	adds	r3, #60	@ 0x3c
20000526:	781b      	ldrb	r3, [r3, #0]
20000528:	2b00      	cmp	r3, #0
2000052a:	d1dc      	bne.n	200004e6 <dcd_rp2040_irq+0x2a>
2000052c:	0031      	movs	r1, r6
2000052e:	e7e2      	b.n	200004f6 <dcd_rp2040_irq+0x3a>
20000530:	2900      	cmp	r1, #0
20000532:	d108      	bne.n	20000546 <dcd_rp2040_irq+0x8a>
20000534:	4b5d      	ldr	r3, [pc, #372]	@ (200006ac <dcd_rp2040_irq+0x1f0>)
20000536:	781b      	ldrb	r3, [r3, #0]
20000538:	2b00      	cmp	r3, #0
2000053a:	d104      	bne.n	20000546 <dcd_rp2040_irq+0x8a>
2000053c:	4a5c      	ldr	r2, [pc, #368]	@ (200006b0 <dcd_rp2040_irq+0x1f4>)
2000053e:	3390      	adds	r3, #144	@ 0x90
20000540:	2180      	movs	r1, #128	@ 0x80
20000542:	0289      	lsls	r1, r1, #10
20000544:	50d1      	str	r1, [r2, r3]
20000546:	4b55      	ldr	r3, [pc, #340]	@ (2000069c <dcd_rp2040_irq+0x1e0>)
20000548:	6c9b      	ldr	r3, [r3, #72]	@ 0x48
2000054a:	055b      	lsls	r3, r3, #21
2000054c:	0d5b      	lsrs	r3, r3, #21
2000054e:	a801      	add	r0, sp, #4
20000550:	2200      	movs	r2, #0
20000552:	7002      	strb	r2, [r0, #0]
20000554:	3203      	adds	r2, #3
20000556:	7042      	strb	r2, [r0, #1]
20000558:	6043      	str	r3, [r0, #4]
2000055a:	2101      	movs	r1, #1
2000055c:	f000 f9ee 	bl	2000093c <dcd_event_handler>
20000560:	2780      	movs	r7, #128	@ 0x80
20000562:	02bf      	lsls	r7, r7, #10
20000564:	06eb      	lsls	r3, r5, #27
20000566:	d406      	bmi.n	20000576 <dcd_rp2040_irq+0xba>
20000568:	03eb      	lsls	r3, r5, #15
2000056a:	d551      	bpl.n	20000610 <dcd_rp2040_irq+0x154>
2000056c:	2380      	movs	r3, #128	@ 0x80
2000056e:	025b      	lsls	r3, r3, #9
20000570:	431f      	orrs	r7, r3
20000572:	2400      	movs	r4, #0
20000574:	e019      	b.n	200005aa <dcd_rp2040_irq+0xee>
20000576:	2310      	movs	r3, #16
20000578:	431f      	orrs	r7, r3
2000057a:	f7ff ff51 	bl	20000420 <hw_handle_buff_status>
2000057e:	e7f3      	b.n	20000568 <dcd_rp2040_irq+0xac>
20000580:	2302      	movs	r3, #2
20000582:	4699      	mov	r9, r3
20000584:	e01e      	b.n	200005c4 <dcd_rp2040_irq+0x108>
20000586:	4b4b      	ldr	r3, [pc, #300]	@ (200006b4 <dcd_rp2040_irq+0x1f8>)
20000588:	464a      	mov	r2, r9
2000058a:	661a      	str	r2, [r3, #96]	@ 0x60
2000058c:	4b43      	ldr	r3, [pc, #268]	@ (2000069c <dcd_rp2040_irq+0x1e0>)
2000058e:	6e5b      	ldr	r3, [r3, #100]	@ 0x64
20000590:	464a      	mov	r2, r9
20000592:	4013      	ands	r3, r2
20000594:	4599      	cmp	r9, r3
20000596:	d1f9      	bne.n	2000058c <dcd_rp2040_irq+0xd0>
20000598:	e018      	b.n	200005cc <dcd_rp2040_irq+0x110>
2000059a:	4b43      	ldr	r3, [pc, #268]	@ (200006a8 <dcd_rp2040_irq+0x1ec>)
2000059c:	4642      	mov	r2, r8
2000059e:	0152      	lsls	r2, r2, #5
200005a0:	189b      	adds	r3, r3, r2
200005a2:	2201      	movs	r2, #1
200005a4:	70da      	strb	r2, [r3, #3]
200005a6:	3401      	adds	r4, #1
200005a8:	b2e4      	uxtb	r4, r4
200005aa:	2c01      	cmp	r4, #1
200005ac:	d820      	bhi.n	200005f0 <dcd_rp2040_irq+0x134>
200005ae:	46a0      	mov	r8, r4
200005b0:	0166      	lsls	r6, r4, #5
200005b2:	4b3d      	ldr	r3, [pc, #244]	@ (200006a8 <dcd_rp2040_irq+0x1ec>)
200005b4:	18f6      	adds	r6, r6, r3
200005b6:	7eb3      	ldrb	r3, [r6, #26]
200005b8:	2b00      	cmp	r3, #0
200005ba:	d0ee      	beq.n	2000059a <dcd_rp2040_irq+0xde>
200005bc:	2c00      	cmp	r4, #0
200005be:	d0df      	beq.n	20000580 <dcd_rp2040_irq+0xc4>
200005c0:	2301      	movs	r3, #1
200005c2:	4699      	mov	r9, r3
200005c4:	f000 fae4 	bl	20000b90 <__rp2040_chip_version_veneer>
200005c8:	2801      	cmp	r0, #1
200005ca:	d8dc      	bhi.n	20000586 <dcd_rp2040_irq+0xca>
200005cc:	22c0      	movs	r2, #192	@ 0xc0
200005ce:	0192      	lsls	r2, r2, #6
200005d0:	2100      	movs	r1, #0
200005d2:	0030      	movs	r0, r6
200005d4:	f000 f92e 	bl	20000834 <_hw_endpoint_buffer_control_update32>
200005d8:	0030      	movs	r0, r6
200005da:	f000 f925 	bl	20000828 <hw_endpoint_reset_transfer>
200005de:	f000 fad7 	bl	20000b90 <__rp2040_chip_version_veneer>
200005e2:	2801      	cmp	r0, #1
200005e4:	d9d9      	bls.n	2000059a <dcd_rp2040_irq+0xde>
200005e6:	4b32      	ldr	r3, [pc, #200]	@ (200006b0 <dcd_rp2040_irq+0x1f4>)
200005e8:	464a      	mov	r2, r9
200005ea:	665a      	str	r2, [r3, #100]	@ 0x64
200005ec:	661a      	str	r2, [r3, #96]	@ 0x60
200005ee:	e7d4      	b.n	2000059a <dcd_rp2040_irq+0xde>
200005f0:	a801      	add	r0, sp, #4
200005f2:	2300      	movs	r3, #0
200005f4:	7003      	strb	r3, [r0, #0]
200005f6:	3306      	adds	r3, #6
200005f8:	7043      	strb	r3, [r0, #1]
200005fa:	4a2f      	ldr	r2, [pc, #188]	@ (200006b8 <dcd_rp2040_irq+0x1fc>)
200005fc:	ab02      	add	r3, sp, #8
200005fe:	ca12      	ldmia	r2!, {r1, r4}
20000600:	c312      	stmia	r3!, {r1, r4}
20000602:	2101      	movs	r1, #1
20000604:	f000 f99a 	bl	2000093c <dcd_event_handler>
20000608:	4b29      	ldr	r3, [pc, #164]	@ (200006b0 <dcd_rp2040_irq+0x1f4>)
2000060a:	2280      	movs	r2, #128	@ 0x80
2000060c:	0292      	lsls	r2, r2, #10
2000060e:	651a      	str	r2, [r3, #80]	@ 0x50
20000610:	04eb      	lsls	r3, r5, #19
20000612:	d40a      	bmi.n	2000062a <dcd_rp2040_irq+0x16e>
20000614:	046b      	lsls	r3, r5, #17
20000616:	d41d      	bmi.n	20000654 <dcd_rp2040_irq+0x198>
20000618:	042b      	lsls	r3, r5, #16
2000061a:	d42a      	bmi.n	20000672 <dcd_rp2040_irq+0x1b6>
2000061c:	42af      	cmp	r7, r5
2000061e:	d138      	bne.n	20000692 <dcd_rp2040_irq+0x1d6>
20000620:	b005      	add	sp, #20
20000622:	bcc0      	pop	{r6, r7}
20000624:	46b9      	mov	r9, r7
20000626:	46b0      	mov	r8, r6
20000628:	bdf0      	pop	{r4, r5, r6, r7, pc}
2000062a:	2380      	movs	r3, #128	@ 0x80
2000062c:	015b      	lsls	r3, r3, #5
2000062e:	431f      	orrs	r7, r3
20000630:	2400      	movs	r4, #0
20000632:	4b1a      	ldr	r3, [pc, #104]	@ (2000069c <dcd_rp2040_irq+0x1e0>)
20000634:	601c      	str	r4, [r3, #0]
20000636:	f7ff fed3 	bl	200003e0 <reset_non_control_endpoints>
2000063a:	a801      	add	r0, sp, #4
2000063c:	7004      	strb	r4, [r0, #0]
2000063e:	2301      	movs	r3, #1
20000640:	7043      	strb	r3, [r0, #1]
20000642:	7104      	strb	r4, [r0, #4]
20000644:	2101      	movs	r1, #1
20000646:	f000 f979 	bl	2000093c <dcd_event_handler>
2000064a:	4b19      	ldr	r3, [pc, #100]	@ (200006b0 <dcd_rp2040_irq+0x1f4>)
2000064c:	2280      	movs	r2, #128	@ 0x80
2000064e:	0312      	lsls	r2, r2, #12
20000650:	651a      	str	r2, [r3, #80]	@ 0x50
20000652:	e7df      	b.n	20000614 <dcd_rp2040_irq+0x158>
20000654:	2380      	movs	r3, #128	@ 0x80
20000656:	01db      	lsls	r3, r3, #7
20000658:	431f      	orrs	r7, r3
2000065a:	a801      	add	r0, sp, #4
2000065c:	2300      	movs	r3, #0
2000065e:	7003      	strb	r3, [r0, #0]
20000660:	3304      	adds	r3, #4
20000662:	7043      	strb	r3, [r0, #1]
20000664:	2101      	movs	r1, #1
20000666:	f000 f969 	bl	2000093c <dcd_event_handler>
2000066a:	4b11      	ldr	r3, [pc, #68]	@ (200006b0 <dcd_rp2040_irq+0x1f4>)
2000066c:	2210      	movs	r2, #16
2000066e:	651a      	str	r2, [r3, #80]	@ 0x50
20000670:	e7d2      	b.n	20000618 <dcd_rp2040_irq+0x15c>
20000672:	2380      	movs	r3, #128	@ 0x80
20000674:	021b      	lsls	r3, r3, #8
20000676:	431f      	orrs	r7, r3
20000678:	a801      	add	r0, sp, #4
2000067a:	2300      	movs	r3, #0
2000067c:	7003      	strb	r3, [r0, #0]
2000067e:	3305      	adds	r3, #5
20000680:	7043      	strb	r3, [r0, #1]
20000682:	2101      	movs	r1, #1
20000684:	f000 f95a 	bl	2000093c <dcd_event_handler>
20000688:	4b09      	ldr	r3, [pc, #36]	@ (200006b0 <dcd_rp2040_irq+0x1f4>)
2000068a:	2280      	movs	r2, #128	@ 0x80
2000068c:	0112      	lsls	r2, r2, #4
2000068e:	651a      	str	r2, [r3, #80]	@ 0x50
20000690:	e7c4      	b.n	2000061c <dcd_rp2040_irq+0x160>
20000692:	0039      	movs	r1, r7
20000694:	4069      	eors	r1, r5
20000696:	4809      	ldr	r0, [pc, #36]	@ (200006bc <dcd_rp2040_irq+0x200>)
20000698:	f000 fa5a 	bl	20000b50 <__panic_veneer>
2000069c:	50110000 	.word	0x50110000
200006a0:	40054000 	.word	0x40054000
200006a4:	20001544 	.word	0x20001544
200006a8:	2000154c 	.word	0x2000154c
200006ac:	20001bae 	.word	0x20001bae
200006b0:	50113000 	.word	0x50113000
200006b4:	50112000 	.word	0x50112000
200006b8:	50100000 	.word	0x50100000
200006bc:	10007098 	.word	0x10007098

200006c0 <prepare_ep_buffer>:
200006c0:	b5f8      	push	{r3, r4, r5, r6, r7, lr}
200006c2:	0004      	movs	r4, r0
200006c4:	000f      	movs	r7, r1
200006c6:	8a83      	ldrh	r3, [r0, #20]
200006c8:	8b02      	ldrh	r2, [r0, #24]
200006ca:	1c1e      	adds	r6, r3, #0
200006cc:	4293      	cmp	r3, r2
200006ce:	d900      	bls.n	200006d2 <prepare_ep_buffer+0x12>
200006d0:	1c16      	adds	r6, r2, #0
200006d2:	b2b6      	uxth	r6, r6
200006d4:	1b9b      	subs	r3, r3, r6
200006d6:	82a3      	strh	r3, [r4, #20]
200006d8:	2280      	movs	r2, #128	@ 0x80
200006da:	00d2      	lsls	r2, r2, #3
200006dc:	4332      	orrs	r2, r6
200006de:	78e3      	ldrb	r3, [r4, #3]
200006e0:	2b00      	cmp	r3, #0
200006e2:	d013      	beq.n	2000070c <prepare_ep_buffer+0x4c>
200006e4:	2580      	movs	r5, #128	@ 0x80
200006e6:	01ad      	lsls	r5, r5, #6
200006e8:	4315      	orrs	r5, r2
200006ea:	2201      	movs	r2, #1
200006ec:	4053      	eors	r3, r2
200006ee:	70e3      	strb	r3, [r4, #3]
200006f0:	7863      	ldrb	r3, [r4, #1]
200006f2:	2b00      	cmp	r3, #0
200006f4:	d00c      	beq.n	20000710 <prepare_ep_buffer+0x50>
200006f6:	8aa3      	ldrh	r3, [r4, #20]
200006f8:	2b00      	cmp	r3, #0
200006fa:	d102      	bne.n	20000702 <prepare_ep_buffer+0x42>
200006fc:	2380      	movs	r3, #128	@ 0x80
200006fe:	01db      	lsls	r3, r3, #7
20000700:	431d      	orrs	r5, r3
20000702:	2f00      	cmp	r7, #0
20000704:	d000      	beq.n	20000708 <prepare_ep_buffer+0x48>
20000706:	042d      	lsls	r5, r5, #16
20000708:	0028      	movs	r0, r5
2000070a:	bdf8      	pop	{r3, r4, r5, r6, r7, pc}
2000070c:	2500      	movs	r5, #0
2000070e:	e7eb      	b.n	200006e8 <prepare_ep_buffer+0x28>
20000710:	68e0      	ldr	r0, [r4, #12]
20000712:	01bb      	lsls	r3, r7, #6
20000714:	18c0      	adds	r0, r0, r3
20000716:	6921      	ldr	r1, [r4, #16]
20000718:	0032      	movs	r2, r6
2000071a:	f000 fa29 	bl	20000b70 <__unaligned_memcpy_veneer>
2000071e:	6923      	ldr	r3, [r4, #16]
20000720:	199b      	adds	r3, r3, r6
20000722:	6123      	str	r3, [r4, #16]
20000724:	2380      	movs	r3, #128	@ 0x80
20000726:	021b      	lsls	r3, r3, #8
20000728:	431d      	orrs	r5, r3
2000072a:	e7e4      	b.n	200006f6 <prepare_ep_buffer+0x36>

2000072c <e15_is_bulkin_ep>:
2000072c:	4b09      	ldr	r3, [pc, #36]	@ (20000754 <e15_is_bulkin_ep+0x28>)
2000072e:	6c1b      	ldr	r3, [r3, #64]	@ 0x40
20000730:	079b      	lsls	r3, r3, #30
20000732:	d40c      	bmi.n	2000074e <e15_is_bulkin_ep+0x22>
20000734:	7883      	ldrb	r3, [r0, #2]
20000736:	09db      	lsrs	r3, r3, #7
20000738:	2b01      	cmp	r3, #1
2000073a:	d001      	beq.n	20000740 <e15_is_bulkin_ep+0x14>
2000073c:	2000      	movs	r0, #0
2000073e:	e007      	b.n	20000750 <e15_is_bulkin_ep+0x24>
20000740:	7ec3      	ldrb	r3, [r0, #27]
20000742:	2b02      	cmp	r3, #2
20000744:	d001      	beq.n	2000074a <e15_is_bulkin_ep+0x1e>
20000746:	2000      	movs	r0, #0
20000748:	e002      	b.n	20000750 <e15_is_bulkin_ep+0x24>
2000074a:	2001      	movs	r0, #1
2000074c:	e000      	b.n	20000750 <e15_is_bulkin_ep+0x24>
2000074e:	2000      	movs	r0, #0
20000750:	4770      	bx	lr
20000752:	46c0      	nop			@ (mov r8, r8)
20000754:	50110000 	.word	0x50110000

20000758 <e15_is_critical_frame_period>:
20000758:	b510      	push	{r4, lr}
2000075a:	f7ff ffe7 	bl	2000072c <e15_is_bulkin_ep>
2000075e:	2800      	cmp	r0, #0
20000760:	d009      	beq.n	20000776 <e15_is_critical_frame_period+0x1e>
20000762:	4b06      	ldr	r3, [pc, #24]	@ (2000077c <e15_is_critical_frame_period+0x24>)
20000764:	6a9b      	ldr	r3, [r3, #40]	@ 0x28
20000766:	4a06      	ldr	r2, [pc, #24]	@ (20000780 <e15_is_critical_frame_period+0x28>)
20000768:	6812      	ldr	r2, [r2, #0]
2000076a:	1a9b      	subs	r3, r3, r2
2000076c:	4a05      	ldr	r2, [pc, #20]	@ (20000784 <e15_is_critical_frame_period+0x2c>)
2000076e:	4694      	mov	ip, r2
20000770:	4463      	add	r3, ip
20000772:	2bc6      	cmp	r3, #198	@ 0xc6
20000774:	d800      	bhi.n	20000778 <e15_is_critical_frame_period+0x20>
20000776:	bd10      	pop	{r4, pc}
20000778:	2000      	movs	r0, #0
2000077a:	e7fc      	b.n	20000776 <e15_is_critical_frame_period+0x1e>
2000077c:	40054000 	.word	0x40054000
20000780:	20001544 	.word	0x20001544
20000784:	fffffce0 	.word	0xfffffce0

20000788 <sync_ep_buffer>:
20000788:	b570      	push	{r4, r5, r6, lr}
2000078a:	0004      	movs	r4, r0
2000078c:	6883      	ldr	r3, [r0, #8]
2000078e:	681b      	ldr	r3, [r3, #0]
20000790:	2900      	cmp	r1, #0
20000792:	d000      	beq.n	20000796 <sync_ep_buffer+0xe>
20000794:	0c1b      	lsrs	r3, r3, #16
20000796:	059d      	lsls	r5, r3, #22
20000798:	0dad      	lsrs	r5, r5, #22
2000079a:	7862      	ldrb	r2, [r4, #1]
2000079c:	2a00      	cmp	r2, #0
2000079e:	d111      	bne.n	200007c4 <sync_ep_buffer+0x3c>
200007a0:	041b      	lsls	r3, r3, #16
200007a2:	d409      	bmi.n	200007b8 <sync_ep_buffer+0x30>
200007a4:	8ae3      	ldrh	r3, [r4, #22]
200007a6:	195b      	adds	r3, r3, r5
200007a8:	82e3      	strh	r3, [r4, #22]
200007aa:	8b23      	ldrh	r3, [r4, #24]
200007ac:	42ab      	cmp	r3, r5
200007ae:	d901      	bls.n	200007b4 <sync_ep_buffer+0x2c>
200007b0:	2300      	movs	r3, #0
200007b2:	82a3      	strh	r3, [r4, #20]
200007b4:	0028      	movs	r0, r5
200007b6:	bd70      	pop	{r4, r5, r6, pc}
200007b8:	4b0d      	ldr	r3, [pc, #52]	@ (200007f0 <sync_ep_buffer+0x68>)
200007ba:	4a0e      	ldr	r2, [pc, #56]	@ (200007f4 <sync_ep_buffer+0x6c>)
200007bc:	480e      	ldr	r0, [pc, #56]	@ (200007f8 <sync_ep_buffer+0x70>)
200007be:	21e8      	movs	r1, #232	@ 0xe8
200007c0:	f000 fa06 	bl	20000bd0 <____assert_func_veneer>
200007c4:	041b      	lsls	r3, r3, #16
200007c6:	d50d      	bpl.n	200007e4 <sync_ep_buffer+0x5c>
200007c8:	6920      	ldr	r0, [r4, #16]
200007ca:	68e3      	ldr	r3, [r4, #12]
200007cc:	0189      	lsls	r1, r1, #6
200007ce:	1859      	adds	r1, r3, r1
200007d0:	002a      	movs	r2, r5
200007d2:	f000 f9cd 	bl	20000b70 <__unaligned_memcpy_veneer>
200007d6:	8ae3      	ldrh	r3, [r4, #22]
200007d8:	195b      	adds	r3, r3, r5
200007da:	82e3      	strh	r3, [r4, #22]
200007dc:	6923      	ldr	r3, [r4, #16]
200007de:	195b      	adds	r3, r3, r5
200007e0:	6123      	str	r3, [r4, #16]
200007e2:	e7e2      	b.n	200007aa <sync_ep_buffer+0x22>
200007e4:	4b05      	ldr	r3, [pc, #20]	@ (200007fc <sync_ep_buffer+0x74>)
200007e6:	4a03      	ldr	r2, [pc, #12]	@ (200007f4 <sync_ep_buffer+0x6c>)
200007e8:	4803      	ldr	r0, [pc, #12]	@ (200007f8 <sync_ep_buffer+0x70>)
200007ea:	21ee      	movs	r1, #238	@ 0xee
200007ec:	f000 f9f0 	bl	20000bd0 <____assert_func_veneer>
200007f0:	100070b8 	.word	0x100070b8
200007f4:	1000775c 	.word	0x1000775c
200007f8:	100070d8 	.word	0x100070d8
200007fc:	1000713c 	.word	0x1000713c

20000800 <_hw_endpoint_xfer_sync>:
20000800:	b510      	push	{r4, lr}
20000802:	0004      	movs	r4, r0
20000804:	6883      	ldr	r3, [r0, #8]
20000806:	681b      	ldr	r3, [r3, #0]
20000808:	2100      	movs	r1, #0
2000080a:	f7ff ffbd 	bl	20000788 <sync_ep_buffer>
2000080e:	6863      	ldr	r3, [r4, #4]
20000810:	681b      	ldr	r3, [r3, #0]
20000812:	005b      	lsls	r3, r3, #1
20000814:	d502      	bpl.n	2000081c <_hw_endpoint_xfer_sync+0x1c>
20000816:	8b23      	ldrh	r3, [r4, #24]
20000818:	4283      	cmp	r3, r0
2000081a:	d000      	beq.n	2000081e <_hw_endpoint_xfer_sync+0x1e>
2000081c:	bd10      	pop	{r4, pc}
2000081e:	2101      	movs	r1, #1
20000820:	0020      	movs	r0, r4
20000822:	f7ff ffb1 	bl	20000788 <sync_ep_buffer>
20000826:	e7f9      	b.n	2000081c <_hw_endpoint_xfer_sync+0x1c>

20000828 <hw_endpoint_reset_transfer>:
20000828:	2300      	movs	r3, #0
2000082a:	7683      	strb	r3, [r0, #26]
2000082c:	8283      	strh	r3, [r0, #20]
2000082e:	82c3      	strh	r3, [r0, #22]
20000830:	6103      	str	r3, [r0, #16]
20000832:	4770      	bx	lr

20000834 <_hw_endpoint_buffer_control_update32>:
20000834:	b510      	push	{r4, lr}
20000836:	2900      	cmp	r1, #0
20000838:	d002      	beq.n	20000840 <_hw_endpoint_buffer_control_update32+0xc>
2000083a:	6883      	ldr	r3, [r0, #8]
2000083c:	681b      	ldr	r3, [r3, #0]
2000083e:	4019      	ands	r1, r3
20000840:	2a00      	cmp	r2, #0
20000842:	d010      	beq.n	20000866 <_hw_endpoint_buffer_control_update32+0x32>
20000844:	4311      	orrs	r1, r2
20000846:	0552      	lsls	r2, r2, #21
20000848:	d50d      	bpl.n	20000866 <_hw_endpoint_buffer_control_update32+0x32>
2000084a:	6882      	ldr	r2, [r0, #8]
2000084c:	6813      	ldr	r3, [r2, #0]
2000084e:	055b      	lsls	r3, r3, #21
20000850:	d40c      	bmi.n	2000086c <_hw_endpoint_buffer_control_update32+0x38>
20000852:	4b08      	ldr	r3, [pc, #32]	@ (20000874 <_hw_endpoint_buffer_control_update32+0x40>)
20000854:	400b      	ands	r3, r1
20000856:	6013      	str	r3, [r2, #0]
20000858:	4b07      	ldr	r3, [pc, #28]	@ (20000878 <_hw_endpoint_buffer_control_update32+0x44>)
2000085a:	6c1b      	ldr	r3, [r3, #64]	@ 0x40
2000085c:	079b      	lsls	r3, r3, #30
2000085e:	d402      	bmi.n	20000866 <_hw_endpoint_buffer_control_update32+0x32>
20000860:	230c      	movs	r3, #12
20000862:	3b03      	subs	r3, #3
20000864:	d2fd      	bcs.n	20000862 <_hw_endpoint_buffer_control_update32+0x2e>
20000866:	6883      	ldr	r3, [r0, #8]
20000868:	6019      	str	r1, [r3, #0]
2000086a:	bd10      	pop	{r4, pc}
2000086c:	7881      	ldrb	r1, [r0, #2]
2000086e:	4803      	ldr	r0, [pc, #12]	@ (2000087c <_hw_endpoint_buffer_control_update32+0x48>)
20000870:	f000 f96e 	bl	20000b50 <__panic_veneer>
20000874:	fffffbff 	.word	0xfffffbff
20000878:	50110000 	.word	0x50110000
2000087c:	1000715c 	.word	0x1000715c

20000880 <hw_endpoint_start_next_buffer>:
20000880:	b570      	push	{r4, r5, r6, lr}
20000882:	0004      	movs	r4, r0
20000884:	6843      	ldr	r3, [r0, #4]
20000886:	681e      	ldr	r6, [r3, #0]
20000888:	2100      	movs	r1, #0
2000088a:	f7ff ff19 	bl	200006c0 <prepare_ep_buffer>
2000088e:	2580      	movs	r5, #128	@ 0x80
20000890:	016d      	lsls	r5, r5, #5
20000892:	4305      	orrs	r5, r0
20000894:	4b16      	ldr	r3, [pc, #88]	@ (200008f0 <hw_endpoint_start_next_buffer+0x70>)
20000896:	6c1b      	ldr	r3, [r3, #64]	@ 0x40
20000898:	079b      	lsls	r3, r3, #30
2000089a:	d515      	bpl.n	200008c8 <hw_endpoint_start_next_buffer+0x48>
2000089c:	78a3      	ldrb	r3, [r4, #2]
2000089e:	065b      	lsls	r3, r3, #25
200008a0:	d117      	bne.n	200008d2 <hw_endpoint_start_next_buffer+0x52>
200008a2:	2300      	movs	r3, #0
200008a4:	8aa2      	ldrh	r2, [r4, #20]
200008a6:	2a00      	cmp	r2, #0
200008a8:	d001      	beq.n	200008ae <hw_endpoint_start_next_buffer+0x2e>
200008aa:	2b00      	cmp	r3, #0
200008ac:	d015      	beq.n	200008da <hw_endpoint_start_next_buffer+0x5a>
200008ae:	4b11      	ldr	r3, [pc, #68]	@ (200008f4 <hw_endpoint_start_next_buffer+0x74>)
200008b0:	401e      	ands	r6, r3
200008b2:	2380      	movs	r3, #128	@ 0x80
200008b4:	059b      	lsls	r3, r3, #22
200008b6:	4333      	orrs	r3, r6
200008b8:	6862      	ldr	r2, [r4, #4]
200008ba:	6013      	str	r3, [r2, #0]
200008bc:	002a      	movs	r2, r5
200008be:	2100      	movs	r1, #0
200008c0:	0020      	movs	r0, r4
200008c2:	f7ff ffb7 	bl	20000834 <_hw_endpoint_buffer_control_update32>
200008c6:	bd70      	pop	{r4, r5, r6, pc}
200008c8:	78a3      	ldrb	r3, [r4, #2]
200008ca:	09db      	lsrs	r3, r3, #7
200008cc:	d103      	bne.n	200008d6 <hw_endpoint_start_next_buffer+0x56>
200008ce:	3301      	adds	r3, #1
200008d0:	e7e8      	b.n	200008a4 <hw_endpoint_start_next_buffer+0x24>
200008d2:	2301      	movs	r3, #1
200008d4:	e7e6      	b.n	200008a4 <hw_endpoint_start_next_buffer+0x24>
200008d6:	2300      	movs	r3, #0
200008d8:	e7e4      	b.n	200008a4 <hw_endpoint_start_next_buffer+0x24>
200008da:	2101      	movs	r1, #1
200008dc:	0020      	movs	r0, r4
200008de:	f7ff feef 	bl	200006c0 <prepare_ep_buffer>
200008e2:	4305      	orrs	r5, r0
200008e4:	4a04      	ldr	r2, [pc, #16]	@ (200008f8 <hw_endpoint_start_next_buffer+0x78>)
200008e6:	4032      	ands	r2, r6
200008e8:	23a0      	movs	r3, #160	@ 0xa0
200008ea:	05db      	lsls	r3, r3, #23
200008ec:	4313      	orrs	r3, r2
200008ee:	e7e3      	b.n	200008b8 <hw_endpoint_start_next_buffer+0x38>
200008f0:	50110000 	.word	0x50110000
200008f4:	afffffff 	.word	0xafffffff
200008f8:	dfffffff 	.word	0xdfffffff

200008fc <hw_endpoint_xfer_continue>:
200008fc:	b570      	push	{r4, r5, r6, lr}
200008fe:	0004      	movs	r4, r0
20000900:	7e85      	ldrb	r5, [r0, #26]
20000902:	2d00      	cmp	r5, #0
20000904:	d006      	beq.n	20000914 <hw_endpoint_xfer_continue+0x18>
20000906:	f7ff ff7b 	bl	20000800 <_hw_endpoint_xfer_sync>
2000090a:	8aa3      	ldrh	r3, [r4, #20]
2000090c:	2b00      	cmp	r3, #0
2000090e:	d105      	bne.n	2000091c <hw_endpoint_xfer_continue+0x20>
20000910:	0028      	movs	r0, r5
20000912:	bd70      	pop	{r4, r5, r6, pc}
20000914:	7881      	ldrb	r1, [r0, #2]
20000916:	4808      	ldr	r0, [pc, #32]	@ (20000938 <hw_endpoint_xfer_continue+0x3c>)
20000918:	f000 f91a 	bl	20000b50 <__panic_veneer>
2000091c:	0020      	movs	r0, r4
2000091e:	f7ff ff1b 	bl	20000758 <e15_is_critical_frame_period>
20000922:	1e05      	subs	r5, r0, #0
20000924:	d003      	beq.n	2000092e <hw_endpoint_xfer_continue+0x32>
20000926:	2301      	movs	r3, #1
20000928:	7723      	strb	r3, [r4, #28]
2000092a:	2500      	movs	r5, #0
2000092c:	e7f0      	b.n	20000910 <hw_endpoint_xfer_continue+0x14>
2000092e:	0020      	movs	r0, r4
20000930:	f7ff ffa6 	bl	20000880 <hw_endpoint_start_next_buffer>
20000934:	e7ec      	b.n	20000910 <hw_endpoint_xfer_continue+0x14>
20000936:	46c0      	nop			@ (mov r8, r8)
20000938:	1000717c 	.word	0x1000717c

2000093c <dcd_event_handler>:
2000093c:	b570      	push	{r4, r5, r6, lr}
2000093e:	b084      	sub	sp, #16
20000940:	0006      	movs	r6, r0
20000942:	000d      	movs	r5, r1
20000944:	7843      	ldrb	r3, [r0, #1]
20000946:	2b06      	cmp	r3, #6
20000948:	d812      	bhi.n	20000970 <dcd_event_handler+0x34>
2000094a:	009b      	lsls	r3, r3, #2
2000094c:	4a72      	ldr	r2, [pc, #456]	@ (20000b18 <dcd_event_handler+0x1dc>)
2000094e:	58d3      	ldr	r3, [r2, r3]
20000950:	469f      	mov	pc, r3
20000952:	4b72      	ldr	r3, [pc, #456]	@ (20000b1c <dcd_event_handler+0x1e0>)
20000954:	781a      	ldrb	r2, [r3, #0]
20000956:	2101      	movs	r1, #1
20000958:	438a      	bics	r2, r1
2000095a:	701a      	strb	r2, [r3, #0]
2000095c:	781a      	ldrb	r2, [r3, #0]
2000095e:	3101      	adds	r1, #1
20000960:	438a      	bics	r2, r1
20000962:	701a      	strb	r2, [r3, #0]
20000964:	2200      	movs	r2, #0
20000966:	705a      	strb	r2, [r3, #1]
20000968:	781a      	ldrb	r2, [r3, #0]
2000096a:	3102      	adds	r1, #2
2000096c:	438a      	bics	r2, r1
2000096e:	701a      	strb	r2, [r3, #0]
20000970:	4b6b      	ldr	r3, [pc, #428]	@ (20000b20 <dcd_event_handler+0x1e4>)
20000972:	681c      	ldr	r4, [r3, #0]
20000974:	6962      	ldr	r2, [r4, #20]
20000976:	f3ef 8110 	mrs	r1, PRIMASK
2000097a:	b672      	cpsid	i
2000097c:	6813      	ldr	r3, [r2, #0]
2000097e:	2b00      	cmp	r3, #0
20000980:	d0fc      	beq.n	2000097c <dcd_event_handler+0x40>
20000982:	f3bf 8f5f 	dmb	sy
20000986:	61a1      	str	r1, [r4, #24]
20000988:	0031      	movs	r1, r6
2000098a:	0020      	movs	r0, r4
2000098c:	f000 f928 	bl	20000be0 <__tu_fifo_write_veneer>
20000990:	6962      	ldr	r2, [r4, #20]
20000992:	69a3      	ldr	r3, [r4, #24]
20000994:	f3bf 8f5f 	dmb	sy
20000998:	2100      	movs	r1, #0
2000099a:	6011      	str	r1, [r2, #0]
2000099c:	f383 8810 	msr	PRIMASK, r3
200009a0:	2800      	cmp	r0, #0
200009a2:	d100      	bne.n	200009a6 <dcd_event_handler+0x6a>
200009a4:	e0b0      	b.n	20000b08 <dcd_event_handler+0x1cc>
200009a6:	7830      	ldrb	r0, [r6, #0]
200009a8:	7871      	ldrb	r1, [r6, #1]
200009aa:	002a      	movs	r2, r5
200009ac:	f000 f8f8 	bl	20000ba0 <__tud_event_hook_cb_veneer>
200009b0:	b004      	add	sp, #16
200009b2:	bd70      	pop	{r4, r5, r6, pc}
200009b4:	4b59      	ldr	r3, [pc, #356]	@ (20000b1c <dcd_event_handler+0x1e0>)
200009b6:	781b      	ldrb	r3, [r3, #0]
200009b8:	07db      	lsls	r3, r3, #31
200009ba:	d5f9      	bpl.n	200009b0 <dcd_event_handler+0x74>
200009bc:	4a57      	ldr	r2, [pc, #348]	@ (20000b1c <dcd_event_handler+0x1e0>)
200009be:	7813      	ldrb	r3, [r2, #0]
200009c0:	2104      	movs	r1, #4
200009c2:	430b      	orrs	r3, r1
200009c4:	7013      	strb	r3, [r2, #0]
200009c6:	e7d3      	b.n	20000970 <dcd_event_handler+0x34>
200009c8:	4b54      	ldr	r3, [pc, #336]	@ (20000b1c <dcd_event_handler+0x1e0>)
200009ca:	781b      	ldrb	r3, [r3, #0]
200009cc:	07db      	lsls	r3, r3, #31
200009ce:	d5ef      	bpl.n	200009b0 <dcd_event_handler+0x74>
200009d0:	4a52      	ldr	r2, [pc, #328]	@ (20000b1c <dcd_event_handler+0x1e0>)
200009d2:	7813      	ldrb	r3, [r2, #0]
200009d4:	2104      	movs	r1, #4
200009d6:	438b      	bics	r3, r1
200009d8:	7013      	strb	r3, [r2, #0]
200009da:	e7c9      	b.n	20000970 <dcd_event_handler+0x34>
200009dc:	1a9b      	subs	r3, r3, r2
200009de:	015b      	lsls	r3, r3, #5
200009e0:	4a50      	ldr	r2, [pc, #320]	@ (20000b24 <dcd_event_handler+0x1e8>)
200009e2:	189b      	adds	r3, r3, r2
200009e4:	69db      	ldr	r3, [r3, #28]
200009e6:	2b00      	cmp	r3, #0
200009e8:	d002      	beq.n	200009f0 <dcd_event_handler+0xb4>
200009ea:	7830      	ldrb	r0, [r6, #0]
200009ec:	6871      	ldr	r1, [r6, #4]
200009ee:	4798      	blx	r3
200009f0:	3401      	adds	r4, #1
200009f2:	b2e4      	uxtb	r4, r4
200009f4:	4b4c      	ldr	r3, [pc, #304]	@ (20000b28 <dcd_event_handler+0x1ec>)
200009f6:	781a      	ldrb	r2, [r3, #0]
200009f8:	0023      	movs	r3, r4
200009fa:	1c51      	adds	r1, r2, #1
200009fc:	42a1      	cmp	r1, r4
200009fe:	db0a      	blt.n	20000a16 <dcd_event_handler+0xda>
20000a00:	42a2      	cmp	r2, r4
20000a02:	d9eb      	bls.n	200009dc <dcd_event_handler+0xa0>
20000a04:	4b49      	ldr	r3, [pc, #292]	@ (20000b2c <dcd_event_handler+0x1f0>)
20000a06:	681b      	ldr	r3, [r3, #0]
20000a08:	0162      	lsls	r2, r4, #5
20000a0a:	189b      	adds	r3, r3, r2
20000a0c:	2b00      	cmp	r3, #0
20000a0e:	d1e9      	bne.n	200009e4 <dcd_event_handler+0xa8>
20000a10:	e7ee      	b.n	200009f0 <dcd_event_handler+0xb4>
20000a12:	2400      	movs	r4, #0
20000a14:	e7ee      	b.n	200009f4 <dcd_event_handler+0xb8>
20000a16:	4b41      	ldr	r3, [pc, #260]	@ (20000b1c <dcd_event_handler+0x1e0>)
20000a18:	781b      	ldrb	r3, [r3, #0]
20000a1a:	075b      	lsls	r3, r3, #29
20000a1c:	d52e      	bpl.n	20000a7c <dcd_event_handler+0x140>
20000a1e:	4a3f      	ldr	r2, [pc, #252]	@ (20000b1c <dcd_event_handler+0x1e0>)
20000a20:	7813      	ldrb	r3, [r2, #0]
20000a22:	2104      	movs	r1, #4
20000a24:	438b      	bics	r3, r1
20000a26:	7013      	strb	r3, [r2, #0]
20000a28:	ac01      	add	r4, sp, #4
20000a2a:	220c      	movs	r2, #12
20000a2c:	2100      	movs	r1, #0
20000a2e:	0020      	movs	r0, r4
20000a30:	f000 f8be 	bl	20000bb0 <____wrap_memset_veneer>
20000a34:	7833      	ldrb	r3, [r6, #0]
20000a36:	7023      	strb	r3, [r4, #0]
20000a38:	2305      	movs	r3, #5
20000a3a:	7063      	strb	r3, [r4, #1]
20000a3c:	4b38      	ldr	r3, [pc, #224]	@ (20000b20 <dcd_event_handler+0x1e4>)
20000a3e:	681c      	ldr	r4, [r3, #0]
20000a40:	6962      	ldr	r2, [r4, #20]
20000a42:	f3ef 8110 	mrs	r1, PRIMASK
20000a46:	b672      	cpsid	i
20000a48:	6813      	ldr	r3, [r2, #0]
20000a4a:	2b00      	cmp	r3, #0
20000a4c:	d0fc      	beq.n	20000a48 <dcd_event_handler+0x10c>
20000a4e:	f3bf 8f5f 	dmb	sy
20000a52:	61a1      	str	r1, [r4, #24]
20000a54:	a901      	add	r1, sp, #4
20000a56:	0020      	movs	r0, r4
20000a58:	f000 f8c2 	bl	20000be0 <__tu_fifo_write_veneer>
20000a5c:	6962      	ldr	r2, [r4, #20]
20000a5e:	69a3      	ldr	r3, [r4, #24]
20000a60:	f3bf 8f5f 	dmb	sy
20000a64:	2100      	movs	r1, #0
20000a66:	6011      	str	r1, [r2, #0]
20000a68:	f383 8810 	msr	PRIMASK, r3
20000a6c:	2800      	cmp	r0, #0
20000a6e:	d037      	beq.n	20000ae0 <dcd_event_handler+0x1a4>
20000a70:	ab01      	add	r3, sp, #4
20000a72:	7818      	ldrb	r0, [r3, #0]
20000a74:	7859      	ldrb	r1, [r3, #1]
20000a76:	002a      	movs	r2, r5
20000a78:	f000 f892 	bl	20000ba0 <__tud_event_hook_cb_veneer>
20000a7c:	4b27      	ldr	r3, [pc, #156]	@ (20000b1c <dcd_event_handler+0x1e0>)
20000a7e:	78db      	ldrb	r3, [r3, #3]
20000a80:	07db      	lsls	r3, r3, #31
20000a82:	d400      	bmi.n	20000a86 <dcd_event_handler+0x14a>
20000a84:	e794      	b.n	200009b0 <dcd_event_handler+0x74>
20000a86:	ac01      	add	r4, sp, #4
20000a88:	220c      	movs	r2, #12
20000a8a:	2100      	movs	r1, #0
20000a8c:	0020      	movs	r0, r4
20000a8e:	f000 f88f 	bl	20000bb0 <____wrap_memset_veneer>
20000a92:	7833      	ldrb	r3, [r6, #0]
20000a94:	7023      	strb	r3, [r4, #0]
20000a96:	2303      	movs	r3, #3
20000a98:	7063      	strb	r3, [r4, #1]
20000a9a:	6873      	ldr	r3, [r6, #4]
20000a9c:	9302      	str	r3, [sp, #8]
20000a9e:	4b20      	ldr	r3, [pc, #128]	@ (20000b20 <dcd_event_handler+0x1e4>)
20000aa0:	681c      	ldr	r4, [r3, #0]
20000aa2:	6962      	ldr	r2, [r4, #20]
20000aa4:	f3ef 8110 	mrs	r1, PRIMASK
20000aa8:	b672      	cpsid	i
20000aaa:	6813      	ldr	r3, [r2, #0]
20000aac:	2b00      	cmp	r3, #0
20000aae:	d0fc      	beq.n	20000aaa <dcd_event_handler+0x16e>
20000ab0:	f3bf 8f5f 	dmb	sy
20000ab4:	61a1      	str	r1, [r4, #24]
20000ab6:	a901      	add	r1, sp, #4
20000ab8:	0020      	movs	r0, r4
20000aba:	f000 f891 	bl	20000be0 <__tu_fifo_write_veneer>
20000abe:	6962      	ldr	r2, [r4, #20]
20000ac0:	69a3      	ldr	r3, [r4, #24]
20000ac2:	f3bf 8f5f 	dmb	sy
20000ac6:	2100      	movs	r1, #0
20000ac8:	6011      	str	r1, [r2, #0]
20000aca:	f383 8810 	msr	PRIMASK, r3
20000ace:	2800      	cmp	r0, #0
20000ad0:	d00d      	beq.n	20000aee <dcd_event_handler+0x1b2>
20000ad2:	ab01      	add	r3, sp, #4
20000ad4:	7818      	ldrb	r0, [r3, #0]
20000ad6:	7859      	ldrb	r1, [r3, #1]
20000ad8:	002a      	movs	r2, r5
20000ada:	f000 f861 	bl	20000ba0 <__tud_event_hook_cb_veneer>
20000ade:	e767      	b.n	200009b0 <dcd_event_handler+0x74>
20000ae0:	2266      	movs	r2, #102	@ 0x66
20000ae2:	4913      	ldr	r1, [pc, #76]	@ (20000b30 <dcd_event_handler+0x1f4>)
20000ae4:	4813      	ldr	r0, [pc, #76]	@ (20000b34 <dcd_event_handler+0x1f8>)
20000ae6:	32ff      	adds	r2, #255	@ 0xff
20000ae8:	f000 f84a 	bl	20000b80 <____wrap_printf_veneer>
20000aec:	e7c6      	b.n	20000a7c <dcd_event_handler+0x140>
20000aee:	2266      	movs	r2, #102	@ 0x66
20000af0:	490f      	ldr	r1, [pc, #60]	@ (20000b30 <dcd_event_handler+0x1f4>)
20000af2:	4810      	ldr	r0, [pc, #64]	@ (20000b34 <dcd_event_handler+0x1f8>)
20000af4:	32ff      	adds	r2, #255	@ 0xff
20000af6:	f000 f843 	bl	20000b80 <____wrap_printf_veneer>
20000afa:	e759      	b.n	200009b0 <dcd_event_handler+0x74>
20000afc:	4a0e      	ldr	r2, [pc, #56]	@ (20000b38 <dcd_event_handler+0x1fc>)
20000afe:	7813      	ldrb	r3, [r2, #0]
20000b00:	3301      	adds	r3, #1
20000b02:	b2db      	uxtb	r3, r3
20000b04:	7013      	strb	r3, [r2, #0]
20000b06:	e733      	b.n	20000970 <dcd_event_handler+0x34>
20000b08:	2266      	movs	r2, #102	@ 0x66
20000b0a:	4909      	ldr	r1, [pc, #36]	@ (20000b30 <dcd_event_handler+0x1f4>)
20000b0c:	4809      	ldr	r0, [pc, #36]	@ (20000b34 <dcd_event_handler+0x1f8>)
20000b0e:	32ff      	adds	r2, #255	@ 0xff
20000b10:	f000 f836 	bl	20000b80 <____wrap_printf_veneer>
20000b14:	e74c      	b.n	200009b0 <dcd_event_handler+0x74>
20000b16:	46c0      	nop			@ (mov r8, r8)
20000b18:	100077ac 	.word	0x100077ac
20000b1c:	20000ff8 	.word	0x20000ff8
20000b20:	20001050 	.word	0x20001050
20000b24:	100078cc 	.word	0x100078cc
20000b28:	20001bad 	.word	0x20001bad
20000b2c:	20000e48 	.word	0x20000e48
20000b30:	10007848 	.word	0x10007848
20000b34:	100071dc 	.word	0x100071dc
20000b38:	20001baf 	.word	0x20001baf

20000b3c <__aeabi_idiv0>:
20000b3c:	4770      	bx	lr
20000b3e:	46c0      	nop			@ (mov r8, r8)

20000b40 <____wrap___aeabi_lmul_veneer>:
20000b40:	b401      	push	{r0}
20000b42:	4802      	ldr	r0, [pc, #8]	@ (20000b4c <____wrap___aeabi_lmul_veneer+0xc>)
20000b44:	4684      	mov	ip, r0
20000b46:	bc01      	pop	{r0}
20000b48:	4760      	bx	ip
20000b4a:	bf00      	nop
20000b4c:	100020b1 	.word	0x100020b1

20000b50 <__panic_veneer>:
20000b50:	b401      	push	{r0}
20000b52:	4802      	ldr	r0, [pc, #8]	@ (20000b5c <__panic_veneer+0xc>)
20000b54:	4684      	mov	ip, r0
20000b56:	bc01      	pop	{r0}
20000b58:	4760      	bx	ip
20000b5a:	bf00      	nop
20000b5c:	1000044d 	.word	0x1000044d

20000b60 <__time_us_64_veneer>:
20000b60:	b401      	push	{r0}
20000b62:	4802      	ldr	r0, [pc, #8]	@ (20000b6c <__time_us_64_veneer+0xc>)
20000b64:	4684      	mov	ip, r0
20000b66:	bc01      	pop	{r0}
20000b68:	4760      	bx	ip
20000b6a:	bf00      	nop
20000b6c:	10001359 	.word	0x10001359

20000b70 <__unaligned_memcpy_veneer>:
20000b70:	b401      	push	{r0}
20000b72:	4802      	ldr	r0, [pc, #8]	@ (20000b7c <__unaligned_memcpy_veneer+0xc>)
20000b74:	4684      	mov	ip, r0
20000b76:	bc01      	pop	{r0}
20000b78:	4760      	bx	ip
20000b7a:	bf00      	nop
20000b7c:	1000409d 	.word	0x1000409d

20000b80 <____wrap_printf_veneer>:
20000b80:	b401      	push	{r0}
20000b82:	4802      	ldr	r0, [pc, #8]	@ (20000b8c <____wrap_printf_veneer+0xc>)
20000b84:	4684      	mov	ip, r0
20000b86:	bc01      	pop	{r0}
20000b88:	4760      	bx	ip
20000b8a:	bf00      	nop
20000b8c:	1000367d 	.word	0x1000367d

20000b90 <__rp2040_chip_version_veneer>:
20000b90:	b401      	push	{r0}
20000b92:	4802      	ldr	r0, [pc, #8]	@ (20000b9c <__rp2040_chip_version_veneer+0xc>)
20000b94:	4684      	mov	ip, r0
20000b96:	bc01      	pop	{r0}
20000b98:	4760      	bx	ip
20000b9a:	bf00      	nop
20000b9c:	100003f9 	.word	0x100003f9

20000ba0 <__tud_event_hook_cb_veneer>:
20000ba0:	b401      	push	{r0}
20000ba2:	4802      	ldr	r0, [pc, #8]	@ (20000bac <__tud_event_hook_cb_veneer+0xc>)
20000ba4:	4684      	mov	ip, r0
20000ba6:	bc01      	pop	{r0}
20000ba8:	4760      	bx	ip
20000baa:	bf00      	nop
20000bac:	100043b1 	.word	0x100043b1

20000bb0 <____wrap_memset_veneer>:
20000bb0:	b401      	push	{r0}
20000bb2:	4802      	ldr	r0, [pc, #8]	@ (20000bbc <____wrap_memset_veneer+0xc>)
20000bb4:	4684      	mov	ip, r0
20000bb6:	bc01      	pop	{r0}
20000bb8:	4760      	bx	ip
20000bba:	bf00      	nop
20000bbc:	10002189 	.word	0x10002189

20000bc0 <__best_effort_wfe_or_timeout_veneer>:
20000bc0:	b401      	push	{r0}
20000bc2:	4802      	ldr	r0, [pc, #8]	@ (20000bcc <__best_effort_wfe_or_timeout_veneer+0xc>)
20000bc4:	4684      	mov	ip, r0
20000bc6:	bc01      	pop	{r0}
20000bc8:	4760      	bx	ip
20000bca:	bf00      	nop
20000bcc:	100011bd 	.word	0x100011bd

20000bd0 <____assert_func_veneer>:
20000bd0:	b401      	push	{r0}
20000bd2:	4802      	ldr	r0, [pc, #8]	@ (20000bdc <____assert_func_veneer+0xc>)
20000bd4:	4684      	mov	ip, r0
20000bd6:	bc01      	pop	{r0}
20000bd8:	4760      	bx	ip
20000bda:	bf00      	nop
20000bdc:	1000339d 	.word	0x1000339d

20000be0 <__tu_fifo_write_veneer>:
20000be0:	b401      	push	{r0}
20000be2:	4802      	ldr	r0, [pc, #8]	@ (20000bec <__tu_fifo_write_veneer+0xc>)
20000be4:	4684      	mov	ip, r0
20000be6:	bc01      	pop	{r0}
20000be8:	4760      	bx	ip
20000bea:	bf00      	nop
20000bec:	100062db 	.word	0x100062db

20000bf0 <striped_spin_lock_num>:
20000bf0:	00000010                                ....

20000bf4 <irq_handler_chain_slots>:
20000bf4:	00000000 	.word	0x00000000
20000bf8:	00010000 	.word	0x00010000
	...
20000c04:	00020000 	.word	0x00020000
	...
20000c10:	00030000 	.word	0x00030000
	...
20000c1c:	00ff0000 	.word	0x00ff0000
20000c20:	00000000 	.word	0x00000000

20000c24 <irq_handler_chain_first_slot>:
20000c24:	b501      	push	{r0, lr}
20000c26:	6848      	ldr	r0, [r1, #4]
20000c28:	3101      	adds	r1, #1
20000c2a:	468e      	mov	lr, r1
20000c2c:	4700      	bx	r0

20000c2e <irq_handler_chain_remove_tail>:
20000c2e:	4670      	mov	r0, lr
20000c30:	3809      	subs	r0, #9
20000c32:	4901      	ldr	r1, [pc, #4]	@ (20000c38 <irq_handler_chain_remove_tail+0xa>)
20000c34:	4788      	blx	r1
20000c36:	bd01      	pop	{r0, pc}
20000c38:	10000941 	.word	0x10000941

20000c3c <default_alarm_pool>:
	...
20000c50:	20000cc0 00000000 00000000 00000000     ... ............

20000c60 <aeabi_bits_funcs>:
20000c60:	00003350 	.word	0x00003350
20000c64:	0000334c 	.word	0x0000334c
20000c68:	00003354 	.word	0x00003354
20000c6c:	00003352 	.word	0x00003352

20000c70 <aeabi_bits_funcs_end>:
20000c70:	0000534d 	.word	0x0000534d
20000c74:	0000434d 	.word	0x0000434d
20000c78:	00003453 	.word	0x00003453
20000c7c:	00003443 	.word	0x00003443

20000c80 <stdio_usb>:
20000c80:	10003b2d 100037c9 10003a95 100037b5     -;...7...:...7..
20000c90:	00000000 00000100                       ........

20000c98 <_usbd_qdef>:
20000c98:	20001054 000c0010 00000000 00000000     T.. ............
	...

20000cb4 <_usbd_rhport>:
20000cb4:	000000ff                                ....

20000cb8 <print_mutex>:
	...
