
/Users/sabrinapiazza/solara-rover/pico_firmware/src/claw_controllerv3/build/claw_controllerv3.elf:     file format elf32-littlearm

Sections:
Idx Name          Size      VMA       LMA       File off  Algn
  0 .boot2        00000100  10000000  10000000  00001000  2**0
                  CONTENTS, ALLOC, LOAD, READONLY, CODE
  1 .text         00007814  10000100  10000100  00001100  2**3
                  CONTENTS, ALLOC, LOAD, READONLY, CODE
  2 .rodata       00001ce8  10007918  10007918  00008918  2**3
                  CONTENTS, ALLOC, LOAD, READONLY, DATA
  3 .binary_info  00000024  10009600  10009600  0000a600  2**2
                  CONTENTS, ALLOC, LOAD, READONLY, DATA
  4 .ram_vector_table 000000c0  20000000  20000000  0000c000  2**2
                  ALLOC
  5 .uninitialized_data 00000000  200000c0  200000c0  0000bee8  2**0
                  CONTENTS
  6 .data         00000e28  200000c0  10009624  0000b0c0  2**4
                  CONTENTS, ALLOC, LOAD, READONLY, CODE
  7 .tdata        00000000  20000ee8  20000ee8  0000bee8  2**0
                  CONTENTS, ALLOC, LOAD, DATA, THREAD_LOCAL
  8 .tbss         00000000  20000ee8  20000ee8  00000000  2**0
                  ALLOC, THREAD_LOCAL
  9 .bss          0000185c  20000ee8  1000a44c  0000bee8  2**3
                  ALLOC
 10 .heap         00000800  20002744  1000a44c  0000c744  2**2
                  ALLOC, READONLY
 11 .scratch_x    00000000  20040000  20040000  0000bee8  2**0
                  CONTENTS
 12 .scratch_y    00000000  20041000  20041000  0000bee8  2**0
                  CONTENTS
 13 .stack_dummy  00000800  20041000  20041000  0000c000  2**5
                  ALLOC, READONLY
 14 .ARM.attributes 00000028  00000000  00000000  0000bee8  2**0
                  CONTENTS, READONLY
 15 .comment      00000045  00000000  00000000  0000bf10  2**0
                  CONTENTS, READONLY
 16 .debug_info   00045408  00000000  00000000  0000bf55  2**0
                  CONTENTS, READONLY, DEBUGGING, OCTETS
 17 .debug_abbrev 0000b38d  00000000  00000000  0005135d  2**0
                  CONTENTS, READONLY, DEBUGGING, OCTETS
 18 .debug_loclists 0001c692  00000000  00000000  0005c6ea  2**0
                  CONTENTS, READONLY, DEBUGGING, OCTETS
 19 .debug_aranges 00001f98  00000000  00000000  00078d80  2**3
                  CONTENTS, READONLY, DEBUGGING, OCTETS
 20 .debug_rnglists 00002376  00000000  00000000  0007ad18  2**0
                  CONTENTS, READONLY, DEBUGGING, OCTETS
 21 .debug_line   0002751f  00000000  00000000  0007d08e  2**0
                  CONTENTS, READONLY, DEBUGGING, OCTETS
 22 .debug_str    0000cd54  00000000  00000000  000a45ad  2**0
                  CONTENTS, READONLY, DEBUGGING, OCTETS
 23 .debug_frame  00004e30  00000000  00000000  000b1304  2**2
                  CONTENTS, READONLY, DEBUGGING, OCTETS
 24 .debug_line_str 00000395  00000000  00000000  000b6134  2**0
                  CONTENTS, READONLY, DEBUGGING, OCTETS

/Users/sabrinapiazza/solara-rover/pico_firmware/src/claw_controllerv3/build/claw_controllerv3.elf:     file format elf32-littlearm


Disassembly of section .boot2:

10000000 <__boot2_start__>:
10000000:	4b32b500 	.word	0x4b32b500
10000004:	60582021 	.word	0x60582021
10000008:	21026898 	.word	0x21026898
1000000c:	60984388 	.word	0x60984388
10000010:	611860d8 	.word	0x611860d8
10000014:	4b2e6158 	.word	0x4b2e6158
10000018:	60992100 	.word	0x60992100
1000001c:	61592102 	.word	0x61592102
10000020:	22f02101 	.word	0x22f02101
10000024:	492b5099 	.word	0x492b5099
10000028:	21016019 	.word	0x21016019
1000002c:	20356099 	.word	0x20356099
10000030:	f844f000 	.word	0xf844f000
10000034:	42902202 	.word	0x42902202
10000038:	2106d014 	.word	0x2106d014
1000003c:	f0006619 	.word	0xf0006619
10000040:	6e19f834 	.word	0x6e19f834
10000044:	66192101 	.word	0x66192101
10000048:	66182000 	.word	0x66182000
1000004c:	f000661a 	.word	0xf000661a
10000050:	6e19f82c 	.word	0x6e19f82c
10000054:	6e196e19 	.word	0x6e196e19
10000058:	f0002005 	.word	0xf0002005
1000005c:	2101f82f 	.word	0x2101f82f
10000060:	d1f94208 	.word	0xd1f94208
10000064:	60992100 	.word	0x60992100
10000068:	6019491b 	.word	0x6019491b
1000006c:	60592100 	.word	0x60592100
10000070:	481b491a 	.word	0x481b491a
10000074:	21016001 	.word	0x21016001
10000078:	21eb6099 	.word	0x21eb6099
1000007c:	21a06619 	.word	0x21a06619
10000080:	f0006619 	.word	0xf0006619
10000084:	2100f812 	.word	0x2100f812
10000088:	49166099 	.word	0x49166099
1000008c:	60014814 	.word	0x60014814
10000090:	60992101 	.word	0x60992101
10000094:	2800bc01 	.word	0x2800bc01
10000098:	4700d000 	.word	0x4700d000
1000009c:	49134812 	.word	0x49134812
100000a0:	c8036008 	.word	0xc8036008
100000a4:	8808f380 	.word	0x8808f380
100000a8:	b5034708 	.word	0xb5034708
100000ac:	20046a99 	.word	0x20046a99
100000b0:	d0fb4201 	.word	0xd0fb4201
100000b4:	42012001 	.word	0x42012001
100000b8:	bd03d1f8 	.word	0xbd03d1f8
100000bc:	6618b502 	.word	0x6618b502
100000c0:	f7ff6618 	.word	0xf7ff6618
100000c4:	6e18fff2 	.word	0x6e18fff2
100000c8:	bd026e18 	.word	0xbd026e18
100000cc:	40020000 	.word	0x40020000
100000d0:	18000000 	.word	0x18000000
100000d4:	00070000 	.word	0x00070000
100000d8:	005f0300 	.word	0x005f0300
100000dc:	00002221 	.word	0x00002221
100000e0:	180000f4 	.word	0x180000f4
100000e4:	a0002022 	.word	0xa0002022
100000e8:	10000100 	.word	0x10000100
100000ec:	e000ed08 	.word	0xe000ed08
	...
100000fc:	7a4eb274 	.word	0x7a4eb274

Disassembly of section .text:

10000100 <__VECTOR_TABLE>:
10000100:	20042000 	.word	0x20042000
10000104:	100001f7 	.word	0x100001f7
10000108:	100001cb 	.word	0x100001cb
1000010c:	100001cd 	.word	0x100001cd
10000110:	100001c9 	.word	0x100001c9
10000114:	100001c9 	.word	0x100001c9
10000118:	100001c9 	.word	0x100001c9
1000011c:	100001c9 	.word	0x100001c9
10000120:	100001c9 	.word	0x100001c9
10000124:	100001c9 	.word	0x100001c9
10000128:	100001c9 	.word	0x100001c9
1000012c:	100001cf 	.word	0x100001cf
10000130:	100001c9 	.word	0x100001c9
10000134:	100001c9 	.word	0x100001c9
10000138:	100001d1 	.word	0x100001d1
1000013c:	100001d3 	.word	0x100001d3
10000140:	100001c1 	.word	0x100001c1
10000144:	100001c1 	.word	0x100001c1
10000148:	100001c1 	.word	0x100001c1
1000014c:	100001c1 	.word	0x100001c1
10000150:	100001c1 	.word	0x100001c1
10000154:	100001c1 	.word	0x100001c1
10000158:	100001c1 	.word	0x100001c1
1000015c:	100001c1 	.word	0x100001c1
10000160:	100001c1 	.word	0x100001c1
10000164:	100001c1 	.word	0x100001c1
10000168:	100001c1 	.word	0x100001c1
1000016c:	100001c1 	.word	0x100001c1
10000170:	100001c1 	.word	0x100001c1
10000174:	100001c1 	.word	0x100001c1
10000178:	100001c1 	.word	0x100001c1
1000017c:	100001c1 	.word	0x100001c1
10000180:	100001c1 	.word	0x100001c1
10000184:	100001c1 	.word	0x100001c1
10000188:	100001c1 	.word	0x100001c1
1000018c:	100001c1 	.word	0x100001c1
10000190:	100001c1 	.word	0x100001c1
10000194:	100001c1 	.word	0x100001c1
10000198:	100001c1 	.word	0x100001c1
1000019c:	100001c1 	.word	0x100001c1
100001a0:	100001c1 	.word	0x100001c1
100001a4:	100001c1 	.word	0x100001c1
100001a8:	100001c1 	.word	0x100001c1
100001ac:	100001c1 	.word	0x100001c1
100001b0:	100001c1 	.word	0x100001c1
100001b4:	100001c1 	.word	0x100001c1
100001b8:	100001c1 	.word	0x100001c1
100001bc:	100001c1 	.word	0x100001c1

100001c0 <__unhandled_user_irq>:
100001c0:	f3ef 8005 	mrs	r0, IPSR
100001c4:	3810      	subs	r0, #16

100001c6 <unhandled_user_irq_num_in_r0>:
100001c6:	be00      	bkpt	0x0000

100001c8 <isr_invalid>:
100001c8:	be00      	bkpt	0x0000

100001ca <isr_nmi>:
100001ca:	be00      	bkpt	0x0000

100001cc <isr_hardfault>:
100001cc:	be00      	bkpt	0x0000

100001ce <isr_svcall>:
100001ce:	be00      	bkpt	0x0000

100001d0 <isr_pendsv>:
100001d0:	be00      	bkpt	0x0000

100001d2 <isr_systick>:
100001d2:	be00      	bkpt	0x0000

100001d4 <__default_isrs_end>:
100001d4:	7188ebf2 	.word	0x7188ebf2
100001d8:	10009600 	.word	0x10009600
100001dc:	10009624 	.word	0x10009624
100001e0:	10000238 	.word	0x10000238
100001e4:	e71aa390 	.word	0xe71aa390

100001e8 <_entry_point>:
100001e8:	481e      	ldr	r0, [pc, #120]	@ (10000264 <data_cpy_table+0x2c>)

100001ea <_enter_vtable_in_r0>:
100001ea:	491f      	ldr	r1, [pc, #124]	@ (10000268 <data_cpy_table+0x30>)
100001ec:	6008      	str	r0, [r1, #0]
100001ee:	c806      	ldmia	r0!, {r1, r2}
100001f0:	f381 8808 	msr	MSP, r1
100001f4:	4710      	bx	r2

100001f6 <_reset_handler>:
100001f6:	481d      	ldr	r0, [pc, #116]	@ (1000026c <data_cpy_table+0x34>)
100001f8:	6800      	ldr	r0, [r0, #0]
100001fa:	2800      	cmp	r0, #0
100001fc:	d001      	beq.n	10000202 <hold_non_core0_in_bootrom+0x4>

100001fe <hold_non_core0_in_bootrom>:
100001fe:	4819      	ldr	r0, [pc, #100]	@ (10000264 <data_cpy_table+0x2c>)
10000200:	e7f3      	b.n	100001ea <_enter_vtable_in_r0>
10000202:	a40d      	add	r4, pc, #52	@ (adr r4, 10000238 <data_cpy_table>)
10000204:	cc0e      	ldmia	r4!, {r1, r2, r3}
10000206:	2900      	cmp	r1, #0
10000208:	d002      	beq.n	10000210 <hold_non_core0_in_bootrom+0x12>
1000020a:	f000 f812 	bl	10000232 <data_cpy>
1000020e:	e7f9      	b.n	10000204 <hold_non_core0_in_bootrom+0x6>
10000210:	4917      	ldr	r1, [pc, #92]	@ (10000270 <data_cpy_table+0x38>)
10000212:	4a18      	ldr	r2, [pc, #96]	@ (10000274 <data_cpy_table+0x3c>)
10000214:	2000      	movs	r0, #0
10000216:	e000      	b.n	1000021a <bss_fill_test>

10000218 <bss_fill_loop>:
10000218:	c101      	stmia	r1!, {r0}

1000021a <bss_fill_test>:
1000021a:	4291      	cmp	r1, r2
1000021c:	d1fc      	bne.n	10000218 <bss_fill_loop>

1000021e <platform_entry>:
1000021e:	4916      	ldr	r1, [pc, #88]	@ (10000278 <data_cpy_table+0x40>)
10000220:	4788      	blx	r1
10000222:	4916      	ldr	r1, [pc, #88]	@ (1000027c <data_cpy_table+0x44>)
10000224:	4788      	blx	r1
10000226:	4916      	ldr	r1, [pc, #88]	@ (10000280 <data_cpy_table+0x48>)
10000228:	4788      	blx	r1
1000022a:	be00      	bkpt	0x0000
1000022c:	e7fd      	b.n	1000022a <platform_entry+0xc>

1000022e <data_cpy_loop>:
1000022e:	c901      	ldmia	r1!, {r0}
10000230:	c201      	stmia	r2!, {r0}

10000232 <data_cpy>:
10000232:	429a      	cmp	r2, r3
10000234:	d3fb      	bcc.n	1000022e <data_cpy_loop>
10000236:	4770      	bx	lr

10000238 <data_cpy_table>:
10000238:	10009624 	.word	0x10009624
1000023c:	200000c0 	.word	0x200000c0
10000240:	20000ee8 	.word	0x20000ee8
10000244:	1000a44c 	.word	0x1000a44c
10000248:	20040000 	.word	0x20040000
1000024c:	20040000 	.word	0x20040000
10000250:	1000a44c 	.word	0x1000a44c
10000254:	20041000 	.word	0x20041000
10000258:	20041000 	.word	0x20041000
1000025c:	00000000 	.word	0x00000000
10000260:	4770      	bx	lr
10000262:	0000      	.short	0x0000
10000264:	00000000 	.word	0x00000000
10000268:	e000ed08 	.word	0xe000ed08
1000026c:	d0000000 	.word	0xd0000000
10000270:	20000ee8 	.word	0x20000ee8
10000274:	20002744 	.word	0x20002744
10000278:	10003af1 	.word	0x10003af1
1000027c:	10000461 	.word	0x10000461
10000280:	10003ab1 	.word	0x10003ab1

10000284 <_init>:
10000284:	b5f8      	push	{r3, r4, r5, r6, r7, lr}
10000286:	46c0      	nop			@ (mov r8, r8)

10000288 <register_tm_clones>:
10000288:	4806      	ldr	r0, [pc, #24]	@ (100002a4 <register_tm_clones+0x1c>)
1000028a:	4907      	ldr	r1, [pc, #28]	@ (100002a8 <register_tm_clones+0x20>)
1000028c:	1a09      	subs	r1, r1, r0
1000028e:	108b      	asrs	r3, r1, #2
10000290:	0fc9      	lsrs	r1, r1, #31
10000292:	18c9      	adds	r1, r1, r3
10000294:	b510      	push	{r4, lr}
10000296:	1049      	asrs	r1, r1, #1
10000298:	d003      	beq.n	100002a2 <register_tm_clones+0x1a>
1000029a:	4b04      	ldr	r3, [pc, #16]	@ (100002ac <register_tm_clones+0x24>)
1000029c:	2b00      	cmp	r3, #0
1000029e:	d000      	beq.n	100002a2 <register_tm_clones+0x1a>
100002a0:	4798      	blx	r3
100002a2:	bd10      	pop	{r4, pc}
100002a4:	20000ee8 	.word	0x20000ee8
100002a8:	20000ee8 	.word	0x20000ee8
100002ac:	00000000 	.word	0x00000000

100002b0 <frame_dummy>:
100002b0:	4b05      	ldr	r3, [pc, #20]	@ (100002c8 <frame_dummy+0x18>)
100002b2:	b510      	push	{r4, lr}
100002b4:	2b00      	cmp	r3, #0
100002b6:	d003      	beq.n	100002c0 <frame_dummy+0x10>
100002b8:	4904      	ldr	r1, [pc, #16]	@ (100002cc <frame_dummy+0x1c>)
100002ba:	4805      	ldr	r0, [pc, #20]	@ (100002d0 <frame_dummy+0x20>)
100002bc:	e000      	b.n	100002c0 <frame_dummy+0x10>
100002be:	bf00      	nop
100002c0:	f7ff ffe2 	bl	10000288 <register_tm_clones>
100002c4:	bd10      	pop	{r4, pc}
100002c6:	46c0      	nop			@ (mov r8, r8)
100002c8:	00000000 	.word	0x00000000
100002cc:	200024d4 	.word	0x200024d4
100002d0:	10007914 	.word	0x10007914

100002d4 <pwm_set_chan_level>:
100002d4:	0083      	lsls	r3, r0, #2
100002d6:	181b      	adds	r3, r3, r0
100002d8:	009b      	lsls	r3, r3, #2
100002da:	4809      	ldr	r0, [pc, #36]	@ (10000300 <pwm_set_chan_level+0x2c>)
100002dc:	4684      	mov	ip, r0
100002de:	4463      	add	r3, ip
100002e0:	0010      	movs	r0, r2
100002e2:	2900      	cmp	r1, #0
100002e4:	d00a      	beq.n	100002fc <pwm_set_chan_level+0x28>
100002e6:	0410      	lsls	r0, r2, #16
100002e8:	4a06      	ldr	r2, [pc, #24]	@ (10000304 <pwm_set_chan_level+0x30>)
100002ea:	6819      	ldr	r1, [r3, #0]
100002ec:	4048      	eors	r0, r1
100002ee:	4010      	ands	r0, r2
100002f0:	2280      	movs	r2, #128	@ 0x80
100002f2:	0152      	lsls	r2, r2, #5
100002f4:	4694      	mov	ip, r2
100002f6:	4463      	add	r3, ip
100002f8:	6018      	str	r0, [r3, #0]
100002fa:	4770      	bx	lr
100002fc:	4a02      	ldr	r2, [pc, #8]	@ (10000308 <pwm_set_chan_level+0x34>)
100002fe:	e7f4      	b.n	100002ea <pwm_set_chan_level+0x16>
10000300:	4005000c 	.word	0x4005000c
10000304:	ffff0000 	.word	0xffff0000
10000308:	0000ffff 	.word	0x0000ffff

1000030c <_Z9moveDelayiff>:
1000030c:	b570      	push	{r4, r5, r6, lr}
1000030e:	0005      	movs	r5, r0
10000310:	1c08      	adds	r0, r1, #0
10000312:	1c11      	adds	r1, r2, #0
10000314:	f002 f9c3 	bl	1000269e <__wrap___aeabi_fsub>
10000318:	0044      	lsls	r4, r0, #1
1000031a:	0864      	lsrs	r4, r4, #1
1000031c:	0028      	movs	r0, r5
1000031e:	f002 fa13 	bl	10002748 <__wrap___aeabi_i2f>
10000322:	1c21      	adds	r1, r4, #0
10000324:	f002 f9d5 	bl	100026d2 <__wrap___aeabi_fmul>
10000328:	f002 fa30 	bl	1000278c <__wrap___aeabi_f2iz>
1000032c:	17c1      	asrs	r1, r0, #31
1000032e:	f001 f9dd 	bl	100016ec <sleep_us>
10000332:	bd70      	pop	{r4, r5, r6, pc}

10000334 <_Z8setServoP3PWMf>:
10000334:	b5f0      	push	{r4, r5, r6, r7, lr}
10000336:	46c6      	mov	lr, r8
10000338:	b500      	push	{lr}
1000033a:	0005      	movs	r5, r0
1000033c:	1c0c      	adds	r4, r1, #0
1000033e:	2100      	movs	r1, #0
10000340:	1c20      	adds	r0, r4, #0
10000342:	f002 f9f5 	bl	10002730 <__wrap___aeabi_fcmplt>
10000346:	2800      	cmp	r0, #0
10000348:	d105      	bne.n	10000356 <_Z8setServoP3PWMf+0x22>
1000034a:	4920      	ldr	r1, [pc, #128]	@ (100003cc <_Z8setServoP3PWMf+0x98>)
1000034c:	1c20      	adds	r0, r4, #0
1000034e:	f002 f9f5 	bl	1000273c <__wrap___aeabi_fcmpgt>
10000352:	2800      	cmp	r0, #0
10000354:	d002      	beq.n	1000035c <_Z8setServoP3PWMf+0x28>
10000356:	bc80      	pop	{r7}
10000358:	46b8      	mov	r8, r7
1000035a:	bdf0      	pop	{r4, r5, r6, r7, pc}
1000035c:	6968      	ldr	r0, [r5, #20]
1000035e:	69ab      	ldr	r3, [r5, #24]
10000360:	4698      	mov	r8, r3
10000362:	1ac0      	subs	r0, r0, r3
10000364:	f002 f9f0 	bl	10002748 <__wrap___aeabi_i2f>
10000368:	f002 fa44 	bl	100027f4 <__wrap___aeabi_f2d>
1000036c:	0006      	movs	r6, r0
1000036e:	000f      	movs	r7, r1
10000370:	1c20      	adds	r0, r4, #0
10000372:	f002 fa3f 	bl	100027f4 <__wrap___aeabi_f2d>
10000376:	2200      	movs	r2, #0
10000378:	4b15      	ldr	r3, [pc, #84]	@ (100003d0 <_Z8setServoP3PWMf+0x9c>)
1000037a:	f002 f822 	bl	100023c2 <__wrap___aeabi_ddiv>
1000037e:	0002      	movs	r2, r0
10000380:	000b      	movs	r3, r1
10000382:	0030      	movs	r0, r6
10000384:	0039      	movs	r1, r7
10000386:	f002 f836 	bl	100023f6 <__wrap___aeabi_dmul>
1000038a:	0006      	movs	r6, r0
1000038c:	000f      	movs	r7, r1
1000038e:	4640      	mov	r0, r8
10000390:	f002 f89c 	bl	100024cc <__wrap___aeabi_i2d>
10000394:	0032      	movs	r2, r6
10000396:	003b      	movs	r3, r7
10000398:	f002 f80e 	bl	100023b8 <__wrap___aeabi_dadd>
1000039c:	f002 f8ae 	bl	100024fc <__wrap___aeabi_d2iz>
100003a0:	0006      	movs	r6, r0
100003a2:	6a28      	ldr	r0, [r5, #32]
100003a4:	f002 f9f2 	bl	1000278c <__wrap___aeabi_f2iz>
100003a8:	0007      	movs	r7, r0
100003aa:	622c      	str	r4, [r5, #32]
100003ac:	60ee      	str	r6, [r5, #12]
100003ae:	6868      	ldr	r0, [r5, #4]
100003b0:	68a9      	ldr	r1, [r5, #8]
100003b2:	b2b2      	uxth	r2, r6
100003b4:	f7ff ff8e 	bl	100002d4 <pwm_set_chan_level>
100003b8:	0038      	movs	r0, r7
100003ba:	f002 f9c5 	bl	10002748 <__wrap___aeabi_i2f>
100003be:	1c02      	adds	r2, r0, #0
100003c0:	69e8      	ldr	r0, [r5, #28]
100003c2:	1c21      	adds	r1, r4, #0
100003c4:	f7ff ffa2 	bl	1000030c <_Z9moveDelayiff>
100003c8:	e7c5      	b.n	10000356 <_Z8setServoP3PWMf+0x22>
100003ca:	46c0      	nop			@ (mov r8, r8)
100003cc:	43340000 	.word	0x43340000
100003d0:	40668000 	.word	0x40668000

100003d4 <_Z11enableServoi>:
100003d4:	b570      	push	{r4, r5, r6, lr}
100003d6:	0004      	movs	r4, r0
100003d8:	000d      	movs	r5, r1
100003da:	4b1d      	ldr	r3, [pc, #116]	@ (10000450 <_Z11enableServoi+0x7c>)
100003dc:	6143      	str	r3, [r0, #20]
100003de:	23fa      	movs	r3, #250	@ 0xfa
100003e0:	005b      	lsls	r3, r3, #1
100003e2:	6183      	str	r3, [r0, #24]
100003e4:	2300      	movs	r3, #0
100003e6:	60c3      	str	r3, [r0, #12]
100003e8:	23fa      	movs	r3, #250	@ 0xfa
100003ea:	00db      	lsls	r3, r3, #3
100003ec:	61c3      	str	r3, [r0, #28]
100003ee:	2300      	movs	r3, #0
100003f0:	6203      	str	r3, [r0, #32]
100003f2:	6001      	str	r1, [r0, #0]
100003f4:	2104      	movs	r1, #4
100003f6:	0028      	movs	r0, r5
100003f8:	f000 f8c6 	bl	10000588 <gpio_set_function>
100003fc:	2d1f      	cmp	r5, #31
100003fe:	d822      	bhi.n	10000446 <_Z11enableServoi+0x72>
10000400:	086b      	lsrs	r3, r5, #1
10000402:	2207      	movs	r2, #7
10000404:	401a      	ands	r2, r3
10000406:	6062      	str	r2, [r4, #4]
10000408:	2101      	movs	r1, #1
1000040a:	400d      	ands	r5, r1
1000040c:	60a5      	str	r5, [r4, #8]
1000040e:	0093      	lsls	r3, r2, #2
10000410:	189b      	adds	r3, r3, r2
10000412:	009b      	lsls	r3, r3, #2
10000414:	4a0f      	ldr	r2, [pc, #60]	@ (10000454 <_Z11enableServoi+0x80>)
10000416:	4694      	mov	ip, r2
10000418:	4463      	add	r3, ip
1000041a:	22fa      	movs	r2, #250	@ 0xfa
1000041c:	00d2      	lsls	r2, r2, #3
1000041e:	605a      	str	r2, [r3, #4]
10000420:	6860      	ldr	r0, [r4, #4]
10000422:	0083      	lsls	r3, r0, #2
10000424:	181a      	adds	r2, r3, r0
10000426:	0092      	lsls	r2, r2, #2
10000428:	4462      	add	r2, ip
1000042a:	4d0b      	ldr	r5, [pc, #44]	@ (10000458 <_Z11enableServoi+0x84>)
1000042c:	6115      	str	r5, [r2, #16]
1000042e:	181b      	adds	r3, r3, r0
10000430:	009b      	lsls	r3, r3, #2
10000432:	4662      	mov	r2, ip
10000434:	189a      	adds	r2, r3, r2
10000436:	6812      	ldr	r2, [r2, #0]
10000438:	4391      	bics	r1, r2
1000043a:	4a08      	ldr	r2, [pc, #32]	@ (1000045c <_Z11enableServoi+0x88>)
1000043c:	4694      	mov	ip, r2
1000043e:	4463      	add	r3, ip
10000440:	6019      	str	r1, [r3, #0]
10000442:	0020      	movs	r0, r4
10000444:	bd70      	pop	{r4, r5, r6, pc}
10000446:	086b      	lsrs	r3, r5, #1
10000448:	2203      	movs	r2, #3
1000044a:	401a      	ands	r2, r3
1000044c:	3208      	adds	r2, #8
1000044e:	e7da      	b.n	10000406 <_Z11enableServoi+0x32>
10000450:	000009c4 	.word	0x000009c4
10000454:	40050000 	.word	0x40050000
10000458:	00004e20 	.word	0x00004e20
1000045c:	40051000 	.word	0x40051000

10000460 <main>:
10000460:	b5f0      	push	{r4, r5, r6, r7, lr}
10000462:	b0a5      	sub	sp, #148	@ 0x94
10000464:	f006 fbd4 	bl	10006c10 <cyw43_arch_init>
10000468:	f003 fc9c 	bl	10003da4 <stdio_init_all>
1000046c:	241e      	movs	r4, #30
1000046e:	f003 fefd 	bl	1000426c <stdio_usb_connected>
10000472:	2800      	cmp	r0, #0
10000474:	d106      	bne.n	10000484 <main+0x24>
10000476:	2c00      	cmp	r4, #0
10000478:	dd04      	ble.n	10000484 <main+0x24>
1000047a:	3064      	adds	r0, #100	@ 0x64
1000047c:	f001 f948 	bl	10001710 <sleep_ms>
10000480:	3c01      	subs	r4, #1
10000482:	e7f4      	b.n	1000046e <main+0xe>
10000484:	26fa      	movs	r6, #250	@ 0xfa
10000486:	0076      	lsls	r6, r6, #1
10000488:	0030      	movs	r0, r6
1000048a:	f001 f941 	bl	10001710 <sleep_ms>
1000048e:	4827      	ldr	r0, [pc, #156]	@ (1000052c <main+0xcc>)
10000490:	f003 fcb6 	bl	10003e00 <__wrap_puts>
10000494:	ad1b      	add	r5, sp, #108	@ 0x6c
10000496:	210e      	movs	r1, #14
10000498:	0028      	movs	r0, r5
1000049a:	f7ff ff9b 	bl	100003d4 <_Z11enableServoi>
1000049e:	24fa      	movs	r4, #250	@ 0xfa
100004a0:	00e4      	lsls	r4, r4, #3
100004a2:	9420      	str	r4, [sp, #128]	@ 0x80
100004a4:	27fa      	movs	r7, #250	@ 0xfa
100004a6:	00bf      	lsls	r7, r7, #2
100004a8:	9721      	str	r7, [sp, #132]	@ 0x84
100004aa:	9422      	str	r4, [sp, #136]	@ 0x88
100004ac:	ad12      	add	r5, sp, #72	@ 0x48
100004ae:	210d      	movs	r1, #13
100004b0:	0028      	movs	r0, r5
100004b2:	f7ff ff8f 	bl	100003d4 <_Z11enableServoi>
100004b6:	9417      	str	r4, [sp, #92]	@ 0x5c
100004b8:	9718      	str	r7, [sp, #96]	@ 0x60
100004ba:	9419      	str	r4, [sp, #100]	@ 0x64
100004bc:	ad09      	add	r5, sp, #36	@ 0x24
100004be:	2110      	movs	r1, #16
100004c0:	0028      	movs	r0, r5
100004c2:	f7ff ff87 	bl	100003d4 <_Z11enableServoi>
100004c6:	4f1a      	ldr	r7, [pc, #104]	@ (10000530 <main+0xd0>)
100004c8:	970e      	str	r7, [sp, #56]	@ 0x38
100004ca:	960f      	str	r6, [sp, #60]	@ 0x3c
100004cc:	9410      	str	r4, [sp, #64]	@ 0x40
100004ce:	2111      	movs	r1, #17
100004d0:	4668      	mov	r0, sp
100004d2:	f7ff ff7f 	bl	100003d4 <_Z11enableServoi>
100004d6:	9705      	str	r7, [sp, #20]
100004d8:	9606      	str	r6, [sp, #24]
100004da:	9407      	str	r4, [sp, #28]
100004dc:	4813      	ldr	r0, [pc, #76]	@ (1000052c <main+0xcc>)
100004de:	f003 fc8f 	bl	10003e00 <__wrap_puts>
100004e2:	20fa      	movs	r0, #250	@ 0xfa
100004e4:	0040      	lsls	r0, r0, #1
100004e6:	f001 f913 	bl	10001710 <sleep_ms>
100004ea:	4812      	ldr	r0, [pc, #72]	@ (10000534 <main+0xd4>)
100004ec:	f003 fc5e 	bl	10003dac <stdio_getchar_timeout_us>
100004f0:	2853      	cmp	r0, #83	@ 0x53
100004f2:	d1f3      	bne.n	100004dc <main+0x7c>
100004f4:	4810      	ldr	r0, [pc, #64]	@ (10000538 <main+0xd8>)
100004f6:	f003 fc83 	bl	10003e00 <__wrap_puts>
100004fa:	2100      	movs	r1, #0
100004fc:	4668      	mov	r0, sp
100004fe:	f7ff ff19 	bl	10000334 <_Z8setServoP3PWMf>
10000502:	480e      	ldr	r0, [pc, #56]	@ (1000053c <main+0xdc>)
10000504:	f003 fc7c 	bl	10003e00 <__wrap_puts>
10000508:	490d      	ldr	r1, [pc, #52]	@ (10000540 <main+0xe0>)
1000050a:	4668      	mov	r0, sp
1000050c:	f7ff ff12 	bl	10000334 <_Z8setServoP3PWMf>
10000510:	480c      	ldr	r0, [pc, #48]	@ (10000544 <main+0xe4>)
10000512:	f003 fc75 	bl	10003e00 <__wrap_puts>
10000516:	20fa      	movs	r0, #250	@ 0xfa
10000518:	00c0      	lsls	r0, r0, #3
1000051a:	f001 f8f9 	bl	10001710 <sleep_ms>
1000051e:	480a      	ldr	r0, [pc, #40]	@ (10000548 <main+0xe8>)
10000520:	f003 fc6e 	bl	10003e00 <__wrap_puts>
10000524:	2000      	movs	r0, #0
10000526:	b025      	add	sp, #148	@ 0x94
10000528:	bdf0      	pop	{r4, r5, r6, r7, pc}
1000052a:	46c0      	nop			@ (mov r8, r8)
1000052c:	10007918 	.word	0x10007918
10000530:	000009c4 	.word	0x000009c4
10000534:	000186a0 	.word	0x000186a0
10000538:	10007920 	.word	0x10007920
1000053c:	10007928 	.word	0x10007928
10000540:	43340000 	.word	0x43340000
10000544:	10007930 	.word	0x10007930
10000548:	10007938 	.word	0x10007938

1000054c <_gpio_set_irq_enabled>:
1000054c:	b530      	push	{r4, r5, lr}
1000054e:	2407      	movs	r4, #7
10000550:	4004      	ands	r4, r0
10000552:	00a4      	lsls	r4, r4, #2
10000554:	08c0      	lsrs	r0, r0, #3
10000556:	40a1      	lsls	r1, r4
10000558:	0004      	movs	r4, r0
1000055a:	343c      	adds	r4, #60	@ 0x3c
1000055c:	00a4      	lsls	r4, r4, #2
1000055e:	4d09      	ldr	r5, [pc, #36]	@ (10000584 <_gpio_set_irq_enabled+0x38>)
10000560:	5161      	str	r1, [r4, r5]
10000562:	0080      	lsls	r0, r0, #2
10000564:	181b      	adds	r3, r3, r0
10000566:	2a00      	cmp	r2, #0
10000568:	d005      	beq.n	10000576 <_gpio_set_irq_enabled+0x2a>
1000056a:	2280      	movs	r2, #128	@ 0x80
1000056c:	0192      	lsls	r2, r2, #6
1000056e:	4694      	mov	ip, r2
10000570:	4463      	add	r3, ip
10000572:	6019      	str	r1, [r3, #0]
10000574:	bd30      	pop	{r4, r5, pc}
10000576:	22c0      	movs	r2, #192	@ 0xc0
10000578:	0192      	lsls	r2, r2, #6
1000057a:	4694      	mov	ip, r2
1000057c:	4463      	add	r3, ip
1000057e:	6019      	str	r1, [r3, #0]
10000580:	e7f8      	b.n	10000574 <_gpio_set_irq_enabled+0x28>
10000582:	46c0      	nop			@ (mov r8, r8)
10000584:	40014000 	.word	0x40014000

10000588 <gpio_set_function>:
10000588:	b510      	push	{r4, lr}
1000058a:	0083      	lsls	r3, r0, #2
1000058c:	4a08      	ldr	r2, [pc, #32]	@ (100005b0 <gpio_set_function+0x28>)
1000058e:	189a      	adds	r2, r3, r2
10000590:	6814      	ldr	r4, [r2, #0]
10000592:	2240      	movs	r2, #64	@ 0x40
10000594:	4054      	eors	r4, r2
10000596:	3280      	adds	r2, #128	@ 0x80
10000598:	4022      	ands	r2, r4
1000059a:	4c06      	ldr	r4, [pc, #24]	@ (100005b4 <gpio_set_function+0x2c>)
1000059c:	46a4      	mov	ip, r4
1000059e:	4463      	add	r3, ip
100005a0:	601a      	str	r2, [r3, #0]
100005a2:	00c0      	lsls	r0, r0, #3
100005a4:	4b04      	ldr	r3, [pc, #16]	@ (100005b8 <gpio_set_function+0x30>)
100005a6:	469c      	mov	ip, r3
100005a8:	4460      	add	r0, ip
100005aa:	6041      	str	r1, [r0, #4]
100005ac:	bd10      	pop	{r4, pc}
100005ae:	46c0      	nop			@ (mov r8, r8)
100005b0:	4001c004 	.word	0x4001c004
100005b4:	4001d004 	.word	0x4001d004
100005b8:	40014000 	.word	0x40014000

100005bc <gpio_set_pulls>:
100005bc:	0080      	lsls	r0, r0, #2
100005be:	4b0c      	ldr	r3, [pc, #48]	@ (100005f0 <gpio_set_pulls+0x34>)
100005c0:	469c      	mov	ip, r3
100005c2:	4460      	add	r0, ip
100005c4:	2900      	cmp	r1, #0
100005c6:	d00e      	beq.n	100005e6 <gpio_set_pulls+0x2a>
100005c8:	2308      	movs	r3, #8
100005ca:	2a00      	cmp	r2, #0
100005cc:	d00d      	beq.n	100005ea <gpio_set_pulls+0x2e>
100005ce:	2204      	movs	r2, #4
100005d0:	4313      	orrs	r3, r2
100005d2:	6802      	ldr	r2, [r0, #0]
100005d4:	4053      	eors	r3, r2
100005d6:	220c      	movs	r2, #12
100005d8:	4013      	ands	r3, r2
100005da:	2280      	movs	r2, #128	@ 0x80
100005dc:	0152      	lsls	r2, r2, #5
100005de:	4694      	mov	ip, r2
100005e0:	4460      	add	r0, ip
100005e2:	6003      	str	r3, [r0, #0]
100005e4:	4770      	bx	lr
100005e6:	2300      	movs	r3, #0
100005e8:	e7ef      	b.n	100005ca <gpio_set_pulls+0xe>
100005ea:	2200      	movs	r2, #0
100005ec:	e7f0      	b.n	100005d0 <gpio_set_pulls+0x14>
100005ee:	46c0      	nop			@ (mov r8, r8)
100005f0:	4001c004 	.word	0x4001c004

100005f4 <gpio_set_irq_enabled>:
100005f4:	b570      	push	{r4, r5, r6, lr}
100005f6:	0006      	movs	r6, r0
100005f8:	000d      	movs	r5, r1
100005fa:	1e14      	subs	r4, r2, #0
100005fc:	d10b      	bne.n	10000616 <gpio_set_irq_enabled+0x22>
100005fe:	23d0      	movs	r3, #208	@ 0xd0
10000600:	061b      	lsls	r3, r3, #24
10000602:	681b      	ldr	r3, [r3, #0]
10000604:	2b00      	cmp	r3, #0
10000606:	d011      	beq.n	1000062c <gpio_set_irq_enabled+0x38>
10000608:	4b09      	ldr	r3, [pc, #36]	@ (10000630 <gpio_set_irq_enabled+0x3c>)
1000060a:	0022      	movs	r2, r4
1000060c:	0029      	movs	r1, r5
1000060e:	0030      	movs	r0, r6
10000610:	f7ff ff9c 	bl	1000054c <_gpio_set_irq_enabled>
10000614:	bd70      	pop	{r4, r5, r6, pc}
10000616:	200d      	movs	r0, #13
10000618:	f000 fa0a 	bl	10000a30 <irq_has_handler>
1000061c:	2800      	cmp	r0, #0
1000061e:	d1ee      	bne.n	100005fe <gpio_set_irq_enabled+0xa>
10000620:	4b04      	ldr	r3, [pc, #16]	@ (10000634 <gpio_set_irq_enabled+0x40>)
10000622:	4a05      	ldr	r2, [pc, #20]	@ (10000638 <gpio_set_irq_enabled+0x44>)
10000624:	4805      	ldr	r0, [pc, #20]	@ (1000063c <gpio_set_irq_enabled+0x48>)
10000626:	21bd      	movs	r1, #189	@ 0xbd
10000628:	f003 fa46 	bl	10003ab8 <__assert_func>
1000062c:	4b04      	ldr	r3, [pc, #16]	@ (10000640 <gpio_set_irq_enabled+0x4c>)
1000062e:	e7ec      	b.n	1000060a <gpio_set_irq_enabled+0x16>
10000630:	40014130 	.word	0x40014130
10000634:	10007940 	.word	0x10007940
10000638:	10008b80 	.word	0x10008b80
1000063c:	1000796c 	.word	0x1000796c
10000640:	40014100 	.word	0x40014100

10000644 <gpio_add_raw_irq_handler_with_order_priority_masked>:
10000644:	b570      	push	{r4, r5, r6, lr}
10000646:	23d0      	movs	r3, #208	@ 0xd0
10000648:	061b      	lsls	r3, r3, #24
1000064a:	681b      	ldr	r3, [r3, #0]
1000064c:	4c09      	ldr	r4, [pc, #36]	@ (10000674 <gpio_add_raw_irq_handler_with_order_priority_masked+0x30>)
1000064e:	009d      	lsls	r5, r3, #2
10000650:	592c      	ldr	r4, [r5, r4]
10000652:	4220      	tst	r0, r4
10000654:	d107      	bne.n	10000666 <gpio_add_raw_irq_handler_with_order_priority_masked+0x22>
10000656:	4d07      	ldr	r5, [pc, #28]	@ (10000674 <gpio_add_raw_irq_handler_with_order_priority_masked+0x30>)
10000658:	009b      	lsls	r3, r3, #2
1000065a:	4304      	orrs	r4, r0
1000065c:	515c      	str	r4, [r3, r5]
1000065e:	200d      	movs	r0, #13
10000660:	f000 fa20 	bl	10000aa4 <irq_add_shared_handler>
10000664:	bd70      	pop	{r4, r5, r6, pc}
10000666:	4b04      	ldr	r3, [pc, #16]	@ (10000678 <gpio_add_raw_irq_handler_with_order_priority_masked+0x34>)
10000668:	4a04      	ldr	r2, [pc, #16]	@ (1000067c <gpio_add_raw_irq_handler_with_order_priority_masked+0x38>)
1000066a:	4805      	ldr	r0, [pc, #20]	@ (10000680 <gpio_add_raw_irq_handler_with_order_priority_masked+0x3c>)
1000066c:	21db      	movs	r1, #219	@ 0xdb
1000066e:	f003 fa23 	bl	10003ab8 <__assert_func>
10000672:	46c0      	nop			@ (mov r8, r8)
10000674:	20002504 	.word	0x20002504
10000678:	100079bc 	.word	0x100079bc
1000067c:	10008b4c 	.word	0x10008b4c
10000680:	1000796c 	.word	0x1000796c

10000684 <gpio_remove_raw_irq_handler_masked>:
10000684:	b510      	push	{r4, lr}
10000686:	0004      	movs	r4, r0
10000688:	23d0      	movs	r3, #208	@ 0xd0
1000068a:	061b      	lsls	r3, r3, #24
1000068c:	681a      	ldr	r2, [r3, #0]
1000068e:	4b0b      	ldr	r3, [pc, #44]	@ (100006bc <gpio_remove_raw_irq_handler_masked+0x38>)
10000690:	0092      	lsls	r2, r2, #2
10000692:	58d3      	ldr	r3, [r2, r3]
10000694:	4218      	tst	r0, r3
10000696:	d00b      	beq.n	100006b0 <gpio_remove_raw_irq_handler_masked+0x2c>
10000698:	200d      	movs	r0, #13
1000069a:	f000 fb0f 	bl	10000cbc <irq_remove_handler>
1000069e:	23d0      	movs	r3, #208	@ 0xd0
100006a0:	061b      	lsls	r3, r3, #24
100006a2:	681b      	ldr	r3, [r3, #0]
100006a4:	4905      	ldr	r1, [pc, #20]	@ (100006bc <gpio_remove_raw_irq_handler_masked+0x38>)
100006a6:	009b      	lsls	r3, r3, #2
100006a8:	585a      	ldr	r2, [r3, r1]
100006aa:	43a2      	bics	r2, r4
100006ac:	505a      	str	r2, [r3, r1]
100006ae:	bd10      	pop	{r4, pc}
100006b0:	4b03      	ldr	r3, [pc, #12]	@ (100006c0 <gpio_remove_raw_irq_handler_masked+0x3c>)
100006b2:	4a04      	ldr	r2, [pc, #16]	@ (100006c4 <gpio_remove_raw_irq_handler_masked+0x40>)
100006b4:	4804      	ldr	r0, [pc, #16]	@ (100006c8 <gpio_remove_raw_irq_handler_masked+0x44>)
100006b6:	21ef      	movs	r1, #239	@ 0xef
100006b8:	f003 f9fe 	bl	10003ab8 <__assert_func>
100006bc:	20002504 	.word	0x20002504
100006c0:	100079e8 	.word	0x100079e8
100006c4:	10008b28 	.word	0x10008b28
100006c8:	1000796c 	.word	0x1000796c

100006cc <rp2040_chip_version>:
100006cc:	b510      	push	{r4, lr}
100006ce:	2380      	movs	r3, #128	@ 0x80
100006d0:	05db      	lsls	r3, r3, #23
100006d2:	6818      	ldr	r0, [r3, #0]
100006d4:	0503      	lsls	r3, r0, #20
100006d6:	0d1b      	lsrs	r3, r3, #20
100006d8:	4a0b      	ldr	r2, [pc, #44]	@ (10000708 <rp2040_chip_version+0x3c>)
100006da:	4293      	cmp	r3, r2
100006dc:	d107      	bne.n	100006ee <rp2040_chip_version+0x22>
100006de:	4b0b      	ldr	r3, [pc, #44]	@ (1000070c <rp2040_chip_version+0x40>)
100006e0:	4003      	ands	r3, r0
100006e2:	2280      	movs	r2, #128	@ 0x80
100006e4:	0192      	lsls	r2, r2, #6
100006e6:	4293      	cmp	r3, r2
100006e8:	d107      	bne.n	100006fa <rp2040_chip_version+0x2e>
100006ea:	0f00      	lsrs	r0, r0, #28
100006ec:	bd10      	pop	{r4, pc}
100006ee:	4b08      	ldr	r3, [pc, #32]	@ (10000710 <rp2040_chip_version+0x44>)
100006f0:	4a08      	ldr	r2, [pc, #32]	@ (10000714 <rp2040_chip_version+0x48>)
100006f2:	4809      	ldr	r0, [pc, #36]	@ (10000718 <rp2040_chip_version+0x4c>)
100006f4:	2113      	movs	r1, #19
100006f6:	f003 f9df 	bl	10003ab8 <__assert_func>
100006fa:	4b08      	ldr	r3, [pc, #32]	@ (1000071c <rp2040_chip_version+0x50>)
100006fc:	4a05      	ldr	r2, [pc, #20]	@ (10000714 <rp2040_chip_version+0x48>)
100006fe:	4806      	ldr	r0, [pc, #24]	@ (10000718 <rp2040_chip_version+0x4c>)
10000700:	2114      	movs	r1, #20
10000702:	f003 f9d9 	bl	10003ab8 <__assert_func>
10000706:	46c0      	nop			@ (mov r8, r8)
10000708:	00000927 	.word	0x00000927
1000070c:	0ffff000 	.word	0x0ffff000
10000710:	10007a14 	.word	0x10007a14
10000714:	10008b98 	.word	0x10008b98
10000718:	10007a38 	.word	0x10007a38
1000071c:	10007a88 	.word	0x10007a88

10000720 <panic>:
10000720:	b40f      	push	{r0, r1, r2, r3}
10000722:	b500      	push	{lr}
10000724:	b083      	sub	sp, #12
10000726:	4808      	ldr	r0, [pc, #32]	@ (10000748 <panic+0x28>)
10000728:	f003 fb6a 	bl	10003e00 <__wrap_puts>
1000072c:	9b04      	ldr	r3, [sp, #16]
1000072e:	2b00      	cmp	r3, #0
10000730:	d007      	beq.n	10000742 <panic+0x22>
10000732:	a905      	add	r1, sp, #20
10000734:	9101      	str	r1, [sp, #4]
10000736:	0018      	movs	r0, r3
10000738:	f003 fb72 	bl	10003e20 <__wrap_vprintf>
1000073c:	4803      	ldr	r0, [pc, #12]	@ (1000074c <panic+0x2c>)
1000073e:	f003 fb5f 	bl	10003e00 <__wrap_puts>
10000742:	2001      	movs	r0, #1
10000744:	f003 f9b2 	bl	10003aac <_exit>
10000748:	10007a9c 	.word	0x10007a9c
1000074c:	10007aac 	.word	0x10007aac

10000750 <hw_claim_lock>:
10000750:	f3ef 8010 	mrs	r0, PRIMASK
10000754:	b672      	cpsid	i
10000756:	4b03      	ldr	r3, [pc, #12]	@ (10000764 <hw_claim_lock+0x14>)
10000758:	681b      	ldr	r3, [r3, #0]
1000075a:	2b00      	cmp	r3, #0
1000075c:	d0fb      	beq.n	10000756 <hw_claim_lock+0x6>
1000075e:	f3bf 8f5f 	dmb	sy
10000762:	4770      	bx	lr
10000764:	d000012c 	.word	0xd000012c

10000768 <hw_claim_unlock>:
10000768:	f3bf 8f5f 	dmb	sy
1000076c:	4b02      	ldr	r3, [pc, #8]	@ (10000778 <hw_claim_unlock+0x10>)
1000076e:	2200      	movs	r2, #0
10000770:	601a      	str	r2, [r3, #0]
10000772:	f380 8810 	msr	PRIMASK, r0
10000776:	4770      	bx	lr
10000778:	d000012c 	.word	0xd000012c

1000077c <hw_claim_or_assert>:
1000077c:	b5f8      	push	{r3, r4, r5, r6, r7, lr}
1000077e:	0006      	movs	r6, r0
10000780:	000c      	movs	r4, r1
10000782:	0015      	movs	r5, r2
10000784:	f7ff ffe4 	bl	10000750 <hw_claim_lock>
10000788:	08e3      	lsrs	r3, r4, #3
1000078a:	18f7      	adds	r7, r6, r3
1000078c:	5cf1      	ldrb	r1, [r6, r3]
1000078e:	2207      	movs	r2, #7
10000790:	4022      	ands	r2, r4
10000792:	2301      	movs	r3, #1
10000794:	4093      	lsls	r3, r2
10000796:	420b      	tst	r3, r1
10000798:	d105      	bne.n	100007a6 <hw_claim_or_assert+0x2a>
1000079a:	b2db      	uxtb	r3, r3
1000079c:	430b      	orrs	r3, r1
1000079e:	703b      	strb	r3, [r7, #0]
100007a0:	f7ff ffe2 	bl	10000768 <hw_claim_unlock>
100007a4:	bdf8      	pop	{r3, r4, r5, r6, r7, pc}
100007a6:	0021      	movs	r1, r4
100007a8:	0028      	movs	r0, r5
100007aa:	f7ff ffb9 	bl	10000720 <panic>

100007ae <hw_claim_unused_from_range>:
100007ae:	b5f0      	push	{r4, r5, r6, r7, lr}
100007b0:	b083      	sub	sp, #12
100007b2:	0006      	movs	r6, r0
100007b4:	9101      	str	r1, [sp, #4]
100007b6:	0014      	movs	r4, r2
100007b8:	001f      	movs	r7, r3
100007ba:	f7ff ffc9 	bl	10000750 <hw_claim_lock>
100007be:	e000      	b.n	100007c2 <hw_claim_unused_from_range+0x14>
100007c0:	3401      	adds	r4, #1
100007c2:	42bc      	cmp	r4, r7
100007c4:	d80c      	bhi.n	100007e0 <hw_claim_unused_from_range+0x32>
100007c6:	08e3      	lsrs	r3, r4, #3
100007c8:	18f5      	adds	r5, r6, r3
100007ca:	5cf3      	ldrb	r3, [r6, r3]
100007cc:	2107      	movs	r1, #7
100007ce:	4021      	ands	r1, r4
100007d0:	2201      	movs	r2, #1
100007d2:	408a      	lsls	r2, r1
100007d4:	421a      	tst	r2, r3
100007d6:	d1f3      	bne.n	100007c0 <hw_claim_unused_from_range+0x12>
100007d8:	b2d2      	uxtb	r2, r2
100007da:	431a      	orrs	r2, r3
100007dc:	702a      	strb	r2, [r5, #0]
100007de:	e001      	b.n	100007e4 <hw_claim_unused_from_range+0x36>
100007e0:	2401      	movs	r4, #1
100007e2:	4264      	negs	r4, r4
100007e4:	f7ff ffc0 	bl	10000768 <hw_claim_unlock>
100007e8:	2c00      	cmp	r4, #0
100007ea:	db02      	blt.n	100007f2 <hw_claim_unused_from_range+0x44>
100007ec:	0020      	movs	r0, r4
100007ee:	b003      	add	sp, #12
100007f0:	bdf0      	pop	{r4, r5, r6, r7, pc}
100007f2:	9b01      	ldr	r3, [sp, #4]
100007f4:	2b00      	cmp	r3, #0
100007f6:	d0f9      	beq.n	100007ec <hw_claim_unused_from_range+0x3e>
100007f8:	9808      	ldr	r0, [sp, #32]
100007fa:	f7ff ff91 	bl	10000720 <panic>
	...

10000800 <hw_claim_clear>:
10000800:	b570      	push	{r4, r5, r6, lr}
10000802:	0005      	movs	r5, r0
10000804:	000c      	movs	r4, r1
10000806:	f7ff ffa3 	bl	10000750 <hw_claim_lock>
1000080a:	08e3      	lsrs	r3, r4, #3
1000080c:	18ee      	adds	r6, r5, r3
1000080e:	5cea      	ldrb	r2, [r5, r3]
10000810:	2107      	movs	r1, #7
10000812:	4021      	ands	r1, r4
10000814:	2301      	movs	r3, #1
10000816:	408b      	lsls	r3, r1
10000818:	4213      	tst	r3, r2
1000081a:	d004      	beq.n	10000826 <hw_claim_clear+0x26>
1000081c:	439a      	bics	r2, r3
1000081e:	7032      	strb	r2, [r6, #0]
10000820:	f7ff ffa2 	bl	10000768 <hw_claim_unlock>
10000824:	bd70      	pop	{r4, r5, r6, pc}
10000826:	4b03      	ldr	r3, [pc, #12]	@ (10000834 <hw_claim_clear+0x34>)
10000828:	4a03      	ldr	r2, [pc, #12]	@ (10000838 <hw_claim_clear+0x38>)
1000082a:	4804      	ldr	r0, [pc, #16]	@ (1000083c <hw_claim_clear+0x3c>)
1000082c:	2133      	movs	r1, #51	@ 0x33
1000082e:	f003 f943 	bl	10003ab8 <__assert_func>
10000832:	46c0      	nop			@ (mov r8, r8)
10000834:	10007ab0 	.word	0x10007ab0
10000838:	10008bac 	.word	0x10008bac
1000083c:	10007ad0 	.word	0x10007ad0

10000840 <next_striped_spin_lock_num>:
10000840:	4a05      	ldr	r2, [pc, #20]	@ (10000858 <next_striped_spin_lock_num+0x18>)
10000842:	7810      	ldrb	r0, [r2, #0]
10000844:	1c43      	adds	r3, r0, #1
10000846:	b2db      	uxtb	r3, r3
10000848:	7013      	strb	r3, [r2, #0]
1000084a:	2b17      	cmp	r3, #23
1000084c:	d902      	bls.n	10000854 <next_striped_spin_lock_num+0x14>
1000084e:	0013      	movs	r3, r2
10000850:	2210      	movs	r2, #16
10000852:	701a      	strb	r2, [r3, #0]
10000854:	4770      	bx	lr
10000856:	46c0      	nop			@ (mov r8, r8)
10000858:	20000df8 	.word	0x20000df8

1000085c <spin_lock_claim_unused>:
1000085c:	b510      	push	{r4, lr}
1000085e:	b082      	sub	sp, #8
10000860:	0001      	movs	r1, r0
10000862:	4c05      	ldr	r4, [pc, #20]	@ (10000878 <spin_lock_claim_unused+0x1c>)
10000864:	4b05      	ldr	r3, [pc, #20]	@ (1000087c <spin_lock_claim_unused+0x20>)
10000866:	9300      	str	r3, [sp, #0]
10000868:	231f      	movs	r3, #31
1000086a:	2218      	movs	r2, #24
1000086c:	0020      	movs	r0, r4
1000086e:	f7ff ff9e 	bl	100007ae <hw_claim_unused_from_range>
10000872:	b002      	add	sp, #8
10000874:	bd10      	pop	{r4, pc}
10000876:	46c0      	nop			@ (mov r8, r8)
10000878:	2000177c 	.word	0x2000177c
1000087c:	10007b1c 	.word	0x10007b1c

10000880 <spin_locks_reset>:
10000880:	2300      	movs	r3, #0
10000882:	e007      	b.n	10000894 <spin_locks_reset+0x14>
10000884:	4a05      	ldr	r2, [pc, #20]	@ (1000089c <spin_locks_reset+0x1c>)
10000886:	189a      	adds	r2, r3, r2
10000888:	0092      	lsls	r2, r2, #2
1000088a:	f3bf 8f5f 	dmb	sy
1000088e:	2100      	movs	r1, #0
10000890:	6011      	str	r1, [r2, #0]
10000892:	3301      	adds	r3, #1
10000894:	2b1f      	cmp	r3, #31
10000896:	d9f5      	bls.n	10000884 <spin_locks_reset+0x4>
10000898:	4770      	bx	lr
1000089a:	46c0      	nop			@ (mov r8, r8)
1000089c:	34000040 	.word	0x34000040

100008a0 <set_raw_irq_handler_and_unlock>:
100008a0:	4b07      	ldr	r3, [pc, #28]	@ (100008c0 <set_raw_irq_handler_and_unlock+0x20>)
100008a2:	689b      	ldr	r3, [r3, #8]
100008a4:	3010      	adds	r0, #16
100008a6:	0080      	lsls	r0, r0, #2
100008a8:	5019      	str	r1, [r3, r0]
100008aa:	f3bf 8f5f 	dmb	sy
100008ae:	f3bf 8f5f 	dmb	sy
100008b2:	4b04      	ldr	r3, [pc, #16]	@ (100008c4 <set_raw_irq_handler_and_unlock+0x24>)
100008b4:	2100      	movs	r1, #0
100008b6:	6019      	str	r1, [r3, #0]
100008b8:	f382 8810 	msr	PRIMASK, r2
100008bc:	4770      	bx	lr
100008be:	46c0      	nop			@ (mov r8, r8)
100008c0:	e000ed00 	.word	0xe000ed00
100008c4:	d0000124 	.word	0xd0000124

100008c8 <nvic_ipr0>:
100008c8:	4800      	ldr	r0, [pc, #0]	@ (100008cc <nvic_ipr0+0x4>)
100008ca:	4770      	bx	lr
100008cc:	e000e400 	.word	0xe000e400

100008d0 <runtime_init_per_core_irq_priorities>:
100008d0:	b510      	push	{r4, lr}
100008d2:	f7ff fff9 	bl	100008c8 <nvic_ipr0>
100008d6:	2300      	movs	r3, #0
100008d8:	e002      	b.n	100008e0 <runtime_init_per_core_irq_priorities+0x10>
100008da:	4a03      	ldr	r2, [pc, #12]	@ (100008e8 <runtime_init_per_core_irq_priorities+0x18>)
100008dc:	c004      	stmia	r0!, {r2}
100008de:	3301      	adds	r3, #1
100008e0:	2b07      	cmp	r3, #7
100008e2:	d9fa      	bls.n	100008da <runtime_init_per_core_irq_priorities+0xa>
100008e4:	bd10      	pop	{r4, pc}
100008e6:	46c0      	nop			@ (mov r8, r8)
100008e8:	80808080 	.word	0x80808080

100008ec <get_user_irq_claim_index>:
100008ec:	231f      	movs	r3, #31
100008ee:	1a18      	subs	r0, r3, r0
100008f0:	4770      	bx	lr
	...

100008f4 <resolve_j_16>:
100008f4:	b510      	push	{r4, lr}
100008f6:	8803      	ldrh	r3, [r0, #0]
100008f8:	0ada      	lsrs	r2, r3, #11
100008fa:	2a1c      	cmp	r2, #28
100008fc:	d105      	bne.n	1000090a <resolve_j_16+0x16>
100008fe:	055b      	lsls	r3, r3, #21
10000900:	155b      	asrs	r3, r3, #21
10000902:	3302      	adds	r3, #2
10000904:	005b      	lsls	r3, r3, #1
10000906:	18c0      	adds	r0, r0, r3
10000908:	bd10      	pop	{r4, pc}
1000090a:	4b03      	ldr	r3, [pc, #12]	@ (10000918 <resolve_j_16+0x24>)
1000090c:	4a03      	ldr	r2, [pc, #12]	@ (1000091c <resolve_j_16+0x28>)
1000090e:	218e      	movs	r1, #142	@ 0x8e
10000910:	4803      	ldr	r0, [pc, #12]	@ (10000920 <resolve_j_16+0x2c>)
10000912:	0049      	lsls	r1, r1, #1
10000914:	f003 f8d0 	bl	10003ab8 <__assert_func>
10000918:	10007b38 	.word	0x10007b38
1000091c:	10008c08 	.word	0x10008c08
10000920:	10007b50 	.word	0x10007b50

10000924 <make_j_16>:
10000924:	b510      	push	{r4, lr}
10000926:	1a09      	subs	r1, r1, r0
10000928:	1f0b      	subs	r3, r1, #4
1000092a:	4a0a      	ldr	r2, [pc, #40]	@ (10000954 <make_j_16+0x30>)
1000092c:	1888      	adds	r0, r1, r2
1000092e:	4a0a      	ldr	r2, [pc, #40]	@ (10000958 <make_j_16+0x34>)
10000930:	4290      	cmp	r0, r2
10000932:	d808      	bhi.n	10000946 <make_j_16+0x22>
10000934:	07c9      	lsls	r1, r1, #31
10000936:	d406      	bmi.n	10000946 <make_j_16+0x22>
10000938:	105b      	asrs	r3, r3, #1
1000093a:	055b      	lsls	r3, r3, #21
1000093c:	0d5b      	lsrs	r3, r3, #21
1000093e:	4807      	ldr	r0, [pc, #28]	@ (1000095c <make_j_16+0x38>)
10000940:	4318      	orrs	r0, r3
10000942:	b280      	uxth	r0, r0
10000944:	bd10      	pop	{r4, pc}
10000946:	4b06      	ldr	r3, [pc, #24]	@ (10000960 <make_j_16+0x3c>)
10000948:	4a06      	ldr	r2, [pc, #24]	@ (10000964 <make_j_16+0x40>)
1000094a:	2187      	movs	r1, #135	@ 0x87
1000094c:	4806      	ldr	r0, [pc, #24]	@ (10000968 <make_j_16+0x44>)
1000094e:	0049      	lsls	r1, r1, #1
10000950:	f003 f8b2 	bl	10003ab8 <__assert_func>
10000954:	000007fc 	.word	0x000007fc
10000958:	00000ffe 	.word	0x00000ffe
1000095c:	ffffe000 	.word	0xffffe000
10000960:	10007b9c 	.word	0x10007b9c
10000964:	10008bfc 	.word	0x10008bfc
10000968:	10007b50 	.word	0x10007b50

1000096c <insert_bl_32>:
1000096c:	b510      	push	{r4, lr}
1000096e:	1a09      	subs	r1, r1, r0
10000970:	3904      	subs	r1, #4
10000972:	084a      	lsrs	r2, r1, #1
10000974:	0b09      	lsrs	r1, r1, #12
10000976:	d108      	bne.n	1000098a <insert_bl_32+0x1e>
10000978:	0549      	lsls	r1, r1, #21
1000097a:	0d49      	lsrs	r1, r1, #21
1000097c:	4b06      	ldr	r3, [pc, #24]	@ (10000998 <insert_bl_32+0x2c>)
1000097e:	430b      	orrs	r3, r1
10000980:	8003      	strh	r3, [r0, #0]
10000982:	4b06      	ldr	r3, [pc, #24]	@ (1000099c <insert_bl_32+0x30>)
10000984:	4313      	orrs	r3, r2
10000986:	8043      	strh	r3, [r0, #2]
10000988:	bd10      	pop	{r4, pc}
1000098a:	4b05      	ldr	r3, [pc, #20]	@ (100009a0 <insert_bl_32+0x34>)
1000098c:	4a05      	ldr	r2, [pc, #20]	@ (100009a4 <insert_bl_32+0x38>)
1000098e:	218b      	movs	r1, #139	@ 0x8b
10000990:	4805      	ldr	r0, [pc, #20]	@ (100009a8 <insert_bl_32+0x3c>)
10000992:	0049      	lsls	r1, r1, #1
10000994:	f003 f890 	bl	10003ab8 <__assert_func>
10000998:	fffff000 	.word	0xfffff000
1000099c:	fffff800 	.word	0xfffff800
100009a0:	10007bcc 	.word	0x10007bcc
100009a4:	10008bd8 	.word	0x10008bd8
100009a8:	10007b50 	.word	0x10007b50

100009ac <irq_is_enabled>:
100009ac:	2301      	movs	r3, #1
100009ae:	4083      	lsls	r3, r0
100009b0:	4a03      	ldr	r2, [pc, #12]	@ (100009c0 <irq_is_enabled+0x14>)
100009b2:	6810      	ldr	r0, [r2, #0]
100009b4:	4018      	ands	r0, r3
100009b6:	1e43      	subs	r3, r0, #1
100009b8:	4198      	sbcs	r0, r3
100009ba:	b2c0      	uxtb	r0, r0
100009bc:	4770      	bx	lr
100009be:	46c0      	nop			@ (mov r8, r8)
100009c0:	e000e100 	.word	0xe000e100

100009c4 <irq_set_mask_n_enabled>:
100009c4:	2a00      	cmp	r2, #0
100009c6:	d005      	beq.n	100009d4 <irq_set_mask_n_enabled+0x10>
100009c8:	4b04      	ldr	r3, [pc, #16]	@ (100009dc <irq_set_mask_n_enabled+0x18>)
100009ca:	22c0      	movs	r2, #192	@ 0xc0
100009cc:	0052      	lsls	r2, r2, #1
100009ce:	5099      	str	r1, [r3, r2]
100009d0:	6019      	str	r1, [r3, #0]
100009d2:	4770      	bx	lr
100009d4:	4a01      	ldr	r2, [pc, #4]	@ (100009dc <irq_set_mask_n_enabled+0x18>)
100009d6:	2380      	movs	r3, #128	@ 0x80
100009d8:	50d1      	str	r1, [r2, r3]
100009da:	e7fa      	b.n	100009d2 <irq_set_mask_n_enabled+0xe>
100009dc:	e000e100 	.word	0xe000e100

100009e0 <irq_set_enabled>:
100009e0:	b510      	push	{r4, lr}
100009e2:	000a      	movs	r2, r1
100009e4:	231f      	movs	r3, #31
100009e6:	4003      	ands	r3, r0
100009e8:	2101      	movs	r1, #1
100009ea:	4099      	lsls	r1, r3
100009ec:	0940      	lsrs	r0, r0, #5
100009ee:	f7ff ffe9 	bl	100009c4 <irq_set_mask_n_enabled>
100009f2:	bd10      	pop	{r4, pc}

100009f4 <irq_set_pending>:
100009f4:	2301      	movs	r3, #1
100009f6:	4083      	lsls	r3, r0
100009f8:	4a01      	ldr	r2, [pc, #4]	@ (10000a00 <irq_set_pending+0xc>)
100009fa:	6013      	str	r3, [r2, #0]
100009fc:	4770      	bx	lr
100009fe:	46c0      	nop			@ (mov r8, r8)
10000a00:	e000e200 	.word	0xe000e200

10000a04 <irq_get_vtable_handler>:
10000a04:	4b02      	ldr	r3, [pc, #8]	@ (10000a10 <irq_get_vtable_handler+0xc>)
10000a06:	689b      	ldr	r3, [r3, #8]
10000a08:	3010      	adds	r0, #16
10000a0a:	0080      	lsls	r0, r0, #2
10000a0c:	58c0      	ldr	r0, [r0, r3]
10000a0e:	4770      	bx	lr
10000a10:	e000ed00 	.word	0xe000ed00

10000a14 <irq_has_shared_handler>:
10000a14:	b510      	push	{r4, lr}
10000a16:	f7ff fff5 	bl	10000a04 <irq_get_vtable_handler>
10000a1a:	4b04      	ldr	r3, [pc, #16]	@ (10000a2c <irq_has_shared_handler+0x18>)
10000a1c:	1ac3      	subs	r3, r0, r3
10000a1e:	2000      	movs	r0, #0
10000a20:	222f      	movs	r2, #47	@ 0x2f
10000a22:	429a      	cmp	r2, r3
10000a24:	4140      	adcs	r0, r0
10000a26:	b2c0      	uxtb	r0, r0
10000a28:	bd10      	pop	{r4, pc}
10000a2a:	46c0      	nop			@ (mov r8, r8)
10000a2c:	20000dfc 	.word	0x20000dfc

10000a30 <irq_has_handler>:
10000a30:	b510      	push	{r4, lr}
10000a32:	f7ff ffe7 	bl	10000a04 <irq_get_vtable_handler>
10000a36:	2800      	cmp	r0, #0
10000a38:	d006      	beq.n	10000a48 <irq_has_handler+0x18>
10000a3a:	4b04      	ldr	r3, [pc, #16]	@ (10000a4c <irq_has_handler+0x1c>)
10000a3c:	4298      	cmp	r0, r3
10000a3e:	d001      	beq.n	10000a44 <irq_has_handler+0x14>
10000a40:	2001      	movs	r0, #1
10000a42:	bd10      	pop	{r4, pc}
10000a44:	2000      	movs	r0, #0
10000a46:	e7fc      	b.n	10000a42 <irq_has_handler+0x12>
10000a48:	2000      	movs	r0, #0
10000a4a:	e7fa      	b.n	10000a42 <irq_has_handler+0x12>
10000a4c:	100001c1 	.word	0x100001c1

10000a50 <irq_set_exclusive_handler>:
10000a50:	b570      	push	{r4, r5, r6, lr}
10000a52:	0004      	movs	r4, r0
10000a54:	000d      	movs	r5, r1
10000a56:	f3ef 8610 	mrs	r6, PRIMASK
10000a5a:	b672      	cpsid	i
10000a5c:	4b0c      	ldr	r3, [pc, #48]	@ (10000a90 <irq_set_exclusive_handler+0x40>)
10000a5e:	681b      	ldr	r3, [r3, #0]
10000a60:	2b00      	cmp	r3, #0
10000a62:	d0fb      	beq.n	10000a5c <irq_set_exclusive_handler+0xc>
10000a64:	f3bf 8f5f 	dmb	sy
10000a68:	0020      	movs	r0, r4
10000a6a:	f7ff ffcb 	bl	10000a04 <irq_get_vtable_handler>
10000a6e:	4b09      	ldr	r3, [pc, #36]	@ (10000a94 <irq_set_exclusive_handler+0x44>)
10000a70:	4298      	cmp	r0, r3
10000a72:	d001      	beq.n	10000a78 <irq_set_exclusive_handler+0x28>
10000a74:	42a8      	cmp	r0, r5
10000a76:	d105      	bne.n	10000a84 <irq_set_exclusive_handler+0x34>
10000a78:	0032      	movs	r2, r6
10000a7a:	0029      	movs	r1, r5
10000a7c:	0020      	movs	r0, r4
10000a7e:	f7ff ff0f 	bl	100008a0 <set_raw_irq_handler_and_unlock>
10000a82:	bd70      	pop	{r4, r5, r6, pc}
10000a84:	4b04      	ldr	r3, [pc, #16]	@ (10000a98 <irq_set_exclusive_handler+0x48>)
10000a86:	4a05      	ldr	r2, [pc, #20]	@ (10000a9c <irq_set_exclusive_handler+0x4c>)
10000a88:	4805      	ldr	r0, [pc, #20]	@ (10000aa0 <irq_set_exclusive_handler+0x50>)
10000a8a:	21ed      	movs	r1, #237	@ 0xed
10000a8c:	f003 f814 	bl	10003ab8 <__assert_func>
10000a90:	d0000124 	.word	0xd0000124
10000a94:	100001c1 	.word	0x100001c1
10000a98:	10007bdc 	.word	0x10007bdc
10000a9c:	10008c30 	.word	0x10008c30
10000aa0:	10007b50 	.word	0x10007b50

10000aa4 <irq_add_shared_handler>:
10000aa4:	b5f0      	push	{r4, r5, r6, r7, lr}
10000aa6:	46de      	mov	lr, fp
10000aa8:	4657      	mov	r7, sl
10000aaa:	464e      	mov	r6, r9
10000aac:	4645      	mov	r5, r8
10000aae:	b5e0      	push	{r5, r6, r7, lr}
10000ab0:	b089      	sub	sp, #36	@ 0x24
10000ab2:	4681      	mov	r9, r0
10000ab4:	9101      	str	r1, [sp, #4]
10000ab6:	0015      	movs	r5, r2
10000ab8:	f3ef 8b10 	mrs	fp, PRIMASK
10000abc:	b672      	cpsid	i
10000abe:	4b6f      	ldr	r3, [pc, #444]	@ (10000c7c <irq_add_shared_handler+0x1d8>)
10000ac0:	681b      	ldr	r3, [r3, #0]
10000ac2:	2b00      	cmp	r3, #0
10000ac4:	d0fb      	beq.n	10000abe <irq_add_shared_handler+0x1a>
10000ac6:	f3bf 8f5f 	dmb	sy
10000aca:	4b6d      	ldr	r3, [pc, #436]	@ (10000c80 <irq_add_shared_handler+0x1dc>)
10000acc:	2600      	movs	r6, #0
10000ace:	579e      	ldrsb	r6, [r3, r6]
10000ad0:	2e00      	cmp	r6, #0
10000ad2:	db40      	blt.n	10000b56 <irq_add_shared_handler+0xb2>
10000ad4:	0074      	lsls	r4, r6, #1
10000ad6:	19a4      	adds	r4, r4, r6
10000ad8:	00a4      	lsls	r4, r4, #2
10000ada:	486a      	ldr	r0, [pc, #424]	@ (10000c84 <irq_add_shared_handler+0x1e0>)
10000adc:	1824      	adds	r4, r4, r0
10000ade:	2206      	movs	r2, #6
10000ae0:	56a2      	ldrsb	r2, [r4, r2]
10000ae2:	4b67      	ldr	r3, [pc, #412]	@ (10000c80 <irq_add_shared_handler+0x1dc>)
10000ae4:	701a      	strb	r2, [r3, #0]
10000ae6:	4b68      	ldr	r3, [pc, #416]	@ (10000c88 <irq_add_shared_handler+0x1e4>)
10000ae8:	689a      	ldr	r2, [r3, #8]
10000aea:	464b      	mov	r3, r9
10000aec:	3310      	adds	r3, #16
10000aee:	009b      	lsls	r3, r3, #2
10000af0:	58d3      	ldr	r3, [r2, r3]
10000af2:	4698      	mov	r8, r3
10000af4:	1a1b      	subs	r3, r3, r0
10000af6:	2b2f      	cmp	r3, #47	@ 0x2f
10000af8:	d93b      	bls.n	10000b72 <irq_add_shared_handler+0xce>
10000afa:	4b64      	ldr	r3, [pc, #400]	@ (10000c8c <irq_add_shared_handler+0x1e8>)
10000afc:	4598      	cmp	r8, r3
10000afe:	d131      	bne.n	10000b64 <irq_add_shared_handler+0xc0>
10000b00:	af05      	add	r7, sp, #20
10000b02:	4b63      	ldr	r3, [pc, #396]	@ (10000c90 <irq_add_shared_handler+0x1ec>)
10000b04:	803b      	strh	r3, [r7, #0]
10000b06:	4963      	ldr	r1, [pc, #396]	@ (10000c94 <irq_add_shared_handler+0x1f0>)
10000b08:	0073      	lsls	r3, r6, #1
10000b0a:	469a      	mov	sl, r3
10000b0c:	1998      	adds	r0, r3, r6
10000b0e:	0080      	lsls	r0, r0, #2
10000b10:	4b5c      	ldr	r3, [pc, #368]	@ (10000c84 <irq_add_shared_handler+0x1e0>)
10000b12:	4698      	mov	r8, r3
10000b14:	4440      	add	r0, r8
10000b16:	3002      	adds	r0, #2
10000b18:	f7ff ff04 	bl	10000924 <make_j_16>
10000b1c:	8078      	strh	r0, [r7, #2]
10000b1e:	4b5e      	ldr	r3, [pc, #376]	@ (10000c98 <irq_add_shared_handler+0x1f4>)
10000b20:	80bb      	strh	r3, [r7, #4]
10000b22:	23ff      	movs	r3, #255	@ 0xff
10000b24:	71bb      	strb	r3, [r7, #6]
10000b26:	71fd      	strb	r5, [r7, #7]
10000b28:	9b01      	ldr	r3, [sp, #4]
10000b2a:	9307      	str	r3, [sp, #28]
10000b2c:	0033      	movs	r3, r6
10000b2e:	4453      	add	r3, sl
10000b30:	009b      	lsls	r3, r3, #2
10000b32:	4443      	add	r3, r8
10000b34:	cf07      	ldmia	r7!, {r0, r1, r2}
10000b36:	c307      	stmia	r3!, {r0, r1, r2}
10000b38:	2301      	movs	r3, #1
10000b3a:	431c      	orrs	r4, r3
10000b3c:	46a0      	mov	r8, r4
10000b3e:	465a      	mov	r2, fp
10000b40:	4641      	mov	r1, r8
10000b42:	4648      	mov	r0, r9
10000b44:	f7ff feac 	bl	100008a0 <set_raw_irq_handler_and_unlock>
10000b48:	b009      	add	sp, #36	@ 0x24
10000b4a:	bcf0      	pop	{r4, r5, r6, r7}
10000b4c:	46bb      	mov	fp, r7
10000b4e:	46b2      	mov	sl, r6
10000b50:	46a9      	mov	r9, r5
10000b52:	46a0      	mov	r8, r4
10000b54:	bdf0      	pop	{r4, r5, r6, r7, pc}
10000b56:	4b51      	ldr	r3, [pc, #324]	@ (10000c9c <irq_add_shared_handler+0x1f8>)
10000b58:	4a51      	ldr	r2, [pc, #324]	@ (10000ca0 <irq_add_shared_handler+0x1fc>)
10000b5a:	21be      	movs	r1, #190	@ 0xbe
10000b5c:	4851      	ldr	r0, [pc, #324]	@ (10000ca4 <irq_add_shared_handler+0x200>)
10000b5e:	0049      	lsls	r1, r1, #1
10000b60:	f002 ffaa 	bl	10003ab8 <__assert_func>
10000b64:	4b50      	ldr	r3, [pc, #320]	@ (10000ca8 <irq_add_shared_handler+0x204>)
10000b66:	4a4e      	ldr	r2, [pc, #312]	@ (10000ca0 <irq_add_shared_handler+0x1fc>)
10000b68:	2184      	movs	r1, #132	@ 0x84
10000b6a:	484e      	ldr	r0, [pc, #312]	@ (10000ca4 <irq_add_shared_handler+0x200>)
10000b6c:	31ff      	adds	r1, #255	@ 0xff
10000b6e:	f002 ffa3 	bl	10003ab8 <__assert_func>
10000b72:	2301      	movs	r3, #1
10000b74:	4642      	mov	r2, r8
10000b76:	439a      	bics	r2, r3
10000b78:	4692      	mov	sl, r2
10000b7a:	1a10      	subs	r0, r2, r0
10000b7c:	210c      	movs	r1, #12
10000b7e:	f001 f9db 	bl	10001f38 <__wrap___aeabi_uidiv>
10000b82:	2900      	cmp	r1, #0
10000b84:	d10f      	bne.n	10000ba6 <irq_add_shared_handler+0x102>
10000b86:	4653      	mov	r3, sl
10000b88:	2700      	movs	r7, #0
10000b8a:	79da      	ldrb	r2, [r3, #7]
10000b8c:	42aa      	cmp	r2, r5
10000b8e:	d912      	bls.n	10000bb6 <irq_add_shared_handler+0x112>
10000b90:	2106      	movs	r1, #6
10000b92:	5659      	ldrsb	r1, [r3, r1]
10000b94:	2900      	cmp	r1, #0
10000b96:	db0d      	blt.n	10000bb4 <irq_add_shared_handler+0x110>
10000b98:	004a      	lsls	r2, r1, #1
10000b9a:	1852      	adds	r2, r2, r1
10000b9c:	0092      	lsls	r2, r2, #2
10000b9e:	4939      	ldr	r1, [pc, #228]	@ (10000c84 <irq_add_shared_handler+0x1e0>)
10000ba0:	001f      	movs	r7, r3
10000ba2:	188b      	adds	r3, r1, r2
10000ba4:	e7f1      	b.n	10000b8a <irq_add_shared_handler+0xe6>
10000ba6:	4b41      	ldr	r3, [pc, #260]	@ (10000cac <irq_add_shared_handler+0x208>)
10000ba8:	4a3d      	ldr	r2, [pc, #244]	@ (10000ca0 <irq_add_shared_handler+0x1fc>)
10000baa:	21ca      	movs	r1, #202	@ 0xca
10000bac:	483d      	ldr	r0, [pc, #244]	@ (10000ca4 <irq_add_shared_handler+0x200>)
10000bae:	0049      	lsls	r1, r1, #1
10000bb0:	f002 ff82 	bl	10003ab8 <__assert_func>
10000bb4:	001f      	movs	r7, r3
10000bb6:	2f00      	cmp	r7, #0
10000bb8:	d02e      	beq.n	10000c18 <irq_add_shared_handler+0x174>
10000bba:	ab05      	add	r3, sp, #20
10000bbc:	4a3c      	ldr	r2, [pc, #240]	@ (10000cb0 <irq_add_shared_handler+0x20c>)
10000bbe:	801a      	strh	r2, [r3, #0]
10000bc0:	3a81      	subs	r2, #129	@ 0x81
10000bc2:	805a      	strh	r2, [r3, #2]
10000bc4:	2306      	movs	r3, #6
10000bc6:	56fb      	ldrsb	r3, [r7, r3]
10000bc8:	9302      	str	r3, [sp, #8]
10000bca:	2b00      	cmp	r3, #0
10000bcc:	da17      	bge.n	10000bfe <irq_add_shared_handler+0x15a>
10000bce:	4839      	ldr	r0, [pc, #228]	@ (10000cb4 <irq_add_shared_handler+0x210>)
10000bd0:	ab05      	add	r3, sp, #20
10000bd2:	469a      	mov	sl, r3
10000bd4:	8098      	strh	r0, [r3, #4]
10000bd6:	9a02      	ldr	r2, [sp, #8]
10000bd8:	719a      	strb	r2, [r3, #6]
10000bda:	71dd      	strb	r5, [r3, #7]
10000bdc:	9a01      	ldr	r2, [sp, #4]
10000bde:	9207      	str	r2, [sp, #28]
10000be0:	1d38      	adds	r0, r7, #4
10000be2:	0021      	movs	r1, r4
10000be4:	f7ff fe9e 	bl	10000924 <make_j_16>
10000be8:	80b8      	strh	r0, [r7, #4]
10000bea:	71be      	strb	r6, [r7, #6]
10000bec:	4b25      	ldr	r3, [pc, #148]	@ (10000c84 <irq_add_shared_handler+0x1e0>)
10000bee:	0072      	lsls	r2, r6, #1
10000bf0:	1992      	adds	r2, r2, r6
10000bf2:	0092      	lsls	r2, r2, #2
10000bf4:	189b      	adds	r3, r3, r2
10000bf6:	4652      	mov	r2, sl
10000bf8:	ca13      	ldmia	r2!, {r0, r1, r4}
10000bfa:	c313      	stmia	r3!, {r0, r1, r4}
10000bfc:	e79f      	b.n	10000b3e <irq_add_shared_handler+0x9a>
10000bfe:	1d38      	adds	r0, r7, #4
10000c00:	f7ff fe78 	bl	100008f4 <resolve_j_16>
10000c04:	0001      	movs	r1, r0
10000c06:	0070      	lsls	r0, r6, #1
10000c08:	1980      	adds	r0, r0, r6
10000c0a:	0080      	lsls	r0, r0, #2
10000c0c:	4b1d      	ldr	r3, [pc, #116]	@ (10000c84 <irq_add_shared_handler+0x1e0>)
10000c0e:	18c0      	adds	r0, r0, r3
10000c10:	3004      	adds	r0, #4
10000c12:	f7ff fe87 	bl	10000924 <make_j_16>
10000c16:	e7db      	b.n	10000bd0 <irq_add_shared_handler+0x12c>
10000c18:	af05      	add	r7, sp, #20
10000c1a:	4b1d      	ldr	r3, [pc, #116]	@ (10000c90 <irq_add_shared_handler+0x1ec>)
10000c1c:	803b      	strh	r3, [r7, #0]
10000c1e:	491d      	ldr	r1, [pc, #116]	@ (10000c94 <irq_add_shared_handler+0x1f0>)
10000c20:	0073      	lsls	r3, r6, #1
10000c22:	9302      	str	r3, [sp, #8]
10000c24:	199b      	adds	r3, r3, r6
10000c26:	009b      	lsls	r3, r3, #2
10000c28:	4a16      	ldr	r2, [pc, #88]	@ (10000c84 <irq_add_shared_handler+0x1e0>)
10000c2a:	4690      	mov	r8, r2
10000c2c:	001a      	movs	r2, r3
10000c2e:	4442      	add	r2, r8
10000c30:	9203      	str	r2, [sp, #12]
10000c32:	1c90      	adds	r0, r2, #2
10000c34:	f7ff fe76 	bl	10000924 <make_j_16>
10000c38:	8078      	strh	r0, [r7, #2]
10000c3a:	9a03      	ldr	r2, [sp, #12]
10000c3c:	1d10      	adds	r0, r2, #4
10000c3e:	4651      	mov	r1, sl
10000c40:	f7ff fe70 	bl	10000924 <make_j_16>
10000c44:	80b8      	strh	r0, [r7, #4]
10000c46:	4b1c      	ldr	r3, [pc, #112]	@ (10000cb8 <irq_add_shared_handler+0x214>)
10000c48:	4652      	mov	r2, sl
10000c4a:	4641      	mov	r1, r8
10000c4c:	1a52      	subs	r2, r2, r1
10000c4e:	4152      	adcs	r2, r2
10000c50:	4353      	muls	r3, r2
10000c52:	0d1b      	lsrs	r3, r3, #20
10000c54:	71bb      	strb	r3, [r7, #6]
10000c56:	71fd      	strb	r5, [r7, #7]
10000c58:	9a01      	ldr	r2, [sp, #4]
10000c5a:	9207      	str	r2, [sp, #28]
10000c5c:	9b02      	ldr	r3, [sp, #8]
10000c5e:	199b      	adds	r3, r3, r6
10000c60:	009b      	lsls	r3, r3, #2
10000c62:	4443      	add	r3, r8
10000c64:	cf07      	ldmia	r7!, {r0, r1, r2}
10000c66:	c307      	stmia	r3!, {r0, r1, r2}
10000c68:	4b11      	ldr	r3, [pc, #68]	@ (10000cb0 <irq_add_shared_handler+0x20c>)
10000c6a:	4652      	mov	r2, sl
10000c6c:	8013      	strh	r3, [r2, #0]
10000c6e:	3b81      	subs	r3, #129	@ 0x81
10000c70:	8053      	strh	r3, [r2, #2]
10000c72:	2301      	movs	r3, #1
10000c74:	431c      	orrs	r4, r3
10000c76:	46a0      	mov	r8, r4
10000c78:	e761      	b.n	10000b3e <irq_add_shared_handler+0x9a>
10000c7a:	46c0      	nop			@ (mov r8, r8)
10000c7c:	d0000124 	.word	0xd0000124
10000c80:	2000273c 	.word	0x2000273c
10000c84:	20000dfc 	.word	0x20000dfc
10000c88:	e000ed00 	.word	0xe000ed00
10000c8c:	100001c1 	.word	0x100001c1
10000c90:	ffffa100 	.word	0xffffa100
10000c94:	20000e2c 	.word	0x20000e2c
10000c98:	ffffbd01 	.word	0xffffbd01
10000c9c:	10007c14 	.word	0x10007c14
10000ca0:	10008c18 	.word	0x10008c18
10000ca4:	10007b50 	.word	0x10007b50
10000ca8:	10007c3c 	.word	0x10007c3c
10000cac:	10007c64 	.word	0x10007c64
10000cb0:	00004801 	.word	0x00004801
10000cb4:	0000bd01 	.word	0x0000bd01
10000cb8:	0000aaaa 	.word	0x0000aaaa

10000cbc <irq_remove_handler>:
10000cbc:	b5f0      	push	{r4, r5, r6, r7, lr}
10000cbe:	46ce      	mov	lr, r9
10000cc0:	4647      	mov	r7, r8
10000cc2:	b580      	push	{r7, lr}
10000cc4:	b083      	sub	sp, #12
10000cc6:	0006      	movs	r6, r0
10000cc8:	000d      	movs	r5, r1
10000cca:	f3ef 8810 	mrs	r8, PRIMASK
10000cce:	b672      	cpsid	i
10000cd0:	4b4f      	ldr	r3, [pc, #316]	@ (10000e10 <irq_remove_handler+0x154>)
10000cd2:	681b      	ldr	r3, [r3, #0]
10000cd4:	2b00      	cmp	r3, #0
10000cd6:	d0fb      	beq.n	10000cd0 <irq_remove_handler+0x14>
10000cd8:	f3bf 8f5f 	dmb	sy
10000cdc:	4b4d      	ldr	r3, [pc, #308]	@ (10000e14 <irq_remove_handler+0x158>)
10000cde:	689a      	ldr	r2, [r3, #8]
10000ce0:	0034      	movs	r4, r6
10000ce2:	3410      	adds	r4, #16
10000ce4:	00a3      	lsls	r3, r4, #2
10000ce6:	58d7      	ldr	r7, [r2, r3]
10000ce8:	4b4b      	ldr	r3, [pc, #300]	@ (10000e18 <irq_remove_handler+0x15c>)
10000cea:	429f      	cmp	r7, r3
10000cec:	d007      	beq.n	10000cfe <irq_remove_handler+0x42>
10000cee:	42af      	cmp	r7, r5
10000cf0:	d100      	bne.n	10000cf4 <irq_remove_handler+0x38>
10000cf2:	e08a      	b.n	10000e0a <irq_remove_handler+0x14e>
10000cf4:	9701      	str	r7, [sp, #4]
10000cf6:	4b49      	ldr	r3, [pc, #292]	@ (10000e1c <irq_remove_handler+0x160>)
10000cf8:	1afb      	subs	r3, r7, r3
10000cfa:	2b2f      	cmp	r3, #47	@ 0x2f
10000cfc:	d909      	bls.n	10000d12 <irq_remove_handler+0x56>
10000cfe:	4642      	mov	r2, r8
10000d00:	0039      	movs	r1, r7
10000d02:	0030      	movs	r0, r6
10000d04:	f7ff fdcc 	bl	100008a0 <set_raw_irq_handler_and_unlock>
10000d08:	b003      	add	sp, #12
10000d0a:	bcc0      	pop	{r6, r7}
10000d0c:	46b9      	mov	r9, r7
10000d0e:	46b0      	mov	r8, r6
10000d10:	bdf0      	pop	{r4, r5, r6, r7, pc}
10000d12:	0030      	movs	r0, r6
10000d14:	f7ff fe4a 	bl	100009ac <irq_is_enabled>
10000d18:	4681      	mov	r9, r0
10000d1a:	2100      	movs	r1, #0
10000d1c:	0030      	movs	r0, r6
10000d1e:	f7ff fe5f 	bl	100009e0 <irq_set_enabled>
10000d22:	f3bf 8f5f 	dmb	sy
10000d26:	f3ef 8105 	mrs	r1, IPSR
10000d2a:	2900      	cmp	r1, #0
10000d2c:	d001      	beq.n	10000d32 <irq_remove_handler+0x76>
10000d2e:	428c      	cmp	r4, r1
10000d30:	d111      	bne.n	10000d56 <irq_remove_handler+0x9a>
10000d32:	2301      	movs	r3, #1
10000d34:	9c01      	ldr	r4, [sp, #4]
10000d36:	439c      	bics	r4, r3
10000d38:	2000      	movs	r0, #0
10000d3a:	68a3      	ldr	r3, [r4, #8]
10000d3c:	429d      	cmp	r5, r3
10000d3e:	d011      	beq.n	10000d64 <irq_remove_handler+0xa8>
10000d40:	2206      	movs	r2, #6
10000d42:	56a2      	ldrsb	r2, [r4, r2]
10000d44:	2a00      	cmp	r2, #0
10000d46:	db0c      	blt.n	10000d62 <irq_remove_handler+0xa6>
10000d48:	0053      	lsls	r3, r2, #1
10000d4a:	189b      	adds	r3, r3, r2
10000d4c:	009b      	lsls	r3, r3, #2
10000d4e:	4a33      	ldr	r2, [pc, #204]	@ (10000e1c <irq_remove_handler+0x160>)
10000d50:	0020      	movs	r0, r4
10000d52:	18d4      	adds	r4, r2, r3
10000d54:	e7f1      	b.n	10000d3a <irq_remove_handler+0x7e>
10000d56:	4b32      	ldr	r3, [pc, #200]	@ (10000e20 <irq_remove_handler+0x164>)
10000d58:	4a32      	ldr	r2, [pc, #200]	@ (10000e24 <irq_remove_handler+0x168>)
10000d5a:	4833      	ldr	r0, [pc, #204]	@ (10000e28 <irq_remove_handler+0x16c>)
10000d5c:	4933      	ldr	r1, [pc, #204]	@ (10000e2c <irq_remove_handler+0x170>)
10000d5e:	f002 feab 	bl	10003ab8 <__assert_func>
10000d62:	0020      	movs	r0, r4
10000d64:	429d      	cmp	r5, r3
10000d66:	d149      	bne.n	10000dfc <irq_remove_handler+0x140>
10000d68:	2506      	movs	r5, #6
10000d6a:	5765      	ldrsb	r5, [r4, r5]
10000d6c:	2d00      	cmp	r5, #0
10000d6e:	db2b      	blt.n	10000dc8 <irq_remove_handler+0x10c>
10000d70:	4b2a      	ldr	r3, [pc, #168]	@ (10000e1c <irq_remove_handler+0x160>)
10000d72:	006a      	lsls	r2, r5, #1
10000d74:	1952      	adds	r2, r2, r5
10000d76:	0092      	lsls	r2, r2, #2
10000d78:	189b      	adds	r3, r3, r2
10000d7a:	689a      	ldr	r2, [r3, #8]
10000d7c:	60a2      	str	r2, [r4, #8]
10000d7e:	79da      	ldrb	r2, [r3, #7]
10000d80:	71e2      	strb	r2, [r4, #7]
10000d82:	799b      	ldrb	r3, [r3, #6]
10000d84:	b25b      	sxtb	r3, r3
10000d86:	71a3      	strb	r3, [r4, #6]
10000d88:	2b00      	cmp	r3, #0
10000d8a:	da0f      	bge.n	10000dac <irq_remove_handler+0xf0>
10000d8c:	4828      	ldr	r0, [pc, #160]	@ (10000e30 <irq_remove_handler+0x174>)
10000d8e:	80a0      	strh	r0, [r4, #4]
10000d90:	4b22      	ldr	r3, [pc, #136]	@ (10000e1c <irq_remove_handler+0x160>)
10000d92:	006a      	lsls	r2, r5, #1
10000d94:	1952      	adds	r2, r2, r5
10000d96:	0092      	lsls	r2, r2, #2
10000d98:	189b      	adds	r3, r3, r2
10000d9a:	4a26      	ldr	r2, [pc, #152]	@ (10000e34 <irq_remove_handler+0x178>)
10000d9c:	7811      	ldrb	r1, [r2, #0]
10000d9e:	7199      	strb	r1, [r3, #6]
10000da0:	7015      	strb	r5, [r2, #0]
10000da2:	4649      	mov	r1, r9
10000da4:	0030      	movs	r0, r6
10000da6:	f7ff fe1b 	bl	100009e0 <irq_set_enabled>
10000daa:	e7a8      	b.n	10000cfe <irq_remove_handler+0x42>
10000dac:	0068      	lsls	r0, r5, #1
10000dae:	1940      	adds	r0, r0, r5
10000db0:	0080      	lsls	r0, r0, #2
10000db2:	4b1a      	ldr	r3, [pc, #104]	@ (10000e1c <irq_remove_handler+0x160>)
10000db4:	18c0      	adds	r0, r0, r3
10000db6:	3004      	adds	r0, #4
10000db8:	f7ff fd9c 	bl	100008f4 <resolve_j_16>
10000dbc:	0001      	movs	r1, r0
10000dbe:	1d23      	adds	r3, r4, #4
10000dc0:	0018      	movs	r0, r3
10000dc2:	f7ff fdaf 	bl	10000924 <make_j_16>
10000dc6:	e7e2      	b.n	10000d8e <irq_remove_handler+0xd2>
10000dc8:	2900      	cmp	r1, #0
10000dca:	d112      	bne.n	10000df2 <irq_remove_handler+0x136>
10000dcc:	2800      	cmp	r0, #0
10000dce:	d00e      	beq.n	10000dee <irq_remove_handler+0x132>
10000dd0:	23ff      	movs	r3, #255	@ 0xff
10000dd2:	7183      	strb	r3, [r0, #6]
10000dd4:	4b18      	ldr	r3, [pc, #96]	@ (10000e38 <irq_remove_handler+0x17c>)
10000dd6:	8083      	strh	r3, [r0, #4]
10000dd8:	4916      	ldr	r1, [pc, #88]	@ (10000e34 <irq_remove_handler+0x178>)
10000dda:	780b      	ldrb	r3, [r1, #0]
10000ddc:	71a3      	strb	r3, [r4, #6]
10000dde:	4a0f      	ldr	r2, [pc, #60]	@ (10000e1c <irq_remove_handler+0x160>)
10000de0:	4b16      	ldr	r3, [pc, #88]	@ (10000e3c <irq_remove_handler+0x180>)
10000de2:	1aa4      	subs	r4, r4, r2
10000de4:	4164      	adcs	r4, r4
10000de6:	4363      	muls	r3, r4
10000de8:	0d1b      	lsrs	r3, r3, #20
10000dea:	700b      	strb	r3, [r1, #0]
10000dec:	e7d9      	b.n	10000da2 <irq_remove_handler+0xe6>
10000dee:	4f0a      	ldr	r7, [pc, #40]	@ (10000e18 <irq_remove_handler+0x15c>)
10000df0:	e7f2      	b.n	10000dd8 <irq_remove_handler+0x11c>
10000df2:	4913      	ldr	r1, [pc, #76]	@ (10000e40 <irq_remove_handler+0x184>)
10000df4:	1d20      	adds	r0, r4, #4
10000df6:	f7ff fdb9 	bl	1000096c <insert_bl_32>
10000dfa:	e7d2      	b.n	10000da2 <irq_remove_handler+0xe6>
10000dfc:	4b11      	ldr	r3, [pc, #68]	@ (10000e44 <irq_remove_handler+0x188>)
10000dfe:	4a09      	ldr	r2, [pc, #36]	@ (10000e24 <irq_remove_handler+0x168>)
10000e00:	2191      	movs	r1, #145	@ 0x91
10000e02:	4809      	ldr	r0, [pc, #36]	@ (10000e28 <irq_remove_handler+0x16c>)
10000e04:	0089      	lsls	r1, r1, #2
10000e06:	f002 fe57 	bl	10003ab8 <__assert_func>
10000e0a:	4f03      	ldr	r7, [pc, #12]	@ (10000e18 <irq_remove_handler+0x15c>)
10000e0c:	e777      	b.n	10000cfe <irq_remove_handler+0x42>
10000e0e:	46c0      	nop			@ (mov r8, r8)
10000e10:	d0000124 	.word	0xd0000124
10000e14:	e000ed00 	.word	0xe000ed00
10000e18:	100001c1 	.word	0x100001c1
10000e1c:	20000dfc 	.word	0x20000dfc
10000e20:	10007ce8 	.word	0x10007ce8
10000e24:	10008be8 	.word	0x10008be8
10000e28:	10007b50 	.word	0x10007b50
10000e2c:	00000202 	.word	0x00000202
10000e30:	0000bd01 	.word	0x0000bd01
10000e34:	2000273c 	.word	0x2000273c
10000e38:	ffffbd01 	.word	0xffffbd01
10000e3c:	0000aaaa 	.word	0x0000aaaa
10000e40:	20000e36 	.word	0x20000e36
10000e44:	10007d1c 	.word	0x10007d1c

10000e48 <irq_set_priority>:
10000e48:	b570      	push	{r4, r5, r6, lr}
10000e4a:	0005      	movs	r5, r0
10000e4c:	000c      	movs	r4, r1
10000e4e:	f7ff fd3b 	bl	100008c8 <nvic_ipr0>
10000e52:	08ab      	lsrs	r3, r5, #2
10000e54:	009b      	lsls	r3, r3, #2
10000e56:	18c2      	adds	r2, r0, r3
10000e58:	6811      	ldr	r1, [r2, #0]
10000e5a:	2303      	movs	r3, #3
10000e5c:	402b      	ands	r3, r5
10000e5e:	00db      	lsls	r3, r3, #3
10000e60:	20ff      	movs	r0, #255	@ 0xff
10000e62:	4098      	lsls	r0, r3
10000e64:	4381      	bics	r1, r0
10000e66:	409c      	lsls	r4, r3
10000e68:	4321      	orrs	r1, r4
10000e6a:	6011      	str	r1, [r2, #0]
10000e6c:	bd70      	pop	{r4, r5, r6, pc}
	...

10000e70 <irq_add_tail_to_free_list>:
10000e70:	b5f8      	push	{r3, r4, r5, r6, r7, lr}
10000e72:	2201      	movs	r2, #1
10000e74:	4302      	orrs	r2, r0
10000e76:	4b2c      	ldr	r3, [pc, #176]	@ (10000f28 <irq_add_tail_to_free_list+0xb8>)
10000e78:	1ad3      	subs	r3, r2, r3
10000e7a:	2b2f      	cmp	r3, #47	@ 0x2f
10000e7c:	d828      	bhi.n	10000ed0 <irq_add_tail_to_free_list+0x60>
10000e7e:	f3ef 8305 	mrs	r3, IPSR
10000e82:	2b00      	cmp	r3, #0
10000e84:	d02a      	beq.n	10000edc <irq_add_tail_to_free_list+0x6c>
10000e86:	f3ef 8410 	mrs	r4, PRIMASK
10000e8a:	b672      	cpsid	i
10000e8c:	4927      	ldr	r1, [pc, #156]	@ (10000f2c <irq_add_tail_to_free_list+0xbc>)
10000e8e:	6809      	ldr	r1, [r1, #0]
10000e90:	2900      	cmp	r1, #0
10000e92:	d0fb      	beq.n	10000e8c <irq_add_tail_to_free_list+0x1c>
10000e94:	f3bf 8f5f 	dmb	sy
10000e98:	4d23      	ldr	r5, [pc, #140]	@ (10000f28 <irq_add_tail_to_free_list+0xb8>)
10000e9a:	4925      	ldr	r1, [pc, #148]	@ (10000f30 <irq_add_tail_to_free_list+0xc0>)
10000e9c:	0006      	movs	r6, r0
10000e9e:	1b76      	subs	r6, r6, r5
10000ea0:	4176      	adcs	r6, r6
10000ea2:	4371      	muls	r1, r6
10000ea4:	0d09      	lsrs	r1, r1, #20
10000ea6:	b24d      	sxtb	r5, r1
10000ea8:	4922      	ldr	r1, [pc, #136]	@ (10000f34 <irq_add_tail_to_free_list+0xc4>)
10000eaa:	6889      	ldr	r1, [r1, #8]
10000eac:	009b      	lsls	r3, r3, #2
10000eae:	58c9      	ldr	r1, [r1, r3]
10000eb0:	4291      	cmp	r1, r2
10000eb2:	d019      	beq.n	10000ee8 <irq_add_tail_to_free_list+0x78>
10000eb4:	2100      	movs	r1, #0
10000eb6:	2903      	cmp	r1, #3
10000eb8:	d830      	bhi.n	10000f1c <irq_add_tail_to_free_list+0xac>
10000eba:	4b1b      	ldr	r3, [pc, #108]	@ (10000f28 <irq_add_tail_to_free_list+0xb8>)
10000ebc:	004a      	lsls	r2, r1, #1
10000ebe:	1852      	adds	r2, r2, r1
10000ec0:	0092      	lsls	r2, r2, #2
10000ec2:	189b      	adds	r3, r3, r2
10000ec4:	799b      	ldrb	r3, [r3, #6]
10000ec6:	b25b      	sxtb	r3, r3
10000ec8:	42ab      	cmp	r3, r5
10000eca:	d01d      	beq.n	10000f08 <irq_add_tail_to_free_list+0x98>
10000ecc:	3101      	adds	r1, #1
10000ece:	e7f2      	b.n	10000eb6 <irq_add_tail_to_free_list+0x46>
10000ed0:	4b19      	ldr	r3, [pc, #100]	@ (10000f38 <irq_add_tail_to_free_list+0xc8>)
10000ed2:	4a1a      	ldr	r2, [pc, #104]	@ (10000f3c <irq_add_tail_to_free_list+0xcc>)
10000ed4:	481a      	ldr	r0, [pc, #104]	@ (10000f40 <irq_add_tail_to_free_list+0xd0>)
10000ed6:	491b      	ldr	r1, [pc, #108]	@ (10000f44 <irq_add_tail_to_free_list+0xd4>)
10000ed8:	f002 fdee 	bl	10003ab8 <__assert_func>
10000edc:	4b1a      	ldr	r3, [pc, #104]	@ (10000f48 <irq_add_tail_to_free_list+0xd8>)
10000ede:	4a17      	ldr	r2, [pc, #92]	@ (10000f3c <irq_add_tail_to_free_list+0xcc>)
10000ee0:	4817      	ldr	r0, [pc, #92]	@ (10000f40 <irq_add_tail_to_free_list+0xd0>)
10000ee2:	491a      	ldr	r1, [pc, #104]	@ (10000f4c <irq_add_tail_to_free_list+0xdc>)
10000ee4:	f002 fde8 	bl	10003ab8 <__assert_func>
10000ee8:	4a12      	ldr	r2, [pc, #72]	@ (10000f34 <irq_add_tail_to_free_list+0xc4>)
10000eea:	6892      	ldr	r2, [r2, #8]
10000eec:	4918      	ldr	r1, [pc, #96]	@ (10000f50 <irq_add_tail_to_free_list+0xe0>)
10000eee:	50d1      	str	r1, [r2, r3]
10000ef0:	4b18      	ldr	r3, [pc, #96]	@ (10000f54 <irq_add_tail_to_free_list+0xe4>)
10000ef2:	781a      	ldrb	r2, [r3, #0]
10000ef4:	7182      	strb	r2, [r0, #6]
10000ef6:	701d      	strb	r5, [r3, #0]
10000ef8:	f3bf 8f5f 	dmb	sy
10000efc:	4b0b      	ldr	r3, [pc, #44]	@ (10000f2c <irq_add_tail_to_free_list+0xbc>)
10000efe:	2200      	movs	r2, #0
10000f00:	601a      	str	r2, [r3, #0]
10000f02:	f384 8810 	msr	PRIMASK, r4
10000f06:	bdf8      	pop	{r3, r4, r5, r6, r7, pc}
10000f08:	4b07      	ldr	r3, [pc, #28]	@ (10000f28 <irq_add_tail_to_free_list+0xb8>)
10000f0a:	004a      	lsls	r2, r1, #1
10000f0c:	1856      	adds	r6, r2, r1
10000f0e:	00b6      	lsls	r6, r6, #2
10000f10:	199e      	adds	r6, r3, r6
10000f12:	27ff      	movs	r7, #255	@ 0xff
10000f14:	71b7      	strb	r7, [r6, #6]
10000f16:	4a10      	ldr	r2, [pc, #64]	@ (10000f58 <irq_add_tail_to_free_list+0xe8>)
10000f18:	80b2      	strh	r2, [r6, #4]
10000f1a:	e7e9      	b.n	10000ef0 <irq_add_tail_to_free_list+0x80>
10000f1c:	4b0f      	ldr	r3, [pc, #60]	@ (10000f5c <irq_add_tail_to_free_list+0xec>)
10000f1e:	4a07      	ldr	r2, [pc, #28]	@ (10000f3c <irq_add_tail_to_free_list+0xcc>)
10000f20:	4807      	ldr	r0, [pc, #28]	@ (10000f40 <irq_add_tail_to_free_list+0xd0>)
10000f22:	490f      	ldr	r1, [pc, #60]	@ (10000f60 <irq_add_tail_to_free_list+0xf0>)
10000f24:	f002 fdc8 	bl	10003ab8 <__assert_func>
10000f28:	20000dfc 	.word	0x20000dfc
10000f2c:	d0000124 	.word	0xd0000124
10000f30:	0000aaaa 	.word	0x0000aaaa
10000f34:	e000ed00 	.word	0xe000ed00
10000f38:	10007d24 	.word	0x10007d24
10000f3c:	10008bbc 	.word	0x10008bbc
10000f40:	10007b50 	.word	0x10007b50
10000f44:	0000027f 	.word	0x0000027f
10000f48:	10007d4c 	.word	0x10007d4c
10000f4c:	00000282 	.word	0x00000282
10000f50:	100001c1 	.word	0x100001c1
10000f54:	2000273c 	.word	0x2000273c
10000f58:	ffffbd01 	.word	0xffffbd01
10000f5c:	10007d58 	.word	0x10007d58
10000f60:	00000293 	.word	0x00000293

10000f64 <user_irq_unclaim>:
10000f64:	b510      	push	{r4, lr}
10000f66:	f7ff fcc1 	bl	100008ec <get_user_irq_claim_index>
10000f6a:	0001      	movs	r1, r0
10000f6c:	4b02      	ldr	r3, [pc, #8]	@ (10000f78 <user_irq_unclaim+0x14>)
10000f6e:	0018      	movs	r0, r3
10000f70:	f7ff fc46 	bl	10000800 <hw_claim_clear>
10000f74:	bd10      	pop	{r4, pc}
10000f76:	46c0      	nop			@ (mov r8, r8)
10000f78:	20002740 	.word	0x20002740

10000f7c <user_irq_claim_unused>:
10000f7c:	b510      	push	{r4, lr}
10000f7e:	b082      	sub	sp, #8
10000f80:	0001      	movs	r1, r0
10000f82:	4c07      	ldr	r4, [pc, #28]	@ (10000fa0 <user_irq_claim_unused+0x24>)
10000f84:	4b07      	ldr	r3, [pc, #28]	@ (10000fa4 <user_irq_claim_unused+0x28>)
10000f86:	9300      	str	r3, [sp, #0]
10000f88:	2305      	movs	r3, #5
10000f8a:	2200      	movs	r2, #0
10000f8c:	0020      	movs	r0, r4
10000f8e:	f7ff fc0e 	bl	100007ae <hw_claim_unused_from_range>
10000f92:	2800      	cmp	r0, #0
10000f94:	db01      	blt.n	10000f9a <user_irq_claim_unused+0x1e>
10000f96:	231f      	movs	r3, #31
10000f98:	1a18      	subs	r0, r3, r0
10000f9a:	b002      	add	sp, #8
10000f9c:	bd10      	pop	{r4, pc}
10000f9e:	46c0      	nop			@ (mov r8, r8)
10000fa0:	20002740 	.word	0x20002740
10000fa4:	10007d60 	.word	0x10007d60

10000fa8 <sem_init>:
10000fa8:	b570      	push	{r4, r5, r6, lr}
10000faa:	0004      	movs	r4, r0
10000fac:	000e      	movs	r6, r1
10000fae:	0015      	movs	r5, r2
10000fb0:	f7ff fc46 	bl	10000840 <next_striped_spin_lock_num>
10000fb4:	0001      	movs	r1, r0
10000fb6:	0020      	movs	r0, r4
10000fb8:	f000 f806 	bl	10000fc8 <lock_init>
10000fbc:	80a6      	strh	r6, [r4, #4]
10000fbe:	80e5      	strh	r5, [r4, #6]
10000fc0:	f3bf 8f5f 	dmb	sy
10000fc4:	bd70      	pop	{r4, r5, r6, pc}
	...

10000fc8 <lock_init>:
10000fc8:	4b02      	ldr	r3, [pc, #8]	@ (10000fd4 <lock_init+0xc>)
10000fca:	469c      	mov	ip, r3
10000fcc:	4461      	add	r1, ip
10000fce:	0089      	lsls	r1, r1, #2
10000fd0:	6001      	str	r1, [r0, #0]
10000fd2:	4770      	bx	lr
10000fd4:	34000040 	.word	0x34000040

10000fd8 <mutex_init>:
10000fd8:	b510      	push	{r4, lr}
10000fda:	0004      	movs	r4, r0
10000fdc:	f7ff fc30 	bl	10000840 <next_striped_spin_lock_num>
10000fe0:	0001      	movs	r1, r0
10000fe2:	0020      	movs	r0, r4
10000fe4:	f7ff fff0 	bl	10000fc8 <lock_init>
10000fe8:	23ff      	movs	r3, #255	@ 0xff
10000fea:	7123      	strb	r3, [r4, #4]
10000fec:	f3bf 8f5f 	dmb	sy
10000ff0:	bd10      	pop	{r4, pc}

10000ff2 <recursive_mutex_init>:
10000ff2:	b510      	push	{r4, lr}
10000ff4:	0004      	movs	r4, r0
10000ff6:	f7ff fc23 	bl	10000840 <next_striped_spin_lock_num>
10000ffa:	0001      	movs	r1, r0
10000ffc:	0020      	movs	r0, r4
10000ffe:	f7ff ffe3 	bl	10000fc8 <lock_init>
10001002:	23ff      	movs	r3, #255	@ 0xff
10001004:	7123      	strb	r3, [r4, #4]
10001006:	2300      	movs	r3, #0
10001008:	7163      	strb	r3, [r4, #5]
1000100a:	f3bf 8f5f 	dmb	sy
1000100e:	bd10      	pop	{r4, pc}

10001010 <runtime_init_mutex>:
10001010:	b510      	push	{r4, lr}
10001012:	4c0d      	ldr	r4, [pc, #52]	@ (10001048 <runtime_init_mutex+0x38>)
10001014:	e009      	b.n	1000102a <runtime_init_mutex+0x1a>
10001016:	4b0d      	ldr	r3, [pc, #52]	@ (1000104c <runtime_init_mutex+0x3c>)
10001018:	4a0d      	ldr	r2, [pc, #52]	@ (10001050 <runtime_init_mutex+0x40>)
1000101a:	480e      	ldr	r0, [pc, #56]	@ (10001054 <runtime_init_mutex+0x44>)
1000101c:	211a      	movs	r1, #26
1000101e:	f002 fd4b 	bl	10003ab8 <__assert_func>
10001022:	0020      	movs	r0, r4
10001024:	f7ff ffd8 	bl	10000fd8 <mutex_init>
10001028:	3408      	adds	r4, #8
1000102a:	4b0b      	ldr	r3, [pc, #44]	@ (10001058 <runtime_init_mutex+0x48>)
1000102c:	429c      	cmp	r4, r3
1000102e:	d209      	bcs.n	10001044 <runtime_init_mutex+0x34>
10001030:	6823      	ldr	r3, [r4, #0]
10001032:	2b00      	cmp	r3, #0
10001034:	d0f5      	beq.n	10001022 <runtime_init_mutex+0x12>
10001036:	2b01      	cmp	r3, #1
10001038:	d1ed      	bne.n	10001016 <runtime_init_mutex+0x6>
1000103a:	0020      	movs	r0, r4
1000103c:	f7ff ffd9 	bl	10000ff2 <recursive_mutex_init>
10001040:	3408      	adds	r4, #8
10001042:	e7f2      	b.n	1000102a <runtime_init_mutex+0x1a>
10001044:	bd10      	pop	{r4, pc}
10001046:	46c0      	nop			@ (mov r8, r8)
10001048:	20000ee0 	.word	0x20000ee0
1000104c:	10007d7c 	.word	0x10007d7c
10001050:	10008cc4 	.word	0x10008cc4
10001054:	10007d9c 	.word	0x10007d9c
10001058:	20000ee8 	.word	0x20000ee8

1000105c <critical_section_init_with_lock_num>:
1000105c:	4b03      	ldr	r3, [pc, #12]	@ (1000106c <critical_section_init_with_lock_num+0x10>)
1000105e:	469c      	mov	ip, r3
10001060:	4461      	add	r1, ip
10001062:	0089      	lsls	r1, r1, #2
10001064:	6001      	str	r1, [r0, #0]
10001066:	f3bf 8f5f 	dmb	sy
1000106a:	4770      	bx	lr
1000106c:	34000040 	.word	0x34000040

10001070 <critical_section_init>:
10001070:	b510      	push	{r4, lr}
10001072:	0004      	movs	r4, r0
10001074:	2001      	movs	r0, #1
10001076:	f7ff fbf1 	bl	1000085c <spin_lock_claim_unused>
1000107a:	0001      	movs	r1, r0
1000107c:	0020      	movs	r0, r4
1000107e:	f7ff ffed 	bl	1000105c <critical_section_init_with_lock_num>
10001082:	bd10      	pop	{r4, pc}

10001084 <ta_set_timeout>:
10001084:	b530      	push	{r4, r5, lr}
10001086:	6a84      	ldr	r4, [r0, #40]	@ 0x28
10001088:	1b15      	subs	r5, r2, r4
1000108a:	1d0b      	adds	r3, r1, #4
1000108c:	009b      	lsls	r3, r3, #2
1000108e:	581b      	ldr	r3, [r3, r0]
10001090:	1b1b      	subs	r3, r3, r4
10001092:	429d      	cmp	r5, r3
10001094:	d304      	bcc.n	100010a0 <ta_set_timeout+0x1c>
10001096:	6a04      	ldr	r4, [r0, #32]
10001098:	2301      	movs	r3, #1
1000109a:	408b      	lsls	r3, r1
1000109c:	4223      	tst	r3, r4
1000109e:	d102      	bne.n	100010a6 <ta_set_timeout+0x22>
100010a0:	3104      	adds	r1, #4
100010a2:	0089      	lsls	r1, r1, #2
100010a4:	500a      	str	r2, [r1, r0]
100010a6:	bd30      	pop	{r4, r5, pc}

100010a8 <make_alarm_id>:
100010a8:	0400      	lsls	r0, r0, #16
100010aa:	4308      	orrs	r0, r1
100010ac:	4770      	bx	lr
	...

100010b0 <sleep_until_callback>:
100010b0:	4b0a      	ldr	r3, [pc, #40]	@ (100010dc <sleep_until_callback+0x2c>)
100010b2:	6819      	ldr	r1, [r3, #0]
100010b4:	f3ef 8310 	mrs	r3, PRIMASK
100010b8:	b672      	cpsid	i
100010ba:	680a      	ldr	r2, [r1, #0]
100010bc:	2a00      	cmp	r2, #0
100010be:	d0fc      	beq.n	100010ba <sleep_until_callback+0xa>
100010c0:	f3bf 8f5f 	dmb	sy
100010c4:	4a05      	ldr	r2, [pc, #20]	@ (100010dc <sleep_until_callback+0x2c>)
100010c6:	6812      	ldr	r2, [r2, #0]
100010c8:	f3bf 8f5f 	dmb	sy
100010cc:	2100      	movs	r1, #0
100010ce:	6011      	str	r1, [r2, #0]
100010d0:	f383 8810 	msr	PRIMASK, r3
100010d4:	bf40      	sev
100010d6:	2000      	movs	r0, #0
100010d8:	2100      	movs	r1, #0
100010da:	4770      	bx	lr
100010dc:	20002718 	.word	0x20002718

100010e0 <alarm_pool_irq_handler>:
100010e0:	b5f0      	push	{r4, r5, r6, r7, lr}
100010e2:	46de      	mov	lr, fp
100010e4:	4657      	mov	r7, sl
100010e6:	464e      	mov	r6, r9
100010e8:	4645      	mov	r5, r8
100010ea:	b5e0      	push	{r5, r6, r7, lr}
100010ec:	b087      	sub	sp, #28
100010ee:	f3ef 8305 	mrs	r3, IPSR
100010f2:	2203      	movs	r2, #3
100010f4:	401a      	ands	r2, r3
100010f6:	4692      	mov	sl, r2
100010f8:	4bae      	ldr	r3, [pc, #696]	@ (100013b4 <alarm_pool_irq_handler+0x2d4>)
100010fa:	0092      	lsls	r2, r2, #2
100010fc:	58d7      	ldr	r7, [r2, r3]
100010fe:	783b      	ldrb	r3, [r7, #0]
10001100:	4553      	cmp	r3, sl
10001102:	d107      	bne.n	10001114 <alarm_pool_irq_handler+0x34>
10001104:	2301      	movs	r3, #1
10001106:	4652      	mov	r2, sl
10001108:	4093      	lsls	r3, r2
1000110a:	4699      	mov	r9, r3
1000110c:	4baa      	ldr	r3, [pc, #680]	@ (100013b8 <alarm_pool_irq_handler+0x2d8>)
1000110e:	464a      	mov	r2, r9
10001110:	601a      	str	r2, [r3, #0]
10001112:	e125      	b.n	10001360 <alarm_pool_irq_handler+0x280>
10001114:	4ba9      	ldr	r3, [pc, #676]	@ (100013bc <alarm_pool_irq_handler+0x2dc>)
10001116:	4aaa      	ldr	r2, [pc, #680]	@ (100013c0 <alarm_pool_irq_handler+0x2e0>)
10001118:	48aa      	ldr	r0, [pc, #680]	@ (100013c4 <alarm_pool_irq_handler+0x2e4>)
1000111a:	2192      	movs	r1, #146	@ 0x92
1000111c:	f002 fccc 	bl	10003ab8 <__assert_func>
10001120:	697a      	ldr	r2, [r7, #20]
10001122:	0073      	lsls	r3, r6, #1
10001124:	199b      	adds	r3, r3, r6
10001126:	00db      	lsls	r3, r3, #3
10001128:	4690      	mov	r8, r2
1000112a:	4498      	add	r8, r3
1000112c:	4643      	mov	r3, r8
1000112e:	689c      	ldr	r4, [r3, #8]
10001130:	68dd      	ldr	r5, [r3, #12]
10001132:	48a5      	ldr	r0, [pc, #660]	@ (100013c8 <alarm_pool_irq_handler+0x2e8>)
10001134:	f000 fbae 	bl	10001894 <timer_time_us_64>
10001138:	1b00      	subs	r0, r0, r4
1000113a:	41a9      	sbcs	r1, r5
1000113c:	2900      	cmp	r1, #0
1000113e:	da00      	bge.n	10001142 <alarm_pool_irq_handler+0x62>
10001140:	e116      	b.n	10001370 <alarm_pool_irq_handler+0x290>
10001142:	2d00      	cmp	r5, #0
10001144:	db74      	blt.n	10001230 <alarm_pool_irq_handler+0x150>
10001146:	4643      	mov	r3, r8
10001148:	691b      	ldr	r3, [r3, #16]
1000114a:	469b      	mov	fp, r3
1000114c:	4b9f      	ldr	r3, [pc, #636]	@ (100013cc <alarm_pool_irq_handler+0x2ec>)
1000114e:	459b      	cmp	fp, r3
10001150:	d04f      	beq.n	100011f2 <alarm_pool_irq_handler+0x112>
10001152:	2308      	movs	r3, #8
10001154:	5ef8      	ldrsh	r0, [r7, r3]
10001156:	4643      	mov	r3, r8
10001158:	8859      	ldrh	r1, [r3, #2]
1000115a:	b289      	uxth	r1, r1
1000115c:	f7ff ffa4 	bl	100010a8 <make_alarm_id>
10001160:	4643      	mov	r3, r8
10001162:	6959      	ldr	r1, [r3, #20]
10001164:	47d8      	blx	fp
10001166:	9002      	str	r0, [sp, #8]
10001168:	9103      	str	r1, [sp, #12]
1000116a:	9902      	ldr	r1, [sp, #8]
1000116c:	9a03      	ldr	r2, [sp, #12]
1000116e:	000b      	movs	r3, r1
10001170:	0010      	movs	r0, r2
10001172:	4313      	orrs	r3, r2
10001174:	d05c      	beq.n	10001230 <alarm_pool_irq_handler+0x150>
10001176:	0013      	movs	r3, r2
10001178:	000a      	movs	r2, r1
1000117a:	2800      	cmp	r0, #0
1000117c:	da47      	bge.n	1000120e <alarm_pool_irq_handler+0x12e>
1000117e:	1aa4      	subs	r4, r4, r2
10001180:	419d      	sbcs	r5, r3
10001182:	9400      	str	r4, [sp, #0]
10001184:	9501      	str	r5, [sp, #4]
10001186:	4643      	mov	r3, r8
10001188:	9c00      	ldr	r4, [sp, #0]
1000118a:	9d01      	ldr	r5, [sp, #4]
1000118c:	609c      	str	r4, [r3, #8]
1000118e:	60dd      	str	r5, [r3, #12]
10001190:	2100      	movs	r1, #0
10001192:	5e59      	ldrsh	r1, [r3, r1]
10001194:	2900      	cmp	r1, #0
10001196:	da00      	bge.n	1000119a <alarm_pool_irq_handler+0xba>
10001198:	e0ea      	b.n	10001370 <alarm_pool_irq_handler+0x290>
1000119a:	6978      	ldr	r0, [r7, #20]
1000119c:	004b      	lsls	r3, r1, #1
1000119e:	185b      	adds	r3, r3, r1
100011a0:	00db      	lsls	r3, r3, #3
100011a2:	18c3      	adds	r3, r0, r3
100011a4:	689a      	ldr	r2, [r3, #8]
100011a6:	68db      	ldr	r3, [r3, #12]
100011a8:	1aa4      	subs	r4, r4, r2
100011aa:	419d      	sbcs	r5, r3
100011ac:	2d00      	cmp	r5, #0
100011ae:	da00      	bge.n	100011b2 <alarm_pool_irq_handler+0xd2>
100011b0:	e0de      	b.n	10001370 <alarm_pool_irq_handler+0x290>
100011b2:	8139      	strh	r1, [r7, #8]
100011b4:	003d      	movs	r5, r7
100011b6:	3508      	adds	r5, #8
100011b8:	4684      	mov	ip, r0
100011ba:	9104      	str	r1, [sp, #16]
100011bc:	002a      	movs	r2, r5
100011be:	9705      	str	r7, [sp, #20]
100011c0:	46b3      	mov	fp, r6
100011c2:	9e00      	ldr	r6, [sp, #0]
100011c4:	9f01      	ldr	r7, [sp, #4]
100011c6:	9b04      	ldr	r3, [sp, #16]
100011c8:	2b00      	cmp	r3, #0
100011ca:	db2a      	blt.n	10001222 <alarm_pool_irq_handler+0x142>
100011cc:	2300      	movs	r3, #0
100011ce:	5ed4      	ldrsh	r4, [r2, r3]
100011d0:	0063      	lsls	r3, r4, #1
100011d2:	191b      	adds	r3, r3, r4
100011d4:	00db      	lsls	r3, r3, #3
100011d6:	4463      	add	r3, ip
100011d8:	689c      	ldr	r4, [r3, #8]
100011da:	68dd      	ldr	r5, [r3, #12]
100011dc:	0030      	movs	r0, r6
100011de:	0039      	movs	r1, r7
100011e0:	1b00      	subs	r0, r0, r4
100011e2:	41a9      	sbcs	r1, r5
100011e4:	2900      	cmp	r1, #0
100011e6:	db1c      	blt.n	10001222 <alarm_pool_irq_handler+0x142>
100011e8:	001a      	movs	r2, r3
100011ea:	2100      	movs	r1, #0
100011ec:	5e59      	ldrsh	r1, [r3, r1]
100011ee:	9104      	str	r1, [sp, #16]
100011f0:	e7e9      	b.n	100011c6 <alarm_pool_irq_handler+0xe6>
100011f2:	4643      	mov	r3, r8
100011f4:	695b      	ldr	r3, [r3, #20]
100011f6:	469b      	mov	fp, r3
100011f8:	691b      	ldr	r3, [r3, #16]
100011fa:	4658      	mov	r0, fp
100011fc:	4798      	blx	r3
100011fe:	2800      	cmp	r0, #0
10001200:	d016      	beq.n	10001230 <alarm_pool_irq_handler+0x150>
10001202:	465b      	mov	r3, fp
10001204:	681a      	ldr	r2, [r3, #0]
10001206:	685b      	ldr	r3, [r3, #4]
10001208:	9202      	str	r2, [sp, #8]
1000120a:	9303      	str	r3, [sp, #12]
1000120c:	e7ad      	b.n	1000116a <alarm_pool_irq_handler+0x8a>
1000120e:	486e      	ldr	r0, [pc, #440]	@ (100013c8 <alarm_pool_irq_handler+0x2e8>)
10001210:	f000 fb40 	bl	10001894 <timer_time_us_64>
10001214:	9b02      	ldr	r3, [sp, #8]
10001216:	9c03      	ldr	r4, [sp, #12]
10001218:	181b      	adds	r3, r3, r0
1000121a:	414c      	adcs	r4, r1
1000121c:	9300      	str	r3, [sp, #0]
1000121e:	9401      	str	r4, [sp, #4]
10001220:	e7b1      	b.n	10001186 <alarm_pool_irq_handler+0xa6>
10001222:	9904      	ldr	r1, [sp, #16]
10001224:	9f05      	ldr	r7, [sp, #20]
10001226:	465e      	mov	r6, fp
10001228:	4643      	mov	r3, r8
1000122a:	8019      	strh	r1, [r3, #0]
1000122c:	8016      	strh	r6, [r2, #0]
1000122e:	e09f      	b.n	10001370 <alarm_pool_irq_handler+0x290>
10001230:	4643      	mov	r3, r8
10001232:	2200      	movs	r2, #0
10001234:	5e9b      	ldrsh	r3, [r3, r2]
10001236:	813b      	strh	r3, [r7, #8]
10001238:	693a      	ldr	r2, [r7, #16]
1000123a:	f3ef 8310 	mrs	r3, PRIMASK
1000123e:	b672      	cpsid	i
10001240:	6811      	ldr	r1, [r2, #0]
10001242:	2900      	cmp	r1, #0
10001244:	d0fc      	beq.n	10001240 <alarm_pool_irq_handler+0x160>
10001246:	f3bf 8f5f 	dmb	sy
1000124a:	2102      	movs	r1, #2
1000124c:	5e7a      	ldrsh	r2, [r7, r1]
1000124e:	4641      	mov	r1, r8
10001250:	800a      	strh	r2, [r1, #0]
10001252:	807e      	strh	r6, [r7, #2]
10001254:	693a      	ldr	r2, [r7, #16]
10001256:	f3bf 8f5f 	dmb	sy
1000125a:	2100      	movs	r1, #0
1000125c:	6011      	str	r1, [r2, #0]
1000125e:	f383 8810 	msr	PRIMASK, r3
10001262:	e085      	b.n	10001370 <alarm_pool_irq_handler+0x290>
10001264:	6939      	ldr	r1, [r7, #16]
10001266:	f3ef 8310 	mrs	r3, PRIMASK
1000126a:	b672      	cpsid	i
1000126c:	680a      	ldr	r2, [r1, #0]
1000126e:	2a00      	cmp	r2, #0
10001270:	d0fc      	beq.n	1000126c <alarm_pool_irq_handler+0x18c>
10001272:	f3bf 8f5f 	dmb	sy
10001276:	88b8      	ldrh	r0, [r7, #4]
10001278:	b200      	sxth	r0, r0
1000127a:	2201      	movs	r2, #1
1000127c:	4252      	negs	r2, r2
1000127e:	80ba      	strh	r2, [r7, #4]
10001280:	693a      	ldr	r2, [r7, #16]
10001282:	f3bf 8f5f 	dmb	sy
10001286:	2100      	movs	r1, #0
10001288:	6011      	str	r1, [r2, #0]
1000128a:	f383 8810 	msr	PRIMASK, r3
1000128e:	0005      	movs	r5, r0
10001290:	46bc      	mov	ip, r7
10001292:	e01c      	b.n	100012ce <alarm_pool_irq_handler+0x1ee>
10001294:	9304      	str	r3, [sp, #16]
10001296:	2200      	movs	r2, #0
10001298:	5e9a      	ldrsh	r2, [r3, r2]
1000129a:	2a00      	cmp	r2, #0
1000129c:	db0e      	blt.n	100012bc <alarm_pool_irq_handler+0x1dc>
1000129e:	9b04      	ldr	r3, [sp, #16]
100012a0:	2100      	movs	r1, #0
100012a2:	5e59      	ldrsh	r1, [r3, r1]
100012a4:	004b      	lsls	r3, r1, #1
100012a6:	185b      	adds	r3, r3, r1
100012a8:	00db      	lsls	r3, r3, #3
100012aa:	4463      	add	r3, ip
100012ac:	6898      	ldr	r0, [r3, #8]
100012ae:	68d9      	ldr	r1, [r3, #12]
100012b0:	0034      	movs	r4, r6
100012b2:	003d      	movs	r5, r7
100012b4:	1a24      	subs	r4, r4, r0
100012b6:	418d      	sbcs	r5, r1
100012b8:	2d00      	cmp	r5, #0
100012ba:	daeb      	bge.n	10001294 <alarm_pool_irq_handler+0x1b4>
100012bc:	9904      	ldr	r1, [sp, #16]
100012be:	465d      	mov	r5, fp
100012c0:	9b00      	ldr	r3, [sp, #0]
100012c2:	469c      	mov	ip, r3
100012c4:	4644      	mov	r4, r8
100012c6:	800d      	strh	r5, [r1, #0]
100012c8:	2300      	movs	r3, #0
100012ca:	5ee5      	ldrsh	r5, [r4, r3]
100012cc:	8022      	strh	r2, [r4, #0]
100012ce:	2d00      	cmp	r5, #0
100012d0:	db12      	blt.n	100012f8 <alarm_pool_irq_handler+0x218>
100012d2:	4663      	mov	r3, ip
100012d4:	6958      	ldr	r0, [r3, #20]
100012d6:	006c      	lsls	r4, r5, #1
100012d8:	1964      	adds	r4, r4, r5
100012da:	00e4      	lsls	r4, r4, #3
100012dc:	1904      	adds	r4, r0, r4
100012de:	68a6      	ldr	r6, [r4, #8]
100012e0:	68e7      	ldr	r7, [r4, #12]
100012e2:	4661      	mov	r1, ip
100012e4:	3108      	adds	r1, #8
100012e6:	2208      	movs	r2, #8
100012e8:	5e9a      	ldrsh	r2, [r3, r2]
100012ea:	46ab      	mov	fp, r5
100012ec:	9104      	str	r1, [sp, #16]
100012ee:	4663      	mov	r3, ip
100012f0:	9300      	str	r3, [sp, #0]
100012f2:	46a0      	mov	r8, r4
100012f4:	4684      	mov	ip, r0
100012f6:	e7d0      	b.n	1000129a <alarm_pool_irq_handler+0x1ba>
100012f8:	4667      	mov	r7, ip
100012fa:	e03e      	b.n	1000137a <alarm_pool_irq_handler+0x29a>
100012fc:	2300      	movs	r3, #0
100012fe:	71bb      	strb	r3, [r7, #6]
10001300:	0039      	movs	r1, r7
10001302:	3108      	adds	r1, #8
10001304:	2308      	movs	r3, #8
10001306:	5ef8      	ldrsh	r0, [r7, r3]
10001308:	e00e      	b.n	10001328 <alarm_pool_irq_handler+0x248>
1000130a:	2401      	movs	r4, #1
1000130c:	4264      	negs	r4, r4
1000130e:	17e5      	asrs	r5, r4, #31
10001310:	6094      	str	r4, [r2, #8]
10001312:	60d5      	str	r5, [r2, #12]
10001314:	2408      	movs	r4, #8
10001316:	5f3b      	ldrsh	r3, [r7, r4]
10001318:	4283      	cmp	r3, r0
1000131a:	d004      	beq.n	10001326 <alarm_pool_irq_handler+0x246>
1000131c:	800e      	strh	r6, [r1, #0]
1000131e:	2408      	movs	r4, #8
10001320:	5f3b      	ldrsh	r3, [r7, r4]
10001322:	8013      	strh	r3, [r2, #0]
10001324:	8138      	strh	r0, [r7, #8]
10001326:	0030      	movs	r0, r6
10001328:	1c43      	adds	r3, r0, #1
1000132a:	d029      	beq.n	10001380 <alarm_pool_irq_handler+0x2a0>
1000132c:	697c      	ldr	r4, [r7, #20]
1000132e:	0043      	lsls	r3, r0, #1
10001330:	181b      	adds	r3, r3, r0
10001332:	00db      	lsls	r3, r3, #3
10001334:	18e2      	adds	r2, r4, r3
10001336:	5ee6      	ldrsh	r6, [r4, r3]
10001338:	8853      	ldrh	r3, [r2, #2]
1000133a:	b21b      	sxth	r3, r3
1000133c:	2b00      	cmp	r3, #0
1000133e:	dbe4      	blt.n	1000130a <alarm_pool_irq_handler+0x22a>
10001340:	0011      	movs	r1, r2
10001342:	e7f0      	b.n	10001326 <alarm_pool_irq_handler+0x246>
10001344:	0022      	movs	r2, r4
10001346:	002b      	movs	r3, r5
10001348:	4651      	mov	r1, sl
1000134a:	481f      	ldr	r0, [pc, #124]	@ (100013c8 <alarm_pool_irq_handler+0x2e8>)
1000134c:	f7ff fe9a 	bl	10001084 <ta_set_timeout>
10001350:	481d      	ldr	r0, [pc, #116]	@ (100013c8 <alarm_pool_irq_handler+0x2e8>)
10001352:	f000 fa9f 	bl	10001894 <timer_time_us_64>
10001356:	1a24      	subs	r4, r4, r0
10001358:	418d      	sbcs	r5, r1
1000135a:	2d00      	cmp	r5, #0
1000135c:	dc22      	bgt.n	100013a4 <alarm_pool_irq_handler+0x2c4>
1000135e:	d01f      	beq.n	100013a0 <alarm_pool_irq_handler+0x2c0>
10001360:	4b19      	ldr	r3, [pc, #100]	@ (100013c8 <alarm_pool_irq_handler+0x2e8>)
10001362:	464a      	mov	r2, r9
10001364:	635a      	str	r2, [r3, #52]	@ 0x34
10001366:	2308      	movs	r3, #8
10001368:	5efe      	ldrsh	r6, [r7, r3]
1000136a:	2e00      	cmp	r6, #0
1000136c:	db00      	blt.n	10001370 <alarm_pool_irq_handler+0x290>
1000136e:	e6d7      	b.n	10001120 <alarm_pool_irq_handler+0x40>
10001370:	88bb      	ldrh	r3, [r7, #4]
10001372:	b21b      	sxth	r3, r3
10001374:	2b00      	cmp	r3, #0
10001376:	db00      	blt.n	1000137a <alarm_pool_irq_handler+0x29a>
10001378:	e774      	b.n	10001264 <alarm_pool_irq_handler+0x184>
1000137a:	79bb      	ldrb	r3, [r7, #6]
1000137c:	2b00      	cmp	r3, #0
1000137e:	d1bd      	bne.n	100012fc <alarm_pool_irq_handler+0x21c>
10001380:	2308      	movs	r3, #8
10001382:	5efa      	ldrsh	r2, [r7, r3]
10001384:	2a00      	cmp	r2, #0
10001386:	db0d      	blt.n	100013a4 <alarm_pool_irq_handler+0x2c4>
10001388:	6979      	ldr	r1, [r7, #20]
1000138a:	0053      	lsls	r3, r2, #1
1000138c:	189b      	adds	r3, r3, r2
1000138e:	00db      	lsls	r3, r3, #3
10001390:	18cb      	adds	r3, r1, r3
10001392:	689c      	ldr	r4, [r3, #8]
10001394:	68dd      	ldr	r5, [r3, #12]
10001396:	1c63      	adds	r3, r4, #1
10001398:	d1d4      	bne.n	10001344 <alarm_pool_irq_handler+0x264>
1000139a:	1c6b      	adds	r3, r5, #1
1000139c:	d0d8      	beq.n	10001350 <alarm_pool_irq_handler+0x270>
1000139e:	e7d1      	b.n	10001344 <alarm_pool_irq_handler+0x264>
100013a0:	2c00      	cmp	r4, #0
100013a2:	d0dd      	beq.n	10001360 <alarm_pool_irq_handler+0x280>
100013a4:	bf40      	sev
100013a6:	b007      	add	sp, #28
100013a8:	bcf0      	pop	{r4, r5, r6, r7}
100013aa:	46bb      	mov	fp, r7
100013ac:	46b2      	mov	sl, r6
100013ae:	46a9      	mov	r9, r5
100013b0:	46a0      	mov	r8, r4
100013b2:	bdf0      	pop	{r4, r5, r6, r7, pc}
100013b4:	200024f4 	.word	0x200024f4
100013b8:	4005703c 	.word	0x4005703c
100013bc:	10007e38 	.word	0x10007e38
100013c0:	10008cf0 	.word	0x10008cf0
100013c4:	10007e64 	.word	0x10007e64
100013c8:	40054000 	.word	0x40054000
100013cc:	100010e1 	.word	0x100010e1

100013d0 <ta_enable_irq_handler>:
100013d0:	b570      	push	{r4, r5, r6, lr}
100013d2:	0004      	movs	r4, r0
100013d4:	000d      	movs	r5, r1
100013d6:	0011      	movs	r1, r2
100013d8:	2601      	movs	r6, #1
100013da:	40ae      	lsls	r6, r5
100013dc:	6206      	str	r6, [r0, #32]
100013de:	0028      	movs	r0, r5
100013e0:	f7ff fb36 	bl	10000a50 <irq_set_exclusive_handler>
100013e4:	2101      	movs	r1, #1
100013e6:	0028      	movs	r0, r5
100013e8:	f7ff fafa 	bl	100009e0 <irq_set_enabled>
100013ec:	4b02      	ldr	r3, [pc, #8]	@ (100013f8 <ta_enable_irq_handler+0x28>)
100013ee:	469c      	mov	ip, r3
100013f0:	4464      	add	r4, ip
100013f2:	6026      	str	r6, [r4, #0]
100013f4:	bd70      	pop	{r4, r5, r6, pc}
100013f6:	46c0      	nop			@ (mov r8, r8)
100013f8:	00002038 	.word	0x00002038

100013fc <alarm_pool_post_alloc_init>:
100013fc:	b5f8      	push	{r3, r4, r5, r6, r7, lr}
100013fe:	46ce      	mov	lr, r9
10001400:	4647      	mov	r7, r8
10001402:	b580      	push	{r7, lr}
10001404:	0006      	movs	r6, r0
10001406:	4689      	mov	r9, r1
10001408:	4690      	mov	r8, r2
1000140a:	001f      	movs	r7, r3
1000140c:	60c1      	str	r1, [r0, #12]
1000140e:	f7ff fa17 	bl	10000840 <next_striped_spin_lock_num>
10001412:	4b15      	ldr	r3, [pc, #84]	@ (10001468 <alarm_pool_post_alloc_init+0x6c>)
10001414:	469c      	mov	ip, r3
10001416:	4460      	add	r0, ip
10001418:	0080      	lsls	r0, r0, #2
1000141a:	6130      	str	r0, [r6, #16]
1000141c:	4643      	mov	r3, r8
1000141e:	7033      	strb	r3, [r6, #0]
10001420:	b2bb      	uxth	r3, r7
10001422:	8173      	strh	r3, [r6, #10]
10001424:	22d0      	movs	r2, #208	@ 0xd0
10001426:	0612      	lsls	r2, r2, #24
10001428:	7812      	ldrb	r2, [r2, #0]
1000142a:	7072      	strb	r2, [r6, #1]
1000142c:	2201      	movs	r2, #1
1000142e:	4252      	negs	r2, r2
10001430:	8132      	strh	r2, [r6, #8]
10001432:	80b2      	strh	r2, [r6, #4]
10001434:	189b      	adds	r3, r3, r2
10001436:	8073      	strh	r3, [r6, #2]
10001438:	2400      	movs	r4, #0
1000143a:	e006      	b.n	1000144a <alarm_pool_post_alloc_init+0x4e>
1000143c:	1e62      	subs	r2, r4, #1
1000143e:	6973      	ldr	r3, [r6, #20]
10001440:	0065      	lsls	r5, r4, #1
10001442:	192d      	adds	r5, r5, r4
10001444:	00ed      	lsls	r5, r5, #3
10001446:	535a      	strh	r2, [r3, r5]
10001448:	3401      	adds	r4, #1
1000144a:	42bc      	cmp	r4, r7
1000144c:	d3f6      	bcc.n	1000143c <alarm_pool_post_alloc_init+0x40>
1000144e:	4b07      	ldr	r3, [pc, #28]	@ (1000146c <alarm_pool_post_alloc_init+0x70>)
10001450:	4642      	mov	r2, r8
10001452:	0092      	lsls	r2, r2, #2
10001454:	50d6      	str	r6, [r2, r3]
10001456:	4a06      	ldr	r2, [pc, #24]	@ (10001470 <alarm_pool_post_alloc_init+0x74>)
10001458:	4641      	mov	r1, r8
1000145a:	4648      	mov	r0, r9
1000145c:	f7ff ffb8 	bl	100013d0 <ta_enable_irq_handler>
10001460:	bcc0      	pop	{r6, r7}
10001462:	46b9      	mov	r9, r7
10001464:	46b0      	mov	r8, r6
10001466:	bdf8      	pop	{r3, r4, r5, r6, r7, pc}
10001468:	34000040 	.word	0x34000040
1000146c:	200024f4 	.word	0x200024f4
10001470:	100010e1 	.word	0x100010e1

10001474 <alarm_pool_get_default>:
10001474:	b510      	push	{r4, lr}
10001476:	4b06      	ldr	r3, [pc, #24]	@ (10001490 <alarm_pool_get_default+0x1c>)
10001478:	691b      	ldr	r3, [r3, #16]
1000147a:	2b00      	cmp	r3, #0
1000147c:	d001      	beq.n	10001482 <alarm_pool_get_default+0xe>
1000147e:	4804      	ldr	r0, [pc, #16]	@ (10001490 <alarm_pool_get_default+0x1c>)
10001480:	bd10      	pop	{r4, pc}
10001482:	4b04      	ldr	r3, [pc, #16]	@ (10001494 <alarm_pool_get_default+0x20>)
10001484:	4a04      	ldr	r2, [pc, #16]	@ (10001498 <alarm_pool_get_default+0x24>)
10001486:	4805      	ldr	r0, [pc, #20]	@ (1000149c <alarm_pool_get_default+0x28>)
10001488:	2165      	movs	r1, #101	@ 0x65
1000148a:	f002 fb15 	bl	10003ab8 <__assert_func>
1000148e:	46c0      	nop			@ (mov r8, r8)
10001490:	20000e44 	.word	0x20000e44
10001494:	10007eac 	.word	0x10007eac
10001498:	10008cd8 	.word	0x10008cd8
1000149c:	10007e64 	.word	0x10007e64

100014a0 <alarm_pool_add_alarm_at_force_in_context>:
100014a0:	b5f8      	push	{r3, r4, r5, r6, r7, lr}
100014a2:	0004      	movs	r4, r0
100014a4:	6905      	ldr	r5, [r0, #16]
100014a6:	f3ef 8010 	mrs	r0, PRIMASK
100014aa:	b672      	cpsid	i
100014ac:	6829      	ldr	r1, [r5, #0]
100014ae:	2900      	cmp	r1, #0
100014b0:	d0fc      	beq.n	100014ac <alarm_pool_add_alarm_at_force_in_context+0xc>
100014b2:	f3bf 8f5f 	dmb	sy
100014b6:	2102      	movs	r1, #2
100014b8:	5e66      	ldrsh	r6, [r4, r1]
100014ba:	6965      	ldr	r5, [r4, #20]
100014bc:	0071      	lsls	r1, r6, #1
100014be:	1989      	adds	r1, r1, r6
100014c0:	00c9      	lsls	r1, r1, #3
100014c2:	186d      	adds	r5, r5, r1
100014c4:	2e00      	cmp	r6, #0
100014c6:	db02      	blt.n	100014ce <alarm_pool_add_alarm_at_force_in_context+0x2e>
100014c8:	2700      	movs	r7, #0
100014ca:	5fe9      	ldrsh	r1, [r5, r7]
100014cc:	8061      	strh	r1, [r4, #2]
100014ce:	6921      	ldr	r1, [r4, #16]
100014d0:	f3bf 8f5f 	dmb	sy
100014d4:	2700      	movs	r7, #0
100014d6:	600f      	str	r7, [r1, #0]
100014d8:	f380 8810 	msr	PRIMASK, r0
100014dc:	2e00      	cmp	r6, #0
100014de:	db2c      	blt.n	1000153a <alarm_pool_add_alarm_at_force_in_context+0x9a>
100014e0:	9906      	ldr	r1, [sp, #24]
100014e2:	6129      	str	r1, [r5, #16]
100014e4:	9907      	ldr	r1, [sp, #28]
100014e6:	6169      	str	r1, [r5, #20]
100014e8:	60aa      	str	r2, [r5, #8]
100014ea:	60eb      	str	r3, [r5, #12]
100014ec:	886b      	ldrh	r3, [r5, #2]
100014ee:	3301      	adds	r3, #1
100014f0:	045b      	lsls	r3, r3, #17
100014f2:	0c59      	lsrs	r1, r3, #17
100014f4:	2b00      	cmp	r3, #0
100014f6:	d100      	bne.n	100014fa <alarm_pool_add_alarm_at_force_in_context+0x5a>
100014f8:	2101      	movs	r1, #1
100014fa:	8069      	strh	r1, [r5, #2]
100014fc:	0030      	movs	r0, r6
100014fe:	f7ff fdd3 	bl	100010a8 <make_alarm_id>
10001502:	6921      	ldr	r1, [r4, #16]
10001504:	f3ef 8310 	mrs	r3, PRIMASK
10001508:	b672      	cpsid	i
1000150a:	680a      	ldr	r2, [r1, #0]
1000150c:	2a00      	cmp	r2, #0
1000150e:	d0fc      	beq.n	1000150a <alarm_pool_add_alarm_at_force_in_context+0x6a>
10001510:	f3bf 8f5f 	dmb	sy
10001514:	88a2      	ldrh	r2, [r4, #4]
10001516:	802a      	strh	r2, [r5, #0]
10001518:	80a6      	strh	r6, [r4, #4]
1000151a:	6922      	ldr	r2, [r4, #16]
1000151c:	f3bf 8f5f 	dmb	sy
10001520:	2100      	movs	r1, #0
10001522:	6011      	str	r1, [r2, #0]
10001524:	f383 8810 	msr	PRIMASK, r3
10001528:	68e3      	ldr	r3, [r4, #12]
1000152a:	7821      	ldrb	r1, [r4, #0]
1000152c:	2201      	movs	r2, #1
1000152e:	408a      	lsls	r2, r1
10001530:	4903      	ldr	r1, [pc, #12]	@ (10001540 <alarm_pool_add_alarm_at_force_in_context+0xa0>)
10001532:	468c      	mov	ip, r1
10001534:	4463      	add	r3, ip
10001536:	601a      	str	r2, [r3, #0]
10001538:	bdf8      	pop	{r3, r4, r5, r6, r7, pc}
1000153a:	2001      	movs	r0, #1
1000153c:	4240      	negs	r0, r0
1000153e:	e7fb      	b.n	10001538 <alarm_pool_add_alarm_at_force_in_context+0x98>
10001540:	0000203c 	.word	0x0000203c

10001544 <alarm_pool_add_alarm_at>:
10001544:	b570      	push	{r4, r5, r6, lr}
10001546:	b082      	sub	sp, #8
10001548:	0006      	movs	r6, r0
1000154a:	0014      	movs	r4, r2
1000154c:	001d      	movs	r5, r3
1000154e:	ab08      	add	r3, sp, #32
10001550:	781b      	ldrb	r3, [r3, #0]
10001552:	2b00      	cmp	r3, #0
10001554:	d107      	bne.n	10001566 <alarm_pool_add_alarm_at+0x22>
10001556:	f000 f9cf 	bl	100018f8 <time_us_64>
1000155a:	0022      	movs	r2, r4
1000155c:	002b      	movs	r3, r5
1000155e:	1a12      	subs	r2, r2, r0
10001560:	418b      	sbcs	r3, r1
10001562:	2b00      	cmp	r3, #0
10001564:	db0a      	blt.n	1000157c <alarm_pool_add_alarm_at+0x38>
10001566:	9b07      	ldr	r3, [sp, #28]
10001568:	9301      	str	r3, [sp, #4]
1000156a:	9b06      	ldr	r3, [sp, #24]
1000156c:	9300      	str	r3, [sp, #0]
1000156e:	0022      	movs	r2, r4
10001570:	002b      	movs	r3, r5
10001572:	0030      	movs	r0, r6
10001574:	f7ff ff94 	bl	100014a0 <alarm_pool_add_alarm_at_force_in_context>
10001578:	b002      	add	sp, #8
1000157a:	bd70      	pop	{r4, r5, r6, pc}
1000157c:	2000      	movs	r0, #0
1000157e:	e7fb      	b.n	10001578 <alarm_pool_add_alarm_at+0x34>

10001580 <add_alarm_at>:
10001580:	b5f0      	push	{r4, r5, r6, r7, lr}
10001582:	46c6      	mov	lr, r8
10001584:	b500      	push	{lr}
10001586:	b084      	sub	sp, #16
10001588:	0005      	movs	r5, r0
1000158a:	4688      	mov	r8, r1
1000158c:	0016      	movs	r6, r2
1000158e:	001f      	movs	r7, r3
10001590:	ab0a      	add	r3, sp, #40	@ 0x28
10001592:	781c      	ldrb	r4, [r3, #0]
10001594:	f7ff ff6e 	bl	10001474 <alarm_pool_get_default>
10001598:	9402      	str	r4, [sp, #8]
1000159a:	9701      	str	r7, [sp, #4]
1000159c:	9600      	str	r6, [sp, #0]
1000159e:	002a      	movs	r2, r5
100015a0:	4643      	mov	r3, r8
100015a2:	f7ff ffcf 	bl	10001544 <alarm_pool_add_alarm_at>
100015a6:	b004      	add	sp, #16
100015a8:	bc80      	pop	{r7}
100015aa:	46b8      	mov	r8, r7
100015ac:	bdf0      	pop	{r4, r5, r6, r7, pc}
	...

100015b0 <alarm_pool_cancel_alarm>:
100015b0:	b530      	push	{r4, r5, lr}
100015b2:	0004      	movs	r4, r0
100015b4:	140a      	asrs	r2, r1, #16
100015b6:	8943      	ldrh	r3, [r0, #10]
100015b8:	429a      	cmp	r2, r3
100015ba:	da2e      	bge.n	1000161a <alarm_pool_cancel_alarm+0x6a>
100015bc:	6940      	ldr	r0, [r0, #20]
100015be:	0053      	lsls	r3, r2, #1
100015c0:	189b      	adds	r3, r3, r2
100015c2:	00db      	lsls	r3, r3, #3
100015c4:	18c3      	adds	r3, r0, r3
100015c6:	6925      	ldr	r5, [r4, #16]
100015c8:	f3ef 8210 	mrs	r2, PRIMASK
100015cc:	b672      	cpsid	i
100015ce:	6828      	ldr	r0, [r5, #0]
100015d0:	2800      	cmp	r0, #0
100015d2:	d0fc      	beq.n	100015ce <alarm_pool_cancel_alarm+0x1e>
100015d4:	f3bf 8f5f 	dmb	sy
100015d8:	8858      	ldrh	r0, [r3, #2]
100015da:	b285      	uxth	r5, r0
100015dc:	0409      	lsls	r1, r1, #16
100015de:	0c09      	lsrs	r1, r1, #16
100015e0:	4288      	cmp	r0, r1
100015e2:	d012      	beq.n	1000160a <alarm_pool_cancel_alarm+0x5a>
100015e4:	2000      	movs	r0, #0
100015e6:	6923      	ldr	r3, [r4, #16]
100015e8:	f3bf 8f5f 	dmb	sy
100015ec:	2100      	movs	r1, #0
100015ee:	6019      	str	r1, [r3, #0]
100015f0:	f382 8810 	msr	PRIMASK, r2
100015f4:	2800      	cmp	r0, #0
100015f6:	d011      	beq.n	1000161c <alarm_pool_cancel_alarm+0x6c>
100015f8:	68e3      	ldr	r3, [r4, #12]
100015fa:	7821      	ldrb	r1, [r4, #0]
100015fc:	2201      	movs	r2, #1
100015fe:	408a      	lsls	r2, r1
10001600:	4907      	ldr	r1, [pc, #28]	@ (10001620 <alarm_pool_cancel_alarm+0x70>)
10001602:	468c      	mov	ip, r1
10001604:	4463      	add	r3, ip
10001606:	601a      	str	r2, [r3, #0]
10001608:	e008      	b.n	1000161c <alarm_pool_cancel_alarm+0x6c>
1000160a:	4906      	ldr	r1, [pc, #24]	@ (10001624 <alarm_pool_cancel_alarm+0x74>)
1000160c:	4329      	orrs	r1, r5
1000160e:	b289      	uxth	r1, r1
10001610:	8059      	strh	r1, [r3, #2]
10001612:	2301      	movs	r3, #1
10001614:	71a3      	strb	r3, [r4, #6]
10001616:	2001      	movs	r0, #1
10001618:	e7e5      	b.n	100015e6 <alarm_pool_cancel_alarm+0x36>
1000161a:	2000      	movs	r0, #0
1000161c:	bd30      	pop	{r4, r5, pc}
1000161e:	46c0      	nop			@ (mov r8, r8)
10001620:	0000203c 	.word	0x0000203c
10001624:	ffff8000 	.word	0xffff8000

10001628 <cancel_alarm>:
10001628:	b510      	push	{r4, lr}
1000162a:	0004      	movs	r4, r0
1000162c:	f7ff ff22 	bl	10001474 <alarm_pool_get_default>
10001630:	0021      	movs	r1, r4
10001632:	f7ff ffbd 	bl	100015b0 <alarm_pool_cancel_alarm>
10001636:	bd10      	pop	{r4, pc}

10001638 <alarm_pool_core_num>:
10001638:	7840      	ldrb	r0, [r0, #1]
1000163a:	4770      	bx	lr

1000163c <sleep_until>:
1000163c:	b5f0      	push	{r4, r5, r6, r7, lr}
1000163e:	b083      	sub	sp, #12
10001640:	0006      	movs	r6, r0
10001642:	000f      	movs	r7, r1
10001644:	f3ef 8305 	mrs	r3, IPSR
10001648:	2b00      	cmp	r3, #0
1000164a:	d11a      	bne.n	10001682 <sleep_until+0x46>
1000164c:	2406      	movs	r4, #6
1000164e:	4264      	negs	r4, r4
10001650:	17e5      	asrs	r5, r4, #31
10001652:	19a4      	adds	r4, r4, r6
10001654:	417d      	adcs	r5, r7
10001656:	428d      	cmp	r5, r1
10001658:	d802      	bhi.n	10001660 <sleep_until+0x24>
1000165a:	d103      	bne.n	10001664 <sleep_until+0x28>
1000165c:	4284      	cmp	r4, r0
1000165e:	d901      	bls.n	10001664 <sleep_until+0x28>
10001660:	2400      	movs	r4, #0
10001662:	2500      	movs	r5, #0
10001664:	f000 f948 	bl	100018f8 <time_us_64>
10001668:	0022      	movs	r2, r4
1000166a:	002b      	movs	r3, r5
1000166c:	1a12      	subs	r2, r2, r0
1000166e:	418b      	sbcs	r3, r1
10001670:	2b00      	cmp	r3, #0
10001672:	dc0b      	bgt.n	1000168c <sleep_until+0x50>
10001674:	d008      	beq.n	10001688 <sleep_until+0x4c>
10001676:	0030      	movs	r0, r6
10001678:	0039      	movs	r1, r7
1000167a:	f000 f94f 	bl	1000191c <busy_wait_until>
1000167e:	b003      	add	sp, #12
10001680:	bdf0      	pop	{r4, r5, r6, r7, pc}
10001682:	4816      	ldr	r0, [pc, #88]	@ (100016dc <sleep_until+0xa0>)
10001684:	f7ff f84c 	bl	10000720 <panic>
10001688:	2a00      	cmp	r2, #0
1000168a:	d0f4      	beq.n	10001676 <sleep_until+0x3a>
1000168c:	4a14      	ldr	r2, [pc, #80]	@ (100016e0 <sleep_until+0xa4>)
1000168e:	2300      	movs	r3, #0
10001690:	9300      	str	r3, [sp, #0]
10001692:	0020      	movs	r0, r4
10001694:	0029      	movs	r1, r5
10001696:	f7ff ff73 	bl	10001580 <add_alarm_at>
1000169a:	2800      	cmp	r0, #0
1000169c:	da13      	bge.n	100016c6 <sleep_until+0x8a>
1000169e:	e7ea      	b.n	10001676 <sleep_until+0x3a>
100016a0:	4b10      	ldr	r3, [pc, #64]	@ (100016e4 <sleep_until+0xa8>)
100016a2:	6819      	ldr	r1, [r3, #0]
100016a4:	f3ef 8310 	mrs	r3, PRIMASK
100016a8:	b672      	cpsid	i
100016aa:	680a      	ldr	r2, [r1, #0]
100016ac:	2a00      	cmp	r2, #0
100016ae:	d0fc      	beq.n	100016aa <sleep_until+0x6e>
100016b0:	f3bf 8f5f 	dmb	sy
100016b4:	4a0b      	ldr	r2, [pc, #44]	@ (100016e4 <sleep_until+0xa8>)
100016b6:	6812      	ldr	r2, [r2, #0]
100016b8:	f3bf 8f5f 	dmb	sy
100016bc:	2100      	movs	r1, #0
100016be:	6011      	str	r1, [r2, #0]
100016c0:	f383 8810 	msr	PRIMASK, r3
100016c4:	bf20      	wfe
100016c6:	4b08      	ldr	r3, [pc, #32]	@ (100016e8 <sleep_until+0xac>)
100016c8:	6a5b      	ldr	r3, [r3, #36]	@ 0x24
100016ca:	429d      	cmp	r5, r3
100016cc:	d8e8      	bhi.n	100016a0 <sleep_until+0x64>
100016ce:	4906      	ldr	r1, [pc, #24]	@ (100016e8 <sleep_until+0xac>)
100016d0:	6a89      	ldr	r1, [r1, #40]	@ 0x28
100016d2:	42a1      	cmp	r1, r4
100016d4:	d2cf      	bcs.n	10001676 <sleep_until+0x3a>
100016d6:	429d      	cmp	r5, r3
100016d8:	d1cd      	bne.n	10001676 <sleep_until+0x3a>
100016da:	e7e1      	b.n	100016a0 <sleep_until+0x64>
100016dc:	10007ed0 	.word	0x10007ed0
100016e0:	100010b1 	.word	0x100010b1
100016e4:	20002718 	.word	0x20002718
100016e8:	40054000 	.word	0x40054000

100016ec <sleep_us>:
100016ec:	b570      	push	{r4, r5, r6, lr}
100016ee:	0004      	movs	r4, r0
100016f0:	000d      	movs	r5, r1
100016f2:	f000 f901 	bl	100018f8 <time_us_64>
100016f6:	1900      	adds	r0, r0, r4
100016f8:	4169      	adcs	r1, r5
100016fa:	2900      	cmp	r1, #0
100016fc:	db02      	blt.n	10001704 <sleep_us+0x18>
100016fe:	f7ff ff9d 	bl	1000163c <sleep_until>
10001702:	bd70      	pop	{r4, r5, r6, pc}
10001704:	2001      	movs	r0, #1
10001706:	4240      	negs	r0, r0
10001708:	4900      	ldr	r1, [pc, #0]	@ (1000170c <sleep_us+0x20>)
1000170a:	e7f8      	b.n	100016fe <sleep_us+0x12>
1000170c:	7fffffff 	.word	0x7fffffff

10001710 <sleep_ms>:
10001710:	b510      	push	{r4, lr}
10001712:	22fa      	movs	r2, #250	@ 0xfa
10001714:	0092      	lsls	r2, r2, #2
10001716:	2300      	movs	r3, #0
10001718:	2100      	movs	r1, #0
1000171a:	f000 ffa3 	bl	10002664 <__wrap___aeabi_lmul>
1000171e:	f7ff ffe5 	bl	100016ec <sleep_us>
10001722:	bd10      	pop	{r4, pc}

10001724 <best_effort_wfe_or_timeout>:
10001724:	b5f0      	push	{r4, r5, r6, r7, lr}
10001726:	46ce      	mov	lr, r9
10001728:	4647      	mov	r7, r8
1000172a:	b580      	push	{r7, lr}
1000172c:	b083      	sub	sp, #12
1000172e:	0005      	movs	r5, r0
10001730:	000c      	movs	r4, r1
10001732:	f3ef 8305 	mrs	r3, IPSR
10001736:	2b00      	cmp	r3, #0
10001738:	d015      	beq.n	10001766 <best_effort_wfe_or_timeout+0x42>
1000173a:	4b3f      	ldr	r3, [pc, #252]	@ (10001838 <best_effort_wfe_or_timeout+0x114>)
1000173c:	6a5b      	ldr	r3, [r3, #36]	@ 0x24
1000173e:	428b      	cmp	r3, r1
10001740:	d309      	bcc.n	10001756 <best_effort_wfe_or_timeout+0x32>
10001742:	4a3d      	ldr	r2, [pc, #244]	@ (10001838 <best_effort_wfe_or_timeout+0x114>)
10001744:	6a92      	ldr	r2, [r2, #40]	@ 0x28
10001746:	4282      	cmp	r2, r0
10001748:	d20b      	bcs.n	10001762 <best_effort_wfe_or_timeout+0x3e>
1000174a:	428b      	cmp	r3, r1
1000174c:	d001      	beq.n	10001752 <best_effort_wfe_or_timeout+0x2e>
1000174e:	2001      	movs	r0, #1
10001750:	e002      	b.n	10001758 <best_effort_wfe_or_timeout+0x34>
10001752:	2000      	movs	r0, #0
10001754:	e000      	b.n	10001758 <best_effort_wfe_or_timeout+0x34>
10001756:	2000      	movs	r0, #0
10001758:	b003      	add	sp, #12
1000175a:	bcc0      	pop	{r6, r7}
1000175c:	46b9      	mov	r9, r7
1000175e:	46b0      	mov	r8, r6
10001760:	bdf0      	pop	{r4, r5, r6, r7, pc}
10001762:	2001      	movs	r0, #1
10001764:	e7f8      	b.n	10001758 <best_effort_wfe_or_timeout+0x34>
10001766:	f7ff fe85 	bl	10001474 <alarm_pool_get_default>
1000176a:	68c3      	ldr	r3, [r0, #12]
1000176c:	4699      	mov	r9, r3
1000176e:	7803      	ldrb	r3, [r0, #0]
10001770:	4698      	mov	r8, r3
10001772:	002e      	movs	r6, r5
10001774:	0027      	movs	r7, r4
10001776:	4648      	mov	r0, r9
10001778:	f000 f88c 	bl	10001894 <timer_time_us_64>
1000177c:	0002      	movs	r2, r0
1000177e:	000b      	movs	r3, r1
10001780:	1ab6      	subs	r6, r6, r2
10001782:	419f      	sbcs	r7, r3
10001784:	4643      	mov	r3, r8
10001786:	3304      	adds	r3, #4
10001788:	009b      	lsls	r3, r3, #2
1000178a:	464a      	mov	r2, r9
1000178c:	589b      	ldr	r3, [r3, r2]
1000178e:	1a1b      	subs	r3, r3, r0
10001790:	2200      	movs	r2, #0
10001792:	42ba      	cmp	r2, r7
10001794:	dc0f      	bgt.n	100017b6 <best_effort_wfe_or_timeout+0x92>
10001796:	d00c      	beq.n	100017b2 <best_effort_wfe_or_timeout+0x8e>
10001798:	bf20      	wfe
1000179a:	4b27      	ldr	r3, [pc, #156]	@ (10001838 <best_effort_wfe_or_timeout+0x114>)
1000179c:	6a5b      	ldr	r3, [r3, #36]	@ 0x24
1000179e:	429c      	cmp	r4, r3
100017a0:	d82d      	bhi.n	100017fe <best_effort_wfe_or_timeout+0xda>
100017a2:	4a25      	ldr	r2, [pc, #148]	@ (10001838 <best_effort_wfe_or_timeout+0x114>)
100017a4:	6a92      	ldr	r2, [r2, #40]	@ 0x28
100017a6:	42aa      	cmp	r2, r5
100017a8:	d22b      	bcs.n	10001802 <best_effort_wfe_or_timeout+0xde>
100017aa:	429c      	cmp	r4, r3
100017ac:	d025      	beq.n	100017fa <best_effort_wfe_or_timeout+0xd6>
100017ae:	2001      	movs	r0, #1
100017b0:	e7d2      	b.n	10001758 <best_effort_wfe_or_timeout+0x34>
100017b2:	42b3      	cmp	r3, r6
100017b4:	d9f0      	bls.n	10001798 <best_effort_wfe_or_timeout+0x74>
100017b6:	4a21      	ldr	r2, [pc, #132]	@ (1000183c <best_effort_wfe_or_timeout+0x118>)
100017b8:	2300      	movs	r3, #0
100017ba:	9300      	str	r3, [sp, #0]
100017bc:	0028      	movs	r0, r5
100017be:	0021      	movs	r1, r4
100017c0:	f7ff fede 	bl	10001580 <add_alarm_at>
100017c4:	2800      	cmp	r0, #0
100017c6:	dd1e      	ble.n	10001806 <best_effort_wfe_or_timeout+0xe2>
100017c8:	4b1b      	ldr	r3, [pc, #108]	@ (10001838 <best_effort_wfe_or_timeout+0x114>)
100017ca:	6a5b      	ldr	r3, [r3, #36]	@ 0x24
100017cc:	429c      	cmp	r4, r3
100017ce:	d805      	bhi.n	100017dc <best_effort_wfe_or_timeout+0xb8>
100017d0:	4a19      	ldr	r2, [pc, #100]	@ (10001838 <best_effort_wfe_or_timeout+0x114>)
100017d2:	6a92      	ldr	r2, [r2, #40]	@ 0x28
100017d4:	42aa      	cmp	r2, r5
100017d6:	d202      	bcs.n	100017de <best_effort_wfe_or_timeout+0xba>
100017d8:	429c      	cmp	r4, r3
100017da:	d100      	bne.n	100017de <best_effort_wfe_or_timeout+0xba>
100017dc:	bf20      	wfe
100017de:	f7ff ff23 	bl	10001628 <cancel_alarm>
100017e2:	4b15      	ldr	r3, [pc, #84]	@ (10001838 <best_effort_wfe_or_timeout+0x114>)
100017e4:	6a5b      	ldr	r3, [r3, #36]	@ 0x24
100017e6:	429c      	cmp	r4, r3
100017e8:	d821      	bhi.n	1000182e <best_effort_wfe_or_timeout+0x10a>
100017ea:	4a13      	ldr	r2, [pc, #76]	@ (10001838 <best_effort_wfe_or_timeout+0x114>)
100017ec:	6a92      	ldr	r2, [r2, #40]	@ 0x28
100017ee:	42aa      	cmp	r2, r5
100017f0:	d21f      	bcs.n	10001832 <best_effort_wfe_or_timeout+0x10e>
100017f2:	429c      	cmp	r4, r3
100017f4:	d019      	beq.n	1000182a <best_effort_wfe_or_timeout+0x106>
100017f6:	2001      	movs	r0, #1
100017f8:	e7ae      	b.n	10001758 <best_effort_wfe_or_timeout+0x34>
100017fa:	2000      	movs	r0, #0
100017fc:	e7ac      	b.n	10001758 <best_effort_wfe_or_timeout+0x34>
100017fe:	2000      	movs	r0, #0
10001800:	e7aa      	b.n	10001758 <best_effort_wfe_or_timeout+0x34>
10001802:	2001      	movs	r0, #1
10001804:	e7a8      	b.n	10001758 <best_effort_wfe_or_timeout+0x34>
10001806:	4b0c      	ldr	r3, [pc, #48]	@ (10001838 <best_effort_wfe_or_timeout+0x114>)
10001808:	6a5b      	ldr	r3, [r3, #36]	@ 0x24
1000180a:	429c      	cmp	r4, r3
1000180c:	d809      	bhi.n	10001822 <best_effort_wfe_or_timeout+0xfe>
1000180e:	4a0a      	ldr	r2, [pc, #40]	@ (10001838 <best_effort_wfe_or_timeout+0x114>)
10001810:	6a92      	ldr	r2, [r2, #40]	@ 0x28
10001812:	42aa      	cmp	r2, r5
10001814:	d207      	bcs.n	10001826 <best_effort_wfe_or_timeout+0x102>
10001816:	429c      	cmp	r4, r3
10001818:	d001      	beq.n	1000181e <best_effort_wfe_or_timeout+0xfa>
1000181a:	2001      	movs	r0, #1
1000181c:	e79c      	b.n	10001758 <best_effort_wfe_or_timeout+0x34>
1000181e:	2000      	movs	r0, #0
10001820:	e79a      	b.n	10001758 <best_effort_wfe_or_timeout+0x34>
10001822:	2000      	movs	r0, #0
10001824:	e798      	b.n	10001758 <best_effort_wfe_or_timeout+0x34>
10001826:	2001      	movs	r0, #1
10001828:	e796      	b.n	10001758 <best_effort_wfe_or_timeout+0x34>
1000182a:	2000      	movs	r0, #0
1000182c:	e794      	b.n	10001758 <best_effort_wfe_or_timeout+0x34>
1000182e:	2000      	movs	r0, #0
10001830:	e792      	b.n	10001758 <best_effort_wfe_or_timeout+0x34>
10001832:	2001      	movs	r0, #1
10001834:	e790      	b.n	10001758 <best_effort_wfe_or_timeout+0x34>
10001836:	46c0      	nop			@ (mov r8, r8)
10001838:	40054000 	.word	0x40054000
1000183c:	100010b1 	.word	0x100010b1

10001840 <alarm_pool_get_default_timer>:
10001840:	4800      	ldr	r0, [pc, #0]	@ (10001844 <alarm_pool_get_default_timer+0x4>)
10001842:	4770      	bx	lr
10001844:	40054000 	.word	0x40054000

10001848 <runtime_init_default_alarm_pool>:
10001848:	b510      	push	{r4, lr}
1000184a:	4b0b      	ldr	r3, [pc, #44]	@ (10001878 <runtime_init_default_alarm_pool+0x30>)
1000184c:	691b      	ldr	r3, [r3, #16]
1000184e:	2b00      	cmp	r3, #0
10001850:	d004      	beq.n	1000185c <runtime_init_default_alarm_pool+0x14>
10001852:	480a      	ldr	r0, [pc, #40]	@ (1000187c <runtime_init_default_alarm_pool+0x34>)
10001854:	210a      	movs	r1, #10
10001856:	f7ff fbb7 	bl	10000fc8 <lock_init>
1000185a:	bd10      	pop	{r4, pc}
1000185c:	f7ff fff0 	bl	10001840 <alarm_pool_get_default_timer>
10001860:	0004      	movs	r4, r0
10001862:	2103      	movs	r1, #3
10001864:	f000 f80c 	bl	10001880 <timer_hardware_alarm_claim>
10001868:	4803      	ldr	r0, [pc, #12]	@ (10001878 <runtime_init_default_alarm_pool+0x30>)
1000186a:	2310      	movs	r3, #16
1000186c:	2203      	movs	r2, #3
1000186e:	0021      	movs	r1, r4
10001870:	f7ff fdc4 	bl	100013fc <alarm_pool_post_alloc_init>
10001874:	e7ed      	b.n	10001852 <runtime_init_default_alarm_pool+0xa>
10001876:	46c0      	nop			@ (mov r8, r8)
10001878:	20000e44 	.word	0x20000e44
1000187c:	20002718 	.word	0x20002718

10001880 <timer_hardware_alarm_claim>:
10001880:	b510      	push	{r4, lr}
10001882:	4a02      	ldr	r2, [pc, #8]	@ (1000188c <timer_hardware_alarm_claim+0xc>)
10001884:	4802      	ldr	r0, [pc, #8]	@ (10001890 <timer_hardware_alarm_claim+0x10>)
10001886:	f7fe ff79 	bl	1000077c <hw_claim_or_assert>
1000188a:	bd10      	pop	{r4, pc}
1000188c:	10007f20 	.word	0x10007f20
10001890:	20001780 	.word	0x20001780

10001894 <timer_time_us_64>:
10001894:	0002      	movs	r2, r0
10001896:	6a43      	ldr	r3, [r0, #36]	@ 0x24
10001898:	6a90      	ldr	r0, [r2, #40]	@ 0x28
1000189a:	0019      	movs	r1, r3
1000189c:	6a53      	ldr	r3, [r2, #36]	@ 0x24
1000189e:	4299      	cmp	r1, r3
100018a0:	d1fa      	bne.n	10001898 <timer_time_us_64+0x4>
100018a2:	4770      	bx	lr

100018a4 <timer_busy_wait_until>:
100018a4:	6a41      	ldr	r1, [r0, #36]	@ 0x24
100018a6:	e000      	b.n	100018aa <timer_busy_wait_until+0x6>
100018a8:	6a41      	ldr	r1, [r0, #36]	@ 0x24
100018aa:	4299      	cmp	r1, r3
100018ac:	d3fc      	bcc.n	100018a8 <timer_busy_wait_until+0x4>
100018ae:	e000      	b.n	100018b2 <timer_busy_wait_until+0xe>
100018b0:	6a41      	ldr	r1, [r0, #36]	@ 0x24
100018b2:	4299      	cmp	r1, r3
100018b4:	d102      	bne.n	100018bc <timer_busy_wait_until+0x18>
100018b6:	6a81      	ldr	r1, [r0, #40]	@ 0x28
100018b8:	4291      	cmp	r1, r2
100018ba:	d3f9      	bcc.n	100018b0 <timer_busy_wait_until+0xc>
100018bc:	4770      	bx	lr

100018be <timer_busy_wait_us>:
100018be:	b5f0      	push	{r4, r5, r6, r7, lr}
100018c0:	46c6      	mov	lr, r8
100018c2:	b500      	push	{lr}
100018c4:	4680      	mov	r8, r0
100018c6:	0014      	movs	r4, r2
100018c8:	001d      	movs	r5, r3
100018ca:	f7ff ffe3 	bl	10001894 <timer_time_us_64>
100018ce:	0006      	movs	r6, r0
100018d0:	000f      	movs	r7, r1
100018d2:	0022      	movs	r2, r4
100018d4:	002b      	movs	r3, r5
100018d6:	1992      	adds	r2, r2, r6
100018d8:	417b      	adcs	r3, r7
100018da:	4299      	cmp	r1, r3
100018dc:	d802      	bhi.n	100018e4 <timer_busy_wait_us+0x26>
100018de:	d104      	bne.n	100018ea <timer_busy_wait_us+0x2c>
100018e0:	4290      	cmp	r0, r2
100018e2:	d902      	bls.n	100018ea <timer_busy_wait_us+0x2c>
100018e4:	2201      	movs	r2, #1
100018e6:	4252      	negs	r2, r2
100018e8:	17d3      	asrs	r3, r2, #31
100018ea:	4640      	mov	r0, r8
100018ec:	f7ff ffda 	bl	100018a4 <timer_busy_wait_until>
100018f0:	bc80      	pop	{r7}
100018f2:	46b8      	mov	r8, r7
100018f4:	bdf0      	pop	{r4, r5, r6, r7, pc}
	...

100018f8 <time_us_64>:
100018f8:	b510      	push	{r4, lr}
100018fa:	4802      	ldr	r0, [pc, #8]	@ (10001904 <time_us_64+0xc>)
100018fc:	f7ff ffca 	bl	10001894 <timer_time_us_64>
10001900:	bd10      	pop	{r4, pc}
10001902:	46c0      	nop			@ (mov r8, r8)
10001904:	40054000 	.word	0x40054000

10001908 <busy_wait_us>:
10001908:	b510      	push	{r4, lr}
1000190a:	0002      	movs	r2, r0
1000190c:	000b      	movs	r3, r1
1000190e:	4802      	ldr	r0, [pc, #8]	@ (10001918 <busy_wait_us+0x10>)
10001910:	f7ff ffd5 	bl	100018be <timer_busy_wait_us>
10001914:	bd10      	pop	{r4, pc}
10001916:	46c0      	nop			@ (mov r8, r8)
10001918:	40054000 	.word	0x40054000

1000191c <busy_wait_until>:
1000191c:	b510      	push	{r4, lr}
1000191e:	0002      	movs	r2, r0
10001920:	000b      	movs	r3, r1
10001922:	4802      	ldr	r0, [pc, #8]	@ (1000192c <busy_wait_until+0x10>)
10001924:	f7ff ffbe 	bl	100018a4 <timer_busy_wait_until>
10001928:	bd10      	pop	{r4, pc}
1000192a:	46c0      	nop			@ (mov r8, r8)
1000192c:	40054000 	.word	0x40054000

10001930 <clock_configure_internal>:
10001930:	b5f8      	push	{r3, r4, r5, r6, r7, lr}
10001932:	46d6      	mov	lr, sl
10001934:	4647      	mov	r7, r8
10001936:	b580      	push	{r7, lr}
10001938:	0006      	movs	r6, r0
1000193a:	000d      	movs	r5, r1
1000193c:	0017      	movs	r7, r2
1000193e:	4698      	mov	r8, r3
10001940:	0044      	lsls	r4, r0, #1
10001942:	1824      	adds	r4, r4, r0
10001944:	00a4      	lsls	r4, r4, #2
10001946:	4b29      	ldr	r3, [pc, #164]	@ (100019ec <clock_configure_internal+0xbc>)
10001948:	469c      	mov	ip, r3
1000194a:	4464      	add	r4, ip
1000194c:	6863      	ldr	r3, [r4, #4]
1000194e:	9a08      	ldr	r2, [sp, #32]
10001950:	4293      	cmp	r3, r2
10001952:	d200      	bcs.n	10001956 <clock_configure_internal+0x26>
10001954:	6062      	str	r2, [r4, #4]
10001956:	1f33      	subs	r3, r6, #4
10001958:	b2db      	uxtb	r3, r3
1000195a:	469a      	mov	sl, r3
1000195c:	2b01      	cmp	r3, #1
1000195e:	d92e      	bls.n	100019be <clock_configure_internal+0x8e>
10001960:	2280      	movs	r2, #128	@ 0x80
10001962:	0112      	lsls	r2, r2, #4
10001964:	23c0      	movs	r3, #192	@ 0xc0
10001966:	019b      	lsls	r3, r3, #6
10001968:	18e3      	adds	r3, r4, r3
1000196a:	601a      	str	r2, [r3, #0]
1000196c:	4b20      	ldr	r3, [pc, #128]	@ (100019f0 <clock_configure_internal+0xc0>)
1000196e:	00b2      	lsls	r2, r6, #2
10001970:	58d1      	ldr	r1, [r2, r3]
10001972:	2900      	cmp	r1, #0
10001974:	d007      	beq.n	10001986 <clock_configure_internal+0x56>
10001976:	6958      	ldr	r0, [r3, #20]
10001978:	f000 fade 	bl	10001f38 <__wrap___aeabi_uidiv>
1000197c:	3001      	adds	r0, #1
1000197e:	0043      	lsls	r3, r0, #1
10001980:	181b      	adds	r3, r3, r0
10001982:	3b03      	subs	r3, #3
10001984:	d2fd      	bcs.n	10001982 <clock_configure_internal+0x52>
10001986:	017f      	lsls	r7, r7, #5
10001988:	6823      	ldr	r3, [r4, #0]
1000198a:	405f      	eors	r7, r3
1000198c:	23e0      	movs	r3, #224	@ 0xe0
1000198e:	403b      	ands	r3, r7
10001990:	2280      	movs	r2, #128	@ 0x80
10001992:	0152      	lsls	r2, r2, #5
10001994:	18a2      	adds	r2, r4, r2
10001996:	6013      	str	r3, [r2, #0]
10001998:	4653      	mov	r3, sl
1000199a:	2b01      	cmp	r3, #1
1000199c:	d91a      	bls.n	100019d4 <clock_configure_internal+0xa4>
1000199e:	2380      	movs	r3, #128	@ 0x80
100019a0:	019b      	lsls	r3, r3, #6
100019a2:	18e3      	adds	r3, r4, r3
100019a4:	2280      	movs	r2, #128	@ 0x80
100019a6:	0112      	lsls	r2, r2, #4
100019a8:	601a      	str	r2, [r3, #0]
100019aa:	9b08      	ldr	r3, [sp, #32]
100019ac:	6063      	str	r3, [r4, #4]
100019ae:	4b10      	ldr	r3, [pc, #64]	@ (100019f0 <clock_configure_internal+0xc0>)
100019b0:	00b6      	lsls	r6, r6, #2
100019b2:	4642      	mov	r2, r8
100019b4:	50f2      	str	r2, [r6, r3]
100019b6:	bcc0      	pop	{r6, r7}
100019b8:	46ba      	mov	sl, r7
100019ba:	46b0      	mov	r8, r6
100019bc:	bdf8      	pop	{r3, r4, r5, r6, r7, pc}
100019be:	2d01      	cmp	r5, #1
100019c0:	d1ce      	bne.n	10001960 <clock_configure_internal+0x30>
100019c2:	2203      	movs	r2, #3
100019c4:	23c0      	movs	r3, #192	@ 0xc0
100019c6:	019b      	lsls	r3, r3, #6
100019c8:	18e3      	adds	r3, r4, r3
100019ca:	601a      	str	r2, [r3, #0]
100019cc:	68a3      	ldr	r3, [r4, #8]
100019ce:	07db      	lsls	r3, r3, #31
100019d0:	d5fc      	bpl.n	100019cc <clock_configure_internal+0x9c>
100019d2:	e7d8      	b.n	10001986 <clock_configure_internal+0x56>
100019d4:	6821      	ldr	r1, [r4, #0]
100019d6:	4069      	eors	r1, r5
100019d8:	2303      	movs	r3, #3
100019da:	400b      	ands	r3, r1
100019dc:	6013      	str	r3, [r2, #0]
100019de:	68a3      	ldr	r3, [r4, #8]
100019e0:	2201      	movs	r2, #1
100019e2:	40aa      	lsls	r2, r5
100019e4:	421a      	tst	r2, r3
100019e6:	d0fa      	beq.n	100019de <clock_configure_internal+0xae>
100019e8:	e7d9      	b.n	1000199e <clock_configure_internal+0x6e>
100019ea:	46c0      	nop			@ (mov r8, r8)
100019ec:	40008000 	.word	0x40008000
100019f0:	20001788 	.word	0x20001788

100019f4 <clock_configure_int_divider>:
100019f4:	b5f0      	push	{r4, r5, r6, r7, lr}
100019f6:	b083      	sub	sp, #12
100019f8:	0005      	movs	r5, r0
100019fa:	000e      	movs	r6, r1
100019fc:	0017      	movs	r7, r2
100019fe:	0018      	movs	r0, r3
10001a00:	9908      	ldr	r1, [sp, #32]
10001a02:	f000 fa99 	bl	10001f38 <__wrap___aeabi_uidiv>
10001a06:	0003      	movs	r3, r0
10001a08:	9a08      	ldr	r2, [sp, #32]
10001a0a:	0214      	lsls	r4, r2, #8
10001a0c:	9400      	str	r4, [sp, #0]
10001a0e:	003a      	movs	r2, r7
10001a10:	0031      	movs	r1, r6
10001a12:	0028      	movs	r0, r5
10001a14:	f7ff ff8c 	bl	10001930 <clock_configure_internal>
10001a18:	b003      	add	sp, #12
10001a1a:	bdf0      	pop	{r4, r5, r6, r7, pc}

10001a1c <clock_configure_undivided>:
10001a1c:	b510      	push	{r4, lr}
10001a1e:	b082      	sub	sp, #8
10001a20:	2480      	movs	r4, #128	@ 0x80
10001a22:	0064      	lsls	r4, r4, #1
10001a24:	9400      	str	r4, [sp, #0]
10001a26:	f7ff ff83 	bl	10001930 <clock_configure_internal>
10001a2a:	b002      	add	sp, #8
10001a2c:	bd10      	pop	{r4, pc}
	...

10001a30 <clock_get_hz>:
10001a30:	4b01      	ldr	r3, [pc, #4]	@ (10001a38 <clock_get_hz+0x8>)
10001a32:	0080      	lsls	r0, r0, #2
10001a34:	58c0      	ldr	r0, [r0, r3]
10001a36:	4770      	bx	lr
10001a38:	20001788 	.word	0x20001788

10001a3c <pll_init>:
10001a3c:	b5f0      	push	{r4, r5, r6, r7, lr}
10001a3e:	46c6      	mov	lr, r8
10001a40:	b500      	push	{lr}
10001a42:	0004      	movs	r4, r0
10001a44:	000e      	movs	r6, r1
10001a46:	0017      	movs	r7, r2
10001a48:	001d      	movs	r5, r3
10001a4a:	4837      	ldr	r0, [pc, #220]	@ (10001b28 <pll_init+0xec>)
10001a4c:	f000 fa74 	bl	10001f38 <__wrap___aeabi_uidiv>
10001a50:	4680      	mov	r8, r0
10001a52:	4b36      	ldr	r3, [pc, #216]	@ (10001b2c <pll_init+0xf0>)
10001a54:	18fa      	adds	r2, r7, r3
10001a56:	4b36      	ldr	r3, [pc, #216]	@ (10001b30 <pll_init+0xf4>)
10001a58:	429a      	cmp	r2, r3
10001a5a:	d839      	bhi.n	10001ad0 <pll_init+0x94>
10001a5c:	0001      	movs	r1, r0
10001a5e:	0038      	movs	r0, r7
10001a60:	f000 fa6a 	bl	10001f38 <__wrap___aeabi_uidiv>
10001a64:	0002      	movs	r2, r0
10001a66:	3a10      	subs	r2, #16
10001a68:	2398      	movs	r3, #152	@ 0x98
10001a6a:	005b      	lsls	r3, r3, #1
10001a6c:	429a      	cmp	r2, r3
10001a6e:	d835      	bhi.n	10001adc <pll_init+0xa0>
10001a70:	1e6b      	subs	r3, r5, #1
10001a72:	2b06      	cmp	r3, #6
10001a74:	d838      	bhi.n	10001ae8 <pll_init+0xac>
10001a76:	9b06      	ldr	r3, [sp, #24]
10001a78:	3b01      	subs	r3, #1
10001a7a:	2b06      	cmp	r3, #6
10001a7c:	d834      	bhi.n	10001ae8 <pll_init+0xac>
10001a7e:	093f      	lsrs	r7, r7, #4
10001a80:	4547      	cmp	r7, r8
10001a82:	d337      	bcc.n	10001af4 <pll_init+0xb8>
10001a84:	042d      	lsls	r5, r5, #16
10001a86:	9b06      	ldr	r3, [sp, #24]
10001a88:	031b      	lsls	r3, r3, #12
10001a8a:	431d      	orrs	r5, r3
10001a8c:	6823      	ldr	r3, [r4, #0]
10001a8e:	2b00      	cmp	r3, #0
10001a90:	db36      	blt.n	10001b00 <pll_init+0xc4>
10001a92:	4b28      	ldr	r3, [pc, #160]	@ (10001b34 <pll_init+0xf8>)
10001a94:	429c      	cmp	r4, r3
10001a96:	d044      	beq.n	10001b22 <pll_init+0xe6>
10001a98:	220c      	movs	r2, #12
10001a9a:	2301      	movs	r3, #1
10001a9c:	4093      	lsls	r3, r2
10001a9e:	4a26      	ldr	r2, [pc, #152]	@ (10001b38 <pll_init+0xfc>)
10001aa0:	6013      	str	r3, [r2, #0]
10001aa2:	4a26      	ldr	r2, [pc, #152]	@ (10001b3c <pll_init+0x100>)
10001aa4:	6013      	str	r3, [r2, #0]
10001aa6:	4a26      	ldr	r2, [pc, #152]	@ (10001b40 <pll_init+0x104>)
10001aa8:	6812      	ldr	r2, [r2, #0]
10001aaa:	0019      	movs	r1, r3
10001aac:	4391      	bics	r1, r2
10001aae:	1e0a      	subs	r2, r1, #0
10001ab0:	d1f9      	bne.n	10001aa6 <pll_init+0x6a>
10001ab2:	6026      	str	r6, [r4, #0]
10001ab4:	60a0      	str	r0, [r4, #8]
10001ab6:	4b23      	ldr	r3, [pc, #140]	@ (10001b44 <pll_init+0x108>)
10001ab8:	18e3      	adds	r3, r4, r3
10001aba:	3221      	adds	r2, #33	@ 0x21
10001abc:	601a      	str	r2, [r3, #0]
10001abe:	6822      	ldr	r2, [r4, #0]
10001ac0:	2a00      	cmp	r2, #0
10001ac2:	dafc      	bge.n	10001abe <pll_init+0x82>
10001ac4:	60e5      	str	r5, [r4, #12]
10001ac6:	2208      	movs	r2, #8
10001ac8:	601a      	str	r2, [r3, #0]
10001aca:	bc80      	pop	{r7}
10001acc:	46b8      	mov	r8, r7
10001ace:	bdf0      	pop	{r4, r5, r6, r7, pc}
10001ad0:	4b1d      	ldr	r3, [pc, #116]	@ (10001b48 <pll_init+0x10c>)
10001ad2:	4a1e      	ldr	r2, [pc, #120]	@ (10001b4c <pll_init+0x110>)
10001ad4:	481e      	ldr	r0, [pc, #120]	@ (10001b50 <pll_init+0x114>)
10001ad6:	2111      	movs	r1, #17
10001ad8:	f001 ffee 	bl	10003ab8 <__assert_func>
10001adc:	4b1d      	ldr	r3, [pc, #116]	@ (10001b54 <pll_init+0x118>)
10001ade:	4a1b      	ldr	r2, [pc, #108]	@ (10001b4c <pll_init+0x110>)
10001ae0:	481b      	ldr	r0, [pc, #108]	@ (10001b50 <pll_init+0x114>)
10001ae2:	2119      	movs	r1, #25
10001ae4:	f001 ffe8 	bl	10003ab8 <__assert_func>
10001ae8:	4b1b      	ldr	r3, [pc, #108]	@ (10001b58 <pll_init+0x11c>)
10001aea:	4a18      	ldr	r2, [pc, #96]	@ (10001b4c <pll_init+0x110>)
10001aec:	4818      	ldr	r0, [pc, #96]	@ (10001b50 <pll_init+0x114>)
10001aee:	211c      	movs	r1, #28
10001af0:	f001 ffe2 	bl	10003ab8 <__assert_func>
10001af4:	4b19      	ldr	r3, [pc, #100]	@ (10001b5c <pll_init+0x120>)
10001af6:	4a15      	ldr	r2, [pc, #84]	@ (10001b4c <pll_init+0x110>)
10001af8:	4815      	ldr	r0, [pc, #84]	@ (10001b50 <pll_init+0x114>)
10001afa:	2123      	movs	r1, #35	@ 0x23
10001afc:	f001 ffdc 	bl	10003ab8 <__assert_func>
10001b00:	6822      	ldr	r2, [r4, #0]
10001b02:	233f      	movs	r3, #63	@ 0x3f
10001b04:	4013      	ands	r3, r2
10001b06:	42b3      	cmp	r3, r6
10001b08:	d1c3      	bne.n	10001a92 <pll_init+0x56>
10001b0a:	68a3      	ldr	r3, [r4, #8]
10001b0c:	051b      	lsls	r3, r3, #20
10001b0e:	0d1b      	lsrs	r3, r3, #20
10001b10:	4283      	cmp	r3, r0
10001b12:	d1be      	bne.n	10001a92 <pll_init+0x56>
10001b14:	68e3      	ldr	r3, [r4, #12]
10001b16:	22ee      	movs	r2, #238	@ 0xee
10001b18:	02d2      	lsls	r2, r2, #11
10001b1a:	4013      	ands	r3, r2
10001b1c:	42ab      	cmp	r3, r5
10001b1e:	d1b8      	bne.n	10001a92 <pll_init+0x56>
10001b20:	e7d3      	b.n	10001aca <pll_init+0x8e>
10001b22:	220d      	movs	r2, #13
10001b24:	e7b9      	b.n	10001a9a <pll_init+0x5e>
10001b26:	46c0      	nop			@ (mov r8, r8)
10001b28:	00b71b00 	.word	0x00b71b00
10001b2c:	d34be880 	.word	0xd34be880
10001b30:	32a9f880 	.word	0x32a9f880
10001b34:	4002c000 	.word	0x4002c000
10001b38:	4000e000 	.word	0x4000e000
10001b3c:	4000f000 	.word	0x4000f000
10001b40:	4000c008 	.word	0x4000c008
10001b44:	00003004 	.word	0x00003004
10001b48:	10007f44 	.word	0x10007f44
10001b4c:	10008d10 	.word	0x10008d10
10001b50:	10007f94 	.word	0x10007f94
10001b54:	10007fe0 	.word	0x10007fe0
10001b58:	10007ffc 	.word	0x10007ffc
10001b5c:	10008048 	.word	0x10008048

10001b60 <watchdog_update>:
10001b60:	4b02      	ldr	r3, [pc, #8]	@ (10001b6c <watchdog_update+0xc>)
10001b62:	681a      	ldr	r2, [r3, #0]
10001b64:	4b02      	ldr	r3, [pc, #8]	@ (10001b70 <watchdog_update+0x10>)
10001b66:	605a      	str	r2, [r3, #4]
10001b68:	4770      	bx	lr
10001b6a:	46c0      	nop			@ (mov r8, r8)
10001b6c:	200024cc 	.word	0x200024cc
10001b70:	40058000 	.word	0x40058000

10001b74 <_watchdog_enable>:
10001b74:	b510      	push	{r4, lr}
10001b76:	4b17      	ldr	r3, [pc, #92]	@ (10001bd4 <_watchdog_enable+0x60>)
10001b78:	2280      	movs	r2, #128	@ 0x80
10001b7a:	05d2      	lsls	r2, r2, #23
10001b7c:	601a      	str	r2, [r3, #0]
10001b7e:	4b16      	ldr	r3, [pc, #88]	@ (10001bd8 <_watchdog_enable+0x64>)
10001b80:	4a16      	ldr	r2, [pc, #88]	@ (10001bdc <_watchdog_enable+0x68>)
10001b82:	601a      	str	r2, [r3, #0]
10001b84:	2900      	cmp	r1, #0
10001b86:	d00a      	beq.n	10001b9e <_watchdog_enable+0x2a>
10001b88:	4b15      	ldr	r3, [pc, #84]	@ (10001be0 <_watchdog_enable+0x6c>)
10001b8a:	22e0      	movs	r2, #224	@ 0xe0
10001b8c:	04d2      	lsls	r2, r2, #19
10001b8e:	601a      	str	r2, [r3, #0]
10001b90:	2800      	cmp	r0, #0
10001b92:	d109      	bne.n	10001ba8 <_watchdog_enable+0x34>
10001b94:	4b12      	ldr	r3, [pc, #72]	@ (10001be0 <_watchdog_enable+0x6c>)
10001b96:	2280      	movs	r2, #128	@ 0x80
10001b98:	0612      	lsls	r2, r2, #24
10001b9a:	601a      	str	r2, [r3, #0]
10001b9c:	bd10      	pop	{r4, pc}
10001b9e:	4b0d      	ldr	r3, [pc, #52]	@ (10001bd4 <_watchdog_enable+0x60>)
10001ba0:	22e0      	movs	r2, #224	@ 0xe0
10001ba2:	04d2      	lsls	r2, r2, #19
10001ba4:	601a      	str	r2, [r3, #0]
10001ba6:	e7f3      	b.n	10001b90 <_watchdog_enable+0x1c>
10001ba8:	0143      	lsls	r3, r0, #5
10001baa:	1a1b      	subs	r3, r3, r0
10001bac:	009b      	lsls	r3, r3, #2
10001bae:	1818      	adds	r0, r3, r0
10001bb0:	0100      	lsls	r0, r0, #4
10001bb2:	4b0c      	ldr	r3, [pc, #48]	@ (10001be4 <_watchdog_enable+0x70>)
10001bb4:	6018      	str	r0, [r3, #0]
10001bb6:	2380      	movs	r3, #128	@ 0x80
10001bb8:	045b      	lsls	r3, r3, #17
10001bba:	4298      	cmp	r0, r3
10001bbc:	d302      	bcc.n	10001bc4 <_watchdog_enable+0x50>
10001bbe:	4b09      	ldr	r3, [pc, #36]	@ (10001be4 <_watchdog_enable+0x70>)
10001bc0:	4a09      	ldr	r2, [pc, #36]	@ (10001be8 <_watchdog_enable+0x74>)
10001bc2:	601a      	str	r2, [r3, #0]
10001bc4:	f7ff ffcc 	bl	10001b60 <watchdog_update>
10001bc8:	4b05      	ldr	r3, [pc, #20]	@ (10001be0 <_watchdog_enable+0x6c>)
10001bca:	2280      	movs	r2, #128	@ 0x80
10001bcc:	05d2      	lsls	r2, r2, #23
10001bce:	601a      	str	r2, [r3, #0]
10001bd0:	e7e4      	b.n	10001b9c <_watchdog_enable+0x28>
10001bd2:	46c0      	nop			@ (mov r8, r8)
10001bd4:	4005b000 	.word	0x4005b000
10001bd8:	40012008 	.word	0x40012008
10001bdc:	0001fffc 	.word	0x0001fffc
10001be0:	4005a000 	.word	0x4005a000
10001be4:	200024cc 	.word	0x200024cc
10001be8:	00ffffff 	.word	0x00ffffff

10001bec <watchdog_reboot>:
10001bec:	b510      	push	{r4, lr}
10001bee:	0003      	movs	r3, r0
10001bf0:	0010      	movs	r0, r2
10001bf2:	4a0c      	ldr	r2, [pc, #48]	@ (10001c24 <watchdog_reboot+0x38>)
10001bf4:	2480      	movs	r4, #128	@ 0x80
10001bf6:	05e4      	lsls	r4, r4, #23
10001bf8:	6014      	str	r4, [r2, #0]
10001bfa:	2b00      	cmp	r3, #0
10001bfc:	d00d      	beq.n	10001c1a <watchdog_reboot+0x2e>
10001bfe:	2201      	movs	r2, #1
10001c00:	4313      	orrs	r3, r2
10001c02:	4a09      	ldr	r2, [pc, #36]	@ (10001c28 <watchdog_reboot+0x3c>)
10001c04:	4c09      	ldr	r4, [pc, #36]	@ (10001c2c <watchdog_reboot+0x40>)
10001c06:	61d4      	str	r4, [r2, #28]
10001c08:	4c09      	ldr	r4, [pc, #36]	@ (10001c30 <watchdog_reboot+0x44>)
10001c0a:	405c      	eors	r4, r3
10001c0c:	6214      	str	r4, [r2, #32]
10001c0e:	6251      	str	r1, [r2, #36]	@ 0x24
10001c10:	6293      	str	r3, [r2, #40]	@ 0x28
10001c12:	2100      	movs	r1, #0
10001c14:	f7ff ffae 	bl	10001b74 <_watchdog_enable>
10001c18:	bd10      	pop	{r4, pc}
10001c1a:	4b03      	ldr	r3, [pc, #12]	@ (10001c28 <watchdog_reboot+0x3c>)
10001c1c:	2200      	movs	r2, #0
10001c1e:	61da      	str	r2, [r3, #28]
10001c20:	e7f7      	b.n	10001c12 <watchdog_reboot+0x26>
10001c22:	46c0      	nop			@ (mov r8, r8)
10001c24:	4005b000 	.word	0x4005b000
10001c28:	40058000 	.word	0x40058000
10001c2c:	b007c0d3 	.word	0xb007c0d3
10001c30:	4ff83f2d 	.word	0x4ff83f2d

10001c34 <tick_start>:
10001c34:	2380      	movs	r3, #128	@ 0x80
10001c36:	009b      	lsls	r3, r3, #2
10001c38:	430b      	orrs	r3, r1
10001c3a:	4a01      	ldr	r2, [pc, #4]	@ (10001c40 <tick_start+0xc>)
10001c3c:	62d3      	str	r3, [r2, #44]	@ 0x2c
10001c3e:	4770      	bx	lr
10001c40:	40058000 	.word	0x40058000

10001c44 <rom_func_lookup>:
10001c44:	b510      	push	{r4, lr}
10001c46:	0001      	movs	r1, r0
10001c48:	2318      	movs	r3, #24
10001c4a:	881b      	ldrh	r3, [r3, #0]
10001c4c:	2214      	movs	r2, #20
10001c4e:	8810      	ldrh	r0, [r2, #0]
10001c50:	4798      	blx	r3
10001c52:	bd10      	pop	{r4, pc}

10001c54 <rom_data_lookup>:
10001c54:	b510      	push	{r4, lr}
10001c56:	0001      	movs	r1, r0
10001c58:	2318      	movs	r3, #24
10001c5a:	881b      	ldrh	r3, [r3, #0]
10001c5c:	2216      	movs	r2, #22
10001c5e:	8810      	ldrh	r0, [r2, #0]
10001c60:	4798      	blx	r3
10001c62:	bd10      	pop	{r4, pc}

10001c64 <rom_funcs_lookup>:
10001c64:	b5f0      	push	{r4, r5, r6, r7, lr}
10001c66:	46c6      	mov	lr, r8
10001c68:	b500      	push	{lr}
10001c6a:	0007      	movs	r7, r0
10001c6c:	000e      	movs	r6, r1
10001c6e:	2500      	movs	r5, #0
10001c70:	2301      	movs	r3, #1
10001c72:	4698      	mov	r8, r3
10001c74:	e000      	b.n	10001c78 <rom_funcs_lookup+0x14>
10001c76:	3501      	adds	r5, #1
10001c78:	42b5      	cmp	r5, r6
10001c7a:	d20a      	bcs.n	10001c92 <rom_funcs_lookup+0x2e>
10001c7c:	00ac      	lsls	r4, r5, #2
10001c7e:	193c      	adds	r4, r7, r4
10001c80:	6820      	ldr	r0, [r4, #0]
10001c82:	f7ff ffdf 	bl	10001c44 <rom_func_lookup>
10001c86:	6020      	str	r0, [r4, #0]
10001c88:	2800      	cmp	r0, #0
10001c8a:	d1f4      	bne.n	10001c76 <rom_funcs_lookup+0x12>
10001c8c:	2300      	movs	r3, #0
10001c8e:	4698      	mov	r8, r3
10001c90:	e7f1      	b.n	10001c76 <rom_funcs_lookup+0x12>
10001c92:	4640      	mov	r0, r8
10001c94:	bc80      	pop	{r7}
10001c96:	46b8      	mov	r8, r7
10001c98:	bdf0      	pop	{r4, r5, r6, r7, pc}
	...

10001c9c <rom_reset_usb_boot_extra>:
10001c9c:	b570      	push	{r4, r5, r6, lr}
10001c9e:	0004      	movs	r4, r0
10001ca0:	000d      	movs	r5, r1
10001ca2:	4806      	ldr	r0, [pc, #24]	@ (10001cbc <rom_reset_usb_boot_extra+0x20>)
10001ca4:	f7ff ffce 	bl	10001c44 <rom_func_lookup>
10001ca8:	0003      	movs	r3, r0
10001caa:	2c00      	cmp	r4, #0
10001cac:	db03      	blt.n	10001cb6 <rom_reset_usb_boot_extra+0x1a>
10001cae:	2001      	movs	r0, #1
10001cb0:	40a0      	lsls	r0, r4
10001cb2:	0029      	movs	r1, r5
10001cb4:	4798      	blx	r3
10001cb6:	2000      	movs	r0, #0
10001cb8:	e7fb      	b.n	10001cb2 <rom_reset_usb_boot_extra+0x16>
10001cba:	46c0      	nop			@ (mov r8, r8)
10001cbc:	00004255 	.word	0x00004255

10001cc0 <xosc_init>:
10001cc0:	4b07      	ldr	r3, [pc, #28]	@ (10001ce0 <xosc_init+0x20>)
10001cc2:	22aa      	movs	r2, #170	@ 0xaa
10001cc4:	0112      	lsls	r2, r2, #4
10001cc6:	601a      	str	r2, [r3, #0]
10001cc8:	228d      	movs	r2, #141	@ 0x8d
10001cca:	0052      	lsls	r2, r2, #1
10001ccc:	60da      	str	r2, [r3, #12]
10001cce:	4b05      	ldr	r3, [pc, #20]	@ (10001ce4 <xosc_init+0x24>)
10001cd0:	4a05      	ldr	r2, [pc, #20]	@ (10001ce8 <xosc_init+0x28>)
10001cd2:	601a      	str	r2, [r3, #0]
10001cd4:	4b02      	ldr	r3, [pc, #8]	@ (10001ce0 <xosc_init+0x20>)
10001cd6:	685b      	ldr	r3, [r3, #4]
10001cd8:	2b00      	cmp	r3, #0
10001cda:	dafb      	bge.n	10001cd4 <xosc_init+0x14>
10001cdc:	4770      	bx	lr
10001cde:	46c0      	nop			@ (mov r8, r8)
10001ce0:	40024000 	.word	0x40024000
10001ce4:	40026000 	.word	0x40026000
10001ce8:	00fab000 	.word	0x00fab000

10001cec <runtime_run_initializers_from>:
10001cec:	b510      	push	{r4, lr}
10001cee:	0004      	movs	r4, r0
10001cf0:	e001      	b.n	10001cf6 <runtime_run_initializers_from+0xa>
10001cf2:	cc08      	ldmia	r4!, {r3}
10001cf4:	4798      	blx	r3
10001cf6:	4b02      	ldr	r3, [pc, #8]	@ (10001d00 <runtime_run_initializers_from+0x14>)
10001cf8:	429c      	cmp	r4, r3
10001cfa:	d3fa      	bcc.n	10001cf2 <runtime_run_initializers_from+0x6>
10001cfc:	bd10      	pop	{r4, pc}
10001cfe:	46c0      	nop			@ (mov r8, r8)
10001d00:	1000790c 	.word	0x1000790c

10001d04 <first_per_core_initializer>:
10001d04:	4770      	bx	lr
	...

10001d08 <runtime_run_initializers>:
10001d08:	b510      	push	{r4, lr}
10001d0a:	4802      	ldr	r0, [pc, #8]	@ (10001d14 <runtime_run_initializers+0xc>)
10001d0c:	f7ff ffee 	bl	10001cec <runtime_run_initializers_from>
10001d10:	bd10      	pop	{r4, pc}
10001d12:	46c0      	nop			@ (mov r8, r8)
10001d14:	100078d0 	.word	0x100078d0

10001d18 <runtime_init_early_resets>:
10001d18:	4b05      	ldr	r3, [pc, #20]	@ (10001d30 <runtime_init_early_resets+0x18>)
10001d1a:	4a06      	ldr	r2, [pc, #24]	@ (10001d34 <runtime_init_early_resets+0x1c>)
10001d1c:	601a      	str	r2, [r3, #0]
10001d1e:	4b06      	ldr	r3, [pc, #24]	@ (10001d38 <runtime_init_early_resets+0x20>)
10001d20:	4a06      	ldr	r2, [pc, #24]	@ (10001d3c <runtime_init_early_resets+0x24>)
10001d22:	601a      	str	r2, [r3, #0]
10001d24:	4b06      	ldr	r3, [pc, #24]	@ (10001d40 <runtime_init_early_resets+0x28>)
10001d26:	681a      	ldr	r2, [r3, #0]
10001d28:	4b04      	ldr	r3, [pc, #16]	@ (10001d3c <runtime_init_early_resets+0x24>)
10001d2a:	4393      	bics	r3, r2
10001d2c:	d1fa      	bne.n	10001d24 <runtime_init_early_resets+0xc>
10001d2e:	4770      	bx	lr
10001d30:	4000e000 	.word	0x4000e000
10001d34:	fefbcdbf 	.word	0xfefbcdbf
10001d38:	4000f000 	.word	0x4000f000
10001d3c:	003c7ffe 	.word	0x003c7ffe
10001d40:	4000c008 	.word	0x4000c008

10001d44 <runtime_init_usb_power_down>:
10001d44:	4b04      	ldr	r3, [pc, #16]	@ (10001d58 <runtime_init_usb_power_down+0x14>)
10001d46:	6cdb      	ldr	r3, [r3, #76]	@ 0x4c
10001d48:	2b00      	cmp	r3, #0
10001d4a:	d103      	bne.n	10001d54 <runtime_init_usb_power_down+0x10>
10001d4c:	4b03      	ldr	r3, [pc, #12]	@ (10001d5c <runtime_init_usb_power_down+0x18>)
10001d4e:	2280      	movs	r2, #128	@ 0x80
10001d50:	02d2      	lsls	r2, r2, #11
10001d52:	601a      	str	r2, [r3, #0]
10001d54:	4770      	bx	lr
10001d56:	46c0      	nop			@ (mov r8, r8)
10001d58:	50110000 	.word	0x50110000
10001d5c:	5011204c 	.word	0x5011204c

10001d60 <runtime_init_post_clock_resets>:
10001d60:	4b04      	ldr	r3, [pc, #16]	@ (10001d74 <runtime_init_post_clock_resets+0x14>)
10001d62:	4a05      	ldr	r2, [pc, #20]	@ (10001d78 <runtime_init_post_clock_resets+0x18>)
10001d64:	601a      	str	r2, [r3, #0]
10001d66:	4b05      	ldr	r3, [pc, #20]	@ (10001d7c <runtime_init_post_clock_resets+0x1c>)
10001d68:	681b      	ldr	r3, [r3, #0]
10001d6a:	43db      	mvns	r3, r3
10001d6c:	01db      	lsls	r3, r3, #7
10001d6e:	d1fa      	bne.n	10001d66 <runtime_init_post_clock_resets+0x6>
10001d70:	4770      	bx	lr
10001d72:	46c0      	nop			@ (mov r8, r8)
10001d74:	4000f000 	.word	0x4000f000
10001d78:	01ffffff 	.word	0x01ffffff
10001d7c:	4000c008 	.word	0x4000c008

10001d80 <runtime_init_rp2040_gpio_ie_disable>:
10001d80:	4b03      	ldr	r3, [pc, #12]	@ (10001d90 <runtime_init_rp2040_gpio_ie_disable+0x10>)
10001d82:	2240      	movs	r2, #64	@ 0x40
10001d84:	679a      	str	r2, [r3, #120]	@ 0x78
10001d86:	675a      	str	r2, [r3, #116]	@ 0x74
10001d88:	671a      	str	r2, [r3, #112]	@ 0x70
10001d8a:	66da      	str	r2, [r3, #108]	@ 0x6c
10001d8c:	4770      	bx	lr
10001d8e:	46c0      	nop			@ (mov r8, r8)
10001d90:	4001f000 	.word	0x4001f000

10001d94 <runtime_init_spin_locks_reset>:
10001d94:	b510      	push	{r4, lr}
10001d96:	f7fe fd73 	bl	10000880 <spin_locks_reset>
10001d9a:	bd10      	pop	{r4, pc}

10001d9c <runtime_init_install_ram_vector_table>:
10001d9c:	b510      	push	{r4, lr}
10001d9e:	4a0c      	ldr	r2, [pc, #48]	@ (10001dd0 <runtime_init_install_ram_vector_table+0x34>)
10001da0:	4b0c      	ldr	r3, [pc, #48]	@ (10001dd4 <runtime_init_install_ram_vector_table+0x38>)
10001da2:	1ad2      	subs	r2, r2, r3
10001da4:	1092      	asrs	r2, r2, #2
10001da6:	0014      	movs	r4, r2
10001da8:	2a30      	cmp	r2, #48	@ 0x30
10001daa:	d900      	bls.n	10001dae <runtime_init_install_ram_vector_table+0x12>
10001dac:	2230      	movs	r2, #48	@ 0x30
10001dae:	0092      	lsls	r2, r2, #2
10001db0:	4809      	ldr	r0, [pc, #36]	@ (10001dd8 <runtime_init_install_ram_vector_table+0x3c>)
10001db2:	4908      	ldr	r1, [pc, #32]	@ (10001dd4 <runtime_init_install_ram_vector_table+0x38>)
10001db4:	f000 fd7c 	bl	100028b0 <__wrap___aeabi_memcpy>
10001db8:	e004      	b.n	10001dc4 <runtime_init_install_ram_vector_table+0x28>
10001dba:	4a08      	ldr	r2, [pc, #32]	@ (10001ddc <runtime_init_install_ram_vector_table+0x40>)
10001dbc:	4b06      	ldr	r3, [pc, #24]	@ (10001dd8 <runtime_init_install_ram_vector_table+0x3c>)
10001dbe:	00a1      	lsls	r1, r4, #2
10001dc0:	50ca      	str	r2, [r1, r3]
10001dc2:	3401      	adds	r4, #1
10001dc4:	2c2f      	cmp	r4, #47	@ 0x2f
10001dc6:	d9f8      	bls.n	10001dba <runtime_init_install_ram_vector_table+0x1e>
10001dc8:	4b03      	ldr	r3, [pc, #12]	@ (10001dd8 <runtime_init_install_ram_vector_table+0x3c>)
10001dca:	4a05      	ldr	r2, [pc, #20]	@ (10001de0 <runtime_init_install_ram_vector_table+0x44>)
10001dcc:	6093      	str	r3, [r2, #8]
10001dce:	bd10      	pop	{r4, pc}
10001dd0:	100001c0 	.word	0x100001c0
10001dd4:	10000100 	.word	0x10000100
10001dd8:	20000000 	.word	0x20000000
10001ddc:	100001c1 	.word	0x100001c1
10001de0:	e000ed00 	.word	0xe000ed00

10001de4 <start_all_ticks>:
10001de4:	b570      	push	{r4, r5, r6, lr}
10001de6:	2004      	movs	r0, #4
10001de8:	f7ff fe22 	bl	10001a30 <clock_get_hz>
10001dec:	4906      	ldr	r1, [pc, #24]	@ (10001e08 <start_all_ticks+0x24>)
10001dee:	f000 f8a3 	bl	10001f38 <__wrap___aeabi_uidiv>
10001df2:	0005      	movs	r5, r0
10001df4:	2400      	movs	r4, #0
10001df6:	2c00      	cmp	r4, #0
10001df8:	dd00      	ble.n	10001dfc <start_all_ticks+0x18>
10001dfa:	bd70      	pop	{r4, r5, r6, pc}
10001dfc:	b2e0      	uxtb	r0, r4
10001dfe:	0029      	movs	r1, r5
10001e00:	f7ff ff18 	bl	10001c34 <tick_start>
10001e04:	3401      	adds	r4, #1
10001e06:	e7f6      	b.n	10001df6 <start_all_ticks+0x12>
10001e08:	000f4240 	.word	0x000f4240

10001e0c <runtime_init_clocks>:
10001e0c:	b530      	push	{r4, r5, lr}
10001e0e:	b083      	sub	sp, #12
10001e10:	4b27      	ldr	r3, [pc, #156]	@ (10001eb0 <runtime_init_clocks+0xa4>)
10001e12:	2200      	movs	r2, #0
10001e14:	679a      	str	r2, [r3, #120]	@ 0x78
10001e16:	f7ff ff53 	bl	10001cc0 <xosc_init>
10001e1a:	4b26      	ldr	r3, [pc, #152]	@ (10001eb4 <runtime_init_clocks+0xa8>)
10001e1c:	2201      	movs	r2, #1
10001e1e:	601a      	str	r2, [r3, #0]
10001e20:	4b23      	ldr	r3, [pc, #140]	@ (10001eb0 <runtime_init_clocks+0xa4>)
10001e22:	6c5b      	ldr	r3, [r3, #68]	@ 0x44
10001e24:	2b01      	cmp	r3, #1
10001e26:	d1fb      	bne.n	10001e20 <runtime_init_clocks+0x14>
10001e28:	4b23      	ldr	r3, [pc, #140]	@ (10001eb8 <runtime_init_clocks+0xac>)
10001e2a:	2203      	movs	r2, #3
10001e2c:	601a      	str	r2, [r3, #0]
10001e2e:	4b20      	ldr	r3, [pc, #128]	@ (10001eb0 <runtime_init_clocks+0xa4>)
10001e30:	6b9b      	ldr	r3, [r3, #56]	@ 0x38
10001e32:	2b01      	cmp	r3, #1
10001e34:	d1fb      	bne.n	10001e2e <runtime_init_clocks+0x22>
10001e36:	3301      	adds	r3, #1
10001e38:	9300      	str	r3, [sp, #0]
10001e3a:	3304      	adds	r3, #4
10001e3c:	4a1f      	ldr	r2, [pc, #124]	@ (10001ebc <runtime_init_clocks+0xb0>)
10001e3e:	2101      	movs	r1, #1
10001e40:	481f      	ldr	r0, [pc, #124]	@ (10001ec0 <runtime_init_clocks+0xb4>)
10001e42:	f7ff fdfb 	bl	10001a3c <pll_init>
10001e46:	2305      	movs	r3, #5
10001e48:	9300      	str	r3, [sp, #0]
10001e4a:	4a1e      	ldr	r2, [pc, #120]	@ (10001ec4 <runtime_init_clocks+0xb8>)
10001e4c:	2101      	movs	r1, #1
10001e4e:	481e      	ldr	r0, [pc, #120]	@ (10001ec8 <runtime_init_clocks+0xbc>)
10001e50:	f7ff fdf4 	bl	10001a3c <pll_init>
10001e54:	4b1d      	ldr	r3, [pc, #116]	@ (10001ecc <runtime_init_clocks+0xc0>)
10001e56:	2200      	movs	r2, #0
10001e58:	2102      	movs	r1, #2
10001e5a:	2004      	movs	r0, #4
10001e5c:	f7ff fdde 	bl	10001a1c <clock_configure_undivided>
10001e60:	4d1b      	ldr	r5, [pc, #108]	@ (10001ed0 <runtime_init_clocks+0xc4>)
10001e62:	002b      	movs	r3, r5
10001e64:	2200      	movs	r2, #0
10001e66:	2101      	movs	r1, #1
10001e68:	2005      	movs	r0, #5
10001e6a:	f7ff fdd7 	bl	10001a1c <clock_configure_undivided>
10001e6e:	4c19      	ldr	r4, [pc, #100]	@ (10001ed4 <runtime_init_clocks+0xc8>)
10001e70:	0023      	movs	r3, r4
10001e72:	2200      	movs	r2, #0
10001e74:	2100      	movs	r1, #0
10001e76:	2007      	movs	r0, #7
10001e78:	f7ff fdd0 	bl	10001a1c <clock_configure_undivided>
10001e7c:	0023      	movs	r3, r4
10001e7e:	2200      	movs	r2, #0
10001e80:	2100      	movs	r1, #0
10001e82:	2008      	movs	r0, #8
10001e84:	f7ff fdca 	bl	10001a1c <clock_configure_undivided>
10001e88:	2380      	movs	r3, #128	@ 0x80
10001e8a:	00db      	lsls	r3, r3, #3
10001e8c:	9300      	str	r3, [sp, #0]
10001e8e:	0023      	movs	r3, r4
10001e90:	2200      	movs	r2, #0
10001e92:	2100      	movs	r1, #0
10001e94:	2009      	movs	r0, #9
10001e96:	f7ff fdad 	bl	100019f4 <clock_configure_int_divider>
10001e9a:	002b      	movs	r3, r5
10001e9c:	2200      	movs	r2, #0
10001e9e:	2100      	movs	r1, #0
10001ea0:	2006      	movs	r0, #6
10001ea2:	f7ff fdbb 	bl	10001a1c <clock_configure_undivided>
10001ea6:	f7ff ff9d 	bl	10001de4 <start_all_ticks>
10001eaa:	b003      	add	sp, #12
10001eac:	bd30      	pop	{r4, r5, pc}
10001eae:	46c0      	nop			@ (mov r8, r8)
10001eb0:	40008000 	.word	0x40008000
10001eb4:	4000b03c 	.word	0x4000b03c
10001eb8:	4000b030 	.word	0x4000b030
10001ebc:	59682f00 	.word	0x59682f00
10001ec0:	40028000 	.word	0x40028000
10001ec4:	47868c00 	.word	0x47868c00
10001ec8:	4002c000 	.word	0x4002c000
10001ecc:	00b71b00 	.word	0x00b71b00
10001ed0:	07735940 	.word	0x07735940
10001ed4:	02dc6c00 	.word	0x02dc6c00

10001ed8 <__aeabi_bits_init>:
10001ed8:	4801      	ldr	r0, [pc, #4]	@ (10001ee0 <__aeabi_bits_init+0x8>)
10001eda:	2104      	movs	r1, #4
10001edc:	4b01      	ldr	r3, [pc, #4]	@ (10001ee4 <__aeabi_bits_init+0xc>)
10001ede:	4718      	bx	r3
10001ee0:	20000e60 	.word	0x20000e60
10001ee4:	10001c65 	.word	0x10001c65

10001ee8 <__wrap___aeabi_idiv>:
10001ee8:	4a12      	ldr	r2, [pc, #72]	@ (10001f34 <divmod_s32s32_savestate+0x18>)
10001eea:	6f93      	ldr	r3, [r2, #120]	@ 0x78
10001eec:	089b      	lsrs	r3, r3, #2
10001eee:	d215      	bcs.n	10001f1c <divmod_s32s32_savestate>

10001ef0 <divmod_s32s32_unsafe>:
10001ef0:	6690      	str	r0, [r2, #104]	@ 0x68
10001ef2:	66d1      	str	r1, [r2, #108]	@ 0x6c
10001ef4:	2900      	cmp	r1, #0
10001ef6:	d005      	beq.n	10001f04 <divmod_s32s32_unsafe+0x14>
10001ef8:	e7ff      	b.n	10001efa <divmod_s32s32_unsafe+0xa>
10001efa:	e7ff      	b.n	10001efc <divmod_s32s32_unsafe+0xc>
10001efc:	e7ff      	b.n	10001efe <divmod_s32s32_unsafe+0xe>
10001efe:	6f51      	ldr	r1, [r2, #116]	@ 0x74
10001f00:	6f10      	ldr	r0, [r2, #112]	@ 0x70
10001f02:	4770      	bx	lr
10001f04:	b504      	push	{r2, lr}
10001f06:	2180      	movs	r1, #128	@ 0x80
10001f08:	0609      	lsls	r1, r1, #24
10001f0a:	17c2      	asrs	r2, r0, #31
10001f0c:	4051      	eors	r1, r2
10001f0e:	2800      	cmp	r0, #0
10001f10:	d000      	beq.n	10001f14 <divmod_s32s32_unsafe+0x24>
10001f12:	43c8      	mvns	r0, r1
10001f14:	f005 fc74 	bl	10007800 <____aeabi_idiv0_veneer>
10001f18:	2100      	movs	r1, #0
10001f1a:	bd04      	pop	{r2, pc}

10001f1c <divmod_s32s32_savestate>:
10001f1c:	b5f0      	push	{r4, r5, r6, r7, lr}
10001f1e:	6e14      	ldr	r4, [r2, #96]	@ 0x60
10001f20:	6e55      	ldr	r5, [r2, #100]	@ 0x64
10001f22:	6f57      	ldr	r7, [r2, #116]	@ 0x74
10001f24:	6f16      	ldr	r6, [r2, #112]	@ 0x70
10001f26:	f7ff ffe3 	bl	10001ef0 <divmod_s32s32_unsafe>
10001f2a:	6614      	str	r4, [r2, #96]	@ 0x60
10001f2c:	6655      	str	r5, [r2, #100]	@ 0x64
10001f2e:	6757      	str	r7, [r2, #116]	@ 0x74
10001f30:	6716      	str	r6, [r2, #112]	@ 0x70
10001f32:	bdf0      	pop	{r4, r5, r6, r7, pc}
10001f34:	d0000000 	.word	0xd0000000

10001f38 <__wrap___aeabi_uidiv>:
10001f38:	4a11      	ldr	r2, [pc, #68]	@ (10001f80 <divmod_u32u32_savestate+0x18>)
10001f3a:	6f93      	ldr	r3, [r2, #120]	@ 0x78
10001f3c:	089b      	lsrs	r3, r3, #2
10001f3e:	d213      	bcs.n	10001f68 <divmod_u32u32_savestate>

10001f40 <divmod_u32u32_unsafe>:
10001f40:	6610      	str	r0, [r2, #96]	@ 0x60
10001f42:	6651      	str	r1, [r2, #100]	@ 0x64
10001f44:	2900      	cmp	r1, #0
10001f46:	d005      	beq.n	10001f54 <divmod_u32u32_unsafe+0x14>
10001f48:	e7ff      	b.n	10001f4a <divmod_u32u32_unsafe+0xa>
10001f4a:	e7ff      	b.n	10001f4c <divmod_u32u32_unsafe+0xc>
10001f4c:	e7ff      	b.n	10001f4e <divmod_u32u32_unsafe+0xe>
10001f4e:	6f51      	ldr	r1, [r2, #116]	@ 0x74
10001f50:	6f10      	ldr	r0, [r2, #112]	@ 0x70
10001f52:	4770      	bx	lr
10001f54:	b504      	push	{r2, lr}
10001f56:	2800      	cmp	r0, #0
10001f58:	d001      	beq.n	10001f5e <divmod_u32u32_unsafe+0x1e>
10001f5a:	2000      	movs	r0, #0
10001f5c:	43c0      	mvns	r0, r0
10001f5e:	f005 fc4f 	bl	10007800 <____aeabi_idiv0_veneer>
10001f62:	2100      	movs	r1, #0
10001f64:	bd04      	pop	{r2, pc}
10001f66:	46c0      	nop			@ (mov r8, r8)

10001f68 <divmod_u32u32_savestate>:
10001f68:	b5f0      	push	{r4, r5, r6, r7, lr}
10001f6a:	6e14      	ldr	r4, [r2, #96]	@ 0x60
10001f6c:	6e55      	ldr	r5, [r2, #100]	@ 0x64
10001f6e:	6f57      	ldr	r7, [r2, #116]	@ 0x74
10001f70:	6f16      	ldr	r6, [r2, #112]	@ 0x70
10001f72:	f7ff ffe5 	bl	10001f40 <divmod_u32u32_unsafe>
10001f76:	6614      	str	r4, [r2, #96]	@ 0x60
10001f78:	6655      	str	r5, [r2, #100]	@ 0x64
10001f7a:	6757      	str	r7, [r2, #116]	@ 0x74
10001f7c:	6716      	str	r6, [r2, #112]	@ 0x70
10001f7e:	bdf0      	pop	{r4, r5, r6, r7, pc}
10001f80:	d0000000 	.word	0xd0000000

10001f84 <__wrap___aeabi_ldivmod>:
10001f84:	4694      	mov	ip, r2
10001f86:	4a4a      	ldr	r2, [pc, #296]	@ (100020b0 <udiv0+0x1a>)
10001f88:	6f92      	ldr	r2, [r2, #120]	@ 0x78
10001f8a:	0892      	lsrs	r2, r2, #2
10001f8c:	4662      	mov	r2, ip
10001f8e:	d201      	bcs.n	10001f94 <divmod_s64s64_savestate>
10001f90:	e028      	b.n	10001fe4 <divmod_s64s64_unsafe>
10001f92:	46c0      	nop			@ (mov r8, r8)

10001f94 <divmod_s64s64_savestate>:
10001f94:	b5f0      	push	{r4, r5, r6, r7, lr}
10001f96:	4e46      	ldr	r6, [pc, #280]	@ (100020b0 <udiv0+0x1a>)
10001f98:	6e34      	ldr	r4, [r6, #96]	@ 0x60
10001f9a:	6e75      	ldr	r5, [r6, #100]	@ 0x64
10001f9c:	6f77      	ldr	r7, [r6, #116]	@ 0x74
10001f9e:	6f36      	ldr	r6, [r6, #112]	@ 0x70
10001fa0:	f000 f820 	bl	10001fe4 <divmod_s64s64_unsafe>
10001fa4:	4694      	mov	ip, r2
10001fa6:	4a42      	ldr	r2, [pc, #264]	@ (100020b0 <udiv0+0x1a>)
10001fa8:	6614      	str	r4, [r2, #96]	@ 0x60
10001faa:	6655      	str	r5, [r2, #100]	@ 0x64
10001fac:	6757      	str	r7, [r2, #116]	@ 0x74
10001fae:	6716      	str	r6, [r2, #112]	@ 0x70
10001fb0:	4662      	mov	r2, ip
10001fb2:	bdf0      	pop	{r4, r5, r6, r7, pc}

10001fb4 <__wrap___aeabi_uldivmod>:
10001fb4:	4694      	mov	ip, r2
10001fb6:	4a3e      	ldr	r2, [pc, #248]	@ (100020b0 <udiv0+0x1a>)
10001fb8:	6f92      	ldr	r2, [r2, #120]	@ 0x78
10001fba:	0892      	lsrs	r2, r2, #2
10001fbc:	4662      	mov	r2, ip
10001fbe:	d201      	bcs.n	10001fc4 <divmod_u64u64_savestate>
10001fc0:	e054      	b.n	1000206c <divmod_u64u64_unsafe>
10001fc2:	46c0      	nop			@ (mov r8, r8)

10001fc4 <divmod_u64u64_savestate>:
10001fc4:	b5f0      	push	{r4, r5, r6, r7, lr}
10001fc6:	4e3a      	ldr	r6, [pc, #232]	@ (100020b0 <udiv0+0x1a>)
10001fc8:	6e34      	ldr	r4, [r6, #96]	@ 0x60
10001fca:	6e75      	ldr	r5, [r6, #100]	@ 0x64
10001fcc:	6f77      	ldr	r7, [r6, #116]	@ 0x74
10001fce:	6f36      	ldr	r6, [r6, #112]	@ 0x70
10001fd0:	f000 f84c 	bl	1000206c <divmod_u64u64_unsafe>
10001fd4:	4694      	mov	ip, r2
10001fd6:	4a36      	ldr	r2, [pc, #216]	@ (100020b0 <udiv0+0x1a>)
10001fd8:	6614      	str	r4, [r2, #96]	@ 0x60
10001fda:	6655      	str	r5, [r2, #100]	@ 0x64
10001fdc:	6757      	str	r7, [r2, #116]	@ 0x74
10001fde:	6716      	str	r6, [r2, #112]	@ 0x70
10001fe0:	4662      	mov	r2, ip
10001fe2:	bdf0      	pop	{r4, r5, r6, r7, pc}

10001fe4 <divmod_s64s64_unsafe>:
10001fe4:	2b00      	cmp	r3, #0
10001fe6:	db24      	blt.n	10002032 <l42_1+0x26>
10001fe8:	d011      	beq.n	1000200e <l42_1+0x2>
10001fea:	2900      	cmp	r1, #0
10001fec:	da3e      	bge.n	1000206c <divmod_u64u64_unsafe>
10001fee:	b500      	push	{lr}
10001ff0:	43c9      	mvns	r1, r1
10001ff2:	4240      	negs	r0, r0
10001ff4:	d100      	bne.n	10001ff8 <l40_1>
10001ff6:	3101      	adds	r1, #1

10001ff8 <l40_1>:
10001ff8:	f000 f838 	bl	1000206c <divmod_u64u64_unsafe>
10001ffc:	43c9      	mvns	r1, r1
10001ffe:	4240      	negs	r0, r0
10002000:	d100      	bne.n	10002004 <l41_1>
10002002:	3101      	adds	r1, #1

10002004 <l41_1>:
10002004:	43db      	mvns	r3, r3
10002006:	4252      	negs	r2, r2
10002008:	d100      	bne.n	1000200c <l42_1>
1000200a:	3301      	adds	r3, #1

1000200c <l42_1>:
1000200c:	bd00      	pop	{pc}
1000200e:	2a00      	cmp	r2, #0
10002010:	d1eb      	bne.n	10001fea <divmod_s64s64_unsafe+0x6>
10002012:	2800      	cmp	r0, #0
10002014:	d101      	bne.n	1000201a <l42_1+0xe>
10002016:	2900      	cmp	r1, #0
10002018:	d005      	beq.n	10002026 <l42_1+0x1a>
1000201a:	2000      	movs	r0, #0
1000201c:	0fc9      	lsrs	r1, r1, #31
1000201e:	07c9      	lsls	r1, r1, #31
10002020:	d101      	bne.n	10002026 <l42_1+0x1a>
10002022:	43c0      	mvns	r0, r0
10002024:	0841      	lsrs	r1, r0, #1
10002026:	b500      	push	{lr}
10002028:	f005 fbda 	bl	100077e0 <____aeabi_ldiv0_veneer>
1000202c:	2200      	movs	r2, #0
1000202e:	2300      	movs	r3, #0
10002030:	bd00      	pop	{pc}
10002032:	b500      	push	{lr}
10002034:	2900      	cmp	r1, #0
10002036:	db0a      	blt.n	1000204e <l44_1+0x2>
10002038:	43db      	mvns	r3, r3
1000203a:	4252      	negs	r2, r2
1000203c:	d100      	bne.n	10002040 <l43_1>
1000203e:	3301      	adds	r3, #1

10002040 <l43_1>:
10002040:	f000 f814 	bl	1000206c <divmod_u64u64_unsafe>
10002044:	43c9      	mvns	r1, r1
10002046:	4240      	negs	r0, r0
10002048:	d100      	bne.n	1000204c <l44_1>
1000204a:	3101      	adds	r1, #1

1000204c <l44_1>:
1000204c:	bd00      	pop	{pc}
1000204e:	43c9      	mvns	r1, r1
10002050:	4240      	negs	r0, r0
10002052:	d100      	bne.n	10002056 <l45_1>
10002054:	3101      	adds	r1, #1

10002056 <l45_1>:
10002056:	43db      	mvns	r3, r3
10002058:	4252      	negs	r2, r2
1000205a:	d100      	bne.n	1000205e <l46_1>
1000205c:	3301      	adds	r3, #1

1000205e <l46_1>:
1000205e:	f000 f805 	bl	1000206c <divmod_u64u64_unsafe>
10002062:	43db      	mvns	r3, r3
10002064:	4252      	negs	r2, r2
10002066:	d100      	bne.n	1000206a <l47_1>
10002068:	3301      	adds	r3, #1

1000206a <l47_1>:
1000206a:	bd00      	pop	{pc}

1000206c <divmod_u64u64_unsafe>:
1000206c:	2900      	cmp	r1, #0
1000206e:	d123      	bne.n	100020b8 <y64>
10002070:	2b00      	cmp	r3, #0
10002072:	d118      	bne.n	100020a6 <udiv0+0x10>
10002074:	2a00      	cmp	r2, #0
10002076:	d00c      	beq.n	10002092 <divmod_u64u64_unsafe+0x26>
10002078:	46bc      	mov	ip, r7
1000207a:	4f0d      	ldr	r7, [pc, #52]	@ (100020b0 <udiv0+0x1a>)
1000207c:	6638      	str	r0, [r7, #96]	@ 0x60
1000207e:	667a      	str	r2, [r7, #100]	@ 0x64
10002080:	2100      	movs	r1, #0
10002082:	2300      	movs	r3, #0
10002084:	e7ff      	b.n	10002086 <divmod_u64u64_unsafe+0x1a>
10002086:	e7ff      	b.n	10002088 <divmod_u64u64_unsafe+0x1c>
10002088:	e7ff      	b.n	1000208a <divmod_u64u64_unsafe+0x1e>
1000208a:	6f7a      	ldr	r2, [r7, #116]	@ 0x74
1000208c:	6f38      	ldr	r0, [r7, #112]	@ 0x70
1000208e:	4667      	mov	r7, ip
10002090:	4770      	bx	lr
10002092:	2800      	cmp	r0, #0
10002094:	d001      	beq.n	1000209a <udiv0+0x4>

10002096 <udiv0>:
10002096:	4807      	ldr	r0, [pc, #28]	@ (100020b4 <udiv0+0x1e>)
10002098:	0001      	movs	r1, r0
1000209a:	b500      	push	{lr}
1000209c:	f005 fba0 	bl	100077e0 <____aeabi_ldiv0_veneer>
100020a0:	2200      	movs	r2, #0
100020a2:	2300      	movs	r3, #0
100020a4:	bd00      	pop	{pc}
100020a6:	0002      	movs	r2, r0
100020a8:	000b      	movs	r3, r1
100020aa:	2000      	movs	r0, #0
100020ac:	2100      	movs	r1, #0
100020ae:	4770      	bx	lr
100020b0:	d0000000 	.word	0xd0000000
100020b4:	ffffffff 	.word	0xffffffff

100020b8 <y64>:
100020b8:	2b00      	cmp	r3, #0
100020ba:	d000      	beq.n	100020be <y64+0x6>
100020bc:	e0bf      	b.n	1000223e <y64_x48>
100020be:	0c13      	lsrs	r3, r2, #16
100020c0:	d128      	bne.n	10002114 <y64_x32>
100020c2:	2a00      	cmp	r2, #0
100020c4:	d0e7      	beq.n	10002096 <udiv0>
100020c6:	b480      	push	{r7}
100020c8:	4f11      	ldr	r7, [pc, #68]	@ (10002110 <y64+0x58>)
100020ca:	6639      	str	r1, [r7, #96]	@ 0x60
100020cc:	667a      	str	r2, [r7, #100]	@ 0x64
100020ce:	e7ff      	b.n	100020d0 <y64+0x18>
100020d0:	e7ff      	b.n	100020d2 <y64+0x1a>
100020d2:	b430      	push	{r4, r5}
100020d4:	0c04      	lsrs	r4, r0, #16
100020d6:	6f7b      	ldr	r3, [r7, #116]	@ 0x74
100020d8:	6f39      	ldr	r1, [r7, #112]	@ 0x70
100020da:	041b      	lsls	r3, r3, #16
100020dc:	4323      	orrs	r3, r4
100020de:	663b      	str	r3, [r7, #96]	@ 0x60
100020e0:	667a      	str	r2, [r7, #100]	@ 0x64
100020e2:	e7ff      	b.n	100020e4 <y64+0x2c>
100020e4:	e7ff      	b.n	100020e6 <y64+0x2e>
100020e6:	e7ff      	b.n	100020e8 <y64+0x30>
100020e8:	46c0      	nop			@ (mov r8, r8)
100020ea:	b284      	uxth	r4, r0
100020ec:	6f7b      	ldr	r3, [r7, #116]	@ 0x74
100020ee:	6f3d      	ldr	r5, [r7, #112]	@ 0x70
100020f0:	041b      	lsls	r3, r3, #16
100020f2:	4323      	orrs	r3, r4
100020f4:	663b      	str	r3, [r7, #96]	@ 0x60
100020f6:	667a      	str	r2, [r7, #100]	@ 0x64
100020f8:	e7ff      	b.n	100020fa <y64+0x42>
100020fa:	e7ff      	b.n	100020fc <y64+0x44>
100020fc:	46c0      	nop			@ (mov r8, r8)
100020fe:	2300      	movs	r3, #0
10002100:	042c      	lsls	r4, r5, #16
10002102:	0c2d      	lsrs	r5, r5, #16
10002104:	6f7a      	ldr	r2, [r7, #116]	@ 0x74
10002106:	6f38      	ldr	r0, [r7, #112]	@ 0x70
10002108:	1900      	adds	r0, r0, r4
1000210a:	4169      	adcs	r1, r5
1000210c:	bcb0      	pop	{r4, r5, r7}
1000210e:	4770      	bx	lr
10002110:	d0000000 	.word	0xd0000000

10002114 <y64_x32>:
10002114:	b5f0      	push	{r4, r5, r6, r7, lr}
10002116:	4694      	mov	ip, r2
10002118:	2500      	movs	r5, #0
1000211a:	0e14      	lsrs	r4, r2, #24
1000211c:	d101      	bne.n	10002122 <y64_x32+0xe>
1000211e:	0212      	lsls	r2, r2, #8
10002120:	3508      	adds	r5, #8
10002122:	0f14      	lsrs	r4, r2, #28
10002124:	d101      	bne.n	1000212a <y64_x32+0x16>
10002126:	0112      	lsls	r2, r2, #4
10002128:	3504      	adds	r5, #4
1000212a:	0f94      	lsrs	r4, r2, #30
1000212c:	d101      	bne.n	10002132 <y64_x32+0x1e>
1000212e:	0092      	lsls	r2, r2, #2
10002130:	3502      	adds	r5, #2
10002132:	0fd4      	lsrs	r4, r2, #31
10002134:	d101      	bne.n	1000213a <y64_x32+0x26>
10002136:	0052      	lsls	r2, r2, #1
10002138:	3501      	adds	r5, #1
1000213a:	0bd4      	lsrs	r4, r2, #15
1000213c:	3401      	adds	r4, #1
1000213e:	4f25      	ldr	r7, [pc, #148]	@ (100021d4 <y64_x32+0xc0>)
10002140:	667c      	str	r4, [r7, #100]	@ 0x64
10002142:	4c25      	ldr	r4, [pc, #148]	@ (100021d8 <y64_x32+0xc4>)
10002144:	663c      	str	r4, [r7, #96]	@ 0x60
10002146:	0c0e      	lsrs	r6, r1, #16
10002148:	b293      	uxth	r3, r2
1000214a:	e7ff      	b.n	1000214c <y64_x32+0x38>
1000214c:	e7ff      	b.n	1000214e <y64_x32+0x3a>
1000214e:	e7ff      	b.n	10002150 <y64_x32+0x3c>
10002150:	6f3c      	ldr	r4, [r7, #112]	@ 0x70
10002152:	4366      	muls	r6, r4
10002154:	0c36      	lsrs	r6, r6, #16
10002156:	0377      	lsls	r7, r6, #13
10002158:	46be      	mov	lr, r7
1000215a:	4373      	muls	r3, r6
1000215c:	0bdf      	lsrs	r7, r3, #15
1000215e:	045b      	lsls	r3, r3, #17
10002160:	1ac0      	subs	r0, r0, r3
10002162:	41b9      	sbcs	r1, r7
10002164:	0c13      	lsrs	r3, r2, #16
10002166:	4373      	muls	r3, r6
10002168:	18db      	adds	r3, r3, r3
1000216a:	1ac9      	subs	r1, r1, r3
1000216c:	08ce      	lsrs	r6, r1, #3
1000216e:	4366      	muls	r6, r4
10002170:	0c36      	lsrs	r6, r6, #16
10002172:	44b6      	add	lr, r6
10002174:	b293      	uxth	r3, r2
10002176:	4373      	muls	r3, r6
10002178:	0f1f      	lsrs	r7, r3, #28
1000217a:	011b      	lsls	r3, r3, #4
1000217c:	1ac0      	subs	r0, r0, r3
1000217e:	41b9      	sbcs	r1, r7
10002180:	0c13      	lsrs	r3, r2, #16
10002182:	4373      	muls	r3, r6
10002184:	0b1f      	lsrs	r7, r3, #12
10002186:	051b      	lsls	r3, r3, #20
10002188:	1ac0      	subs	r0, r0, r3
1000218a:	41b9      	sbcs	r1, r7
1000218c:	0d86      	lsrs	r6, r0, #22
1000218e:	028f      	lsls	r7, r1, #10
10002190:	433e      	orrs	r6, r7
10002192:	4366      	muls	r6, r4
10002194:	0c36      	lsrs	r6, r6, #16
10002196:	2d09      	cmp	r5, #9
10002198:	db24      	blt.n	100021e4 <last0>
1000219a:	0a52      	lsrs	r2, r2, #9
1000219c:	4372      	muls	r2, r6
1000219e:	1a80      	subs	r0, r0, r2
100021a0:	0377      	lsls	r7, r6, #13
100021a2:	0a46      	lsrs	r6, r0, #9
100021a4:	4366      	muls	r6, r4
100021a6:	0c36      	lsrs	r6, r6, #16
100021a8:	2316      	movs	r3, #22
100021aa:	1b5b      	subs	r3, r3, r5
100021ac:	40de      	lsrs	r6, r3
100021ae:	40df      	lsrs	r7, r3
100021b0:	19bf      	adds	r7, r7, r6
100021b2:	4664      	mov	r4, ip
100021b4:	4366      	muls	r6, r4
100021b6:	1b82      	subs	r2, r0, r6
100021b8:	4670      	mov	r0, lr
100021ba:	3504      	adds	r5, #4
100021bc:	3306      	adds	r3, #6
100021be:	0001      	movs	r1, r0
100021c0:	40d9      	lsrs	r1, r3
100021c2:	40a8      	lsls	r0, r5
100021c4:	19c0      	adds	r0, r0, r7
100021c6:	d300      	bcc.n	100021ca <y64_x32+0xb6>
100021c8:	3101      	adds	r1, #1
100021ca:	42a2      	cmp	r2, r4
100021cc:	d206      	bcs.n	100021dc <y64_x32+0xc8>
100021ce:	2300      	movs	r3, #0
100021d0:	bdf0      	pop	{r4, r5, r6, r7, pc}
100021d2:	0000      	.short	0x0000
100021d4:	d0000000 	.word	0xd0000000
100021d8:	ffffffff 	.word	0xffffffff
100021dc:	1b12      	subs	r2, r2, r4
100021de:	3001      	adds	r0, #1
100021e0:	d3f3      	bcc.n	100021ca <y64_x32+0xb6>
100021e2:	e7f1      	b.n	100021c8 <y64_x32+0xb4>

100021e4 <last0>:
100021e4:	2709      	movs	r7, #9
100021e6:	1b7f      	subs	r7, r7, r5
100021e8:	40fe      	lsrs	r6, r7
100021ea:	4664      	mov	r4, ip
100021ec:	b2a2      	uxth	r2, r4
100021ee:	4372      	muls	r2, r6
100021f0:	1a80      	subs	r0, r0, r2
100021f2:	d200      	bcs.n	100021f6 <last0+0x12>
100021f4:	3901      	subs	r1, #1
100021f6:	0c22      	lsrs	r2, r4, #16
100021f8:	4372      	muls	r2, r6
100021fa:	0c13      	lsrs	r3, r2, #16
100021fc:	0412      	lsls	r2, r2, #16
100021fe:	1a82      	subs	r2, r0, r2
10002200:	4199      	sbcs	r1, r3
10002202:	000b      	movs	r3, r1
10002204:	4670      	mov	r0, lr
10002206:	3504      	adds	r5, #4
10002208:	3713      	adds	r7, #19
1000220a:	0001      	movs	r1, r0
1000220c:	40f9      	lsrs	r1, r7
1000220e:	40a8      	lsls	r0, r5
10002210:	1980      	adds	r0, r0, r6
10002212:	d300      	bcc.n	10002216 <last0+0x32>
10002214:	3101      	adds	r1, #1
10002216:	2b00      	cmp	r3, #0
10002218:	d102      	bne.n	10002220 <last0+0x3c>
1000221a:	42a2      	cmp	r2, r4
1000221c:	d20a      	bcs.n	10002234 <last0+0x50>
1000221e:	bdf0      	pop	{r4, r5, r6, r7, pc}
10002220:	3001      	adds	r0, #1
10002222:	d300      	bcc.n	10002226 <last0+0x42>
10002224:	3101      	adds	r1, #1
10002226:	1b12      	subs	r2, r2, r4
10002228:	d2fa      	bcs.n	10002220 <last0+0x3c>
1000222a:	3b01      	subs	r3, #1
1000222c:	d1f8      	bne.n	10002220 <last0+0x3c>
1000222e:	42a2      	cmp	r2, r4
10002230:	d200      	bcs.n	10002234 <last0+0x50>
10002232:	bdf0      	pop	{r4, r5, r6, r7, pc}
10002234:	3001      	adds	r0, #1
10002236:	d300      	bcc.n	1000223a <last0+0x56>
10002238:	3101      	adds	r1, #1
1000223a:	1b12      	subs	r2, r2, r4
1000223c:	e7f7      	b.n	1000222e <last0+0x4a>

1000223e <y64_x48>:
1000223e:	b5f0      	push	{r4, r5, r6, r7, lr}
10002240:	0c1c      	lsrs	r4, r3, #16
10002242:	d000      	beq.n	10002246 <y64_x48+0x8>
10002244:	e080      	b.n	10002348 <y64_x64>
10002246:	b40c      	push	{r2, r3}
10002248:	2500      	movs	r5, #0
1000224a:	0a1c      	lsrs	r4, r3, #8
1000224c:	d104      	bne.n	10002258 <y64_x48+0x1a>
1000224e:	021b      	lsls	r3, r3, #8
10002250:	0e16      	lsrs	r6, r2, #24
10002252:	4333      	orrs	r3, r6
10002254:	0212      	lsls	r2, r2, #8
10002256:	3508      	adds	r5, #8
10002258:	0b1c      	lsrs	r4, r3, #12
1000225a:	d104      	bne.n	10002266 <y64_x48+0x28>
1000225c:	011b      	lsls	r3, r3, #4
1000225e:	0f16      	lsrs	r6, r2, #28
10002260:	4333      	orrs	r3, r6
10002262:	0112      	lsls	r2, r2, #4
10002264:	3504      	adds	r5, #4
10002266:	0b9c      	lsrs	r4, r3, #14
10002268:	d104      	bne.n	10002274 <y64_x48+0x36>
1000226a:	009b      	lsls	r3, r3, #2
1000226c:	0f96      	lsrs	r6, r2, #30
1000226e:	4333      	orrs	r3, r6
10002270:	0092      	lsls	r2, r2, #2
10002272:	3502      	adds	r5, #2
10002274:	0bdc      	lsrs	r4, r3, #15
10002276:	d102      	bne.n	1000227e <y64_x48+0x40>
10002278:	1892      	adds	r2, r2, r2
1000227a:	415b      	adcs	r3, r3
1000227c:	3501      	adds	r5, #1
1000227e:	001c      	movs	r4, r3
10002280:	1897      	adds	r7, r2, r2
10002282:	4164      	adcs	r4, r4
10002284:	3401      	adds	r4, #1
10002286:	4f46      	ldr	r7, [pc, #280]	@ (100023a0 <y64_x64+0x58>)
10002288:	667c      	str	r4, [r7, #100]	@ 0x64
1000228a:	4c46      	ldr	r4, [pc, #280]	@ (100023a4 <y64_x64+0x5c>)
1000228c:	663c      	str	r4, [r7, #96]	@ 0x60
1000228e:	0c0e      	lsrs	r6, r1, #16
10002290:	e7ff      	b.n	10002292 <y64_x48+0x54>
10002292:	e7ff      	b.n	10002294 <y64_x48+0x56>
10002294:	e7ff      	b.n	10002296 <y64_x48+0x58>
10002296:	46c0      	nop			@ (mov r8, r8)
10002298:	6f3c      	ldr	r4, [r7, #112]	@ 0x70
1000229a:	4366      	muls	r6, r4
1000229c:	0c36      	lsrs	r6, r6, #16
1000229e:	0377      	lsls	r7, r6, #13
100022a0:	46be      	mov	lr, r7
100022a2:	b297      	uxth	r7, r2
100022a4:	4377      	muls	r7, r6
100022a6:	1bc0      	subs	r0, r0, r7
100022a8:	d200      	bcs.n	100022ac <y64_x48+0x6e>
100022aa:	3901      	subs	r1, #1
100022ac:	1bc0      	subs	r0, r0, r7
100022ae:	d200      	bcs.n	100022b2 <y64_x48+0x74>
100022b0:	3901      	subs	r1, #1
100022b2:	b29f      	uxth	r7, r3
100022b4:	4377      	muls	r7, r6
100022b6:	1bc9      	subs	r1, r1, r7
100022b8:	1bc9      	subs	r1, r1, r7
100022ba:	0c17      	lsrs	r7, r2, #16
100022bc:	4377      	muls	r7, r6
100022be:	047e      	lsls	r6, r7, #17
100022c0:	0bff      	lsrs	r7, r7, #15
100022c2:	1b80      	subs	r0, r0, r6
100022c4:	41b9      	sbcs	r1, r7
100022c6:	08ce      	lsrs	r6, r1, #3
100022c8:	4366      	muls	r6, r4
100022ca:	0c36      	lsrs	r6, r6, #16
100022cc:	2d0c      	cmp	r5, #12
100022ce:	db33      	blt.n	10002338 <last1>
100022d0:	44b6      	add	lr, r6
100022d2:	0b12      	lsrs	r2, r2, #12
100022d4:	051f      	lsls	r7, r3, #20
100022d6:	433a      	orrs	r2, r7
100022d8:	0b1b      	lsrs	r3, r3, #12
100022da:	b297      	uxth	r7, r2
100022dc:	4377      	muls	r7, r6
100022de:	1bc0      	subs	r0, r0, r7
100022e0:	d200      	bcs.n	100022e4 <y64_x48+0xa6>
100022e2:	3901      	subs	r1, #1
100022e4:	b29f      	uxth	r7, r3
100022e6:	4377      	muls	r7, r6
100022e8:	1bc9      	subs	r1, r1, r7
100022ea:	0c17      	lsrs	r7, r2, #16
100022ec:	4377      	muls	r7, r6
100022ee:	043e      	lsls	r6, r7, #16
100022f0:	0c3f      	lsrs	r7, r7, #16
100022f2:	1b80      	subs	r0, r0, r6
100022f4:	41b9      	sbcs	r1, r7
100022f6:	0d86      	lsrs	r6, r0, #22
100022f8:	028f      	lsls	r7, r1, #10
100022fa:	433e      	orrs	r6, r7
100022fc:	4366      	muls	r6, r4
100022fe:	2729      	movs	r7, #41	@ 0x29
10002300:	1b7f      	subs	r7, r7, r5
10002302:	40fe      	lsrs	r6, r7
10002304:	3d0c      	subs	r5, #12
10002306:	4677      	mov	r7, lr
10002308:	40af      	lsls	r7, r5
1000230a:	19bf      	adds	r7, r7, r6
1000230c:	bc30      	pop	{r4, r5}
1000230e:	b2a2      	uxth	r2, r4
10002310:	b2ab      	uxth	r3, r5
10002312:	4372      	muls	r2, r6
10002314:	4373      	muls	r3, r6
10002316:	1a80      	subs	r0, r0, r2
10002318:	4199      	sbcs	r1, r3
1000231a:	0c22      	lsrs	r2, r4, #16
1000231c:	4372      	muls	r2, r6
1000231e:	0c13      	lsrs	r3, r2, #16
10002320:	0412      	lsls	r2, r2, #16
10002322:	1a80      	subs	r0, r0, r2
10002324:	4199      	sbcs	r1, r3
10002326:	0002      	movs	r2, r0
10002328:	000b      	movs	r3, r1
1000232a:	3701      	adds	r7, #1
1000232c:	1b00      	subs	r0, r0, r4
1000232e:	41a9      	sbcs	r1, r5
10002330:	d2f9      	bcs.n	10002326 <y64_x48+0xe8>
10002332:	1e78      	subs	r0, r7, #1
10002334:	2100      	movs	r1, #0
10002336:	bdf0      	pop	{r4, r5, r6, r7, pc}

10002338 <last1>:
10002338:	270c      	movs	r7, #12
1000233a:	1b7f      	subs	r7, r7, r5
1000233c:	40fe      	lsrs	r6, r7
1000233e:	4677      	mov	r7, lr
10002340:	0b7f      	lsrs	r7, r7, #13
10002342:	40af      	lsls	r7, r5
10002344:	19ff      	adds	r7, r7, r7
10002346:	e7e0      	b.n	1000230a <y64_x48+0xcc>

10002348 <y64_x64>:
10002348:	2400      	movs	r4, #0
1000234a:	1c5d      	adds	r5, r3, #1
1000234c:	d007      	beq.n	1000235e <y64_x64+0x16>
1000234e:	4f14      	ldr	r7, [pc, #80]	@ (100023a0 <y64_x64+0x58>)
10002350:	667d      	str	r5, [r7, #100]	@ 0x64
10002352:	6639      	str	r1, [r7, #96]	@ 0x60
10002354:	e7ff      	b.n	10002356 <y64_x64+0xe>
10002356:	e7ff      	b.n	10002358 <y64_x64+0x10>
10002358:	e7ff      	b.n	1000235a <y64_x64+0x12>
1000235a:	e7ff      	b.n	1000235c <y64_x64+0x14>
1000235c:	6f3c      	ldr	r4, [r7, #112]	@ 0x70
1000235e:	b295      	uxth	r5, r2
10002360:	b29e      	uxth	r6, r3
10002362:	4365      	muls	r5, r4
10002364:	4366      	muls	r6, r4
10002366:	1b40      	subs	r0, r0, r5
10002368:	41b1      	sbcs	r1, r6
1000236a:	0c15      	lsrs	r5, r2, #16
1000236c:	0c1e      	lsrs	r6, r3, #16
1000236e:	4365      	muls	r5, r4
10002370:	4366      	muls	r6, r4
10002372:	0436      	lsls	r6, r6, #16
10002374:	0c2f      	lsrs	r7, r5, #16
10002376:	433e      	orrs	r6, r7
10002378:	042d      	lsls	r5, r5, #16
1000237a:	1b40      	subs	r0, r0, r5
1000237c:	41b1      	sbcs	r1, r6
1000237e:	4299      	cmp	r1, r3
10002380:	d204      	bcs.n	1000238c <y64_x64+0x44>
10002382:	0002      	movs	r2, r0
10002384:	000b      	movs	r3, r1
10002386:	0020      	movs	r0, r4
10002388:	2100      	movs	r1, #0
1000238a:	bdf0      	pop	{r4, r5, r6, r7, pc}
1000238c:	d101      	bne.n	10002392 <y64_x64+0x4a>
1000238e:	4290      	cmp	r0, r2
10002390:	d3f7      	bcc.n	10002382 <y64_x64+0x3a>
10002392:	1a80      	subs	r0, r0, r2
10002394:	4199      	sbcs	r1, r3
10002396:	3401      	adds	r4, #1
10002398:	4299      	cmp	r1, r3
1000239a:	d3f2      	bcc.n	10002382 <y64_x64+0x3a>
1000239c:	e7f6      	b.n	1000238c <y64_x64+0x44>
1000239e:	0000      	.short	0x0000
100023a0:	d0000000 	.word	0xd0000000
100023a4:	ffffffff 	.word	0xffffffff

100023a8 <__wrap___aeabi_drsub>:
100023a8:	4048      	eors	r0, r1
100023aa:	4041      	eors	r1, r0
100023ac:	4048      	eors	r0, r1

100023ae <__wrap___aeabi_dsub>:
100023ae:	b418      	push	{r3, r4}
100023b0:	4b13      	ldr	r3, [pc, #76]	@ (10002400 <__wrap___aeabi_dmul+0xa>)
100023b2:	685b      	ldr	r3, [r3, #4]
100023b4:	9301      	str	r3, [sp, #4]
100023b6:	bd08      	pop	{r3, pc}

100023b8 <__wrap___aeabi_dadd>:
100023b8:	b418      	push	{r3, r4}
100023ba:	4b11      	ldr	r3, [pc, #68]	@ (10002400 <__wrap___aeabi_dmul+0xa>)
100023bc:	681b      	ldr	r3, [r3, #0]
100023be:	9301      	str	r3, [sp, #4]
100023c0:	bd08      	pop	{r3, pc}

100023c2 <__wrap___aeabi_ddiv>:
100023c2:	4694      	mov	ip, r2
100023c4:	4a0f      	ldr	r2, [pc, #60]	@ (10002404 <__wrap___aeabi_dmul+0xe>)
100023c6:	6f92      	ldr	r2, [r2, #120]	@ 0x78
100023c8:	0892      	lsrs	r2, r2, #2
100023ca:	d205      	bcs.n	100023d8 <ddiv_save_state>
100023cc:	4662      	mov	r2, ip

100023ce <ddiv_shim_call>:
100023ce:	b418      	push	{r3, r4}
100023d0:	4b0b      	ldr	r3, [pc, #44]	@ (10002400 <__wrap___aeabi_dmul+0xa>)
100023d2:	68db      	ldr	r3, [r3, #12]
100023d4:	9301      	str	r3, [sp, #4]
100023d6:	bd08      	pop	{r3, pc}

100023d8 <ddiv_save_state>:
100023d8:	4a0a      	ldr	r2, [pc, #40]	@ (10002404 <__wrap___aeabi_dmul+0xe>)
100023da:	b5f0      	push	{r4, r5, r6, r7, lr}
100023dc:	6e14      	ldr	r4, [r2, #96]	@ 0x60
100023de:	6e55      	ldr	r5, [r2, #100]	@ 0x64
100023e0:	6f57      	ldr	r7, [r2, #116]	@ 0x74
100023e2:	6f16      	ldr	r6, [r2, #112]	@ 0x70
100023e4:	4662      	mov	r2, ip
100023e6:	f7ff fff2 	bl	100023ce <ddiv_shim_call>
100023ea:	4a06      	ldr	r2, [pc, #24]	@ (10002404 <__wrap___aeabi_dmul+0xe>)
100023ec:	6614      	str	r4, [r2, #96]	@ 0x60
100023ee:	6655      	str	r5, [r2, #100]	@ 0x64
100023f0:	6757      	str	r7, [r2, #116]	@ 0x74
100023f2:	6716      	str	r6, [r2, #112]	@ 0x70
100023f4:	bdf0      	pop	{r4, r5, r6, r7, pc}

100023f6 <__wrap___aeabi_dmul>:
100023f6:	b418      	push	{r3, r4}
100023f8:	4b01      	ldr	r3, [pc, #4]	@ (10002400 <__wrap___aeabi_dmul+0xa>)
100023fa:	689b      	ldr	r3, [r3, #8]
100023fc:	9301      	str	r3, [sp, #4]
100023fe:	bd08      	pop	{r3, pc}
10002400:	20002514 	.word	0x20002514
10002404:	d0000000 	.word	0xd0000000

10002408 <__wrap___aeabi_cdrcmple>:
10002408:	b5ff      	push	{r0, r1, r2, r3, r4, r5, r6, r7, lr}
1000240a:	4050      	eors	r0, r2
1000240c:	4042      	eors	r2, r0
1000240e:	4050      	eors	r0, r2
10002410:	4059      	eors	r1, r3
10002412:	404b      	eors	r3, r1
10002414:	4059      	eors	r1, r3
10002416:	e000      	b.n	1000241a <__aeabi_dfcmple_guts>

10002418 <__wrap___aeabi_cdcmpeq>:
10002418:	b5ff      	push	{r0, r1, r2, r3, r4, r5, r6, r7, lr}

1000241a <__aeabi_dfcmple_guts>:
1000241a:	4f15      	ldr	r7, [pc, #84]	@ (10002470 <__aeabi_dfcmple_guts+0x56>)
1000241c:	004c      	lsls	r4, r1, #1
1000241e:	0d64      	lsrs	r4, r4, #21
10002420:	d003      	beq.n	1000242a <__aeabi_dfcmple_guts+0x10>
10002422:	42bc      	cmp	r4, r7
10002424:	d104      	bne.n	10002430 <__aeabi_dfcmple_guts+0x16>
10002426:	030c      	lsls	r4, r1, #12
10002428:	d814      	bhi.n	10002454 <__aeabi_dfcmple_guts+0x3a>
1000242a:	2000      	movs	r0, #0
1000242c:	0d09      	lsrs	r1, r1, #20
1000242e:	0509      	lsls	r1, r1, #20
10002430:	005c      	lsls	r4, r3, #1
10002432:	0d64      	lsrs	r4, r4, #21
10002434:	d003      	beq.n	1000243e <__aeabi_dfcmple_guts+0x24>
10002436:	42bc      	cmp	r4, r7
10002438:	d104      	bne.n	10002444 <__aeabi_dfcmple_guts+0x2a>
1000243a:	031c      	lsls	r4, r3, #12
1000243c:	d80a      	bhi.n	10002454 <__aeabi_dfcmple_guts+0x3a>
1000243e:	2200      	movs	r2, #0
10002440:	0d1b      	lsrs	r3, r3, #20
10002442:	051b      	lsls	r3, r3, #20
10002444:	2601      	movs	r6, #1
10002446:	404b      	eors	r3, r1
10002448:	d409      	bmi.n	1000245e <__aeabi_dfcmple_guts+0x44>
1000244a:	404b      	eors	r3, r1
1000244c:	d503      	bpl.n	10002456 <__aeabi_dfcmple_guts+0x3c>
1000244e:	428b      	cmp	r3, r1
10002450:	d100      	bne.n	10002454 <__aeabi_dfcmple_guts+0x3a>
10002452:	4282      	cmp	r2, r0
10002454:	bdff      	pop	{r0, r1, r2, r3, r4, r5, r6, r7, pc}
10002456:	4299      	cmp	r1, r3
10002458:	d1fc      	bne.n	10002454 <__aeabi_dfcmple_guts+0x3a>
1000245a:	4290      	cmp	r0, r2
1000245c:	bdff      	pop	{r0, r1, r2, r3, r4, r5, r6, r7, pc}
1000245e:	430b      	orrs	r3, r1
10002460:	18db      	adds	r3, r3, r3
10002462:	4303      	orrs	r3, r0
10002464:	4313      	orrs	r3, r2
10002466:	d0f5      	beq.n	10002454 <__aeabi_dfcmple_guts+0x3a>
10002468:	43c9      	mvns	r1, r1
1000246a:	1849      	adds	r1, r1, r1
1000246c:	bdff      	pop	{r0, r1, r2, r3, r4, r5, r6, r7, pc}
1000246e:	0000      	.short	0x0000
10002470:	000007ff 	.word	0x000007ff

10002474 <__wrap___aeabi_dcmplt>:
10002474:	b500      	push	{lr}
10002476:	f7ff ffcf 	bl	10002418 <__wrap___aeabi_cdcmpeq>
1000247a:	4180      	sbcs	r0, r0
1000247c:	bd00      	pop	{pc}
1000247e:	46c0      	nop			@ (mov r8, r8)

10002480 <__wrap___aeabi_dcmple>:
10002480:	b500      	push	{lr}
10002482:	f7ff ffc9 	bl	10002418 <__wrap___aeabi_cdcmpeq>
10002486:	d901      	bls.n	1000248c <__wrap___aeabi_dcmple+0xc>
10002488:	2000      	movs	r0, #0
1000248a:	bd00      	pop	{pc}
1000248c:	2001      	movs	r0, #1
1000248e:	bd00      	pop	{pc}

10002490 <__wrap___aeabi_dcmpge>:
10002490:	b500      	push	{lr}
10002492:	f7ff ffb9 	bl	10002408 <__wrap___aeabi_cdrcmple>
10002496:	d901      	bls.n	1000249c <__wrap___aeabi_dcmpge+0xc>
10002498:	2000      	movs	r0, #0
1000249a:	bd00      	pop	{pc}
1000249c:	2001      	movs	r0, #1
1000249e:	bd00      	pop	{pc}

100024a0 <__wrap___aeabi_dcmpgt>:
100024a0:	b500      	push	{lr}
100024a2:	f7ff ffb1 	bl	10002408 <__wrap___aeabi_cdrcmple>
100024a6:	4180      	sbcs	r0, r0
100024a8:	bd00      	pop	{pc}

100024aa <__wrap___aeabi_dcmpun>:
100024aa:	2001      	movs	r0, #1
100024ac:	0540      	lsls	r0, r0, #21
100024ae:	004a      	lsls	r2, r1, #1
100024b0:	1812      	adds	r2, r2, r0
100024b2:	d804      	bhi.n	100024be <__wrap___aeabi_dcmpun+0x14>
100024b4:	005a      	lsls	r2, r3, #1
100024b6:	1812      	adds	r2, r2, r0
100024b8:	d801      	bhi.n	100024be <__wrap___aeabi_dcmpun+0x14>
100024ba:	2000      	movs	r0, #0
100024bc:	4770      	bx	lr
100024be:	2001      	movs	r0, #1
100024c0:	4770      	bx	lr
	...

100024c4 <__wrap___aeabi_ui2d>:
100024c4:	2100      	movs	r1, #0
100024c6:	2800      	cmp	r0, #0
100024c8:	d105      	bne.n	100024d6 <__wrap___aeabi_i2d+0xa>
100024ca:	4770      	bx	lr

100024cc <__wrap___aeabi_i2d>:
100024cc:	17c1      	asrs	r1, r0, #31
100024ce:	4048      	eors	r0, r1
100024d0:	1a40      	subs	r0, r0, r1
100024d2:	d0fa      	beq.n	100024ca <__wrap___aeabi_ui2d+0x6>
100024d4:	07c9      	lsls	r1, r1, #31
100024d6:	b513      	push	{r0, r1, r4, lr}
100024d8:	4b06      	ldr	r3, [pc, #24]	@ (100024f4 <__wrap___aeabi_i2d+0x28>)
100024da:	681b      	ldr	r3, [r3, #0]
100024dc:	4798      	blx	r3
100024de:	bc0c      	pop	{r2, r3}
100024e0:	1c44      	adds	r4, r0, #1
100024e2:	40a2      	lsls	r2, r4
100024e4:	0510      	lsls	r0, r2, #20
100024e6:	0b12      	lsrs	r2, r2, #12
100024e8:	4903      	ldr	r1, [pc, #12]	@ (100024f8 <__wrap___aeabi_i2d+0x2c>)
100024ea:	1b09      	subs	r1, r1, r4
100024ec:	0509      	lsls	r1, r1, #20
100024ee:	4319      	orrs	r1, r3
100024f0:	4311      	orrs	r1, r2
100024f2:	bd10      	pop	{r4, pc}
100024f4:	20002614 	.word	0x20002614
100024f8:	0000041f 	.word	0x0000041f

100024fc <__wrap___aeabi_d2iz>:
100024fc:	b510      	push	{r4, lr}
100024fe:	004c      	lsls	r4, r1, #1
10002500:	0d62      	lsrs	r2, r4, #21
10002502:	2380      	movs	r3, #128	@ 0x80
10002504:	18d2      	adds	r2, r2, r3
10002506:	00db      	lsls	r3, r3, #3
10002508:	1ad2      	subs	r2, r2, r3
1000250a:	055b      	lsls	r3, r3, #21
1000250c:	2a7e      	cmp	r2, #126	@ 0x7e
1000250e:	dd10      	ble.n	10002532 <__wrap___aeabi_d2iz+0x36>
10002510:	3a9e      	subs	r2, #158	@ 0x9e
10002512:	da13      	bge.n	1000253c <__wrap___aeabi_d2iz+0x40>
10002514:	17cc      	asrs	r4, r1, #31
10002516:	0309      	lsls	r1, r1, #12
10002518:	0849      	lsrs	r1, r1, #1
1000251a:	4319      	orrs	r1, r3
1000251c:	4252      	negs	r2, r2
1000251e:	40d1      	lsrs	r1, r2
10002520:	0064      	lsls	r4, r4, #1
10002522:	3401      	adds	r4, #1
10002524:	3215      	adds	r2, #21
10002526:	2a20      	cmp	r2, #32
10002528:	da05      	bge.n	10002536 <__wrap___aeabi_d2iz+0x3a>
1000252a:	40d0      	lsrs	r0, r2
1000252c:	4308      	orrs	r0, r1
1000252e:	4360      	muls	r0, r4
10002530:	bd10      	pop	{r4, pc}
10002532:	2000      	movs	r0, #0
10002534:	bd10      	pop	{r4, pc}
10002536:	4608      	mov	r0, r1
10002538:	4360      	muls	r0, r4
1000253a:	bd10      	pop	{r4, pc}
1000253c:	0fc8      	lsrs	r0, r1, #31
1000253e:	18c0      	adds	r0, r0, r3
10002540:	3801      	subs	r0, #1
10002542:	bd10      	pop	{r4, pc}

10002544 <__wrap___aeabi_d2uiz>:
10002544:	b418      	push	{r3, r4}
10002546:	4b02      	ldr	r3, [pc, #8]	@ (10002550 <__wrap___aeabi_d2uiz+0xc>)
10002548:	6a5b      	ldr	r3, [r3, #36]	@ 0x24
1000254a:	9301      	str	r3, [sp, #4]
1000254c:	bd08      	pop	{r3, pc}
1000254e:	0000      	.short	0x0000
10002550:	20002514 	.word	0x20002514

10002554 <missing_double_func_shim>:
10002554:	b510      	push	{r4, lr}
10002556:	4801      	ldr	r0, [pc, #4]	@ (1000255c <missing_double_func_shim+0x8>)
10002558:	f7fe f8e2 	bl	10000720 <panic>
1000255c:	10008064 	.word	0x10008064

10002560 <__aeabi_double_init>:
10002560:	b570      	push	{r4, r5, r6, lr}
10002562:	2313      	movs	r3, #19
10002564:	781c      	ldrb	r4, [r3, #0]
10002566:	2c01      	cmp	r4, #1
10002568:	d012      	beq.n	10002590 <__aeabi_double_init+0x30>
1000256a:	2c01      	cmp	r4, #1
1000256c:	dc12      	bgt.n	10002594 <__aeabi_double_init+0x34>
1000256e:	4b21      	ldr	r3, [pc, #132]	@ (100025f4 <__aeabi_double_init+0x94>)
10002570:	4a21      	ldr	r2, [pc, #132]	@ (100025f8 <__aeabi_double_init+0x98>)
10002572:	6493      	str	r3, [r2, #72]	@ 0x48
10002574:	4821      	ldr	r0, [pc, #132]	@ (100025fc <__aeabi_double_init+0x9c>)
10002576:	f7ff fb65 	bl	10001c44 <rom_func_lookup>
1000257a:	4b21      	ldr	r3, [pc, #132]	@ (10002600 <__aeabi_double_init+0xa0>)
1000257c:	6018      	str	r0, [r3, #0]
1000257e:	bd70      	pop	{r4, r5, r6, pc}
10002580:	4920      	ldr	r1, [pc, #128]	@ (10002604 <__aeabi_double_init+0xa4>)
10002582:	4a1d      	ldr	r2, [pc, #116]	@ (100025f8 <__aeabi_double_init+0x98>)
10002584:	0098      	lsls	r0, r3, #2
10002586:	5081      	str	r1, [r0, r2]
10002588:	3301      	adds	r3, #1
1000258a:	2b1f      	cmp	r3, #31
1000258c:	d9f8      	bls.n	10002580 <__aeabi_double_init+0x20>
1000258e:	e7ec      	b.n	1000256a <__aeabi_double_init+0xa>
10002590:	2300      	movs	r3, #0
10002592:	e7fa      	b.n	1000258a <__aeabi_double_init+0x2a>
10002594:	481c      	ldr	r0, [pc, #112]	@ (10002608 <__aeabi_double_init+0xa8>)
10002596:	f7ff fb5d 	bl	10001c54 <rom_data_lookup>
1000259a:	0005      	movs	r5, r0
1000259c:	481b      	ldr	r0, [pc, #108]	@ (1000260c <__aeabi_double_init+0xac>)
1000259e:	f7ff fb59 	bl	10001c54 <rom_data_lookup>
100025a2:	3802      	subs	r0, #2
100025a4:	7803      	ldrb	r3, [r0, #0]
100025a6:	009b      	lsls	r3, r3, #2
100025a8:	2b7f      	cmp	r3, #127	@ 0x7f
100025aa:	dd09      	ble.n	100025c0 <__aeabi_double_init+0x60>
100025ac:	4812      	ldr	r0, [pc, #72]	@ (100025f8 <__aeabi_double_init+0x98>)
100025ae:	2280      	movs	r2, #128	@ 0x80
100025b0:	0029      	movs	r1, r5
100025b2:	f000 f97d 	bl	100028b0 <__wrap___aeabi_memcpy>
100025b6:	2c02      	cmp	r4, #2
100025b8:	d008      	beq.n	100025cc <__aeabi_double_init+0x6c>
100025ba:	2c02      	cmp	r4, #2
100025bc:	dcda      	bgt.n	10002574 <__aeabi_double_init+0x14>
100025be:	e7d6      	b.n	1000256e <__aeabi_double_init+0xe>
100025c0:	4b13      	ldr	r3, [pc, #76]	@ (10002610 <__aeabi_double_init+0xb0>)
100025c2:	4a14      	ldr	r2, [pc, #80]	@ (10002614 <__aeabi_double_init+0xb4>)
100025c4:	4814      	ldr	r0, [pc, #80]	@ (10002618 <__aeabi_double_init+0xb8>)
100025c6:	2133      	movs	r1, #51	@ 0x33
100025c8:	f001 fa76 	bl	10003ab8 <__assert_func>
100025cc:	4b13      	ldr	r3, [pc, #76]	@ (1000261c <__aeabi_double_init+0xbc>)
100025ce:	881a      	ldrh	r2, [r3, #0]
100025d0:	23b5      	movs	r3, #181	@ 0xb5
100025d2:	021b      	lsls	r3, r3, #8
100025d4:	429a      	cmp	r2, r3
100025d6:	d109      	bne.n	100025ec <__aeabi_double_init+0x8c>
100025d8:	4b11      	ldr	r3, [pc, #68]	@ (10002620 <__aeabi_double_init+0xc0>)
100025da:	881a      	ldrh	r2, [r3, #0]
100025dc:	4b11      	ldr	r3, [pc, #68]	@ (10002624 <__aeabi_double_init+0xc4>)
100025de:	429a      	cmp	r2, r3
100025e0:	d104      	bne.n	100025ec <__aeabi_double_init+0x8c>
100025e2:	4b11      	ldr	r3, [pc, #68]	@ (10002628 <__aeabi_double_init+0xc8>)
100025e4:	881a      	ldrh	r2, [r3, #0]
100025e6:	4b11      	ldr	r3, [pc, #68]	@ (1000262c <__aeabi_double_init+0xcc>)
100025e8:	429a      	cmp	r2, r3
100025ea:	d0e6      	beq.n	100025ba <__aeabi_double_init+0x5a>
100025ec:	2000      	movs	r0, #0
100025ee:	f7fe f897 	bl	10000720 <panic>
100025f2:	46c0      	nop			@ (mov r8, r8)
100025f4:	10002631 	.word	0x10002631
100025f8:	20002514 	.word	0x20002514
100025fc:	0000334c 	.word	0x0000334c
10002600:	20002614 	.word	0x20002614
10002604:	10002555 	.word	0x10002555
10002608:	00004453 	.word	0x00004453
1000260c:	00004653 	.word	0x00004653
10002610:	1000807c 	.word	0x1000807c
10002614:	10008d1c 	.word	0x10008d1c
10002618:	100080c0 	.word	0x100080c0
1000261c:	00003854 	.word	0x00003854
10002620:	000038d8 	.word	0x000038d8
10002624:	00004649 	.word	0x00004649
10002628:	0000389c 	.word	0x0000389c
1000262c:	00004659 	.word	0x00004659

10002630 <double_table_shim_on_use_helper>:
10002630:	b507      	push	{r0, r1, r2, lr}
10002632:	4660      	mov	r0, ip
10002634:	2800      	cmp	r0, #0
10002636:	d100      	bne.n	1000263a <double_table_shim_on_use_helper+0xa>
10002638:	be00      	bkpt	0x0000
1000263a:	8801      	ldrh	r1, [r0, #0]
1000263c:	0a0a      	lsrs	r2, r1, #8
1000263e:	3002      	adds	r0, #2
10002640:	2adf      	cmp	r2, #223	@ 0xdf
10002642:	d1fa      	bne.n	1000263a <double_table_shim_on_use_helper+0xa>
10002644:	b2c9      	uxtb	r1, r1
10002646:	0882      	lsrs	r2, r0, #2
10002648:	d304      	bcc.n	10002654 <double_table_shim_on_use_helper+0x24>
1000264a:	8802      	ldrh	r2, [r0, #0]
1000264c:	8840      	ldrh	r0, [r0, #2]
1000264e:	0400      	lsls	r0, r0, #16
10002650:	4310      	orrs	r0, r2
10002652:	e000      	b.n	10002656 <double_table_shim_on_use_helper+0x26>
10002654:	6800      	ldr	r0, [r0, #0]
10002656:	4a02      	ldr	r2, [pc, #8]	@ (10002660 <double_table_shim_on_use_helper+0x30>)
10002658:	5050      	str	r0, [r2, r1]
1000265a:	9003      	str	r0, [sp, #12]
1000265c:	bd07      	pop	{r0, r1, r2, pc}
1000265e:	0000      	.short	0x0000
10002660:	20002514 	.word	0x20002514

10002664 <__wrap___aeabi_lmul>:
10002664:	4351      	muls	r1, r2
10002666:	4343      	muls	r3, r0
10002668:	18c9      	adds	r1, r1, r3
1000266a:	468c      	mov	ip, r1
1000266c:	0c11      	lsrs	r1, r2, #16
1000266e:	b283      	uxth	r3, r0
10002670:	434b      	muls	r3, r1
10002672:	b410      	push	{r4}
10002674:	0c04      	lsrs	r4, r0, #16
10002676:	4361      	muls	r1, r4
10002678:	b292      	uxth	r2, r2
1000267a:	b280      	uxth	r0, r0
1000267c:	4350      	muls	r0, r2
1000267e:	4362      	muls	r2, r4
10002680:	041c      	lsls	r4, r3, #16
10002682:	0c1b      	lsrs	r3, r3, #16
10002684:	1900      	adds	r0, r0, r4
10002686:	bc10      	pop	{r4}
10002688:	4159      	adcs	r1, r3
1000268a:	0413      	lsls	r3, r2, #16
1000268c:	0c12      	lsrs	r2, r2, #16
1000268e:	18c0      	adds	r0, r0, r3
10002690:	4151      	adcs	r1, r2
10002692:	4461      	add	r1, ip
10002694:	4770      	bx	lr
	...

10002698 <__wrap___aeabi_frsub>:
10002698:	4048      	eors	r0, r1
1000269a:	4041      	eors	r1, r0
1000269c:	4048      	eors	r0, r1

1000269e <__wrap___aeabi_fsub>:
1000269e:	4b0e      	ldr	r3, [pc, #56]	@ (100026d8 <__wrap___aeabi_fmul+0x6>)
100026a0:	685b      	ldr	r3, [r3, #4]
100026a2:	4718      	bx	r3

100026a4 <__wrap___aeabi_fadd>:
100026a4:	4b0c      	ldr	r3, [pc, #48]	@ (100026d8 <__wrap___aeabi_fmul+0x6>)
100026a6:	681b      	ldr	r3, [r3, #0]
100026a8:	4718      	bx	r3

100026aa <__wrap___aeabi_fdiv>:
100026aa:	4a0c      	ldr	r2, [pc, #48]	@ (100026dc <__wrap___aeabi_fmul+0xa>)
100026ac:	6f93      	ldr	r3, [r2, #120]	@ 0x78
100026ae:	089b      	lsrs	r3, r3, #2
100026b0:	d202      	bcs.n	100026b8 <fdiv_save_state>

100026b2 <fdiv_shim_call>:
100026b2:	4b09      	ldr	r3, [pc, #36]	@ (100026d8 <__wrap___aeabi_fmul+0x6>)
100026b4:	68db      	ldr	r3, [r3, #12]
100026b6:	4718      	bx	r3

100026b8 <fdiv_save_state>:
100026b8:	b5f0      	push	{r4, r5, r6, r7, lr}
100026ba:	6e14      	ldr	r4, [r2, #96]	@ 0x60
100026bc:	6e55      	ldr	r5, [r2, #100]	@ 0x64
100026be:	6f57      	ldr	r7, [r2, #116]	@ 0x74
100026c0:	6f16      	ldr	r6, [r2, #112]	@ 0x70
100026c2:	f7ff fff6 	bl	100026b2 <fdiv_shim_call>
100026c6:	4a05      	ldr	r2, [pc, #20]	@ (100026dc <__wrap___aeabi_fmul+0xa>)
100026c8:	6614      	str	r4, [r2, #96]	@ 0x60
100026ca:	6655      	str	r5, [r2, #100]	@ 0x64
100026cc:	6757      	str	r7, [r2, #116]	@ 0x74
100026ce:	6716      	str	r6, [r2, #112]	@ 0x70
100026d0:	bdf0      	pop	{r4, r5, r6, r7, pc}

100026d2 <__wrap___aeabi_fmul>:
100026d2:	4b01      	ldr	r3, [pc, #4]	@ (100026d8 <__wrap___aeabi_fmul+0x6>)
100026d4:	689b      	ldr	r3, [r3, #8]
100026d6:	4718      	bx	r3
100026d8:	20002618 	.word	0x20002618
100026dc:	d0000000 	.word	0xd0000000

100026e0 <__wrap___aeabi_cfrcmple>:
100026e0:	b507      	push	{r0, r1, r2, lr}
100026e2:	4048      	eors	r0, r1
100026e4:	4041      	eors	r1, r0
100026e6:	4048      	eors	r0, r1
100026e8:	e001      	b.n	100026ee <__aeabi_cfcmple_guts>
100026ea:	46c0      	nop			@ (mov r8, r8)

100026ec <__wrap___aeabi_cfcmpeq>:
100026ec:	b507      	push	{r0, r1, r2, lr}

100026ee <__aeabi_cfcmple_guts>:
100026ee:	0042      	lsls	r2, r0, #1
100026f0:	0e12      	lsrs	r2, r2, #24
100026f2:	d003      	beq.n	100026fc <__aeabi_cfcmple_guts+0xe>
100026f4:	2aff      	cmp	r2, #255	@ 0xff
100026f6:	d103      	bne.n	10002700 <__aeabi_cfcmple_guts+0x12>
100026f8:	0242      	lsls	r2, r0, #9
100026fa:	d818      	bhi.n	1000272e <__aeabi_cfcmple_guts+0x40>
100026fc:	0dc0      	lsrs	r0, r0, #23
100026fe:	05c0      	lsls	r0, r0, #23
10002700:	004a      	lsls	r2, r1, #1
10002702:	0e12      	lsrs	r2, r2, #24
10002704:	d003      	beq.n	1000270e <__aeabi_cfcmple_guts+0x20>
10002706:	2aff      	cmp	r2, #255	@ 0xff
10002708:	d103      	bne.n	10002712 <__aeabi_cfcmple_guts+0x24>
1000270a:	024a      	lsls	r2, r1, #9
1000270c:	d80f      	bhi.n	1000272e <__aeabi_cfcmple_guts+0x40>
1000270e:	0dc9      	lsrs	r1, r1, #23
10002710:	05c9      	lsls	r1, r1, #23
10002712:	2201      	movs	r2, #1
10002714:	4041      	eors	r1, r0
10002716:	d405      	bmi.n	10002724 <__aeabi_cfcmple_guts+0x36>
10002718:	4041      	eors	r1, r0
1000271a:	d501      	bpl.n	10002720 <__aeabi_cfcmple_guts+0x32>
1000271c:	4281      	cmp	r1, r0
1000271e:	bd07      	pop	{r0, r1, r2, pc}
10002720:	4288      	cmp	r0, r1
10002722:	bd07      	pop	{r0, r1, r2, pc}
10002724:	4301      	orrs	r1, r0
10002726:	1849      	adds	r1, r1, r1
10002728:	d001      	beq.n	1000272e <__aeabi_cfcmple_guts+0x40>
1000272a:	43c0      	mvns	r0, r0
1000272c:	1800      	adds	r0, r0, r0
1000272e:	bd07      	pop	{r0, r1, r2, pc}

10002730 <__wrap___aeabi_fcmplt>:
10002730:	b500      	push	{lr}
10002732:	f7ff ffdb 	bl	100026ec <__wrap___aeabi_cfcmpeq>
10002736:	4180      	sbcs	r0, r0
10002738:	bd00      	pop	{pc}
1000273a:	46c0      	nop			@ (mov r8, r8)

1000273c <__wrap___aeabi_fcmpgt>:
1000273c:	b500      	push	{lr}
1000273e:	f7ff ffcf 	bl	100026e0 <__wrap___aeabi_cfrcmple>
10002742:	4180      	sbcs	r0, r0
10002744:	bd00      	pop	{pc}
	...

10002748 <__wrap___aeabi_i2f>:
10002748:	0fc1      	lsrs	r1, r0, #31
1000274a:	07c9      	lsls	r1, r1, #31
1000274c:	d500      	bpl.n	10002750 <__wrap___aeabi_i2f+0x8>
1000274e:	4240      	negs	r0, r0
10002750:	2800      	cmp	r0, #0
10002752:	d017      	beq.n	10002784 <__aeabi_i2f_main+0x30>

10002754 <__aeabi_i2f_main>:
10002754:	46f4      	mov	ip, lr
10002756:	b403      	push	{r0, r1}
10002758:	4b0b      	ldr	r3, [pc, #44]	@ (10002788 <__aeabi_i2f_main+0x34>)
1000275a:	681b      	ldr	r3, [r3, #0]
1000275c:	4798      	blx	r3
1000275e:	bc06      	pop	{r1, r2}
10002760:	4081      	lsls	r1, r0
10002762:	389e      	subs	r0, #158	@ 0x9e
10002764:	4240      	negs	r0, r0
10002766:	3180      	adds	r1, #128	@ 0x80
10002768:	d207      	bcs.n	1000277a <__aeabi_i2f_main+0x26>
1000276a:	060b      	lsls	r3, r1, #24
1000276c:	d007      	beq.n	1000277e <__aeabi_i2f_main+0x2a>
1000276e:	0049      	lsls	r1, r1, #1
10002770:	0a49      	lsrs	r1, r1, #9
10002772:	05c0      	lsls	r0, r0, #23
10002774:	4310      	orrs	r0, r2
10002776:	4308      	orrs	r0, r1
10002778:	4760      	bx	ip
1000277a:	3001      	adds	r0, #1
1000277c:	e7f8      	b.n	10002770 <__aeabi_i2f_main+0x1c>
1000277e:	0a49      	lsrs	r1, r1, #9
10002780:	0289      	lsls	r1, r1, #10
10002782:	e7f5      	b.n	10002770 <__aeabi_i2f_main+0x1c>
10002784:	4770      	bx	lr
10002786:	0000      	.short	0x0000
10002788:	20002614 	.word	0x20002614

1000278c <__wrap___aeabi_f2iz>:
1000278c:	0041      	lsls	r1, r0, #1
1000278e:	0e0a      	lsrs	r2, r1, #24
10002790:	2380      	movs	r3, #128	@ 0x80
10002792:	061b      	lsls	r3, r3, #24
10002794:	2a7e      	cmp	r2, #126	@ 0x7e
10002796:	dd0b      	ble.n	100027b0 <__wrap___aeabi_f2iz+0x24>
10002798:	3a9e      	subs	r2, #158	@ 0x9e
1000279a:	da0b      	bge.n	100027b4 <__wrap___aeabi_f2iz+0x28>
1000279c:	17c1      	asrs	r1, r0, #31
1000279e:	0240      	lsls	r0, r0, #9
100027a0:	0840      	lsrs	r0, r0, #1
100027a2:	4318      	orrs	r0, r3
100027a4:	4252      	negs	r2, r2
100027a6:	40d0      	lsrs	r0, r2
100027a8:	0049      	lsls	r1, r1, #1
100027aa:	3101      	adds	r1, #1
100027ac:	4348      	muls	r0, r1
100027ae:	4770      	bx	lr
100027b0:	2000      	movs	r0, #0
100027b2:	4770      	bx	lr
100027b4:	0fc0      	lsrs	r0, r0, #31
100027b6:	18c0      	adds	r0, r0, r3
100027b8:	3801      	subs	r0, #1
100027ba:	4770      	bx	lr
100027bc:	42c0      	cmn	r0, r0
100027be:	d30d      	bcc.n	100027dc <float2int>
100027c0:	b500      	push	{lr}
100027c2:	0040      	lsls	r0, r0, #1
100027c4:	0840      	lsrs	r0, r0, #1
100027c6:	2100      	movs	r1, #0
100027c8:	f000 f80e 	bl	100027e8 <__wrap___aeabi_f2uiz>
100027cc:	2800      	cmp	r0, #0
100027ce:	d401      	bmi.n	100027d4 <__wrap___aeabi_f2iz+0x48>
100027d0:	4240      	negs	r0, r0
100027d2:	bd00      	pop	{pc}
100027d4:	2080      	movs	r0, #128	@ 0x80
100027d6:	0600      	lsls	r0, r0, #24
100027d8:	bd00      	pop	{pc}
	...

100027dc <float2int>:
100027dc:	4b01      	ldr	r3, [pc, #4]	@ (100027e4 <float2int+0x8>)
100027de:	69db      	ldr	r3, [r3, #28]
100027e0:	4718      	bx	r3
100027e2:	0000      	.short	0x0000
100027e4:	20002618 	.word	0x20002618

100027e8 <__wrap___aeabi_f2uiz>:
100027e8:	4b01      	ldr	r3, [pc, #4]	@ (100027f0 <__wrap___aeabi_f2uiz+0x8>)
100027ea:	6a5b      	ldr	r3, [r3, #36]	@ 0x24
100027ec:	4718      	bx	r3
100027ee:	0000      	.short	0x0000
100027f0:	20002618 	.word	0x20002618

100027f4 <__wrap___aeabi_f2d>:
100027f4:	4b01      	ldr	r3, [pc, #4]	@ (100027fc <__wrap___aeabi_f2d+0x8>)
100027f6:	6fdb      	ldr	r3, [r3, #124]	@ 0x7c
100027f8:	4718      	bx	r3
100027fa:	0000      	.short	0x0000
100027fc:	20002618 	.word	0x20002618

10002800 <missing_float_func_shim>:
10002800:	b510      	push	{r4, lr}
10002802:	4801      	ldr	r0, [pc, #4]	@ (10002808 <missing_float_func_shim+0x8>)
10002804:	f7fd ff8c 	bl	10000720 <panic>
10002808:	10008220 	.word	0x10008220

1000280c <__aeabi_float_init>:
1000280c:	b570      	push	{r4, r5, r6, lr}
1000280e:	2313      	movs	r3, #19
10002810:	781e      	ldrb	r6, [r3, #0]
10002812:	4818      	ldr	r0, [pc, #96]	@ (10002874 <__aeabi_float_init+0x68>)
10002814:	f7ff fa1e 	bl	10001c54 <rom_data_lookup>
10002818:	0005      	movs	r5, r0
1000281a:	2e01      	cmp	r6, #1
1000281c:	d011      	beq.n	10002842 <__aeabi_float_init+0x36>
1000281e:	2e01      	cmp	r6, #1
10002820:	dd09      	ble.n	10002836 <__aeabi_float_init+0x2a>
10002822:	1eab      	subs	r3, r5, #2
10002824:	781b      	ldrb	r3, [r3, #0]
10002826:	009b      	lsls	r3, r3, #2
10002828:	2b7f      	cmp	r3, #127	@ 0x7f
1000282a:	dd1d      	ble.n	10002868 <__aeabi_float_init+0x5c>
1000282c:	4812      	ldr	r0, [pc, #72]	@ (10002878 <__aeabi_float_init+0x6c>)
1000282e:	2280      	movs	r2, #128	@ 0x80
10002830:	0029      	movs	r1, r5
10002832:	f000 f83d 	bl	100028b0 <__wrap___aeabi_memcpy>
10002836:	4811      	ldr	r0, [pc, #68]	@ (1000287c <__aeabi_float_init+0x70>)
10002838:	f7ff fa04 	bl	10001c44 <rom_func_lookup>
1000283c:	4b10      	ldr	r3, [pc, #64]	@ (10002880 <__aeabi_float_init+0x74>)
1000283e:	6018      	str	r0, [r3, #0]
10002840:	bd70      	pop	{r4, r5, r6, pc}
10002842:	480d      	ldr	r0, [pc, #52]	@ (10002878 <__aeabi_float_init+0x6c>)
10002844:	2254      	movs	r2, #84	@ 0x54
10002846:	0029      	movs	r1, r5
10002848:	f000 f832 	bl	100028b0 <__wrap___aeabi_memcpy>
1000284c:	2300      	movs	r3, #0
1000284e:	e000      	b.n	10002852 <__aeabi_float_init+0x46>
10002850:	3301      	adds	r3, #1
10002852:	2b1f      	cmp	r3, #31
10002854:	d8e3      	bhi.n	1000281e <__aeabi_float_init+0x12>
10002856:	4a08      	ldr	r2, [pc, #32]	@ (10002878 <__aeabi_float_init+0x6c>)
10002858:	009c      	lsls	r4, r3, #2
1000285a:	58a2      	ldr	r2, [r4, r2]
1000285c:	2a00      	cmp	r2, #0
1000285e:	d1f7      	bne.n	10002850 <__aeabi_float_init+0x44>
10002860:	4908      	ldr	r1, [pc, #32]	@ (10002884 <__aeabi_float_init+0x78>)
10002862:	4a05      	ldr	r2, [pc, #20]	@ (10002878 <__aeabi_float_init+0x6c>)
10002864:	50a1      	str	r1, [r4, r2]
10002866:	e7f3      	b.n	10002850 <__aeabi_float_init+0x44>
10002868:	4b07      	ldr	r3, [pc, #28]	@ (10002888 <__aeabi_float_init+0x7c>)
1000286a:	4a08      	ldr	r2, [pc, #32]	@ (1000288c <__aeabi_float_init+0x80>)
1000286c:	4808      	ldr	r0, [pc, #32]	@ (10002890 <__aeabi_float_init+0x84>)
1000286e:	2142      	movs	r1, #66	@ 0x42
10002870:	f001 f922 	bl	10003ab8 <__assert_func>
10002874:	00004653 	.word	0x00004653
10002878:	20002618 	.word	0x20002618
1000287c:	0000334c 	.word	0x0000334c
10002880:	20002614 	.word	0x20002614
10002884:	10002801 	.word	0x10002801
10002888:	10008120 	.word	0x10008120
1000288c:	10008d30 	.word	0x10008d30
10002890:	10008154 	.word	0x10008154

10002894 <__aeabi_mem_init>:
10002894:	4801      	ldr	r0, [pc, #4]	@ (1000289c <__aeabi_mem_init+0x8>)
10002896:	2104      	movs	r1, #4
10002898:	4b01      	ldr	r3, [pc, #4]	@ (100028a0 <__aeabi_mem_init+0xc>)
1000289a:	4718      	bx	r3
1000289c:	20000e70 	.word	0x20000e70
100028a0:	10001c65 	.word	0x10001c65

100028a4 <__wrap_memset>:
100028a4:	4b01      	ldr	r3, [pc, #4]	@ (100028ac <__wrap_memset+0x8>)
100028a6:	681b      	ldr	r3, [r3, #0]
100028a8:	4718      	bx	r3
100028aa:	0000      	.short	0x0000
100028ac:	20000e70 	.word	0x20000e70

100028b0 <__wrap___aeabi_memcpy>:
100028b0:	4b01      	ldr	r3, [pc, #4]	@ (100028b8 <__wrap___aeabi_memcpy+0x8>)
100028b2:	685b      	ldr	r3, [r3, #4]
100028b4:	4718      	bx	r3
100028b6:	0000      	.short	0x0000
100028b8:	20000e70 	.word	0x20000e70

100028bc <_out_null>:
100028bc:	4770      	bx	lr

100028be <_out_fct>:
100028be:	b510      	push	{r4, lr}
100028c0:	2800      	cmp	r0, #0
100028c2:	d002      	beq.n	100028ca <_out_fct+0xc>
100028c4:	680b      	ldr	r3, [r1, #0]
100028c6:	6849      	ldr	r1, [r1, #4]
100028c8:	4798      	blx	r3
100028ca:	bd10      	pop	{r4, pc}

100028cc <_atoi>:
100028cc:	0001      	movs	r1, r0
100028ce:	2000      	movs	r0, #0
100028d0:	e007      	b.n	100028e2 <_atoi+0x16>
100028d2:	0083      	lsls	r3, r0, #2
100028d4:	181b      	adds	r3, r3, r0
100028d6:	005b      	lsls	r3, r3, #1
100028d8:	1c50      	adds	r0, r2, #1
100028da:	6008      	str	r0, [r1, #0]
100028dc:	7810      	ldrb	r0, [r2, #0]
100028de:	18c0      	adds	r0, r0, r3
100028e0:	3830      	subs	r0, #48	@ 0x30
100028e2:	680a      	ldr	r2, [r1, #0]
100028e4:	7813      	ldrb	r3, [r2, #0]
100028e6:	3b30      	subs	r3, #48	@ 0x30
100028e8:	b2db      	uxtb	r3, r3
100028ea:	2b09      	cmp	r3, #9
100028ec:	d9f1      	bls.n	100028d2 <_atoi+0x6>
100028ee:	4770      	bx	lr

100028f0 <_out_rev>:
100028f0:	b5f0      	push	{r4, r5, r6, r7, lr}
100028f2:	46de      	mov	lr, fp
100028f4:	4657      	mov	r7, sl
100028f6:	464e      	mov	r6, r9
100028f8:	4645      	mov	r5, r8
100028fa:	b5e0      	push	{r5, r6, r7, lr}
100028fc:	b083      	sub	sp, #12
100028fe:	4693      	mov	fp, r2
10002900:	001f      	movs	r7, r3
10002902:	9b0c      	ldr	r3, [sp, #48]	@ 0x30
10002904:	469a      	mov	sl, r3
10002906:	9c0d      	ldr	r4, [sp, #52]	@ 0x34
10002908:	9b0e      	ldr	r3, [sp, #56]	@ 0x38
1000290a:	4699      	mov	r9, r3
1000290c:	9b0f      	ldr	r3, [sp, #60]	@ 0x3c
1000290e:	079b      	lsls	r3, r3, #30
10002910:	d017      	beq.n	10002942 <_out_rev+0x52>
10002912:	46b8      	mov	r8, r7
10002914:	000f      	movs	r7, r1
10002916:	0006      	movs	r6, r0
10002918:	e022      	b.n	10002960 <_out_rev+0x70>
1000291a:	1c55      	adds	r5, r2, #1
1000291c:	464b      	mov	r3, r9
1000291e:	4641      	mov	r1, r8
10002920:	2020      	movs	r0, #32
10002922:	47b8      	blx	r7
10002924:	3401      	adds	r4, #1
10002926:	002a      	movs	r2, r5
10002928:	42b4      	cmp	r4, r6
1000292a:	d3f6      	bcc.n	1000291a <_out_rev+0x2a>
1000292c:	003d      	movs	r5, r7
1000292e:	464f      	mov	r7, r9
10002930:	465c      	mov	r4, fp
10002932:	9b01      	ldr	r3, [sp, #4]
10002934:	469b      	mov	fp, r3
10002936:	46b1      	mov	r9, r6
10002938:	4646      	mov	r6, r8
1000293a:	46b8      	mov	r8, r7
1000293c:	0037      	movs	r7, r6
1000293e:	002e      	movs	r6, r5
10002940:	e00e      	b.n	10002960 <_out_rev+0x70>
10002942:	9201      	str	r2, [sp, #4]
10002944:	46a3      	mov	fp, r4
10002946:	4688      	mov	r8, r1
10002948:	464e      	mov	r6, r9
1000294a:	46b9      	mov	r9, r7
1000294c:	0007      	movs	r7, r0
1000294e:	e7eb      	b.n	10002928 <_out_rev+0x38>
10002950:	3c01      	subs	r4, #1
10002952:	1c55      	adds	r5, r2, #1
10002954:	4653      	mov	r3, sl
10002956:	5d18      	ldrb	r0, [r3, r4]
10002958:	4643      	mov	r3, r8
1000295a:	0039      	movs	r1, r7
1000295c:	47b0      	blx	r6
1000295e:	002a      	movs	r2, r5
10002960:	2c00      	cmp	r4, #0
10002962:	d1f5      	bne.n	10002950 <_out_rev+0x60>
10002964:	0035      	movs	r5, r6
10002966:	003e      	movs	r6, r7
10002968:	4647      	mov	r7, r8
1000296a:	9b0f      	ldr	r3, [sp, #60]	@ 0x3c
1000296c:	079b      	lsls	r3, r3, #30
1000296e:	d411      	bmi.n	10002994 <_out_rev+0xa4>
10002970:	0010      	movs	r0, r2
10002972:	b003      	add	sp, #12
10002974:	bcf0      	pop	{r4, r5, r6, r7}
10002976:	46bb      	mov	fp, r7
10002978:	46b2      	mov	sl, r6
1000297a:	46a9      	mov	r9, r5
1000297c:	46a0      	mov	r8, r4
1000297e:	bdf0      	pop	{r4, r5, r6, r7, pc}
10002980:	1c54      	adds	r4, r2, #1
10002982:	464b      	mov	r3, r9
10002984:	4641      	mov	r1, r8
10002986:	2020      	movs	r0, #32
10002988:	47b8      	blx	r7
1000298a:	0022      	movs	r2, r4
1000298c:	1b53      	subs	r3, r2, r5
1000298e:	42b3      	cmp	r3, r6
10002990:	d3f6      	bcc.n	10002980 <_out_rev+0x90>
10002992:	e7ed      	b.n	10002970 <_out_rev+0x80>
10002994:	46b0      	mov	r8, r6
10002996:	464e      	mov	r6, r9
10002998:	46b9      	mov	r9, r7
1000299a:	002f      	movs	r7, r5
1000299c:	465d      	mov	r5, fp
1000299e:	e7f5      	b.n	1000298c <_out_rev+0x9c>

100029a0 <_ntoa_format>:
100029a0:	b5f0      	push	{r4, r5, r6, r7, lr}
100029a2:	46ce      	mov	lr, r9
100029a4:	4647      	mov	r7, r8
100029a6:	b580      	push	{r7, lr}
100029a8:	b085      	sub	sp, #20
100029aa:	4694      	mov	ip, r2
100029ac:	4698      	mov	r8, r3
100029ae:	9d0c      	ldr	r5, [sp, #48]	@ 0x30
100029b0:	9c0d      	ldr	r4, [sp, #52]	@ 0x34
100029b2:	ab0e      	add	r3, sp, #56	@ 0x38
100029b4:	781b      	ldrb	r3, [r3, #0]
100029b6:	4699      	mov	r9, r3
100029b8:	9a10      	ldr	r2, [sp, #64]	@ 0x40
100029ba:	9b11      	ldr	r3, [sp, #68]	@ 0x44
100029bc:	9e12      	ldr	r6, [sp, #72]	@ 0x48
100029be:	07b7      	lsls	r7, r6, #30
100029c0:	d41c      	bmi.n	100029fc <_ntoa_format+0x5c>
100029c2:	2b00      	cmp	r3, #0
100029c4:	d00c      	beq.n	100029e0 <_ntoa_format+0x40>
100029c6:	07f7      	lsls	r7, r6, #31
100029c8:	d50a      	bpl.n	100029e0 <_ntoa_format+0x40>
100029ca:	464f      	mov	r7, r9
100029cc:	2f00      	cmp	r7, #0
100029ce:	d102      	bne.n	100029d6 <_ntoa_format+0x36>
100029d0:	370c      	adds	r7, #12
100029d2:	4237      	tst	r7, r6
100029d4:	d004      	beq.n	100029e0 <_ntoa_format+0x40>
100029d6:	3b01      	subs	r3, #1
100029d8:	e002      	b.n	100029e0 <_ntoa_format+0x40>
100029da:	2730      	movs	r7, #48	@ 0x30
100029dc:	552f      	strb	r7, [r5, r4]
100029de:	3401      	adds	r4, #1
100029e0:	4294      	cmp	r4, r2
100029e2:	d201      	bcs.n	100029e8 <_ntoa_format+0x48>
100029e4:	2c1f      	cmp	r4, #31
100029e6:	d9f8      	bls.n	100029da <_ntoa_format+0x3a>
100029e8:	07f7      	lsls	r7, r6, #31
100029ea:	d507      	bpl.n	100029fc <_ntoa_format+0x5c>
100029ec:	429c      	cmp	r4, r3
100029ee:	d205      	bcs.n	100029fc <_ntoa_format+0x5c>
100029f0:	2c1f      	cmp	r4, #31
100029f2:	d803      	bhi.n	100029fc <_ntoa_format+0x5c>
100029f4:	2730      	movs	r7, #48	@ 0x30
100029f6:	552f      	strb	r7, [r5, r4]
100029f8:	3401      	adds	r4, #1
100029fa:	e7f5      	b.n	100029e8 <_ntoa_format+0x48>
100029fc:	06f7      	lsls	r7, r6, #27
100029fe:	d512      	bpl.n	10002a26 <_ntoa_format+0x86>
10002a00:	0577      	lsls	r7, r6, #21
10002a02:	d405      	bmi.n	10002a10 <_ntoa_format+0x70>
10002a04:	2c00      	cmp	r4, #0
10002a06:	d003      	beq.n	10002a10 <_ntoa_format+0x70>
10002a08:	4294      	cmp	r4, r2
10002a0a:	d021      	beq.n	10002a50 <_ntoa_format+0xb0>
10002a0c:	429c      	cmp	r4, r3
10002a0e:	d01f      	beq.n	10002a50 <_ntoa_format+0xb0>
10002a10:	9a0f      	ldr	r2, [sp, #60]	@ 0x3c
10002a12:	2a10      	cmp	r2, #16
10002a14:	d02f      	beq.n	10002a76 <_ntoa_format+0xd6>
10002a16:	9a0f      	ldr	r2, [sp, #60]	@ 0x3c
10002a18:	2a02      	cmp	r2, #2
10002a1a:	d036      	beq.n	10002a8a <_ntoa_format+0xea>
10002a1c:	2c1f      	cmp	r4, #31
10002a1e:	d80a      	bhi.n	10002a36 <_ntoa_format+0x96>
10002a20:	2230      	movs	r2, #48	@ 0x30
10002a22:	552a      	strb	r2, [r5, r4]
10002a24:	3401      	adds	r4, #1
10002a26:	2c1f      	cmp	r4, #31
10002a28:	d805      	bhi.n	10002a36 <_ntoa_format+0x96>
10002a2a:	464a      	mov	r2, r9
10002a2c:	2a00      	cmp	r2, #0
10002a2e:	d032      	beq.n	10002a96 <_ntoa_format+0xf6>
10002a30:	222d      	movs	r2, #45	@ 0x2d
10002a32:	552a      	strb	r2, [r5, r4]
10002a34:	3401      	adds	r4, #1
10002a36:	9603      	str	r6, [sp, #12]
10002a38:	9302      	str	r3, [sp, #8]
10002a3a:	9401      	str	r4, [sp, #4]
10002a3c:	9500      	str	r5, [sp, #0]
10002a3e:	4643      	mov	r3, r8
10002a40:	4662      	mov	r2, ip
10002a42:	f7ff ff55 	bl	100028f0 <_out_rev>
10002a46:	b005      	add	sp, #20
10002a48:	bcc0      	pop	{r6, r7}
10002a4a:	46b9      	mov	r9, r7
10002a4c:	46b0      	mov	r8, r6
10002a4e:	bdf0      	pop	{r4, r5, r6, r7, pc}
10002a50:	1e62      	subs	r2, r4, #1
10002a52:	2c01      	cmp	r4, #1
10002a54:	d017      	beq.n	10002a86 <_ntoa_format+0xe6>
10002a56:	9f0f      	ldr	r7, [sp, #60]	@ 0x3c
10002a58:	2f10      	cmp	r7, #16
10002a5a:	d00b      	beq.n	10002a74 <_ntoa_format+0xd4>
10002a5c:	0014      	movs	r4, r2
10002a5e:	9a0f      	ldr	r2, [sp, #60]	@ 0x3c
10002a60:	2a10      	cmp	r2, #16
10002a62:	d1d8      	bne.n	10002a16 <_ntoa_format+0x76>
10002a64:	06b2      	lsls	r2, r6, #26
10002a66:	d5d6      	bpl.n	10002a16 <_ntoa_format+0x76>
10002a68:	2c1f      	cmp	r4, #31
10002a6a:	d8d4      	bhi.n	10002a16 <_ntoa_format+0x76>
10002a6c:	2258      	movs	r2, #88	@ 0x58
10002a6e:	552a      	strb	r2, [r5, r4]
10002a70:	3401      	adds	r4, #1
10002a72:	e7d3      	b.n	10002a1c <_ntoa_format+0x7c>
10002a74:	3c02      	subs	r4, #2
10002a76:	06b2      	lsls	r2, r6, #26
10002a78:	d4f1      	bmi.n	10002a5e <_ntoa_format+0xbe>
10002a7a:	2c1f      	cmp	r4, #31
10002a7c:	d8ef      	bhi.n	10002a5e <_ntoa_format+0xbe>
10002a7e:	2278      	movs	r2, #120	@ 0x78
10002a80:	552a      	strb	r2, [r5, r4]
10002a82:	3401      	adds	r4, #1
10002a84:	e7ca      	b.n	10002a1c <_ntoa_format+0x7c>
10002a86:	0014      	movs	r4, r2
10002a88:	e7c2      	b.n	10002a10 <_ntoa_format+0x70>
10002a8a:	2c1f      	cmp	r4, #31
10002a8c:	d8d3      	bhi.n	10002a36 <_ntoa_format+0x96>
10002a8e:	3260      	adds	r2, #96	@ 0x60
10002a90:	552a      	strb	r2, [r5, r4]
10002a92:	3401      	adds	r4, #1
10002a94:	e7c2      	b.n	10002a1c <_ntoa_format+0x7c>
10002a96:	0772      	lsls	r2, r6, #29
10002a98:	d503      	bpl.n	10002aa2 <_ntoa_format+0x102>
10002a9a:	222b      	movs	r2, #43	@ 0x2b
10002a9c:	552a      	strb	r2, [r5, r4]
10002a9e:	3401      	adds	r4, #1
10002aa0:	e7c9      	b.n	10002a36 <_ntoa_format+0x96>
10002aa2:	0732      	lsls	r2, r6, #28
10002aa4:	d5c7      	bpl.n	10002a36 <_ntoa_format+0x96>
10002aa6:	2220      	movs	r2, #32
10002aa8:	552a      	strb	r2, [r5, r4]
10002aaa:	3401      	adds	r4, #1
10002aac:	e7c3      	b.n	10002a36 <_ntoa_format+0x96>

10002aae <_ntoa_long>:
10002aae:	b5f0      	push	{r4, r5, r6, r7, lr}
10002ab0:	46de      	mov	lr, fp
10002ab2:	4657      	mov	r7, sl
10002ab4:	464e      	mov	r6, r9
10002ab6:	4645      	mov	r5, r8
10002ab8:	b5e0      	push	{r5, r6, r7, lr}
10002aba:	b093      	sub	sp, #76	@ 0x4c
10002abc:	4681      	mov	r9, r0
10002abe:	468a      	mov	sl, r1
10002ac0:	9208      	str	r2, [sp, #32]
10002ac2:	9309      	str	r3, [sp, #36]	@ 0x24
10002ac4:	ab1c      	add	r3, sp, #112	@ 0x70
10002ac6:	cb10      	ldmia	r3!, {r4}
10002ac8:	781b      	ldrb	r3, [r3, #0]
10002aca:	469b      	mov	fp, r3
10002acc:	9d1e      	ldr	r5, [sp, #120]	@ 0x78
10002ace:	9b21      	ldr	r3, [sp, #132]	@ 0x84
10002ad0:	4698      	mov	r8, r3
10002ad2:	2c00      	cmp	r4, #0
10002ad4:	d103      	bne.n	10002ade <_ntoa_long+0x30>
10002ad6:	2310      	movs	r3, #16
10002ad8:	4642      	mov	r2, r8
10002ada:	439a      	bics	r2, r3
10002adc:	4690      	mov	r8, r2
10002ade:	2380      	movs	r3, #128	@ 0x80
10002ae0:	00db      	lsls	r3, r3, #3
10002ae2:	4646      	mov	r6, r8
10002ae4:	401e      	ands	r6, r3
10002ae6:	4642      	mov	r2, r8
10002ae8:	421a      	tst	r2, r3
10002aea:	d018      	beq.n	10002b1e <_ntoa_long+0x70>
10002aec:	2c00      	cmp	r4, #0
10002aee:	d022      	beq.n	10002b36 <_ntoa_long+0x88>
10002af0:	2600      	movs	r6, #0
10002af2:	e014      	b.n	10002b1e <_ntoa_long+0x70>
10002af4:	4642      	mov	r2, r8
10002af6:	0692      	lsls	r2, r2, #26
10002af8:	d51b      	bpl.n	10002b32 <_ntoa_long+0x84>
10002afa:	2141      	movs	r1, #65	@ 0x41
10002afc:	18c9      	adds	r1, r1, r3
10002afe:	b2c9      	uxtb	r1, r1
10002b00:	390a      	subs	r1, #10
10002b02:	b2c9      	uxtb	r1, r1
10002b04:	1c77      	adds	r7, r6, #1
10002b06:	ab0a      	add	r3, sp, #40	@ 0x28
10002b08:	5599      	strb	r1, [r3, r6]
10002b0a:	0029      	movs	r1, r5
10002b0c:	0020      	movs	r0, r4
10002b0e:	f7ff fa13 	bl	10001f38 <__wrap___aeabi_uidiv>
10002b12:	42ac      	cmp	r4, r5
10002b14:	d310      	bcc.n	10002b38 <_ntoa_long+0x8a>
10002b16:	2f1f      	cmp	r7, #31
10002b18:	d80e      	bhi.n	10002b38 <_ntoa_long+0x8a>
10002b1a:	003e      	movs	r6, r7
10002b1c:	0004      	movs	r4, r0
10002b1e:	0029      	movs	r1, r5
10002b20:	0020      	movs	r0, r4
10002b22:	f7ff fa09 	bl	10001f38 <__wrap___aeabi_uidiv>
10002b26:	b2cb      	uxtb	r3, r1
10002b28:	2b09      	cmp	r3, #9
10002b2a:	d8e3      	bhi.n	10002af4 <_ntoa_long+0x46>
10002b2c:	3330      	adds	r3, #48	@ 0x30
10002b2e:	b2d9      	uxtb	r1, r3
10002b30:	e7e8      	b.n	10002b04 <_ntoa_long+0x56>
10002b32:	2161      	movs	r1, #97	@ 0x61
10002b34:	e7e2      	b.n	10002afc <_ntoa_long+0x4e>
10002b36:	0027      	movs	r7, r4
10002b38:	4643      	mov	r3, r8
10002b3a:	9306      	str	r3, [sp, #24]
10002b3c:	9b20      	ldr	r3, [sp, #128]	@ 0x80
10002b3e:	9305      	str	r3, [sp, #20]
10002b40:	9b1f      	ldr	r3, [sp, #124]	@ 0x7c
10002b42:	9304      	str	r3, [sp, #16]
10002b44:	9503      	str	r5, [sp, #12]
10002b46:	465b      	mov	r3, fp
10002b48:	9302      	str	r3, [sp, #8]
10002b4a:	9701      	str	r7, [sp, #4]
10002b4c:	ab0a      	add	r3, sp, #40	@ 0x28
10002b4e:	9300      	str	r3, [sp, #0]
10002b50:	9b09      	ldr	r3, [sp, #36]	@ 0x24
10002b52:	9a08      	ldr	r2, [sp, #32]
10002b54:	4651      	mov	r1, sl
10002b56:	4648      	mov	r0, r9
10002b58:	f7ff ff22 	bl	100029a0 <_ntoa_format>
10002b5c:	b013      	add	sp, #76	@ 0x4c
10002b5e:	bcf0      	pop	{r4, r5, r6, r7}
10002b60:	46bb      	mov	fp, r7
10002b62:	46b2      	mov	sl, r6
10002b64:	46a9      	mov	r9, r5
10002b66:	46a0      	mov	r8, r4
10002b68:	bdf0      	pop	{r4, r5, r6, r7, pc}

10002b6a <_ntoa_long_long>:
10002b6a:	b5f0      	push	{r4, r5, r6, r7, lr}
10002b6c:	46de      	mov	lr, fp
10002b6e:	4657      	mov	r7, sl
10002b70:	464e      	mov	r6, r9
10002b72:	4645      	mov	r5, r8
10002b74:	b5e0      	push	{r5, r6, r7, lr}
10002b76:	b097      	sub	sp, #92	@ 0x5c
10002b78:	900a      	str	r0, [sp, #40]	@ 0x28
10002b7a:	910b      	str	r1, [sp, #44]	@ 0x2c
10002b7c:	920c      	str	r2, [sp, #48]	@ 0x30
10002b7e:	469a      	mov	sl, r3
10002b80:	9b20      	ldr	r3, [sp, #128]	@ 0x80
10002b82:	4699      	mov	r9, r3
10002b84:	9f21      	ldr	r7, [sp, #132]	@ 0x84
10002b86:	aa22      	add	r2, sp, #136	@ 0x88
10002b88:	7813      	ldrb	r3, [r2, #0]
10002b8a:	469b      	mov	fp, r3
10002b8c:	9b24      	ldr	r3, [sp, #144]	@ 0x90
10002b8e:	9309      	str	r3, [sp, #36]	@ 0x24
10002b90:	9c25      	ldr	r4, [sp, #148]	@ 0x94
10002b92:	9b28      	ldr	r3, [sp, #160]	@ 0xa0
10002b94:	4698      	mov	r8, r3
10002b96:	464a      	mov	r2, r9
10002b98:	433a      	orrs	r2, r7
10002b9a:	d102      	bne.n	10002ba2 <_ntoa_long_long+0x38>
10002b9c:	3210      	adds	r2, #16
10002b9e:	4393      	bics	r3, r2
10002ba0:	4698      	mov	r8, r3
10002ba2:	2280      	movs	r2, #128	@ 0x80
10002ba4:	00d2      	lsls	r2, r2, #3
10002ba6:	4645      	mov	r5, r8
10002ba8:	4015      	ands	r5, r2
10002baa:	4643      	mov	r3, r8
10002bac:	4213      	tst	r3, r2
10002bae:	d00a      	beq.n	10002bc6 <_ntoa_long_long+0x5c>
10002bb0:	464a      	mov	r2, r9
10002bb2:	433a      	orrs	r2, r7
10002bb4:	d041      	beq.n	10002c3a <_ntoa_long_long+0xd0>
10002bb6:	2500      	movs	r5, #0
10002bb8:	002e      	movs	r6, r5
10002bba:	4653      	mov	r3, sl
10002bbc:	930d      	str	r3, [sp, #52]	@ 0x34
10002bbe:	464d      	mov	r5, r9
10002bc0:	9b09      	ldr	r3, [sp, #36]	@ 0x24
10002bc2:	469a      	mov	sl, r3
10002bc4:	e021      	b.n	10002c0a <_ntoa_long_long+0xa0>
10002bc6:	002e      	movs	r6, r5
10002bc8:	4653      	mov	r3, sl
10002bca:	930d      	str	r3, [sp, #52]	@ 0x34
10002bcc:	464d      	mov	r5, r9
10002bce:	9b09      	ldr	r3, [sp, #36]	@ 0x24
10002bd0:	469a      	mov	sl, r3
10002bd2:	e01a      	b.n	10002c0a <_ntoa_long_long+0xa0>
10002bd4:	4642      	mov	r2, r8
10002bd6:	0692      	lsls	r2, r2, #26
10002bd8:	d523      	bpl.n	10002c22 <_ntoa_long_long+0xb8>
10002bda:	2241      	movs	r2, #65	@ 0x41
10002bdc:	18d2      	adds	r2, r2, r3
10002bde:	b2d2      	uxtb	r2, r2
10002be0:	3a0a      	subs	r2, #10
10002be2:	b2d2      	uxtb	r2, r2
10002be4:	1c73      	adds	r3, r6, #1
10002be6:	4699      	mov	r9, r3
10002be8:	ab0e      	add	r3, sp, #56	@ 0x38
10002bea:	559a      	strb	r2, [r3, r6]
10002bec:	4652      	mov	r2, sl
10002bee:	0023      	movs	r3, r4
10002bf0:	0028      	movs	r0, r5
10002bf2:	0039      	movs	r1, r7
10002bf4:	f7ff f9de 	bl	10001fb4 <__wrap___aeabi_uldivmod>
10002bf8:	42bc      	cmp	r4, r7
10002bfa:	d820      	bhi.n	10002c3e <_ntoa_long_long+0xd4>
10002bfc:	d013      	beq.n	10002c26 <_ntoa_long_long+0xbc>
10002bfe:	464b      	mov	r3, r9
10002c00:	2b1f      	cmp	r3, #31
10002c02:	d816      	bhi.n	10002c32 <_ntoa_long_long+0xc8>
10002c04:	464e      	mov	r6, r9
10002c06:	0005      	movs	r5, r0
10002c08:	000f      	movs	r7, r1
10002c0a:	4652      	mov	r2, sl
10002c0c:	0023      	movs	r3, r4
10002c0e:	0028      	movs	r0, r5
10002c10:	0039      	movs	r1, r7
10002c12:	f7ff f9cf 	bl	10001fb4 <__wrap___aeabi_uldivmod>
10002c16:	b2d3      	uxtb	r3, r2
10002c18:	2b09      	cmp	r3, #9
10002c1a:	d8db      	bhi.n	10002bd4 <_ntoa_long_long+0x6a>
10002c1c:	3330      	adds	r3, #48	@ 0x30
10002c1e:	b2da      	uxtb	r2, r3
10002c20:	e7e0      	b.n	10002be4 <_ntoa_long_long+0x7a>
10002c22:	2261      	movs	r2, #97	@ 0x61
10002c24:	e7da      	b.n	10002bdc <_ntoa_long_long+0x72>
10002c26:	45aa      	cmp	sl, r5
10002c28:	d9e9      	bls.n	10002bfe <_ntoa_long_long+0x94>
10002c2a:	464e      	mov	r6, r9
10002c2c:	9b0d      	ldr	r3, [sp, #52]	@ 0x34
10002c2e:	469a      	mov	sl, r3
10002c30:	e008      	b.n	10002c44 <_ntoa_long_long+0xda>
10002c32:	464e      	mov	r6, r9
10002c34:	9b0d      	ldr	r3, [sp, #52]	@ 0x34
10002c36:	469a      	mov	sl, r3
10002c38:	e004      	b.n	10002c44 <_ntoa_long_long+0xda>
10002c3a:	2600      	movs	r6, #0
10002c3c:	e002      	b.n	10002c44 <_ntoa_long_long+0xda>
10002c3e:	464e      	mov	r6, r9
10002c40:	9b0d      	ldr	r3, [sp, #52]	@ 0x34
10002c42:	469a      	mov	sl, r3
10002c44:	4643      	mov	r3, r8
10002c46:	9306      	str	r3, [sp, #24]
10002c48:	9b27      	ldr	r3, [sp, #156]	@ 0x9c
10002c4a:	9305      	str	r3, [sp, #20]
10002c4c:	9b26      	ldr	r3, [sp, #152]	@ 0x98
10002c4e:	9304      	str	r3, [sp, #16]
10002c50:	9b09      	ldr	r3, [sp, #36]	@ 0x24
10002c52:	9303      	str	r3, [sp, #12]
10002c54:	465b      	mov	r3, fp
10002c56:	9302      	str	r3, [sp, #8]
10002c58:	9601      	str	r6, [sp, #4]
10002c5a:	ab0e      	add	r3, sp, #56	@ 0x38
10002c5c:	9300      	str	r3, [sp, #0]
10002c5e:	4653      	mov	r3, sl
10002c60:	9a0c      	ldr	r2, [sp, #48]	@ 0x30
10002c62:	990b      	ldr	r1, [sp, #44]	@ 0x2c
10002c64:	980a      	ldr	r0, [sp, #40]	@ 0x28
10002c66:	f7ff fe9b 	bl	100029a0 <_ntoa_format>
10002c6a:	b017      	add	sp, #92	@ 0x5c
10002c6c:	bcf0      	pop	{r4, r5, r6, r7}
10002c6e:	46bb      	mov	fp, r7
10002c70:	46b2      	mov	sl, r6
10002c72:	46a9      	mov	r9, r5
10002c74:	46a0      	mov	r8, r4
10002c76:	bdf0      	pop	{r4, r5, r6, r7, pc}

10002c78 <_etoa>:
10002c78:	b5f0      	push	{r4, r5, r6, r7, lr}
10002c7a:	46de      	mov	lr, fp
10002c7c:	4657      	mov	r7, sl
10002c7e:	464e      	mov	r6, r9
10002c80:	4645      	mov	r5, r8
10002c82:	b5e0      	push	{r5, r6, r7, lr}
10002c84:	b091      	sub	sp, #68	@ 0x44
10002c86:	4680      	mov	r8, r0
10002c88:	4689      	mov	r9, r1
10002c8a:	920c      	str	r2, [sp, #48]	@ 0x30
10002c8c:	469a      	mov	sl, r3
10002c8e:	9c1a      	ldr	r4, [sp, #104]	@ 0x68
10002c90:	9d1b      	ldr	r5, [sp, #108]	@ 0x6c
10002c92:	0022      	movs	r2, r4
10002c94:	002b      	movs	r3, r5
10002c96:	0020      	movs	r0, r4
10002c98:	0029      	movs	r1, r5
10002c9a:	f7ff fc06 	bl	100024aa <__wrap___aeabi_dcmpun>
10002c9e:	2800      	cmp	r0, #0
10002ca0:	d000      	beq.n	10002ca4 <_etoa+0x2c>
10002ca2:	e0f2      	b.n	10002e8a <_etoa+0x212>
10002ca4:	2201      	movs	r2, #1
10002ca6:	4252      	negs	r2, r2
10002ca8:	4bd5      	ldr	r3, [pc, #852]	@ (10003000 <_etoa+0x388>)
10002caa:	0020      	movs	r0, r4
10002cac:	0029      	movs	r1, r5
10002cae:	f7ff fbf7 	bl	100024a0 <__wrap___aeabi_dcmpgt>
10002cb2:	2800      	cmp	r0, #0
10002cb4:	d000      	beq.n	10002cb8 <_etoa+0x40>
10002cb6:	e0e8      	b.n	10002e8a <_etoa+0x212>
10002cb8:	2201      	movs	r2, #1
10002cba:	4252      	negs	r2, r2
10002cbc:	4bd1      	ldr	r3, [pc, #836]	@ (10003004 <_etoa+0x38c>)
10002cbe:	0020      	movs	r0, r4
10002cc0:	0029      	movs	r1, r5
10002cc2:	f7ff fbd7 	bl	10002474 <__wrap___aeabi_dcmplt>
10002cc6:	2800      	cmp	r0, #0
10002cc8:	d000      	beq.n	10002ccc <_etoa+0x54>
10002cca:	e0de      	b.n	10002e8a <_etoa+0x212>
10002ccc:	2200      	movs	r2, #0
10002cce:	2300      	movs	r3, #0
10002cd0:	0020      	movs	r0, r4
10002cd2:	0029      	movs	r1, r5
10002cd4:	f7ff fbce 	bl	10002474 <__wrap___aeabi_dcmplt>
10002cd8:	2800      	cmp	r0, #0
10002cda:	d000      	beq.n	10002cde <_etoa+0x66>
10002cdc:	e0ea      	b.n	10002eb4 <_etoa+0x23c>
10002cde:	9406      	str	r4, [sp, #24]
10002ce0:	9507      	str	r5, [sp, #28]
10002ce2:	2380      	movs	r3, #128	@ 0x80
10002ce4:	00db      	lsls	r3, r3, #3
10002ce6:	9a1e      	ldr	r2, [sp, #120]	@ 0x78
10002ce8:	401a      	ands	r2, r3
10002cea:	920d      	str	r2, [sp, #52]	@ 0x34
10002cec:	9a1e      	ldr	r2, [sp, #120]	@ 0x78
10002cee:	421a      	tst	r2, r3
10002cf0:	d101      	bne.n	10002cf6 <_etoa+0x7e>
10002cf2:	2306      	movs	r3, #6
10002cf4:	931c      	str	r3, [sp, #112]	@ 0x70
10002cf6:	9806      	ldr	r0, [sp, #24]
10002cf8:	9907      	ldr	r1, [sp, #28]
10002cfa:	0002      	movs	r2, r0
10002cfc:	000b      	movs	r3, r1
10002cfe:	9208      	str	r2, [sp, #32]
10002d00:	9309      	str	r3, [sp, #36]	@ 0x24
10002d02:	0003      	movs	r3, r0
10002d04:	000a      	movs	r2, r1
10002d06:	4302      	orrs	r2, r0
10002d08:	d100      	bne.n	10002d0c <_etoa+0x94>
10002d0a:	e0df      	b.n	10002ecc <_etoa+0x254>
10002d0c:	0d08      	lsrs	r0, r1, #20
10002d0e:	0540      	lsls	r0, r0, #21
10002d10:	0d40      	lsrs	r0, r0, #21
10002d12:	4ebd      	ldr	r6, [pc, #756]	@ (10003008 <_etoa+0x390>)
10002d14:	46b4      	mov	ip, r6
10002d16:	4460      	add	r0, ip
10002d18:	9e07      	ldr	r6, [sp, #28]
10002d1a:	0332      	lsls	r2, r6, #12
10002d1c:	0b12      	lsrs	r2, r2, #12
10002d1e:	001e      	movs	r6, r3
10002d20:	4bba      	ldr	r3, [pc, #744]	@ (1000300c <_etoa+0x394>)
10002d22:	4313      	orrs	r3, r2
10002d24:	001f      	movs	r7, r3
10002d26:	f7ff fbd1 	bl	100024cc <__wrap___aeabi_i2d>
10002d2a:	4ab9      	ldr	r2, [pc, #740]	@ (10003010 <_etoa+0x398>)
10002d2c:	4bb9      	ldr	r3, [pc, #740]	@ (10003014 <_etoa+0x39c>)
10002d2e:	f7ff fb62 	bl	100023f6 <__wrap___aeabi_dmul>
10002d32:	4ab9      	ldr	r2, [pc, #740]	@ (10003018 <_etoa+0x3a0>)
10002d34:	4bb9      	ldr	r3, [pc, #740]	@ (1000301c <_etoa+0x3a4>)
10002d36:	f7ff fb3f 	bl	100023b8 <__wrap___aeabi_dadd>
10002d3a:	9008      	str	r0, [sp, #32]
10002d3c:	9109      	str	r1, [sp, #36]	@ 0x24
10002d3e:	2200      	movs	r2, #0
10002d40:	4bb7      	ldr	r3, [pc, #732]	@ (10003020 <_etoa+0x3a8>)
10002d42:	0030      	movs	r0, r6
10002d44:	0039      	movs	r1, r7
10002d46:	f7ff fb32 	bl	100023ae <__wrap___aeabi_dsub>
10002d4a:	4ab6      	ldr	r2, [pc, #728]	@ (10003024 <_etoa+0x3ac>)
10002d4c:	4bb6      	ldr	r3, [pc, #728]	@ (10003028 <_etoa+0x3b0>)
10002d4e:	f7ff fb52 	bl	100023f6 <__wrap___aeabi_dmul>
10002d52:	0002      	movs	r2, r0
10002d54:	000b      	movs	r3, r1
10002d56:	9808      	ldr	r0, [sp, #32]
10002d58:	9909      	ldr	r1, [sp, #36]	@ 0x24
10002d5a:	f7ff fb2d 	bl	100023b8 <__wrap___aeabi_dadd>
10002d5e:	f7ff fbcd 	bl	100024fc <__wrap___aeabi_d2iz>
10002d62:	4683      	mov	fp, r0
10002d64:	f7ff fbb2 	bl	100024cc <__wrap___aeabi_i2d>
10002d68:	0006      	movs	r6, r0
10002d6a:	000f      	movs	r7, r1
10002d6c:	4aaf      	ldr	r2, [pc, #700]	@ (1000302c <_etoa+0x3b4>)
10002d6e:	4bb0      	ldr	r3, [pc, #704]	@ (10003030 <_etoa+0x3b8>)
10002d70:	f7ff fb41 	bl	100023f6 <__wrap___aeabi_dmul>
10002d74:	2200      	movs	r2, #0
10002d76:	4baf      	ldr	r3, [pc, #700]	@ (10003034 <_etoa+0x3bc>)
10002d78:	f7ff fb1e 	bl	100023b8 <__wrap___aeabi_dadd>
10002d7c:	f7ff fbbe 	bl	100024fc <__wrap___aeabi_d2iz>
10002d80:	9008      	str	r0, [sp, #32]
10002d82:	4aad      	ldr	r2, [pc, #692]	@ (10003038 <_etoa+0x3c0>)
10002d84:	4bad      	ldr	r3, [pc, #692]	@ (1000303c <_etoa+0x3c4>)
10002d86:	0030      	movs	r0, r6
10002d88:	0039      	movs	r1, r7
10002d8a:	f7ff fb34 	bl	100023f6 <__wrap___aeabi_dmul>
10002d8e:	0006      	movs	r6, r0
10002d90:	000f      	movs	r7, r1
10002d92:	9808      	ldr	r0, [sp, #32]
10002d94:	f7ff fb9a 	bl	100024cc <__wrap___aeabi_i2d>
10002d98:	4aa9      	ldr	r2, [pc, #676]	@ (10003040 <_etoa+0x3c8>)
10002d9a:	4baa      	ldr	r3, [pc, #680]	@ (10003044 <_etoa+0x3cc>)
10002d9c:	f7ff fb2b 	bl	100023f6 <__wrap___aeabi_dmul>
10002da0:	0002      	movs	r2, r0
10002da2:	000b      	movs	r3, r1
10002da4:	0030      	movs	r0, r6
10002da6:	0039      	movs	r1, r7
10002da8:	f7ff fb01 	bl	100023ae <__wrap___aeabi_dsub>
10002dac:	0006      	movs	r6, r0
10002dae:	000f      	movs	r7, r1
10002db0:	0002      	movs	r2, r0
10002db2:	000b      	movs	r3, r1
10002db4:	f7ff fb1f 	bl	100023f6 <__wrap___aeabi_dmul>
10002db8:	900a      	str	r0, [sp, #40]	@ 0x28
10002dba:	910b      	str	r1, [sp, #44]	@ 0x2c
10002dbc:	9b08      	ldr	r3, [sp, #32]
10002dbe:	4aa2      	ldr	r2, [pc, #648]	@ (10003048 <_etoa+0x3d0>)
10002dc0:	4694      	mov	ip, r2
10002dc2:	4463      	add	r3, ip
10002dc4:	2100      	movs	r1, #0
10002dc6:	2200      	movs	r2, #0
10002dc8:	9108      	str	r1, [sp, #32]
10002dca:	9209      	str	r2, [sp, #36]	@ 0x24
10002dcc:	051b      	lsls	r3, r3, #20
10002dce:	9309      	str	r3, [sp, #36]	@ 0x24
10002dd0:	2300      	movs	r3, #0
10002dd2:	9308      	str	r3, [sp, #32]
10002dd4:	0032      	movs	r2, r6
10002dd6:	003b      	movs	r3, r7
10002dd8:	0030      	movs	r0, r6
10002dda:	0039      	movs	r1, r7
10002ddc:	f7ff faec 	bl	100023b8 <__wrap___aeabi_dadd>
10002de0:	900e      	str	r0, [sp, #56]	@ 0x38
10002de2:	910f      	str	r1, [sp, #60]	@ 0x3c
10002de4:	0032      	movs	r2, r6
10002de6:	003b      	movs	r3, r7
10002de8:	2000      	movs	r0, #0
10002dea:	2180      	movs	r1, #128	@ 0x80
10002dec:	05c9      	lsls	r1, r1, #23
10002dee:	f7ff fade 	bl	100023ae <__wrap___aeabi_dsub>
10002df2:	0006      	movs	r6, r0
10002df4:	000f      	movs	r7, r1
10002df6:	2200      	movs	r2, #0
10002df8:	4b94      	ldr	r3, [pc, #592]	@ (1000304c <_etoa+0x3d4>)
10002dfa:	980a      	ldr	r0, [sp, #40]	@ 0x28
10002dfc:	990b      	ldr	r1, [sp, #44]	@ 0x2c
10002dfe:	f7ff fae0 	bl	100023c2 <__wrap___aeabi_ddiv>
10002e02:	2200      	movs	r2, #0
10002e04:	4b92      	ldr	r3, [pc, #584]	@ (10003050 <_etoa+0x3d8>)
10002e06:	f7ff fad7 	bl	100023b8 <__wrap___aeabi_dadd>
10002e0a:	0002      	movs	r2, r0
10002e0c:	000b      	movs	r3, r1
10002e0e:	980a      	ldr	r0, [sp, #40]	@ 0x28
10002e10:	990b      	ldr	r1, [sp, #44]	@ 0x2c
10002e12:	f7ff fad6 	bl	100023c2 <__wrap___aeabi_ddiv>
10002e16:	2200      	movs	r2, #0
10002e18:	4b8e      	ldr	r3, [pc, #568]	@ (10003054 <_etoa+0x3dc>)
10002e1a:	f7ff facd 	bl	100023b8 <__wrap___aeabi_dadd>
10002e1e:	0002      	movs	r2, r0
10002e20:	000b      	movs	r3, r1
10002e22:	980a      	ldr	r0, [sp, #40]	@ 0x28
10002e24:	990b      	ldr	r1, [sp, #44]	@ 0x2c
10002e26:	f7ff facc 	bl	100023c2 <__wrap___aeabi_ddiv>
10002e2a:	0002      	movs	r2, r0
10002e2c:	000b      	movs	r3, r1
10002e2e:	0030      	movs	r0, r6
10002e30:	0039      	movs	r1, r7
10002e32:	f7ff fac1 	bl	100023b8 <__wrap___aeabi_dadd>
10002e36:	0002      	movs	r2, r0
10002e38:	000b      	movs	r3, r1
10002e3a:	980e      	ldr	r0, [sp, #56]	@ 0x38
10002e3c:	990f      	ldr	r1, [sp, #60]	@ 0x3c
10002e3e:	f7ff fac0 	bl	100023c2 <__wrap___aeabi_ddiv>
10002e42:	2200      	movs	r2, #0
10002e44:	4b71      	ldr	r3, [pc, #452]	@ (1000300c <_etoa+0x394>)
10002e46:	f7ff fab7 	bl	100023b8 <__wrap___aeabi_dadd>
10002e4a:	9a08      	ldr	r2, [sp, #32]
10002e4c:	9b09      	ldr	r3, [sp, #36]	@ 0x24
10002e4e:	f7ff fad2 	bl	100023f6 <__wrap___aeabi_dmul>
10002e52:	0006      	movs	r6, r0
10002e54:	000f      	movs	r7, r1
10002e56:	9608      	str	r6, [sp, #32]
10002e58:	9709      	str	r7, [sp, #36]	@ 0x24
10002e5a:	9a06      	ldr	r2, [sp, #24]
10002e5c:	9b07      	ldr	r3, [sp, #28]
10002e5e:	f7ff fb1f 	bl	100024a0 <__wrap___aeabi_dcmpgt>
10002e62:	2800      	cmp	r0, #0
10002e64:	d00b      	beq.n	10002e7e <_etoa+0x206>
10002e66:	2301      	movs	r3, #1
10002e68:	425b      	negs	r3, r3
10002e6a:	469c      	mov	ip, r3
10002e6c:	44e3      	add	fp, ip
10002e6e:	2200      	movs	r2, #0
10002e70:	4b77      	ldr	r3, [pc, #476]	@ (10003050 <_etoa+0x3d8>)
10002e72:	0030      	movs	r0, r6
10002e74:	0039      	movs	r1, r7
10002e76:	f7ff faa4 	bl	100023c2 <__wrap___aeabi_ddiv>
10002e7a:	9008      	str	r0, [sp, #32]
10002e7c:	9109      	str	r1, [sp, #36]	@ 0x24
10002e7e:	465b      	mov	r3, fp
10002e80:	3363      	adds	r3, #99	@ 0x63
10002e82:	2bc6      	cmp	r3, #198	@ 0xc6
10002e84:	d845      	bhi.n	10002f12 <_etoa+0x29a>
10002e86:	2604      	movs	r6, #4
10002e88:	e023      	b.n	10002ed2 <_etoa+0x25a>
10002e8a:	9b1e      	ldr	r3, [sp, #120]	@ 0x78
10002e8c:	9304      	str	r3, [sp, #16]
10002e8e:	9b1d      	ldr	r3, [sp, #116]	@ 0x74
10002e90:	9303      	str	r3, [sp, #12]
10002e92:	9b1c      	ldr	r3, [sp, #112]	@ 0x70
10002e94:	9302      	str	r3, [sp, #8]
10002e96:	9400      	str	r4, [sp, #0]
10002e98:	9501      	str	r5, [sp, #4]
10002e9a:	4653      	mov	r3, sl
10002e9c:	9a0c      	ldr	r2, [sp, #48]	@ 0x30
10002e9e:	4649      	mov	r1, r9
10002ea0:	4640      	mov	r0, r8
10002ea2:	f000 f8fb 	bl	1000309c <_ftoa>
10002ea6:	b011      	add	sp, #68	@ 0x44
10002ea8:	bcf0      	pop	{r4, r5, r6, r7}
10002eaa:	46bb      	mov	fp, r7
10002eac:	46b2      	mov	sl, r6
10002eae:	46a9      	mov	r9, r5
10002eb0:	46a0      	mov	r8, r4
10002eb2:	bdf0      	pop	{r4, r5, r6, r7, pc}
10002eb4:	2100      	movs	r1, #0
10002eb6:	2200      	movs	r2, #0
10002eb8:	9106      	str	r1, [sp, #24]
10002eba:	9207      	str	r2, [sp, #28]
10002ebc:	9406      	str	r4, [sp, #24]
10002ebe:	2380      	movs	r3, #128	@ 0x80
10002ec0:	061b      	lsls	r3, r3, #24
10002ec2:	469c      	mov	ip, r3
10002ec4:	44ac      	add	ip, r5
10002ec6:	4663      	mov	r3, ip
10002ec8:	9307      	str	r3, [sp, #28]
10002eca:	e70a      	b.n	10002ce2 <_etoa+0x6a>
10002ecc:	2300      	movs	r3, #0
10002ece:	469b      	mov	fp, r3
10002ed0:	2604      	movs	r6, #4
10002ed2:	9b1e      	ldr	r3, [sp, #120]	@ 0x78
10002ed4:	051b      	lsls	r3, r3, #20
10002ed6:	d528      	bpl.n	10002f2a <_etoa+0x2b2>
10002ed8:	9a08      	ldr	r2, [sp, #32]
10002eda:	9b09      	ldr	r3, [sp, #36]	@ 0x24
10002edc:	0019      	movs	r1, r3
10002ede:	4311      	orrs	r1, r2
10002ee0:	d00f      	beq.n	10002f02 <_etoa+0x28a>
10002ee2:	4a5d      	ldr	r2, [pc, #372]	@ (10003058 <_etoa+0x3e0>)
10002ee4:	4b5d      	ldr	r3, [pc, #372]	@ (1000305c <_etoa+0x3e4>)
10002ee6:	9806      	ldr	r0, [sp, #24]
10002ee8:	9907      	ldr	r1, [sp, #28]
10002eea:	f7ff fad1 	bl	10002490 <__wrap___aeabi_dcmpge>
10002eee:	2800      	cmp	r0, #0
10002ef0:	d07a      	beq.n	10002fe8 <_etoa+0x370>
10002ef2:	2200      	movs	r2, #0
10002ef4:	4b5a      	ldr	r3, [pc, #360]	@ (10003060 <_etoa+0x3e8>)
10002ef6:	9806      	ldr	r0, [sp, #24]
10002ef8:	9907      	ldr	r1, [sp, #28]
10002efa:	f7ff fabb 	bl	10002474 <__wrap___aeabi_dcmplt>
10002efe:	2800      	cmp	r0, #0
10002f00:	d072      	beq.n	10002fe8 <_etoa+0x370>
10002f02:	9b1c      	ldr	r3, [sp, #112]	@ 0x70
10002f04:	455b      	cmp	r3, fp
10002f06:	dd06      	ble.n	10002f16 <_etoa+0x29e>
10002f08:	465a      	mov	r2, fp
10002f0a:	1a9b      	subs	r3, r3, r2
10002f0c:	3b01      	subs	r3, #1
10002f0e:	931c      	str	r3, [sp, #112]	@ 0x70
10002f10:	e003      	b.n	10002f1a <_etoa+0x2a2>
10002f12:	2605      	movs	r6, #5
10002f14:	e7dd      	b.n	10002ed2 <_etoa+0x25a>
10002f16:	2300      	movs	r3, #0
10002f18:	931c      	str	r3, [sp, #112]	@ 0x70
10002f1a:	2380      	movs	r3, #128	@ 0x80
10002f1c:	00db      	lsls	r3, r3, #3
10002f1e:	9a1e      	ldr	r2, [sp, #120]	@ 0x78
10002f20:	431a      	orrs	r2, r3
10002f22:	921e      	str	r2, [sp, #120]	@ 0x78
10002f24:	2600      	movs	r6, #0
10002f26:	2300      	movs	r3, #0
10002f28:	469b      	mov	fp, r3
10002f2a:	9b1d      	ldr	r3, [sp, #116]	@ 0x74
10002f2c:	429e      	cmp	r6, r3
10002f2e:	d265      	bcs.n	10002ffc <_etoa+0x384>
10002f30:	1b9f      	subs	r7, r3, r6
10002f32:	2302      	movs	r3, #2
10002f34:	9a1e      	ldr	r2, [sp, #120]	@ 0x78
10002f36:	401a      	ands	r2, r3
10002f38:	920a      	str	r2, [sp, #40]	@ 0x28
10002f3a:	9a1e      	ldr	r2, [sp, #120]	@ 0x78
10002f3c:	4213      	tst	r3, r2
10002f3e:	d002      	beq.n	10002f46 <_etoa+0x2ce>
10002f40:	2e00      	cmp	r6, #0
10002f42:	d000      	beq.n	10002f46 <_etoa+0x2ce>
10002f44:	2700      	movs	r7, #0
10002f46:	465b      	mov	r3, fp
10002f48:	2b00      	cmp	r3, #0
10002f4a:	d007      	beq.n	10002f5c <_etoa+0x2e4>
10002f4c:	9a08      	ldr	r2, [sp, #32]
10002f4e:	9b09      	ldr	r3, [sp, #36]	@ 0x24
10002f50:	9806      	ldr	r0, [sp, #24]
10002f52:	9907      	ldr	r1, [sp, #28]
10002f54:	f7ff fa35 	bl	100023c2 <__wrap___aeabi_ddiv>
10002f58:	9006      	str	r0, [sp, #24]
10002f5a:	9107      	str	r1, [sp, #28]
10002f5c:	2200      	movs	r2, #0
10002f5e:	2300      	movs	r3, #0
10002f60:	0020      	movs	r0, r4
10002f62:	0029      	movs	r1, r5
10002f64:	f7ff fa86 	bl	10002474 <__wrap___aeabi_dcmplt>
10002f68:	2800      	cmp	r0, #0
10002f6a:	d000      	beq.n	10002f6e <_etoa+0x2f6>
10002f6c:	e07c      	b.n	10003068 <_etoa+0x3f0>
10002f6e:	4b3d      	ldr	r3, [pc, #244]	@ (10003064 <_etoa+0x3ec>)
10002f70:	9a1e      	ldr	r2, [sp, #120]	@ 0x78
10002f72:	4013      	ands	r3, r2
10002f74:	9304      	str	r3, [sp, #16]
10002f76:	9703      	str	r7, [sp, #12]
10002f78:	9b1c      	ldr	r3, [sp, #112]	@ 0x70
10002f7a:	9302      	str	r3, [sp, #8]
10002f7c:	9b06      	ldr	r3, [sp, #24]
10002f7e:	9c07      	ldr	r4, [sp, #28]
10002f80:	9300      	str	r3, [sp, #0]
10002f82:	9401      	str	r4, [sp, #4]
10002f84:	4653      	mov	r3, sl
10002f86:	9a0c      	ldr	r2, [sp, #48]	@ 0x30
10002f88:	4649      	mov	r1, r9
10002f8a:	4640      	mov	r0, r8
10002f8c:	f000 f886 	bl	1000309c <_ftoa>
10002f90:	2e00      	cmp	r6, #0
10002f92:	d100      	bne.n	10002f96 <_etoa+0x31e>
10002f94:	e787      	b.n	10002ea6 <_etoa+0x22e>
10002f96:	9b1e      	ldr	r3, [sp, #120]	@ 0x78
10002f98:	069b      	lsls	r3, r3, #26
10002f9a:	d571      	bpl.n	10003080 <_etoa+0x408>
10002f9c:	2545      	movs	r5, #69	@ 0x45
10002f9e:	1c44      	adds	r4, r0, #1
10002fa0:	4653      	mov	r3, sl
10002fa2:	0002      	movs	r2, r0
10002fa4:	4649      	mov	r1, r9
10002fa6:	0028      	movs	r0, r5
10002fa8:	47c0      	blx	r8
10002faa:	465a      	mov	r2, fp
10002fac:	17d3      	asrs	r3, r2, #31
10002fae:	18d2      	adds	r2, r2, r3
10002fb0:	405a      	eors	r2, r3
10002fb2:	2305      	movs	r3, #5
10002fb4:	9305      	str	r3, [sp, #20]
10002fb6:	3e01      	subs	r6, #1
10002fb8:	9604      	str	r6, [sp, #16]
10002fba:	2300      	movs	r3, #0
10002fbc:	9303      	str	r3, [sp, #12]
10002fbe:	330a      	adds	r3, #10
10002fc0:	9302      	str	r3, [sp, #8]
10002fc2:	465b      	mov	r3, fp
10002fc4:	0fdb      	lsrs	r3, r3, #31
10002fc6:	9301      	str	r3, [sp, #4]
10002fc8:	9200      	str	r2, [sp, #0]
10002fca:	4653      	mov	r3, sl
10002fcc:	0022      	movs	r2, r4
10002fce:	4649      	mov	r1, r9
10002fd0:	4640      	mov	r0, r8
10002fd2:	f7ff fd6c 	bl	10002aae <_ntoa_long>
10002fd6:	9b0a      	ldr	r3, [sp, #40]	@ 0x28
10002fd8:	2b00      	cmp	r3, #0
10002fda:	d100      	bne.n	10002fde <_etoa+0x366>
10002fdc:	e763      	b.n	10002ea6 <_etoa+0x22e>
10002fde:	0002      	movs	r2, r0
10002fe0:	4647      	mov	r7, r8
10002fe2:	9e0c      	ldr	r6, [sp, #48]	@ 0x30
10002fe4:	9d1d      	ldr	r5, [sp, #116]	@ 0x74
10002fe6:	e053      	b.n	10003090 <_etoa+0x418>
10002fe8:	9b1c      	ldr	r3, [sp, #112]	@ 0x70
10002fea:	2b00      	cmp	r3, #0
10002fec:	d09d      	beq.n	10002f2a <_etoa+0x2b2>
10002fee:	9b0d      	ldr	r3, [sp, #52]	@ 0x34
10002ff0:	2b00      	cmp	r3, #0
10002ff2:	d09a      	beq.n	10002f2a <_etoa+0x2b2>
10002ff4:	9b1c      	ldr	r3, [sp, #112]	@ 0x70
10002ff6:	3b01      	subs	r3, #1
10002ff8:	931c      	str	r3, [sp, #112]	@ 0x70
10002ffa:	e796      	b.n	10002f2a <_etoa+0x2b2>
10002ffc:	2700      	movs	r7, #0
10002ffe:	e798      	b.n	10002f32 <_etoa+0x2ba>
10003000:	7fefffff 	.word	0x7fefffff
10003004:	ffefffff 	.word	0xffefffff
10003008:	fffffc01 	.word	0xfffffc01
1000300c:	3ff00000 	.word	0x3ff00000
10003010:	509f79fb 	.word	0x509f79fb
10003014:	3fd34413 	.word	0x3fd34413
10003018:	8b60c8b3 	.word	0x8b60c8b3
1000301c:	3fc68a28 	.word	0x3fc68a28
10003020:	3ff80000 	.word	0x3ff80000
10003024:	636f4361 	.word	0x636f4361
10003028:	3fd287a7 	.word	0x3fd287a7
1000302c:	0979a371 	.word	0x0979a371
10003030:	400a934f 	.word	0x400a934f
10003034:	3fe00000 	.word	0x3fe00000
10003038:	bbb55516 	.word	0xbbb55516
1000303c:	40026bb1 	.word	0x40026bb1
10003040:	fefa39ef 	.word	0xfefa39ef
10003044:	3fe62e42 	.word	0x3fe62e42
10003048:	000003ff 	.word	0x000003ff
1000304c:	402c0000 	.word	0x402c0000
10003050:	40240000 	.word	0x40240000
10003054:	40180000 	.word	0x40180000
10003058:	eb1c432d 	.word	0xeb1c432d
1000305c:	3f1a36e2 	.word	0x3f1a36e2
10003060:	412e8480 	.word	0x412e8480
10003064:	fffff7ff 	.word	0xfffff7ff
10003068:	9c06      	ldr	r4, [sp, #24]
1000306a:	9d07      	ldr	r5, [sp, #28]
1000306c:	0022      	movs	r2, r4
1000306e:	0029      	movs	r1, r5
10003070:	2080      	movs	r0, #128	@ 0x80
10003072:	0600      	lsls	r0, r0, #24
10003074:	4684      	mov	ip, r0
10003076:	4461      	add	r1, ip
10003078:	000b      	movs	r3, r1
1000307a:	9206      	str	r2, [sp, #24]
1000307c:	9307      	str	r3, [sp, #28]
1000307e:	e776      	b.n	10002f6e <_etoa+0x2f6>
10003080:	2565      	movs	r5, #101	@ 0x65
10003082:	e78c      	b.n	10002f9e <_etoa+0x326>
10003084:	1c54      	adds	r4, r2, #1
10003086:	4653      	mov	r3, sl
10003088:	4649      	mov	r1, r9
1000308a:	2020      	movs	r0, #32
1000308c:	47b8      	blx	r7
1000308e:	0022      	movs	r2, r4
10003090:	1b93      	subs	r3, r2, r6
10003092:	42ab      	cmp	r3, r5
10003094:	d3f6      	bcc.n	10003084 <_etoa+0x40c>
10003096:	0010      	movs	r0, r2
10003098:	e705      	b.n	10002ea6 <_etoa+0x22e>
1000309a:	46c0      	nop			@ (mov r8, r8)

1000309c <_ftoa>:
1000309c:	b5f0      	push	{r4, r5, r6, r7, lr}
1000309e:	46de      	mov	lr, fp
100030a0:	4657      	mov	r7, sl
100030a2:	464e      	mov	r6, r9
100030a4:	4645      	mov	r5, r8
100030a6:	b5e0      	push	{r5, r6, r7, lr}
100030a8:	b095      	sub	sp, #84	@ 0x54
100030aa:	9006      	str	r0, [sp, #24]
100030ac:	9107      	str	r1, [sp, #28]
100030ae:	4693      	mov	fp, r2
100030b0:	4699      	mov	r9, r3
100030b2:	9f20      	ldr	r7, [sp, #128]	@ 0x80
100030b4:	9a1e      	ldr	r2, [sp, #120]	@ 0x78
100030b6:	9b1f      	ldr	r3, [sp, #124]	@ 0x7c
100030b8:	0010      	movs	r0, r2
100030ba:	0019      	movs	r1, r3
100030bc:	f7ff f9f5 	bl	100024aa <__wrap___aeabi_dcmpun>
100030c0:	2800      	cmp	r0, #0
100030c2:	d131      	bne.n	10003128 <_ftoa+0x8c>
100030c4:	2201      	movs	r2, #1
100030c6:	4252      	negs	r2, r2
100030c8:	4bbc      	ldr	r3, [pc, #752]	@ (100033bc <_ftoa+0x320>)
100030ca:	981e      	ldr	r0, [sp, #120]	@ 0x78
100030cc:	991f      	ldr	r1, [sp, #124]	@ 0x7c
100030ce:	f7ff f9d1 	bl	10002474 <__wrap___aeabi_dcmplt>
100030d2:	2800      	cmp	r0, #0
100030d4:	d137      	bne.n	10003146 <_ftoa+0xaa>
100030d6:	2201      	movs	r2, #1
100030d8:	4252      	negs	r2, r2
100030da:	4bb9      	ldr	r3, [pc, #740]	@ (100033c0 <_ftoa+0x324>)
100030dc:	981e      	ldr	r0, [sp, #120]	@ 0x78
100030de:	991f      	ldr	r1, [sp, #124]	@ 0x7c
100030e0:	f7ff f9de 	bl	100024a0 <__wrap___aeabi_dcmpgt>
100030e4:	2800      	cmp	r0, #0
100030e6:	d13d      	bne.n	10003164 <_ftoa+0xc8>
100030e8:	2200      	movs	r2, #0
100030ea:	4bb6      	ldr	r3, [pc, #728]	@ (100033c4 <_ftoa+0x328>)
100030ec:	981e      	ldr	r0, [sp, #120]	@ 0x78
100030ee:	991f      	ldr	r1, [sp, #124]	@ 0x7c
100030f0:	f7ff f9d6 	bl	100024a0 <__wrap___aeabi_dcmpgt>
100030f4:	2800      	cmp	r0, #0
100030f6:	d14a      	bne.n	1000318e <_ftoa+0xf2>
100030f8:	2200      	movs	r2, #0
100030fa:	4bb3      	ldr	r3, [pc, #716]	@ (100033c8 <_ftoa+0x32c>)
100030fc:	981e      	ldr	r0, [sp, #120]	@ 0x78
100030fe:	991f      	ldr	r1, [sp, #124]	@ 0x7c
10003100:	f7ff f9b8 	bl	10002474 <__wrap___aeabi_dcmplt>
10003104:	2800      	cmp	r0, #0
10003106:	d142      	bne.n	1000318e <_ftoa+0xf2>
10003108:	2200      	movs	r2, #0
1000310a:	2300      	movs	r3, #0
1000310c:	981e      	ldr	r0, [sp, #120]	@ 0x78
1000310e:	991f      	ldr	r1, [sp, #124]	@ 0x7c
10003110:	f7ff f9b0 	bl	10002474 <__wrap___aeabi_dcmplt>
10003114:	2800      	cmp	r0, #0
10003116:	d14a      	bne.n	100031ae <_ftoa+0x112>
10003118:	2300      	movs	r3, #0
1000311a:	4698      	mov	r8, r3
1000311c:	9b22      	ldr	r3, [sp, #136]	@ 0x88
1000311e:	055b      	lsls	r3, r3, #21
10003120:	d400      	bmi.n	10003124 <_ftoa+0x88>
10003122:	e0b0      	b.n	10003286 <_ftoa+0x1ea>
10003124:	2400      	movs	r4, #0
10003126:	e052      	b.n	100031ce <_ftoa+0x132>
10003128:	9b22      	ldr	r3, [sp, #136]	@ 0x88
1000312a:	9303      	str	r3, [sp, #12]
1000312c:	9b21      	ldr	r3, [sp, #132]	@ 0x84
1000312e:	9302      	str	r3, [sp, #8]
10003130:	2303      	movs	r3, #3
10003132:	9301      	str	r3, [sp, #4]
10003134:	4ba5      	ldr	r3, [pc, #660]	@ (100033cc <_ftoa+0x330>)
10003136:	9300      	str	r3, [sp, #0]
10003138:	464b      	mov	r3, r9
1000313a:	465a      	mov	r2, fp
1000313c:	9907      	ldr	r1, [sp, #28]
1000313e:	9806      	ldr	r0, [sp, #24]
10003140:	f7ff fbd6 	bl	100028f0 <_out_rev>
10003144:	e108      	b.n	10003358 <_ftoa+0x2bc>
10003146:	9b22      	ldr	r3, [sp, #136]	@ 0x88
10003148:	9303      	str	r3, [sp, #12]
1000314a:	9b21      	ldr	r3, [sp, #132]	@ 0x84
1000314c:	9302      	str	r3, [sp, #8]
1000314e:	2304      	movs	r3, #4
10003150:	9301      	str	r3, [sp, #4]
10003152:	4b9f      	ldr	r3, [pc, #636]	@ (100033d0 <_ftoa+0x334>)
10003154:	9300      	str	r3, [sp, #0]
10003156:	464b      	mov	r3, r9
10003158:	465a      	mov	r2, fp
1000315a:	9907      	ldr	r1, [sp, #28]
1000315c:	9806      	ldr	r0, [sp, #24]
1000315e:	f7ff fbc7 	bl	100028f0 <_out_rev>
10003162:	e0f9      	b.n	10003358 <_ftoa+0x2bc>
10003164:	9b22      	ldr	r3, [sp, #136]	@ 0x88
10003166:	075b      	lsls	r3, r3, #29
10003168:	d50e      	bpl.n	10003188 <_ftoa+0xec>
1000316a:	4b9a      	ldr	r3, [pc, #616]	@ (100033d4 <_ftoa+0x338>)
1000316c:	2204      	movs	r2, #4
1000316e:	9922      	ldr	r1, [sp, #136]	@ 0x88
10003170:	9103      	str	r1, [sp, #12]
10003172:	9921      	ldr	r1, [sp, #132]	@ 0x84
10003174:	9102      	str	r1, [sp, #8]
10003176:	9201      	str	r2, [sp, #4]
10003178:	9300      	str	r3, [sp, #0]
1000317a:	464b      	mov	r3, r9
1000317c:	465a      	mov	r2, fp
1000317e:	9907      	ldr	r1, [sp, #28]
10003180:	9806      	ldr	r0, [sp, #24]
10003182:	f7ff fbb5 	bl	100028f0 <_out_rev>
10003186:	e0e7      	b.n	10003358 <_ftoa+0x2bc>
10003188:	4b93      	ldr	r3, [pc, #588]	@ (100033d8 <_ftoa+0x33c>)
1000318a:	2203      	movs	r2, #3
1000318c:	e7ef      	b.n	1000316e <_ftoa+0xd2>
1000318e:	9b22      	ldr	r3, [sp, #136]	@ 0x88
10003190:	9304      	str	r3, [sp, #16]
10003192:	9b21      	ldr	r3, [sp, #132]	@ 0x84
10003194:	9303      	str	r3, [sp, #12]
10003196:	9702      	str	r7, [sp, #8]
10003198:	9b1e      	ldr	r3, [sp, #120]	@ 0x78
1000319a:	9c1f      	ldr	r4, [sp, #124]	@ 0x7c
1000319c:	9300      	str	r3, [sp, #0]
1000319e:	9401      	str	r4, [sp, #4]
100031a0:	464b      	mov	r3, r9
100031a2:	465a      	mov	r2, fp
100031a4:	9907      	ldr	r1, [sp, #28]
100031a6:	9806      	ldr	r0, [sp, #24]
100031a8:	f7ff fd66 	bl	10002c78 <_etoa>
100031ac:	e0d4      	b.n	10003358 <_ftoa+0x2bc>
100031ae:	9a1e      	ldr	r2, [sp, #120]	@ 0x78
100031b0:	9b1f      	ldr	r3, [sp, #124]	@ 0x7c
100031b2:	2000      	movs	r0, #0
100031b4:	2100      	movs	r1, #0
100031b6:	f7ff f8fa 	bl	100023ae <__wrap___aeabi_dsub>
100031ba:	901e      	str	r0, [sp, #120]	@ 0x78
100031bc:	911f      	str	r1, [sp, #124]	@ 0x7c
100031be:	2301      	movs	r3, #1
100031c0:	4698      	mov	r8, r3
100031c2:	e7ab      	b.n	1000311c <_ftoa+0x80>
100031c4:	ab0c      	add	r3, sp, #48	@ 0x30
100031c6:	2230      	movs	r2, #48	@ 0x30
100031c8:	551a      	strb	r2, [r3, r4]
100031ca:	3f01      	subs	r7, #1
100031cc:	3401      	adds	r4, #1
100031ce:	2c1f      	cmp	r4, #31
100031d0:	d801      	bhi.n	100031d6 <_ftoa+0x13a>
100031d2:	2f09      	cmp	r7, #9
100031d4:	d8f6      	bhi.n	100031c4 <_ftoa+0x128>
100031d6:	981e      	ldr	r0, [sp, #120]	@ 0x78
100031d8:	991f      	ldr	r1, [sp, #124]	@ 0x7c
100031da:	f7ff f98f 	bl	100024fc <__wrap___aeabi_d2iz>
100031de:	0005      	movs	r5, r0
100031e0:	f7ff f974 	bl	100024cc <__wrap___aeabi_i2d>
100031e4:	0002      	movs	r2, r0
100031e6:	000b      	movs	r3, r1
100031e8:	981e      	ldr	r0, [sp, #120]	@ 0x78
100031ea:	991f      	ldr	r1, [sp, #124]	@ 0x7c
100031ec:	f7ff f8df 	bl	100023ae <__wrap___aeabi_dsub>
100031f0:	4b7a      	ldr	r3, [pc, #488]	@ (100033dc <_ftoa+0x340>)
100031f2:	00fa      	lsls	r2, r7, #3
100031f4:	189b      	adds	r3, r3, r2
100031f6:	681a      	ldr	r2, [r3, #0]
100031f8:	685b      	ldr	r3, [r3, #4]
100031fa:	920a      	str	r2, [sp, #40]	@ 0x28
100031fc:	930b      	str	r3, [sp, #44]	@ 0x2c
100031fe:	f7ff f8fa 	bl	100023f6 <__wrap___aeabi_dmul>
10003202:	9008      	str	r0, [sp, #32]
10003204:	9109      	str	r1, [sp, #36]	@ 0x24
10003206:	f7ff f99d 	bl	10002544 <__wrap___aeabi_d2uiz>
1000320a:	0006      	movs	r6, r0
1000320c:	f7ff f95a 	bl	100024c4 <__wrap___aeabi_ui2d>
10003210:	0002      	movs	r2, r0
10003212:	000b      	movs	r3, r1
10003214:	9808      	ldr	r0, [sp, #32]
10003216:	9909      	ldr	r1, [sp, #36]	@ 0x24
10003218:	f7ff f8c9 	bl	100023ae <__wrap___aeabi_dsub>
1000321c:	9008      	str	r0, [sp, #32]
1000321e:	9109      	str	r1, [sp, #36]	@ 0x24
10003220:	2200      	movs	r2, #0
10003222:	4b6f      	ldr	r3, [pc, #444]	@ (100033e0 <_ftoa+0x344>)
10003224:	f7ff f93c 	bl	100024a0 <__wrap___aeabi_dcmpgt>
10003228:	2800      	cmp	r0, #0
1000322a:	d02e      	beq.n	1000328a <_ftoa+0x1ee>
1000322c:	3601      	adds	r6, #1
1000322e:	0030      	movs	r0, r6
10003230:	f7ff f948 	bl	100024c4 <__wrap___aeabi_ui2d>
10003234:	0002      	movs	r2, r0
10003236:	000b      	movs	r3, r1
10003238:	980a      	ldr	r0, [sp, #40]	@ 0x28
1000323a:	990b      	ldr	r1, [sp, #44]	@ 0x2c
1000323c:	f7ff f920 	bl	10002480 <__wrap___aeabi_dcmple>
10003240:	2800      	cmp	r0, #0
10003242:	d001      	beq.n	10003248 <_ftoa+0x1ac>
10003244:	3501      	adds	r5, #1
10003246:	2600      	movs	r6, #0
10003248:	2f00      	cmp	r7, #0
1000324a:	d12c      	bne.n	100032a6 <_ftoa+0x20a>
1000324c:	0028      	movs	r0, r5
1000324e:	f7ff f93d 	bl	100024cc <__wrap___aeabi_i2d>
10003252:	0002      	movs	r2, r0
10003254:	000b      	movs	r3, r1
10003256:	981e      	ldr	r0, [sp, #120]	@ 0x78
10003258:	991f      	ldr	r1, [sp, #124]	@ 0x7c
1000325a:	f7ff f8a8 	bl	100023ae <__wrap___aeabi_dsub>
1000325e:	0006      	movs	r6, r0
10003260:	000f      	movs	r7, r1
10003262:	2200      	movs	r2, #0
10003264:	4b5e      	ldr	r3, [pc, #376]	@ (100033e0 <_ftoa+0x344>)
10003266:	f7ff f905 	bl	10002474 <__wrap___aeabi_dcmplt>
1000326a:	2800      	cmp	r0, #0
1000326c:	d146      	bne.n	100032fc <_ftoa+0x260>
1000326e:	2200      	movs	r2, #0
10003270:	4b5b      	ldr	r3, [pc, #364]	@ (100033e0 <_ftoa+0x344>)
10003272:	0030      	movs	r0, r6
10003274:	0039      	movs	r1, r7
10003276:	f7ff f913 	bl	100024a0 <__wrap___aeabi_dcmpgt>
1000327a:	2800      	cmp	r0, #0
1000327c:	d13e      	bne.n	100032fc <_ftoa+0x260>
1000327e:	07eb      	lsls	r3, r5, #31
10003280:	d53c      	bpl.n	100032fc <_ftoa+0x260>
10003282:	3501      	adds	r5, #1
10003284:	e03a      	b.n	100032fc <_ftoa+0x260>
10003286:	2706      	movs	r7, #6
10003288:	e74c      	b.n	10003124 <_ftoa+0x88>
1000328a:	2200      	movs	r2, #0
1000328c:	4b54      	ldr	r3, [pc, #336]	@ (100033e0 <_ftoa+0x344>)
1000328e:	9808      	ldr	r0, [sp, #32]
10003290:	9909      	ldr	r1, [sp, #36]	@ 0x24
10003292:	f7ff f8ef 	bl	10002474 <__wrap___aeabi_dcmplt>
10003296:	2800      	cmp	r0, #0
10003298:	d1d6      	bne.n	10003248 <_ftoa+0x1ac>
1000329a:	2e00      	cmp	r6, #0
1000329c:	d001      	beq.n	100032a2 <_ftoa+0x206>
1000329e:	07f3      	lsls	r3, r6, #31
100032a0:	d5d2      	bpl.n	10003248 <_ftoa+0x1ac>
100032a2:	3601      	adds	r6, #1
100032a4:	e7d0      	b.n	10003248 <_ftoa+0x1ac>
100032a6:	46aa      	mov	sl, r5
100032a8:	2c1f      	cmp	r4, #31
100032aa:	d811      	bhi.n	100032d0 <_ftoa+0x234>
100032ac:	3f01      	subs	r7, #1
100032ae:	210a      	movs	r1, #10
100032b0:	0030      	movs	r0, r6
100032b2:	f7fe fe41 	bl	10001f38 <__wrap___aeabi_uidiv>
100032b6:	1c65      	adds	r5, r4, #1
100032b8:	3130      	adds	r1, #48	@ 0x30
100032ba:	ab0c      	add	r3, sp, #48	@ 0x30
100032bc:	5519      	strb	r1, [r3, r4]
100032be:	210a      	movs	r1, #10
100032c0:	0030      	movs	r0, r6
100032c2:	f7fe fe39 	bl	10001f38 <__wrap___aeabi_uidiv>
100032c6:	2e09      	cmp	r6, #9
100032c8:	d90e      	bls.n	100032e8 <_ftoa+0x24c>
100032ca:	0006      	movs	r6, r0
100032cc:	002c      	movs	r4, r5
100032ce:	e7eb      	b.n	100032a8 <_ftoa+0x20c>
100032d0:	4655      	mov	r5, sl
100032d2:	2c1f      	cmp	r4, #31
100032d4:	d80c      	bhi.n	100032f0 <_ftoa+0x254>
100032d6:	1e7b      	subs	r3, r7, #1
100032d8:	2f00      	cmp	r7, #0
100032da:	d009      	beq.n	100032f0 <_ftoa+0x254>
100032dc:	aa0c      	add	r2, sp, #48	@ 0x30
100032de:	2130      	movs	r1, #48	@ 0x30
100032e0:	5511      	strb	r1, [r2, r4]
100032e2:	001f      	movs	r7, r3
100032e4:	3401      	adds	r4, #1
100032e6:	e7f4      	b.n	100032d2 <_ftoa+0x236>
100032e8:	002b      	movs	r3, r5
100032ea:	4655      	mov	r5, sl
100032ec:	001c      	movs	r4, r3
100032ee:	e7f0      	b.n	100032d2 <_ftoa+0x236>
100032f0:	2c1f      	cmp	r4, #31
100032f2:	d803      	bhi.n	100032fc <_ftoa+0x260>
100032f4:	ab0c      	add	r3, sp, #48	@ 0x30
100032f6:	222e      	movs	r2, #46	@ 0x2e
100032f8:	551a      	strb	r2, [r3, r4]
100032fa:	3401      	adds	r4, #1
100032fc:	2c1f      	cmp	r4, #31
100032fe:	d810      	bhi.n	10003322 <_ftoa+0x286>
10003300:	210a      	movs	r1, #10
10003302:	0028      	movs	r0, r5
10003304:	f7fe fdf0 	bl	10001ee8 <__wrap___aeabi_idiv>
10003308:	1c66      	adds	r6, r4, #1
1000330a:	3130      	adds	r1, #48	@ 0x30
1000330c:	ab0c      	add	r3, sp, #48	@ 0x30
1000330e:	5519      	strb	r1, [r3, r4]
10003310:	210a      	movs	r1, #10
10003312:	0028      	movs	r0, r5
10003314:	f7fe fde8 	bl	10001ee8 <__wrap___aeabi_idiv>
10003318:	1e05      	subs	r5, r0, #0
1000331a:	d001      	beq.n	10003320 <_ftoa+0x284>
1000331c:	0034      	movs	r4, r6
1000331e:	e7ed      	b.n	100032fc <_ftoa+0x260>
10003320:	0034      	movs	r4, r6
10003322:	2303      	movs	r3, #3
10003324:	9a22      	ldr	r2, [sp, #136]	@ 0x88
10003326:	4013      	ands	r3, r2
10003328:	2b01      	cmp	r3, #1
1000332a:	d01c      	beq.n	10003366 <_ftoa+0x2ca>
1000332c:	2c1f      	cmp	r4, #31
1000332e:	d806      	bhi.n	1000333e <_ftoa+0x2a2>
10003330:	4643      	mov	r3, r8
10003332:	2b00      	cmp	r3, #0
10003334:	d032      	beq.n	1000339c <_ftoa+0x300>
10003336:	ab0c      	add	r3, sp, #48	@ 0x30
10003338:	222d      	movs	r2, #45	@ 0x2d
1000333a:	551a      	strb	r2, [r3, r4]
1000333c:	3401      	adds	r4, #1
1000333e:	9b22      	ldr	r3, [sp, #136]	@ 0x88
10003340:	9303      	str	r3, [sp, #12]
10003342:	9b21      	ldr	r3, [sp, #132]	@ 0x84
10003344:	9302      	str	r3, [sp, #8]
10003346:	9401      	str	r4, [sp, #4]
10003348:	ab0c      	add	r3, sp, #48	@ 0x30
1000334a:	9300      	str	r3, [sp, #0]
1000334c:	464b      	mov	r3, r9
1000334e:	465a      	mov	r2, fp
10003350:	9907      	ldr	r1, [sp, #28]
10003352:	9806      	ldr	r0, [sp, #24]
10003354:	f7ff facc 	bl	100028f0 <_out_rev>
10003358:	b015      	add	sp, #84	@ 0x54
1000335a:	bcf0      	pop	{r4, r5, r6, r7}
1000335c:	46bb      	mov	fp, r7
1000335e:	46b2      	mov	sl, r6
10003360:	46a9      	mov	r9, r5
10003362:	46a0      	mov	r8, r4
10003364:	bdf0      	pop	{r4, r5, r6, r7, pc}
10003366:	9b21      	ldr	r3, [sp, #132]	@ 0x84
10003368:	2b00      	cmp	r3, #0
1000336a:	d013      	beq.n	10003394 <_ftoa+0x2f8>
1000336c:	4643      	mov	r3, r8
1000336e:	2b00      	cmp	r3, #0
10003370:	d102      	bne.n	10003378 <_ftoa+0x2dc>
10003372:	330c      	adds	r3, #12
10003374:	4213      	tst	r3, r2
10003376:	d00f      	beq.n	10003398 <_ftoa+0x2fc>
10003378:	9b21      	ldr	r3, [sp, #132]	@ 0x84
1000337a:	3b01      	subs	r3, #1
1000337c:	9321      	str	r3, [sp, #132]	@ 0x84
1000337e:	0019      	movs	r1, r3
10003380:	e003      	b.n	1000338a <_ftoa+0x2ee>
10003382:	ab0c      	add	r3, sp, #48	@ 0x30
10003384:	2230      	movs	r2, #48	@ 0x30
10003386:	551a      	strb	r2, [r3, r4]
10003388:	3401      	adds	r4, #1
1000338a:	428c      	cmp	r4, r1
1000338c:	d2ce      	bcs.n	1000332c <_ftoa+0x290>
1000338e:	2c1f      	cmp	r4, #31
10003390:	d9f7      	bls.n	10003382 <_ftoa+0x2e6>
10003392:	e7cb      	b.n	1000332c <_ftoa+0x290>
10003394:	9921      	ldr	r1, [sp, #132]	@ 0x84
10003396:	e7f8      	b.n	1000338a <_ftoa+0x2ee>
10003398:	9921      	ldr	r1, [sp, #132]	@ 0x84
1000339a:	e7f6      	b.n	1000338a <_ftoa+0x2ee>
1000339c:	9b22      	ldr	r3, [sp, #136]	@ 0x88
1000339e:	075b      	lsls	r3, r3, #29
100033a0:	d504      	bpl.n	100033ac <_ftoa+0x310>
100033a2:	ab0c      	add	r3, sp, #48	@ 0x30
100033a4:	222b      	movs	r2, #43	@ 0x2b
100033a6:	551a      	strb	r2, [r3, r4]
100033a8:	3401      	adds	r4, #1
100033aa:	e7c8      	b.n	1000333e <_ftoa+0x2a2>
100033ac:	9b22      	ldr	r3, [sp, #136]	@ 0x88
100033ae:	071b      	lsls	r3, r3, #28
100033b0:	d5c5      	bpl.n	1000333e <_ftoa+0x2a2>
100033b2:	ab0c      	add	r3, sp, #48	@ 0x30
100033b4:	2220      	movs	r2, #32
100033b6:	551a      	strb	r2, [r3, r4]
100033b8:	3401      	adds	r4, #1
100033ba:	e7c0      	b.n	1000333e <_ftoa+0x2a2>
100033bc:	ffefffff 	.word	0xffefffff
100033c0:	7fefffff 	.word	0x7fefffff
100033c4:	41cdcd65 	.word	0x41cdcd65
100033c8:	c1cdcd65 	.word	0xc1cdcd65
100033cc:	10008208 	.word	0x10008208
100033d0:	1000820c 	.word	0x1000820c
100033d4:	100081fc 	.word	0x100081fc
100033d8:	10008204 	.word	0x10008204
100033dc:	10008f40 	.word	0x10008f40
100033e0:	3fe00000 	.word	0x3fe00000

100033e4 <_vsnprintf>:
100033e4:	b5f0      	push	{r4, r5, r6, r7, lr}
100033e6:	46de      	mov	lr, fp
100033e8:	4657      	mov	r7, sl
100033ea:	464e      	mov	r6, r9
100033ec:	4645      	mov	r5, r8
100033ee:	b5e0      	push	{r5, r6, r7, lr}
100033f0:	b093      	sub	sp, #76	@ 0x4c
100033f2:	0007      	movs	r7, r0
100033f4:	468a      	mov	sl, r1
100033f6:	4693      	mov	fp, r2
100033f8:	9311      	str	r3, [sp, #68]	@ 0x44
100033fa:	2900      	cmp	r1, #0
100033fc:	d100      	bne.n	10003400 <_vsnprintf+0x1c>
100033fe:	e32c      	b.n	10003a5a <_vsnprintf+0x676>
10003400:	2500      	movs	r5, #0
10003402:	e008      	b.n	10003416 <_vsnprintf+0x32>
10003404:	1c6c      	adds	r4, r5, #1
10003406:	465b      	mov	r3, fp
10003408:	002a      	movs	r2, r5
1000340a:	4651      	mov	r1, sl
1000340c:	47b8      	blx	r7
1000340e:	9b11      	ldr	r3, [sp, #68]	@ 0x44
10003410:	3301      	adds	r3, #1
10003412:	9311      	str	r3, [sp, #68]	@ 0x44
10003414:	0025      	movs	r5, r4
10003416:	9b11      	ldr	r3, [sp, #68]	@ 0x44
10003418:	7818      	ldrb	r0, [r3, #0]
1000341a:	2800      	cmp	r0, #0
1000341c:	d100      	bne.n	10003420 <_vsnprintf+0x3c>
1000341e:	e31e      	b.n	10003a5e <_vsnprintf+0x67a>
10003420:	2825      	cmp	r0, #37	@ 0x25
10003422:	d1ef      	bne.n	10003404 <_vsnprintf+0x20>
10003424:	3301      	adds	r3, #1
10003426:	9311      	str	r3, [sp, #68]	@ 0x44
10003428:	2300      	movs	r3, #0
1000342a:	0018      	movs	r0, r3
1000342c:	e020      	b.n	10003470 <_vsnprintf+0x8c>
1000342e:	2301      	movs	r3, #1
10003430:	4318      	orrs	r0, r3
10003432:	3201      	adds	r2, #1
10003434:	9211      	str	r2, [sp, #68]	@ 0x44
10003436:	2401      	movs	r4, #1
10003438:	e018      	b.n	1000346c <_vsnprintf+0x88>
1000343a:	2302      	movs	r3, #2
1000343c:	4318      	orrs	r0, r3
1000343e:	3201      	adds	r2, #1
10003440:	9211      	str	r2, [sp, #68]	@ 0x44
10003442:	2401      	movs	r4, #1
10003444:	e012      	b.n	1000346c <_vsnprintf+0x88>
10003446:	2304      	movs	r3, #4
10003448:	4318      	orrs	r0, r3
1000344a:	3201      	adds	r2, #1
1000344c:	9211      	str	r2, [sp, #68]	@ 0x44
1000344e:	2401      	movs	r4, #1
10003450:	e00c      	b.n	1000346c <_vsnprintf+0x88>
10003452:	2308      	movs	r3, #8
10003454:	4318      	orrs	r0, r3
10003456:	3201      	adds	r2, #1
10003458:	9211      	str	r2, [sp, #68]	@ 0x44
1000345a:	2401      	movs	r4, #1
1000345c:	e006      	b.n	1000346c <_vsnprintf+0x88>
1000345e:	2310      	movs	r3, #16
10003460:	4318      	orrs	r0, r3
10003462:	3201      	adds	r2, #1
10003464:	9211      	str	r2, [sp, #68]	@ 0x44
10003466:	2401      	movs	r4, #1
10003468:	e000      	b.n	1000346c <_vsnprintf+0x88>
1000346a:	2400      	movs	r4, #0
1000346c:	2c00      	cmp	r4, #0
1000346e:	d009      	beq.n	10003484 <_vsnprintf+0xa0>
10003470:	9a11      	ldr	r2, [sp, #68]	@ 0x44
10003472:	7813      	ldrb	r3, [r2, #0]
10003474:	3b20      	subs	r3, #32
10003476:	b2d9      	uxtb	r1, r3
10003478:	2910      	cmp	r1, #16
1000347a:	d8f6      	bhi.n	1000346a <_vsnprintf+0x86>
1000347c:	008b      	lsls	r3, r1, #2
1000347e:	49c4      	ldr	r1, [pc, #784]	@ (10003790 <_vsnprintf+0x3ac>)
10003480:	58cb      	ldr	r3, [r1, r3]
10003482:	469f      	mov	pc, r3
10003484:	4681      	mov	r9, r0
10003486:	9b11      	ldr	r3, [sp, #68]	@ 0x44
10003488:	781a      	ldrb	r2, [r3, #0]
1000348a:	0013      	movs	r3, r2
1000348c:	3b30      	subs	r3, #48	@ 0x30
1000348e:	b2db      	uxtb	r3, r3
10003490:	2b09      	cmp	r3, #9
10003492:	d910      	bls.n	100034b6 <_vsnprintf+0xd2>
10003494:	2a2a      	cmp	r2, #42	@ 0x2a
10003496:	d013      	beq.n	100034c0 <_vsnprintf+0xdc>
10003498:	940b      	str	r4, [sp, #44]	@ 0x2c
1000349a:	9b11      	ldr	r3, [sp, #68]	@ 0x44
1000349c:	781a      	ldrb	r2, [r3, #0]
1000349e:	2a2e      	cmp	r2, #46	@ 0x2e
100034a0:	d020      	beq.n	100034e4 <_vsnprintf+0x100>
100034a2:	9a11      	ldr	r2, [sp, #68]	@ 0x44
100034a4:	7813      	ldrb	r3, [r2, #0]
100034a6:	3b68      	subs	r3, #104	@ 0x68
100034a8:	b2d9      	uxtb	r1, r3
100034aa:	2912      	cmp	r1, #18
100034ac:	d865      	bhi.n	1000357a <_vsnprintf+0x196>
100034ae:	008b      	lsls	r3, r1, #2
100034b0:	49b8      	ldr	r1, [pc, #736]	@ (10003794 <_vsnprintf+0x3b0>)
100034b2:	58cb      	ldr	r3, [r1, r3]
100034b4:	469f      	mov	pc, r3
100034b6:	a811      	add	r0, sp, #68	@ 0x44
100034b8:	f7ff fa08 	bl	100028cc <_atoi>
100034bc:	900b      	str	r0, [sp, #44]	@ 0x2c
100034be:	e7ec      	b.n	1000349a <_vsnprintf+0xb6>
100034c0:	9b1c      	ldr	r3, [sp, #112]	@ 0x70
100034c2:	1d1a      	adds	r2, r3, #4
100034c4:	921c      	str	r2, [sp, #112]	@ 0x70
100034c6:	681b      	ldr	r3, [r3, #0]
100034c8:	2b00      	cmp	r3, #0
100034ca:	db04      	blt.n	100034d6 <_vsnprintf+0xf2>
100034cc:	930b      	str	r3, [sp, #44]	@ 0x2c
100034ce:	9b11      	ldr	r3, [sp, #68]	@ 0x44
100034d0:	3301      	adds	r3, #1
100034d2:	9311      	str	r3, [sp, #68]	@ 0x44
100034d4:	e7e1      	b.n	1000349a <_vsnprintf+0xb6>
100034d6:	2202      	movs	r2, #2
100034d8:	0001      	movs	r1, r0
100034da:	4311      	orrs	r1, r2
100034dc:	4689      	mov	r9, r1
100034de:	425b      	negs	r3, r3
100034e0:	930b      	str	r3, [sp, #44]	@ 0x2c
100034e2:	e7f4      	b.n	100034ce <_vsnprintf+0xea>
100034e4:	2280      	movs	r2, #128	@ 0x80
100034e6:	00d2      	lsls	r2, r2, #3
100034e8:	4649      	mov	r1, r9
100034ea:	4311      	orrs	r1, r2
100034ec:	4689      	mov	r9, r1
100034ee:	1c5a      	adds	r2, r3, #1
100034f0:	9211      	str	r2, [sp, #68]	@ 0x44
100034f2:	785a      	ldrb	r2, [r3, #1]
100034f4:	0013      	movs	r3, r2
100034f6:	3b30      	subs	r3, #48	@ 0x30
100034f8:	b2db      	uxtb	r3, r3
100034fa:	2b09      	cmp	r3, #9
100034fc:	d90b      	bls.n	10003516 <_vsnprintf+0x132>
100034fe:	2a2a      	cmp	r2, #42	@ 0x2a
10003500:	d1cf      	bne.n	100034a2 <_vsnprintf+0xbe>
10003502:	9b1c      	ldr	r3, [sp, #112]	@ 0x70
10003504:	1d1a      	adds	r2, r3, #4
10003506:	921c      	str	r2, [sp, #112]	@ 0x70
10003508:	681c      	ldr	r4, [r3, #0]
1000350a:	2c00      	cmp	r4, #0
1000350c:	db08      	blt.n	10003520 <_vsnprintf+0x13c>
1000350e:	9b11      	ldr	r3, [sp, #68]	@ 0x44
10003510:	3301      	adds	r3, #1
10003512:	9311      	str	r3, [sp, #68]	@ 0x44
10003514:	e7c5      	b.n	100034a2 <_vsnprintf+0xbe>
10003516:	a811      	add	r0, sp, #68	@ 0x44
10003518:	f7ff f9d8 	bl	100028cc <_atoi>
1000351c:	0004      	movs	r4, r0
1000351e:	e7c0      	b.n	100034a2 <_vsnprintf+0xbe>
10003520:	2400      	movs	r4, #0
10003522:	e7f4      	b.n	1000350e <_vsnprintf+0x12a>
10003524:	2380      	movs	r3, #128	@ 0x80
10003526:	005b      	lsls	r3, r3, #1
10003528:	4649      	mov	r1, r9
1000352a:	430b      	orrs	r3, r1
1000352c:	1c51      	adds	r1, r2, #1
1000352e:	9111      	str	r1, [sp, #68]	@ 0x44
10003530:	7851      	ldrb	r1, [r2, #1]
10003532:	296c      	cmp	r1, #108	@ 0x6c
10003534:	d001      	beq.n	1000353a <_vsnprintf+0x156>
10003536:	4699      	mov	r9, r3
10003538:	e01f      	b.n	1000357a <_vsnprintf+0x196>
1000353a:	23c0      	movs	r3, #192	@ 0xc0
1000353c:	009b      	lsls	r3, r3, #2
1000353e:	4649      	mov	r1, r9
10003540:	4319      	orrs	r1, r3
10003542:	4689      	mov	r9, r1
10003544:	3202      	adds	r2, #2
10003546:	9211      	str	r2, [sp, #68]	@ 0x44
10003548:	e017      	b.n	1000357a <_vsnprintf+0x196>
1000354a:	2380      	movs	r3, #128	@ 0x80
1000354c:	4649      	mov	r1, r9
1000354e:	430b      	orrs	r3, r1
10003550:	1c51      	adds	r1, r2, #1
10003552:	9111      	str	r1, [sp, #68]	@ 0x44
10003554:	7851      	ldrb	r1, [r2, #1]
10003556:	2968      	cmp	r1, #104	@ 0x68
10003558:	d001      	beq.n	1000355e <_vsnprintf+0x17a>
1000355a:	4699      	mov	r9, r3
1000355c:	e00d      	b.n	1000357a <_vsnprintf+0x196>
1000355e:	23c0      	movs	r3, #192	@ 0xc0
10003560:	4649      	mov	r1, r9
10003562:	4319      	orrs	r1, r3
10003564:	4689      	mov	r9, r1
10003566:	3202      	adds	r2, #2
10003568:	9211      	str	r2, [sp, #68]	@ 0x44
1000356a:	e006      	b.n	1000357a <_vsnprintf+0x196>
1000356c:	2380      	movs	r3, #128	@ 0x80
1000356e:	005b      	lsls	r3, r3, #1
10003570:	4649      	mov	r1, r9
10003572:	4319      	orrs	r1, r3
10003574:	4689      	mov	r9, r1
10003576:	3201      	adds	r2, #1
10003578:	9211      	str	r2, [sp, #68]	@ 0x44
1000357a:	9b11      	ldr	r3, [sp, #68]	@ 0x44
1000357c:	7818      	ldrb	r0, [r3, #0]
1000357e:	2867      	cmp	r0, #103	@ 0x67
10003580:	d81c      	bhi.n	100035bc <_vsnprintf+0x1d8>
10003582:	2825      	cmp	r0, #37	@ 0x25
10003584:	d200      	bcs.n	10003588 <_vsnprintf+0x1a4>
10003586:	e25e      	b.n	10003a46 <_vsnprintf+0x662>
10003588:	0003      	movs	r3, r0
1000358a:	3b25      	subs	r3, #37	@ 0x25
1000358c:	b2da      	uxtb	r2, r3
1000358e:	2a42      	cmp	r2, #66	@ 0x42
10003590:	d900      	bls.n	10003594 <_vsnprintf+0x1b0>
10003592:	e258      	b.n	10003a46 <_vsnprintf+0x662>
10003594:	0093      	lsls	r3, r2, #2
10003596:	4a80      	ldr	r2, [pc, #512]	@ (10003798 <_vsnprintf+0x3b4>)
10003598:	58d3      	ldr	r3, [r2, r3]
1000359a:	469f      	mov	pc, r3
1000359c:	2380      	movs	r3, #128	@ 0x80
1000359e:	009b      	lsls	r3, r3, #2
100035a0:	4649      	mov	r1, r9
100035a2:	4319      	orrs	r1, r3
100035a4:	4689      	mov	r9, r1
100035a6:	3201      	adds	r2, #1
100035a8:	9211      	str	r2, [sp, #68]	@ 0x44
100035aa:	e7e6      	b.n	1000357a <_vsnprintf+0x196>
100035ac:	2380      	movs	r3, #128	@ 0x80
100035ae:	005b      	lsls	r3, r3, #1
100035b0:	4649      	mov	r1, r9
100035b2:	4319      	orrs	r1, r3
100035b4:	4689      	mov	r9, r1
100035b6:	3201      	adds	r2, #1
100035b8:	9211      	str	r2, [sp, #68]	@ 0x44
100035ba:	e7de      	b.n	1000357a <_vsnprintf+0x196>
100035bc:	2878      	cmp	r0, #120	@ 0x78
100035be:	d900      	bls.n	100035c2 <_vsnprintf+0x1de>
100035c0:	e241      	b.n	10003a46 <_vsnprintf+0x662>
100035c2:	2869      	cmp	r0, #105	@ 0x69
100035c4:	d200      	bcs.n	100035c8 <_vsnprintf+0x1e4>
100035c6:	e23e      	b.n	10003a46 <_vsnprintf+0x662>
100035c8:	0002      	movs	r2, r0
100035ca:	3a69      	subs	r2, #105	@ 0x69
100035cc:	b2d2      	uxtb	r2, r2
100035ce:	2301      	movs	r3, #1
100035d0:	4093      	lsls	r3, r2
100035d2:	4a72      	ldr	r2, [pc, #456]	@ (1000379c <_vsnprintf+0x3b8>)
100035d4:	4213      	tst	r3, r2
100035d6:	d110      	bne.n	100035fa <_vsnprintf+0x216>
100035d8:	061a      	lsls	r2, r3, #24
100035da:	d500      	bpl.n	100035de <_vsnprintf+0x1fa>
100035dc:	e20c      	b.n	100039f8 <_vsnprintf+0x614>
100035de:	055b      	lsls	r3, r3, #21
100035e0:	d400      	bmi.n	100035e4 <_vsnprintf+0x200>
100035e2:	e230      	b.n	10003a46 <_vsnprintf+0x662>
100035e4:	9b1c      	ldr	r3, [sp, #112]	@ 0x70
100035e6:	1d1a      	adds	r2, r3, #4
100035e8:	921c      	str	r2, [sp, #112]	@ 0x70
100035ea:	681e      	ldr	r6, [r3, #0]
100035ec:	2c00      	cmp	r4, #0
100035ee:	d000      	beq.n	100035f2 <_vsnprintf+0x20e>
100035f0:	e1ba      	b.n	10003968 <_vsnprintf+0x584>
100035f2:	2201      	movs	r2, #1
100035f4:	4252      	negs	r2, r2
100035f6:	0033      	movs	r3, r6
100035f8:	e196      	b.n	10003928 <_vsnprintf+0x544>
100035fa:	286f      	cmp	r0, #111	@ 0x6f
100035fc:	d042      	beq.n	10003684 <_vsnprintf+0x2a0>
100035fe:	d805      	bhi.n	1000360c <_vsnprintf+0x228>
10003600:	2858      	cmp	r0, #88	@ 0x58
10003602:	d041      	beq.n	10003688 <_vsnprintf+0x2a4>
10003604:	2862      	cmp	r0, #98	@ 0x62
10003606:	d103      	bne.n	10003610 <_vsnprintf+0x22c>
10003608:	2602      	movs	r6, #2
1000360a:	e006      	b.n	1000361a <_vsnprintf+0x236>
1000360c:	2878      	cmp	r0, #120	@ 0x78
1000360e:	d03d      	beq.n	1000368c <_vsnprintf+0x2a8>
10003610:	2310      	movs	r3, #16
10003612:	464a      	mov	r2, r9
10003614:	439a      	bics	r2, r3
10003616:	4691      	mov	r9, r2
10003618:	260a      	movs	r6, #10
1000361a:	2858      	cmp	r0, #88	@ 0x58
1000361c:	d038      	beq.n	10003690 <_vsnprintf+0x2ac>
1000361e:	2869      	cmp	r0, #105	@ 0x69
10003620:	d005      	beq.n	1000362e <_vsnprintf+0x24a>
10003622:	2864      	cmp	r0, #100	@ 0x64
10003624:	d003      	beq.n	1000362e <_vsnprintf+0x24a>
10003626:	220c      	movs	r2, #12
10003628:	464b      	mov	r3, r9
1000362a:	4393      	bics	r3, r2
1000362c:	4699      	mov	r9, r3
1000362e:	464b      	mov	r3, r9
10003630:	055a      	lsls	r2, r3, #21
10003632:	d502      	bpl.n	1000363a <_vsnprintf+0x256>
10003634:	2201      	movs	r2, #1
10003636:	4393      	bics	r3, r2
10003638:	4699      	mov	r9, r3
1000363a:	2869      	cmp	r0, #105	@ 0x69
1000363c:	d02d      	beq.n	1000369a <_vsnprintf+0x2b6>
1000363e:	2864      	cmp	r0, #100	@ 0x64
10003640:	d02b      	beq.n	1000369a <_vsnprintf+0x2b6>
10003642:	464b      	mov	r3, r9
10003644:	059a      	lsls	r2, r3, #22
10003646:	d500      	bpl.n	1000364a <_vsnprintf+0x266>
10003648:	e0aa      	b.n	100037a0 <_vsnprintf+0x3bc>
1000364a:	05da      	lsls	r2, r3, #23
1000364c:	d500      	bpl.n	10003650 <_vsnprintf+0x26c>
1000364e:	e0c2      	b.n	100037d6 <_vsnprintf+0x3f2>
10003650:	065a      	lsls	r2, r3, #25
10003652:	d400      	bmi.n	10003656 <_vsnprintf+0x272>
10003654:	e0d3      	b.n	100037fe <_vsnprintf+0x41a>
10003656:	9a1c      	ldr	r2, [sp, #112]	@ 0x70
10003658:	1d11      	adds	r1, r2, #4
1000365a:	911c      	str	r1, [sp, #112]	@ 0x70
1000365c:	6811      	ldr	r1, [r2, #0]
1000365e:	22ff      	movs	r2, #255	@ 0xff
10003660:	400a      	ands	r2, r1
10003662:	464b      	mov	r3, r9
10003664:	9305      	str	r3, [sp, #20]
10003666:	9b0b      	ldr	r3, [sp, #44]	@ 0x2c
10003668:	9304      	str	r3, [sp, #16]
1000366a:	9403      	str	r4, [sp, #12]
1000366c:	9602      	str	r6, [sp, #8]
1000366e:	2300      	movs	r3, #0
10003670:	9301      	str	r3, [sp, #4]
10003672:	9200      	str	r2, [sp, #0]
10003674:	465b      	mov	r3, fp
10003676:	002a      	movs	r2, r5
10003678:	4651      	mov	r1, sl
1000367a:	0038      	movs	r0, r7
1000367c:	f7ff fa17 	bl	10002aae <_ntoa_long>
10003680:	0005      	movs	r5, r0
10003682:	e02a      	b.n	100036da <_vsnprintf+0x2f6>
10003684:	2608      	movs	r6, #8
10003686:	e7c8      	b.n	1000361a <_vsnprintf+0x236>
10003688:	2610      	movs	r6, #16
1000368a:	e7c6      	b.n	1000361a <_vsnprintf+0x236>
1000368c:	2610      	movs	r6, #16
1000368e:	e7c4      	b.n	1000361a <_vsnprintf+0x236>
10003690:	2220      	movs	r2, #32
10003692:	464b      	mov	r3, r9
10003694:	4313      	orrs	r3, r2
10003696:	4699      	mov	r9, r3
10003698:	e7c1      	b.n	1000361e <_vsnprintf+0x23a>
1000369a:	464b      	mov	r3, r9
1000369c:	059a      	lsls	r2, r3, #22
1000369e:	d420      	bmi.n	100036e2 <_vsnprintf+0x2fe>
100036a0:	05da      	lsls	r2, r3, #23
100036a2:	d451      	bmi.n	10003748 <_vsnprintf+0x364>
100036a4:	065a      	lsls	r2, r3, #25
100036a6:	d566      	bpl.n	10003776 <_vsnprintf+0x392>
100036a8:	9a1c      	ldr	r2, [sp, #112]	@ 0x70
100036aa:	1d11      	adds	r1, r2, #4
100036ac:	911c      	str	r1, [sp, #112]	@ 0x70
100036ae:	6811      	ldr	r1, [r2, #0]
100036b0:	22ff      	movs	r2, #255	@ 0xff
100036b2:	400a      	ands	r2, r1
100036b4:	17d0      	asrs	r0, r2, #31
100036b6:	1811      	adds	r1, r2, r0
100036b8:	4041      	eors	r1, r0
100036ba:	464b      	mov	r3, r9
100036bc:	9305      	str	r3, [sp, #20]
100036be:	9b0b      	ldr	r3, [sp, #44]	@ 0x2c
100036c0:	9304      	str	r3, [sp, #16]
100036c2:	9403      	str	r4, [sp, #12]
100036c4:	9602      	str	r6, [sp, #8]
100036c6:	0fd2      	lsrs	r2, r2, #31
100036c8:	9201      	str	r2, [sp, #4]
100036ca:	9100      	str	r1, [sp, #0]
100036cc:	465b      	mov	r3, fp
100036ce:	002a      	movs	r2, r5
100036d0:	4651      	mov	r1, sl
100036d2:	0038      	movs	r0, r7
100036d4:	f7ff f9eb 	bl	10002aae <_ntoa_long>
100036d8:	0005      	movs	r5, r0
100036da:	9b11      	ldr	r3, [sp, #68]	@ 0x44
100036dc:	3301      	adds	r3, #1
100036de:	9311      	str	r3, [sp, #68]	@ 0x44
100036e0:	e699      	b.n	10003416 <_vsnprintf+0x32>
100036e2:	9a1c      	ldr	r2, [sp, #112]	@ 0x70
100036e4:	3207      	adds	r2, #7
100036e6:	2107      	movs	r1, #7
100036e8:	438a      	bics	r2, r1
100036ea:	0011      	movs	r1, r2
100036ec:	3108      	adds	r1, #8
100036ee:	911c      	str	r1, [sp, #112]	@ 0x70
100036f0:	6811      	ldr	r1, [r2, #0]
100036f2:	6853      	ldr	r3, [r2, #4]
100036f4:	469c      	mov	ip, r3
100036f6:	17db      	asrs	r3, r3, #31
100036f8:	930c      	str	r3, [sp, #48]	@ 0x30
100036fa:	930d      	str	r3, [sp, #52]	@ 0x34
100036fc:	9a0c      	ldr	r2, [sp, #48]	@ 0x30
100036fe:	9b0d      	ldr	r3, [sp, #52]	@ 0x34
10003700:	0010      	movs	r0, r2
10003702:	4048      	eors	r0, r1
10003704:	900e      	str	r0, [sp, #56]	@ 0x38
10003706:	9b0d      	ldr	r3, [sp, #52]	@ 0x34
10003708:	4661      	mov	r1, ip
1000370a:	404b      	eors	r3, r1
1000370c:	930f      	str	r3, [sp, #60]	@ 0x3c
1000370e:	980e      	ldr	r0, [sp, #56]	@ 0x38
10003710:	990f      	ldr	r1, [sp, #60]	@ 0x3c
10003712:	9a0c      	ldr	r2, [sp, #48]	@ 0x30
10003714:	9b0d      	ldr	r3, [sp, #52]	@ 0x34
10003716:	1a80      	subs	r0, r0, r2
10003718:	4199      	sbcs	r1, r3
1000371a:	900e      	str	r0, [sp, #56]	@ 0x38
1000371c:	910f      	str	r1, [sp, #60]	@ 0x3c
1000371e:	464b      	mov	r3, r9
10003720:	9308      	str	r3, [sp, #32]
10003722:	9b0b      	ldr	r3, [sp, #44]	@ 0x2c
10003724:	9307      	str	r3, [sp, #28]
10003726:	9406      	str	r4, [sp, #24]
10003728:	9604      	str	r6, [sp, #16]
1000372a:	2300      	movs	r3, #0
1000372c:	9305      	str	r3, [sp, #20]
1000372e:	4663      	mov	r3, ip
10003730:	0fda      	lsrs	r2, r3, #31
10003732:	9202      	str	r2, [sp, #8]
10003734:	9000      	str	r0, [sp, #0]
10003736:	9101      	str	r1, [sp, #4]
10003738:	465b      	mov	r3, fp
1000373a:	002a      	movs	r2, r5
1000373c:	4651      	mov	r1, sl
1000373e:	0038      	movs	r0, r7
10003740:	f7ff fa13 	bl	10002b6a <_ntoa_long_long>
10003744:	0005      	movs	r5, r0
10003746:	e7c8      	b.n	100036da <_vsnprintf+0x2f6>
10003748:	9a1c      	ldr	r2, [sp, #112]	@ 0x70
1000374a:	1d11      	adds	r1, r2, #4
1000374c:	911c      	str	r1, [sp, #112]	@ 0x70
1000374e:	6812      	ldr	r2, [r2, #0]
10003750:	17d0      	asrs	r0, r2, #31
10003752:	1811      	adds	r1, r2, r0
10003754:	4041      	eors	r1, r0
10003756:	9305      	str	r3, [sp, #20]
10003758:	9b0b      	ldr	r3, [sp, #44]	@ 0x2c
1000375a:	9304      	str	r3, [sp, #16]
1000375c:	9403      	str	r4, [sp, #12]
1000375e:	9602      	str	r6, [sp, #8]
10003760:	0fd2      	lsrs	r2, r2, #31
10003762:	9201      	str	r2, [sp, #4]
10003764:	9100      	str	r1, [sp, #0]
10003766:	465b      	mov	r3, fp
10003768:	002a      	movs	r2, r5
1000376a:	4651      	mov	r1, sl
1000376c:	0038      	movs	r0, r7
1000376e:	f7ff f99e 	bl	10002aae <_ntoa_long>
10003772:	0005      	movs	r5, r0
10003774:	e7b1      	b.n	100036da <_vsnprintf+0x2f6>
10003776:	061a      	lsls	r2, r3, #24
10003778:	d505      	bpl.n	10003786 <_vsnprintf+0x3a2>
1000377a:	9a1c      	ldr	r2, [sp, #112]	@ 0x70
1000377c:	1d11      	adds	r1, r2, #4
1000377e:	911c      	str	r1, [sp, #112]	@ 0x70
10003780:	2300      	movs	r3, #0
10003782:	5ed2      	ldrsh	r2, [r2, r3]
10003784:	e796      	b.n	100036b4 <_vsnprintf+0x2d0>
10003786:	9a1c      	ldr	r2, [sp, #112]	@ 0x70
10003788:	1d11      	adds	r1, r2, #4
1000378a:	911c      	str	r1, [sp, #112]	@ 0x70
1000378c:	6812      	ldr	r2, [r2, #0]
1000378e:	e791      	b.n	100036b4 <_vsnprintf+0x2d0>
10003790:	10008da4 	.word	0x10008da4
10003794:	10008de8 	.word	0x10008de8
10003798:	10008e34 	.word	0x10008e34
1000379c:	00009041 	.word	0x00009041
100037a0:	9a1c      	ldr	r2, [sp, #112]	@ 0x70
100037a2:	3207      	adds	r2, #7
100037a4:	2107      	movs	r1, #7
100037a6:	438a      	bics	r2, r1
100037a8:	0011      	movs	r1, r2
100037aa:	3108      	adds	r1, #8
100037ac:	911c      	str	r1, [sp, #112]	@ 0x70
100037ae:	9308      	str	r3, [sp, #32]
100037b0:	9b0b      	ldr	r3, [sp, #44]	@ 0x2c
100037b2:	9307      	str	r3, [sp, #28]
100037b4:	9406      	str	r4, [sp, #24]
100037b6:	9604      	str	r6, [sp, #16]
100037b8:	2300      	movs	r3, #0
100037ba:	9305      	str	r3, [sp, #20]
100037bc:	9302      	str	r3, [sp, #8]
100037be:	6853      	ldr	r3, [r2, #4]
100037c0:	6812      	ldr	r2, [r2, #0]
100037c2:	9200      	str	r2, [sp, #0]
100037c4:	9301      	str	r3, [sp, #4]
100037c6:	465b      	mov	r3, fp
100037c8:	002a      	movs	r2, r5
100037ca:	4651      	mov	r1, sl
100037cc:	0038      	movs	r0, r7
100037ce:	f7ff f9cc 	bl	10002b6a <_ntoa_long_long>
100037d2:	0005      	movs	r5, r0
100037d4:	e781      	b.n	100036da <_vsnprintf+0x2f6>
100037d6:	9a1c      	ldr	r2, [sp, #112]	@ 0x70
100037d8:	1d11      	adds	r1, r2, #4
100037da:	911c      	str	r1, [sp, #112]	@ 0x70
100037dc:	9305      	str	r3, [sp, #20]
100037de:	9b0b      	ldr	r3, [sp, #44]	@ 0x2c
100037e0:	9304      	str	r3, [sp, #16]
100037e2:	9403      	str	r4, [sp, #12]
100037e4:	9602      	str	r6, [sp, #8]
100037e6:	2300      	movs	r3, #0
100037e8:	9301      	str	r3, [sp, #4]
100037ea:	6813      	ldr	r3, [r2, #0]
100037ec:	9300      	str	r3, [sp, #0]
100037ee:	465b      	mov	r3, fp
100037f0:	002a      	movs	r2, r5
100037f2:	4651      	mov	r1, sl
100037f4:	0038      	movs	r0, r7
100037f6:	f7ff f95a 	bl	10002aae <_ntoa_long>
100037fa:	0005      	movs	r5, r0
100037fc:	e76d      	b.n	100036da <_vsnprintf+0x2f6>
100037fe:	061a      	lsls	r2, r3, #24
10003800:	d506      	bpl.n	10003810 <_vsnprintf+0x42c>
10003802:	9a1c      	ldr	r2, [sp, #112]	@ 0x70
10003804:	1d11      	adds	r1, r2, #4
10003806:	911c      	str	r1, [sp, #112]	@ 0x70
10003808:	6812      	ldr	r2, [r2, #0]
1000380a:	0412      	lsls	r2, r2, #16
1000380c:	0c12      	lsrs	r2, r2, #16
1000380e:	e728      	b.n	10003662 <_vsnprintf+0x27e>
10003810:	9a1c      	ldr	r2, [sp, #112]	@ 0x70
10003812:	1d11      	adds	r1, r2, #4
10003814:	911c      	str	r1, [sp, #112]	@ 0x70
10003816:	6812      	ldr	r2, [r2, #0]
10003818:	e723      	b.n	10003662 <_vsnprintf+0x27e>
1000381a:	2846      	cmp	r0, #70	@ 0x46
1000381c:	d01a      	beq.n	10003854 <_vsnprintf+0x470>
1000381e:	9b1c      	ldr	r3, [sp, #112]	@ 0x70
10003820:	3307      	adds	r3, #7
10003822:	2207      	movs	r2, #7
10003824:	4393      	bics	r3, r2
10003826:	001a      	movs	r2, r3
10003828:	3208      	adds	r2, #8
1000382a:	921c      	str	r2, [sp, #112]	@ 0x70
1000382c:	464a      	mov	r2, r9
1000382e:	9204      	str	r2, [sp, #16]
10003830:	9a0b      	ldr	r2, [sp, #44]	@ 0x2c
10003832:	9203      	str	r2, [sp, #12]
10003834:	9402      	str	r4, [sp, #8]
10003836:	681a      	ldr	r2, [r3, #0]
10003838:	685b      	ldr	r3, [r3, #4]
1000383a:	9200      	str	r2, [sp, #0]
1000383c:	9301      	str	r3, [sp, #4]
1000383e:	465b      	mov	r3, fp
10003840:	002a      	movs	r2, r5
10003842:	4651      	mov	r1, sl
10003844:	0038      	movs	r0, r7
10003846:	f7ff fc29 	bl	1000309c <_ftoa>
1000384a:	0005      	movs	r5, r0
1000384c:	9b11      	ldr	r3, [sp, #68]	@ 0x44
1000384e:	3301      	adds	r3, #1
10003850:	9311      	str	r3, [sp, #68]	@ 0x44
10003852:	e5e0      	b.n	10003416 <_vsnprintf+0x32>
10003854:	2320      	movs	r3, #32
10003856:	464a      	mov	r2, r9
10003858:	431a      	orrs	r2, r3
1000385a:	4691      	mov	r9, r2
1000385c:	e7df      	b.n	1000381e <_vsnprintf+0x43a>
1000385e:	2867      	cmp	r0, #103	@ 0x67
10003860:	d001      	beq.n	10003866 <_vsnprintf+0x482>
10003862:	2847      	cmp	r0, #71	@ 0x47
10003864:	d104      	bne.n	10003870 <_vsnprintf+0x48c>
10003866:	2380      	movs	r3, #128	@ 0x80
10003868:	011b      	lsls	r3, r3, #4
1000386a:	464a      	mov	r2, r9
1000386c:	431a      	orrs	r2, r3
1000386e:	4691      	mov	r9, r2
10003870:	2845      	cmp	r0, #69	@ 0x45
10003872:	d001      	beq.n	10003878 <_vsnprintf+0x494>
10003874:	2847      	cmp	r0, #71	@ 0x47
10003876:	d103      	bne.n	10003880 <_vsnprintf+0x49c>
10003878:	2320      	movs	r3, #32
1000387a:	464a      	mov	r2, r9
1000387c:	431a      	orrs	r2, r3
1000387e:	4691      	mov	r9, r2
10003880:	9b1c      	ldr	r3, [sp, #112]	@ 0x70
10003882:	3307      	adds	r3, #7
10003884:	2207      	movs	r2, #7
10003886:	4393      	bics	r3, r2
10003888:	001a      	movs	r2, r3
1000388a:	3208      	adds	r2, #8
1000388c:	921c      	str	r2, [sp, #112]	@ 0x70
1000388e:	464a      	mov	r2, r9
10003890:	9204      	str	r2, [sp, #16]
10003892:	9a0b      	ldr	r2, [sp, #44]	@ 0x2c
10003894:	9203      	str	r2, [sp, #12]
10003896:	9402      	str	r4, [sp, #8]
10003898:	681a      	ldr	r2, [r3, #0]
1000389a:	685b      	ldr	r3, [r3, #4]
1000389c:	9200      	str	r2, [sp, #0]
1000389e:	9301      	str	r3, [sp, #4]
100038a0:	465b      	mov	r3, fp
100038a2:	002a      	movs	r2, r5
100038a4:	4651      	mov	r1, sl
100038a6:	0038      	movs	r0, r7
100038a8:	f7ff f9e6 	bl	10002c78 <_etoa>
100038ac:	0005      	movs	r5, r0
100038ae:	9b11      	ldr	r3, [sp, #68]	@ 0x44
100038b0:	3301      	adds	r3, #1
100038b2:	9311      	str	r3, [sp, #68]	@ 0x44
100038b4:	e5af      	b.n	10003416 <_vsnprintf+0x32>
100038b6:	2302      	movs	r3, #2
100038b8:	464e      	mov	r6, r9
100038ba:	401e      	ands	r6, r3
100038bc:	464a      	mov	r2, r9
100038be:	4213      	tst	r3, r2
100038c0:	d01e      	beq.n	10003900 <_vsnprintf+0x51c>
100038c2:	2401      	movs	r4, #1
100038c4:	9b1c      	ldr	r3, [sp, #112]	@ 0x70
100038c6:	1d1a      	adds	r2, r3, #4
100038c8:	921c      	str	r2, [sp, #112]	@ 0x70
100038ca:	1c6a      	adds	r2, r5, #1
100038cc:	4690      	mov	r8, r2
100038ce:	7818      	ldrb	r0, [r3, #0]
100038d0:	465b      	mov	r3, fp
100038d2:	002a      	movs	r2, r5
100038d4:	4651      	mov	r1, sl
100038d6:	47b8      	blx	r7
100038d8:	2e00      	cmp	r6, #0
100038da:	d114      	bne.n	10003906 <_vsnprintf+0x522>
100038dc:	9b11      	ldr	r3, [sp, #68]	@ 0x44
100038de:	3301      	adds	r3, #1
100038e0:	9311      	str	r3, [sp, #68]	@ 0x44
100038e2:	4645      	mov	r5, r8
100038e4:	e597      	b.n	10003416 <_vsnprintf+0x32>
100038e6:	1c55      	adds	r5, r2, #1
100038e8:	465b      	mov	r3, fp
100038ea:	4651      	mov	r1, sl
100038ec:	2020      	movs	r0, #32
100038ee:	47b8      	blx	r7
100038f0:	0023      	movs	r3, r4
100038f2:	002a      	movs	r2, r5
100038f4:	1c5c      	adds	r4, r3, #1
100038f6:	990b      	ldr	r1, [sp, #44]	@ 0x2c
100038f8:	4299      	cmp	r1, r3
100038fa:	d8f4      	bhi.n	100038e6 <_vsnprintf+0x502>
100038fc:	0015      	movs	r5, r2
100038fe:	e7e1      	b.n	100038c4 <_vsnprintf+0x4e0>
10003900:	2301      	movs	r3, #1
10003902:	002a      	movs	r2, r5
10003904:	e7f6      	b.n	100038f4 <_vsnprintf+0x510>
10003906:	4642      	mov	r2, r8
10003908:	e006      	b.n	10003918 <_vsnprintf+0x534>
1000390a:	1c56      	adds	r6, r2, #1
1000390c:	465b      	mov	r3, fp
1000390e:	4651      	mov	r1, sl
10003910:	2020      	movs	r0, #32
10003912:	47b8      	blx	r7
10003914:	002c      	movs	r4, r5
10003916:	0032      	movs	r2, r6
10003918:	1c65      	adds	r5, r4, #1
1000391a:	9b0b      	ldr	r3, [sp, #44]	@ 0x2c
1000391c:	42a3      	cmp	r3, r4
1000391e:	d8f4      	bhi.n	1000390a <_vsnprintf+0x526>
10003920:	4690      	mov	r8, r2
10003922:	e7db      	b.n	100038dc <_vsnprintf+0x4f8>
10003924:	3301      	adds	r3, #1
10003926:	000a      	movs	r2, r1
10003928:	7819      	ldrb	r1, [r3, #0]
1000392a:	2900      	cmp	r1, #0
1000392c:	d002      	beq.n	10003934 <_vsnprintf+0x550>
1000392e:	1e51      	subs	r1, r2, #1
10003930:	2a00      	cmp	r2, #0
10003932:	d1f7      	bne.n	10003924 <_vsnprintf+0x540>
10003934:	1b9b      	subs	r3, r3, r6
10003936:	2280      	movs	r2, #128	@ 0x80
10003938:	00d2      	lsls	r2, r2, #3
1000393a:	4649      	mov	r1, r9
1000393c:	4011      	ands	r1, r2
1000393e:	4688      	mov	r8, r1
10003940:	4649      	mov	r1, r9
10003942:	4211      	tst	r1, r2
10003944:	d002      	beq.n	1000394c <_vsnprintf+0x568>
10003946:	42a3      	cmp	r3, r4
10003948:	d900      	bls.n	1000394c <_vsnprintf+0x568>
1000394a:	0023      	movs	r3, r4
1000394c:	2202      	movs	r2, #2
1000394e:	4649      	mov	r1, r9
10003950:	4011      	ands	r1, r2
10003952:	9110      	str	r1, [sp, #64]	@ 0x40
10003954:	4649      	mov	r1, r9
10003956:	420a      	tst	r2, r1
10003958:	d008      	beq.n	1000396c <_vsnprintf+0x588>
1000395a:	002a      	movs	r2, r5
1000395c:	0025      	movs	r5, r4
1000395e:	4699      	mov	r9, r3
10003960:	003b      	movs	r3, r7
10003962:	4647      	mov	r7, r8
10003964:	4698      	mov	r8, r3
10003966:	e026      	b.n	100039b6 <_vsnprintf+0x5d2>
10003968:	0022      	movs	r2, r4
1000396a:	e644      	b.n	100035f6 <_vsnprintf+0x212>
1000396c:	46a1      	mov	r9, r4
1000396e:	002a      	movs	r2, r5
10003970:	4651      	mov	r1, sl
10003972:	46b2      	mov	sl, r6
10003974:	000e      	movs	r6, r1
10003976:	e006      	b.n	10003986 <_vsnprintf+0x5a2>
10003978:	1c55      	adds	r5, r2, #1
1000397a:	465b      	mov	r3, fp
1000397c:	0031      	movs	r1, r6
1000397e:	2020      	movs	r0, #32
10003980:	47b8      	blx	r7
10003982:	0023      	movs	r3, r4
10003984:	002a      	movs	r2, r5
10003986:	1c5c      	adds	r4, r3, #1
10003988:	990b      	ldr	r1, [sp, #44]	@ 0x2c
1000398a:	4299      	cmp	r1, r3
1000398c:	d8f4      	bhi.n	10003978 <_vsnprintf+0x594>
1000398e:	0015      	movs	r5, r2
10003990:	0022      	movs	r2, r4
10003992:	464c      	mov	r4, r9
10003994:	0033      	movs	r3, r6
10003996:	4656      	mov	r6, sl
10003998:	469a      	mov	sl, r3
1000399a:	4691      	mov	r9, r2
1000399c:	002a      	movs	r2, r5
1000399e:	0025      	movs	r5, r4
100039a0:	003b      	movs	r3, r7
100039a2:	4647      	mov	r7, r8
100039a4:	4698      	mov	r8, r3
100039a6:	e006      	b.n	100039b6 <_vsnprintf+0x5d2>
100039a8:	001d      	movs	r5, r3
100039aa:	3601      	adds	r6, #1
100039ac:	1c54      	adds	r4, r2, #1
100039ae:	465b      	mov	r3, fp
100039b0:	4651      	mov	r1, sl
100039b2:	47c0      	blx	r8
100039b4:	0022      	movs	r2, r4
100039b6:	7830      	ldrb	r0, [r6, #0]
100039b8:	2800      	cmp	r0, #0
100039ba:	d004      	beq.n	100039c6 <_vsnprintf+0x5e2>
100039bc:	2f00      	cmp	r7, #0
100039be:	d0f4      	beq.n	100039aa <_vsnprintf+0x5c6>
100039c0:	1e6b      	subs	r3, r5, #1
100039c2:	2d00      	cmp	r5, #0
100039c4:	d1f0      	bne.n	100039a8 <_vsnprintf+0x5c4>
100039c6:	0015      	movs	r5, r2
100039c8:	464b      	mov	r3, r9
100039ca:	4647      	mov	r7, r8
100039cc:	9a10      	ldr	r2, [sp, #64]	@ 0x40
100039ce:	2a00      	cmp	r2, #0
100039d0:	d103      	bne.n	100039da <_vsnprintf+0x5f6>
100039d2:	9b11      	ldr	r3, [sp, #68]	@ 0x44
100039d4:	3301      	adds	r3, #1
100039d6:	9311      	str	r3, [sp, #68]	@ 0x44
100039d8:	e51d      	b.n	10003416 <_vsnprintf+0x32>
100039da:	9e0b      	ldr	r6, [sp, #44]	@ 0x2c
100039dc:	002a      	movs	r2, r5
100039de:	e006      	b.n	100039ee <_vsnprintf+0x60a>
100039e0:	1c55      	adds	r5, r2, #1
100039e2:	465b      	mov	r3, fp
100039e4:	4651      	mov	r1, sl
100039e6:	2020      	movs	r0, #32
100039e8:	47b8      	blx	r7
100039ea:	0023      	movs	r3, r4
100039ec:	002a      	movs	r2, r5
100039ee:	1c5c      	adds	r4, r3, #1
100039f0:	429e      	cmp	r6, r3
100039f2:	d8f5      	bhi.n	100039e0 <_vsnprintf+0x5fc>
100039f4:	0015      	movs	r5, r2
100039f6:	e7ec      	b.n	100039d2 <_vsnprintf+0x5ee>
100039f8:	2321      	movs	r3, #33	@ 0x21
100039fa:	464a      	mov	r2, r9
100039fc:	431a      	orrs	r2, r3
100039fe:	0013      	movs	r3, r2
10003a00:	9a1c      	ldr	r2, [sp, #112]	@ 0x70
10003a02:	1d11      	adds	r1, r2, #4
10003a04:	911c      	str	r1, [sp, #112]	@ 0x70
10003a06:	6812      	ldr	r2, [r2, #0]
10003a08:	9305      	str	r3, [sp, #20]
10003a0a:	2308      	movs	r3, #8
10003a0c:	9304      	str	r3, [sp, #16]
10003a0e:	9403      	str	r4, [sp, #12]
10003a10:	3308      	adds	r3, #8
10003a12:	9302      	str	r3, [sp, #8]
10003a14:	2300      	movs	r3, #0
10003a16:	9301      	str	r3, [sp, #4]
10003a18:	9200      	str	r2, [sp, #0]
10003a1a:	465b      	mov	r3, fp
10003a1c:	002a      	movs	r2, r5
10003a1e:	4651      	mov	r1, sl
10003a20:	0038      	movs	r0, r7
10003a22:	f7ff f844 	bl	10002aae <_ntoa_long>
10003a26:	0005      	movs	r5, r0
10003a28:	9b11      	ldr	r3, [sp, #68]	@ 0x44
10003a2a:	3301      	adds	r3, #1
10003a2c:	9311      	str	r3, [sp, #68]	@ 0x44
10003a2e:	e4f2      	b.n	10003416 <_vsnprintf+0x32>
10003a30:	1c6c      	adds	r4, r5, #1
10003a32:	465b      	mov	r3, fp
10003a34:	002a      	movs	r2, r5
10003a36:	4651      	mov	r1, sl
10003a38:	2025      	movs	r0, #37	@ 0x25
10003a3a:	47b8      	blx	r7
10003a3c:	9b11      	ldr	r3, [sp, #68]	@ 0x44
10003a3e:	3301      	adds	r3, #1
10003a40:	9311      	str	r3, [sp, #68]	@ 0x44
10003a42:	0025      	movs	r5, r4
10003a44:	e4e7      	b.n	10003416 <_vsnprintf+0x32>
10003a46:	1c6c      	adds	r4, r5, #1
10003a48:	465b      	mov	r3, fp
10003a4a:	002a      	movs	r2, r5
10003a4c:	4651      	mov	r1, sl
10003a4e:	47b8      	blx	r7
10003a50:	9b11      	ldr	r3, [sp, #68]	@ 0x44
10003a52:	3301      	adds	r3, #1
10003a54:	9311      	str	r3, [sp, #68]	@ 0x44
10003a56:	0025      	movs	r5, r4
10003a58:	e4dd      	b.n	10003416 <_vsnprintf+0x32>
10003a5a:	4f0a      	ldr	r7, [pc, #40]	@ (10003a84 <_vsnprintf+0x6a0>)
10003a5c:	e4d0      	b.n	10003400 <_vsnprintf+0x1c>
10003a5e:	455d      	cmp	r5, fp
10003a60:	d30d      	bcc.n	10003a7e <_vsnprintf+0x69a>
10003a62:	465b      	mov	r3, fp
10003a64:	1e5a      	subs	r2, r3, #1
10003a66:	465b      	mov	r3, fp
10003a68:	4651      	mov	r1, sl
10003a6a:	2000      	movs	r0, #0
10003a6c:	47b8      	blx	r7
10003a6e:	0028      	movs	r0, r5
10003a70:	b013      	add	sp, #76	@ 0x4c
10003a72:	bcf0      	pop	{r4, r5, r6, r7}
10003a74:	46bb      	mov	fp, r7
10003a76:	46b2      	mov	sl, r6
10003a78:	46a9      	mov	r9, r5
10003a7a:	46a0      	mov	r8, r4
10003a7c:	bdf0      	pop	{r4, r5, r6, r7, pc}
10003a7e:	002a      	movs	r2, r5
10003a80:	e7f1      	b.n	10003a66 <_vsnprintf+0x682>
10003a82:	46c0      	nop			@ (mov r8, r8)
10003a84:	100028bd 	.word	0x100028bd

10003a88 <vfctprintf>:
10003a88:	b510      	push	{r4, lr}
10003a8a:	b084      	sub	sp, #16
10003a8c:	000c      	movs	r4, r1
10003a8e:	a902      	add	r1, sp, #8
10003a90:	9002      	str	r0, [sp, #8]
10003a92:	604c      	str	r4, [r1, #4]
10003a94:	2401      	movs	r4, #1
10003a96:	4804      	ldr	r0, [pc, #16]	@ (10003aa8 <vfctprintf+0x20>)
10003a98:	9300      	str	r3, [sp, #0]
10003a9a:	0013      	movs	r3, r2
10003a9c:	4262      	negs	r2, r4
10003a9e:	f7ff fca1 	bl	100033e4 <_vsnprintf>
10003aa2:	b004      	add	sp, #16
10003aa4:	bd10      	pop	{r4, pc}
10003aa6:	46c0      	nop			@ (mov r8, r8)
10003aa8:	100028bf 	.word	0x100028bf

10003aac <_exit>:
10003aac:	be00      	bkpt	0x0000
10003aae:	e7fd      	b.n	10003aac <_exit>

10003ab0 <exit>:
10003ab0:	b510      	push	{r4, lr}
10003ab2:	f7ff fffb 	bl	10003aac <_exit>
	...

10003ab8 <__assert_func>:
10003ab8:	b530      	push	{r4, r5, lr}
10003aba:	b083      	sub	sp, #12
10003abc:	000d      	movs	r5, r1
10003abe:	0019      	movs	r1, r3
10003ac0:	2a00      	cmp	r2, #0
10003ac2:	d00b      	beq.n	10003adc <__assert_func+0x24>
10003ac4:	4b07      	ldr	r3, [pc, #28]	@ (10003ae4 <__assert_func+0x2c>)
10003ac6:	4c08      	ldr	r4, [pc, #32]	@ (10003ae8 <__assert_func+0x30>)
10003ac8:	9201      	str	r2, [sp, #4]
10003aca:	9300      	str	r3, [sp, #0]
10003acc:	002b      	movs	r3, r5
10003ace:	0002      	movs	r2, r0
10003ad0:	0020      	movs	r0, r4
10003ad2:	f000 f9c5 	bl	10003e60 <__wrap_printf>
10003ad6:	2001      	movs	r0, #1
10003ad8:	f7ff ffe8 	bl	10003aac <_exit>
10003adc:	4b03      	ldr	r3, [pc, #12]	@ (10003aec <__assert_func+0x34>)
10003ade:	001a      	movs	r2, r3
10003ae0:	e7f1      	b.n	10003ac6 <__assert_func+0xe>
10003ae2:	46c0      	nop			@ (mov r8, r8)
10003ae4:	10008214 	.word	0x10008214
10003ae8:	10008224 	.word	0x10008224
10003aec:	10008220 	.word	0x10008220

10003af0 <runtime_init>:
10003af0:	b510      	push	{r4, lr}
10003af2:	f3ef 8305 	mrs	r3, IPSR
10003af6:	2b00      	cmp	r3, #0
10003af8:	d000      	beq.n	10003afc <runtime_init+0xc>
10003afa:	be00      	bkpt	0x0000
10003afc:	f7fe f904 	bl	10001d08 <runtime_run_initializers>
10003b00:	4c03      	ldr	r4, [pc, #12]	@ (10003b10 <runtime_init+0x20>)
10003b02:	e001      	b.n	10003b08 <runtime_init+0x18>
10003b04:	cc08      	ldmia	r4!, {r3}
10003b06:	4798      	blx	r3
10003b08:	4b02      	ldr	r3, [pc, #8]	@ (10003b14 <runtime_init+0x24>)
10003b0a:	429c      	cmp	r4, r3
10003b0c:	d3fa      	bcc.n	10003b04 <runtime_init+0x14>
10003b0e:	bd10      	pop	{r4, pc}
10003b10:	1000790c 	.word	0x1000790c
10003b14:	10007914 	.word	0x10007914

10003b18 <stdio_out_chars_no_crlf>:
10003b18:	b510      	push	{r4, lr}
10003b1a:	0003      	movs	r3, r0
10003b1c:	0008      	movs	r0, r1
10003b1e:	0011      	movs	r1, r2
10003b20:	681b      	ldr	r3, [r3, #0]
10003b22:	4798      	blx	r3
10003b24:	bd10      	pop	{r4, pc}
	...

10003b28 <stdio_out_chars_crlf>:
10003b28:	b5f8      	push	{r3, r4, r5, r6, r7, lr}
10003b2a:	0007      	movs	r7, r0
10003b2c:	000d      	movs	r5, r1
10003b2e:	0016      	movs	r6, r2
10003b30:	7d43      	ldrb	r3, [r0, #21]
10003b32:	2b00      	cmp	r3, #0
10003b34:	d002      	beq.n	10003b3c <stdio_out_chars_crlf+0x14>
10003b36:	2400      	movs	r4, #0
10003b38:	2000      	movs	r0, #0
10003b3a:	e00c      	b.n	10003b56 <stdio_out_chars_crlf+0x2e>
10003b3c:	6803      	ldr	r3, [r0, #0]
10003b3e:	0011      	movs	r1, r2
10003b40:	0028      	movs	r0, r5
10003b42:	4798      	blx	r3
10003b44:	e02d      	b.n	10003ba2 <stdio_out_chars_crlf+0x7a>
10003b46:	7d3b      	ldrb	r3, [r7, #20]
10003b48:	e010      	b.n	10003b6c <stdio_out_chars_crlf+0x44>
10003b4a:	683b      	ldr	r3, [r7, #0]
10003b4c:	4815      	ldr	r0, [pc, #84]	@ (10003ba4 <stdio_out_chars_crlf+0x7c>)
10003b4e:	2102      	movs	r1, #2
10003b50:	4798      	blx	r3
10003b52:	1c60      	adds	r0, r4, #1
10003b54:	3401      	adds	r4, #1
10003b56:	42b4      	cmp	r4, r6
10003b58:	da14      	bge.n	10003b84 <stdio_out_chars_crlf+0x5c>
10003b5a:	2c00      	cmp	r4, #0
10003b5c:	ddf3      	ble.n	10003b46 <stdio_out_chars_crlf+0x1e>
10003b5e:	192b      	adds	r3, r5, r4
10003b60:	3b01      	subs	r3, #1
10003b62:	781b      	ldrb	r3, [r3, #0]
10003b64:	3b0d      	subs	r3, #13
10003b66:	425a      	negs	r2, r3
10003b68:	4153      	adcs	r3, r2
10003b6a:	b2db      	uxtb	r3, r3
10003b6c:	5d2a      	ldrb	r2, [r5, r4]
10003b6e:	2a0a      	cmp	r2, #10
10003b70:	d1f0      	bne.n	10003b54 <stdio_out_chars_crlf+0x2c>
10003b72:	2b00      	cmp	r3, #0
10003b74:	d1ee      	bne.n	10003b54 <stdio_out_chars_crlf+0x2c>
10003b76:	42a0      	cmp	r0, r4
10003b78:	dae7      	bge.n	10003b4a <stdio_out_chars_crlf+0x22>
10003b7a:	683b      	ldr	r3, [r7, #0]
10003b7c:	1a21      	subs	r1, r4, r0
10003b7e:	1828      	adds	r0, r5, r0
10003b80:	4798      	blx	r3
10003b82:	e7e2      	b.n	10003b4a <stdio_out_chars_crlf+0x22>
10003b84:	42b0      	cmp	r0, r6
10003b86:	da03      	bge.n	10003b90 <stdio_out_chars_crlf+0x68>
10003b88:	683b      	ldr	r3, [r7, #0]
10003b8a:	1a31      	subs	r1, r6, r0
10003b8c:	1828      	adds	r0, r5, r0
10003b8e:	4798      	blx	r3
10003b90:	2e00      	cmp	r6, #0
10003b92:	dd06      	ble.n	10003ba2 <stdio_out_chars_crlf+0x7a>
10003b94:	19ad      	adds	r5, r5, r6
10003b96:	3d01      	subs	r5, #1
10003b98:	782b      	ldrb	r3, [r5, #0]
10003b9a:	3b0d      	subs	r3, #13
10003b9c:	425a      	negs	r2, r3
10003b9e:	4153      	adcs	r3, r2
10003ba0:	753b      	strb	r3, [r7, #20]
10003ba2:	bdf8      	pop	{r3, r4, r5, r6, r7, pc}
10003ba4:	10008fac 	.word	0x10008fac

10003ba8 <stdio_stack_buffer_flush>:
10003ba8:	b570      	push	{r4, r5, r6, lr}
10003baa:	0005      	movs	r5, r0
10003bac:	6803      	ldr	r3, [r0, #0]
10003bae:	2b00      	cmp	r3, #0
10003bb0:	d016      	beq.n	10003be0 <stdio_stack_buffer_flush+0x38>
10003bb2:	4b0c      	ldr	r3, [pc, #48]	@ (10003be4 <stdio_stack_buffer_flush+0x3c>)
10003bb4:	681c      	ldr	r4, [r3, #0]
10003bb6:	e005      	b.n	10003bc4 <stdio_stack_buffer_flush+0x1c>
10003bb8:	0029      	movs	r1, r5
10003bba:	c904      	ldmia	r1!, {r2}
10003bbc:	0020      	movs	r0, r4
10003bbe:	f7ff ffb3 	bl	10003b28 <stdio_out_chars_crlf>
10003bc2:	6924      	ldr	r4, [r4, #16]
10003bc4:	2c00      	cmp	r4, #0
10003bc6:	d009      	beq.n	10003bdc <stdio_stack_buffer_flush+0x34>
10003bc8:	6823      	ldr	r3, [r4, #0]
10003bca:	2b00      	cmp	r3, #0
10003bcc:	d0f9      	beq.n	10003bc2 <stdio_stack_buffer_flush+0x1a>
10003bce:	4b06      	ldr	r3, [pc, #24]	@ (10003be8 <stdio_stack_buffer_flush+0x40>)
10003bd0:	681b      	ldr	r3, [r3, #0]
10003bd2:	2b00      	cmp	r3, #0
10003bd4:	d0f0      	beq.n	10003bb8 <stdio_stack_buffer_flush+0x10>
10003bd6:	42a3      	cmp	r3, r4
10003bd8:	d1f3      	bne.n	10003bc2 <stdio_stack_buffer_flush+0x1a>
10003bda:	e7ed      	b.n	10003bb8 <stdio_stack_buffer_flush+0x10>
10003bdc:	2300      	movs	r3, #0
10003bde:	602b      	str	r3, [r5, #0]
10003be0:	bd70      	pop	{r4, r5, r6, pc}
10003be2:	46c0      	nop			@ (mov r8, r8)
10003be4:	200020c0 	.word	0x200020c0
10003be8:	200020c8 	.word	0x200020c8

10003bec <stdio_buffered_printer>:
10003bec:	b570      	push	{r4, r5, r6, lr}
10003bee:	0005      	movs	r5, r0
10003bf0:	000c      	movs	r4, r1
10003bf2:	680b      	ldr	r3, [r1, #0]
10003bf4:	2b80      	cmp	r3, #128	@ 0x80
10003bf6:	d005      	beq.n	10003c04 <stdio_buffered_printer+0x18>
10003bf8:	6823      	ldr	r3, [r4, #0]
10003bfa:	1c5a      	adds	r2, r3, #1
10003bfc:	6022      	str	r2, [r4, #0]
10003bfe:	18e4      	adds	r4, r4, r3
10003c00:	7125      	strb	r5, [r4, #4]
10003c02:	bd70      	pop	{r4, r5, r6, pc}
10003c04:	0008      	movs	r0, r1
10003c06:	f7ff ffcf 	bl	10003ba8 <stdio_stack_buffer_flush>
10003c0a:	e7f5      	b.n	10003bf8 <stdio_buffered_printer+0xc>

10003c0c <stdout_serialize_begin>:
10003c0c:	b510      	push	{r4, lr}
10003c0e:	f7fd fe73 	bl	100018f8 <time_us_64>
10003c12:	4a07      	ldr	r2, [pc, #28]	@ (10003c30 <stdout_serialize_begin+0x24>)
10003c14:	2300      	movs	r3, #0
10003c16:	1812      	adds	r2, r2, r0
10003c18:	414b      	adcs	r3, r1
10003c1a:	2b00      	cmp	r3, #0
10003c1c:	db03      	blt.n	10003c26 <stdout_serialize_begin+0x1a>
10003c1e:	4805      	ldr	r0, [pc, #20]	@ (10003c34 <stdout_serialize_begin+0x28>)
10003c20:	f003 fe16 	bl	10007850 <__mutex_try_enter_block_until_veneer>
10003c24:	bd10      	pop	{r4, pc}
10003c26:	2201      	movs	r2, #1
10003c28:	4252      	negs	r2, r2
10003c2a:	4b03      	ldr	r3, [pc, #12]	@ (10003c38 <stdout_serialize_begin+0x2c>)
10003c2c:	e7f7      	b.n	10003c1e <stdout_serialize_begin+0x12>
10003c2e:	46c0      	nop			@ (mov r8, r8)
10003c30:	000f4240 	.word	0x000f4240
10003c34:	20000ee0 	.word	0x20000ee0
10003c38:	7fffffff 	.word	0x7fffffff

10003c3c <stdout_serialize_end>:
10003c3c:	b510      	push	{r4, lr}
10003c3e:	4802      	ldr	r0, [pc, #8]	@ (10003c48 <stdout_serialize_end+0xc>)
10003c40:	f003 fdc6 	bl	100077d0 <__mutex_exit_veneer>
10003c44:	bd10      	pop	{r4, pc}
10003c46:	46c0      	nop			@ (mov r8, r8)
10003c48:	20000ee0 	.word	0x20000ee0

10003c4c <stdio_put_string>:
10003c4c:	b5f0      	push	{r4, r5, r6, r7, lr}
10003c4e:	46ce      	mov	lr, r9
10003c50:	4647      	mov	r7, r8
10003c52:	b580      	push	{r7, lr}
10003c54:	b083      	sub	sp, #12
10003c56:	0006      	movs	r6, r0
10003c58:	000d      	movs	r5, r1
10003c5a:	4690      	mov	r8, r2
10003c5c:	001c      	movs	r4, r3
10003c5e:	f7ff ffd5 	bl	10003c0c <stdout_serialize_begin>
10003c62:	4681      	mov	r9, r0
10003c64:	1c6b      	adds	r3, r5, #1
10003c66:	d005      	beq.n	10003c74 <stdio_put_string+0x28>
10003c68:	2c00      	cmp	r4, #0
10003c6a:	d008      	beq.n	10003c7e <stdio_put_string+0x32>
10003c6c:	4f18      	ldr	r7, [pc, #96]	@ (10003cd0 <stdio_put_string+0x84>)
10003c6e:	4b19      	ldr	r3, [pc, #100]	@ (10003cd4 <stdio_put_string+0x88>)
10003c70:	681c      	ldr	r4, [r3, #0]
10003c72:	e007      	b.n	10003c84 <stdio_put_string+0x38>
10003c74:	0030      	movs	r0, r6
10003c76:	f003 fd69 	bl	1000774c <strlen>
10003c7a:	0005      	movs	r5, r0
10003c7c:	e7f4      	b.n	10003c68 <stdio_put_string+0x1c>
10003c7e:	4f16      	ldr	r7, [pc, #88]	@ (10003cd8 <stdio_put_string+0x8c>)
10003c80:	e7f5      	b.n	10003c6e <stdio_put_string+0x22>
10003c82:	6924      	ldr	r4, [r4, #16]
10003c84:	2c00      	cmp	r4, #0
10003c86:	d017      	beq.n	10003cb8 <stdio_put_string+0x6c>
10003c88:	6823      	ldr	r3, [r4, #0]
10003c8a:	2b00      	cmp	r3, #0
10003c8c:	d0f9      	beq.n	10003c82 <stdio_put_string+0x36>
10003c8e:	4b13      	ldr	r3, [pc, #76]	@ (10003cdc <stdio_put_string+0x90>)
10003c90:	681b      	ldr	r3, [r3, #0]
10003c92:	2b00      	cmp	r3, #0
10003c94:	d001      	beq.n	10003c9a <stdio_put_string+0x4e>
10003c96:	42a3      	cmp	r3, r4
10003c98:	d1f3      	bne.n	10003c82 <stdio_put_string+0x36>
10003c9a:	002a      	movs	r2, r5
10003c9c:	0031      	movs	r1, r6
10003c9e:	0020      	movs	r0, r4
10003ca0:	47b8      	blx	r7
10003ca2:	4643      	mov	r3, r8
10003ca4:	2b00      	cmp	r3, #0
10003ca6:	d0ec      	beq.n	10003c82 <stdio_put_string+0x36>
10003ca8:	466b      	mov	r3, sp
10003caa:	1dd9      	adds	r1, r3, #7
10003cac:	230a      	movs	r3, #10
10003cae:	700b      	strb	r3, [r1, #0]
10003cb0:	2201      	movs	r2, #1
10003cb2:	0020      	movs	r0, r4
10003cb4:	47b8      	blx	r7
10003cb6:	e7e4      	b.n	10003c82 <stdio_put_string+0x36>
10003cb8:	464b      	mov	r3, r9
10003cba:	2b00      	cmp	r3, #0
10003cbc:	d105      	bne.n	10003cca <stdio_put_string+0x7e>
10003cbe:	0028      	movs	r0, r5
10003cc0:	b003      	add	sp, #12
10003cc2:	bcc0      	pop	{r6, r7}
10003cc4:	46b9      	mov	r9, r7
10003cc6:	46b0      	mov	r8, r6
10003cc8:	bdf0      	pop	{r4, r5, r6, r7, pc}
10003cca:	f7ff ffb7 	bl	10003c3c <stdout_serialize_end>
10003cce:	e7f6      	b.n	10003cbe <stdio_put_string+0x72>
10003cd0:	10003b29 	.word	0x10003b29
10003cd4:	200020c0 	.word	0x200020c0
10003cd8:	10003b19 	.word	0x10003b19
10003cdc:	200020c8 	.word	0x200020c8

10003ce0 <stdio_get_until>:
10003ce0:	b5f0      	push	{r4, r5, r6, r7, lr}
10003ce2:	b083      	sub	sp, #12
10003ce4:	0006      	movs	r6, r0
10003ce6:	000f      	movs	r7, r1
10003ce8:	9201      	str	r2, [sp, #4]
10003cea:	9300      	str	r3, [sp, #0]
10003cec:	4b16      	ldr	r3, [pc, #88]	@ (10003d48 <stdio_get_until+0x68>)
10003cee:	681c      	ldr	r4, [r3, #0]
10003cf0:	e008      	b.n	10003d04 <stdio_get_until+0x24>
10003cf2:	68a3      	ldr	r3, [r4, #8]
10003cf4:	2b00      	cmp	r3, #0
10003cf6:	d004      	beq.n	10003d02 <stdio_get_until+0x22>
10003cf8:	0039      	movs	r1, r7
10003cfa:	0030      	movs	r0, r6
10003cfc:	4798      	blx	r3
10003cfe:	2800      	cmp	r0, #0
10003d00:	dc20      	bgt.n	10003d44 <stdio_get_until+0x64>
10003d02:	6924      	ldr	r4, [r4, #16]
10003d04:	2c00      	cmp	r4, #0
10003d06:	d006      	beq.n	10003d16 <stdio_get_until+0x36>
10003d08:	4b10      	ldr	r3, [pc, #64]	@ (10003d4c <stdio_get_until+0x6c>)
10003d0a:	681d      	ldr	r5, [r3, #0]
10003d0c:	2d00      	cmp	r5, #0
10003d0e:	d0f0      	beq.n	10003cf2 <stdio_get_until+0x12>
10003d10:	42a5      	cmp	r5, r4
10003d12:	d1f6      	bne.n	10003d02 <stdio_get_until+0x22>
10003d14:	e7ed      	b.n	10003cf2 <stdio_get_until+0x12>
10003d16:	9900      	ldr	r1, [sp, #0]
10003d18:	000a      	movs	r2, r1
10003d1a:	4b0d      	ldr	r3, [pc, #52]	@ (10003d50 <stdio_get_until+0x70>)
10003d1c:	6a5b      	ldr	r3, [r3, #36]	@ 0x24
10003d1e:	4299      	cmp	r1, r3
10003d20:	d809      	bhi.n	10003d36 <stdio_get_until+0x56>
10003d22:	490b      	ldr	r1, [pc, #44]	@ (10003d50 <stdio_get_until+0x70>)
10003d24:	6a89      	ldr	r1, [r1, #40]	@ 0x28
10003d26:	9801      	ldr	r0, [sp, #4]
10003d28:	4281      	cmp	r1, r0
10003d2a:	d209      	bcs.n	10003d40 <stdio_get_until+0x60>
10003d2c:	429a      	cmp	r2, r3
10003d2e:	d002      	beq.n	10003d36 <stdio_get_until+0x56>
10003d30:	2002      	movs	r0, #2
10003d32:	4240      	negs	r0, r0
10003d34:	e006      	b.n	10003d44 <stdio_get_until+0x64>
10003d36:	2001      	movs	r0, #1
10003d38:	2100      	movs	r1, #0
10003d3a:	f7fd fde5 	bl	10001908 <busy_wait_us>
10003d3e:	e7d5      	b.n	10003cec <stdio_get_until+0xc>
10003d40:	2002      	movs	r0, #2
10003d42:	4240      	negs	r0, r0
10003d44:	b003      	add	sp, #12
10003d46:	bdf0      	pop	{r4, r5, r6, r7, pc}
10003d48:	200020c0 	.word	0x200020c0
10003d4c:	200020c8 	.word	0x200020c8
10003d50:	40054000 	.word	0x40054000

10003d54 <stdio_set_driver_enabled>:
10003d54:	4a0a      	ldr	r2, [pc, #40]	@ (10003d80 <stdio_set_driver_enabled+0x2c>)
10003d56:	6813      	ldr	r3, [r2, #0]
10003d58:	e002      	b.n	10003d60 <stdio_set_driver_enabled+0xc>
10003d5a:	001a      	movs	r2, r3
10003d5c:	3210      	adds	r2, #16
10003d5e:	691b      	ldr	r3, [r3, #16]
10003d60:	2b00      	cmp	r3, #0
10003d62:	d009      	beq.n	10003d78 <stdio_set_driver_enabled+0x24>
10003d64:	6813      	ldr	r3, [r2, #0]
10003d66:	4283      	cmp	r3, r0
10003d68:	d1f7      	bne.n	10003d5a <stdio_set_driver_enabled+0x6>
10003d6a:	2900      	cmp	r1, #0
10003d6c:	d107      	bne.n	10003d7e <stdio_set_driver_enabled+0x2a>
10003d6e:	6903      	ldr	r3, [r0, #16]
10003d70:	6013      	str	r3, [r2, #0]
10003d72:	2300      	movs	r3, #0
10003d74:	6103      	str	r3, [r0, #16]
10003d76:	e002      	b.n	10003d7e <stdio_set_driver_enabled+0x2a>
10003d78:	2900      	cmp	r1, #0
10003d7a:	d000      	beq.n	10003d7e <stdio_set_driver_enabled+0x2a>
10003d7c:	6010      	str	r0, [r2, #0]
10003d7e:	4770      	bx	lr
10003d80:	200020c0 	.word	0x200020c0

10003d84 <stdio_flush>:
10003d84:	b510      	push	{r4, lr}
10003d86:	4b06      	ldr	r3, [pc, #24]	@ (10003da0 <stdio_flush+0x1c>)
10003d88:	681c      	ldr	r4, [r3, #0]
10003d8a:	e000      	b.n	10003d8e <stdio_flush+0xa>
10003d8c:	6924      	ldr	r4, [r4, #16]
10003d8e:	2c00      	cmp	r4, #0
10003d90:	d004      	beq.n	10003d9c <stdio_flush+0x18>
10003d92:	6863      	ldr	r3, [r4, #4]
10003d94:	2b00      	cmp	r3, #0
10003d96:	d0f9      	beq.n	10003d8c <stdio_flush+0x8>
10003d98:	4798      	blx	r3
10003d9a:	e7f7      	b.n	10003d8c <stdio_flush+0x8>
10003d9c:	bd10      	pop	{r4, pc}
10003d9e:	46c0      	nop			@ (mov r8, r8)
10003da0:	200020c0 	.word	0x200020c0

10003da4 <stdio_init_all>:
10003da4:	b510      	push	{r4, lr}
10003da6:	f000 f9f1 	bl	1000418c <stdio_usb_init>
10003daa:	bd10      	pop	{r4, pc}

10003dac <stdio_getchar_timeout_us>:
10003dac:	b530      	push	{r4, r5, lr}
10003dae:	b083      	sub	sp, #12
10003db0:	0004      	movs	r4, r0
10003db2:	2500      	movs	r5, #0
10003db4:	f7fd fda0 	bl	100018f8 <time_us_64>
10003db8:	0022      	movs	r2, r4
10003dba:	002b      	movs	r3, r5
10003dbc:	1812      	adds	r2, r2, r0
10003dbe:	414b      	adcs	r3, r1
10003dc0:	2b00      	cmp	r3, #0
10003dc2:	db0a      	blt.n	10003dda <stdio_getchar_timeout_us+0x2e>
10003dc4:	2101      	movs	r1, #1
10003dc6:	a801      	add	r0, sp, #4
10003dc8:	f7ff ff8a 	bl	10003ce0 <stdio_get_until>
10003dcc:	2800      	cmp	r0, #0
10003dce:	db02      	blt.n	10003dd6 <stdio_getchar_timeout_us+0x2a>
10003dd0:	d007      	beq.n	10003de2 <stdio_getchar_timeout_us+0x36>
10003dd2:	ab01      	add	r3, sp, #4
10003dd4:	7818      	ldrb	r0, [r3, #0]
10003dd6:	b003      	add	sp, #12
10003dd8:	bd30      	pop	{r4, r5, pc}
10003dda:	2201      	movs	r2, #1
10003ddc:	4252      	negs	r2, r2
10003dde:	4b04      	ldr	r3, [pc, #16]	@ (10003df0 <stdio_getchar_timeout_us+0x44>)
10003de0:	e7f0      	b.n	10003dc4 <stdio_getchar_timeout_us+0x18>
10003de2:	4b04      	ldr	r3, [pc, #16]	@ (10003df4 <stdio_getchar_timeout_us+0x48>)
10003de4:	4a04      	ldr	r2, [pc, #16]	@ (10003df8 <stdio_getchar_timeout_us+0x4c>)
10003de6:	2104      	movs	r1, #4
10003de8:	4804      	ldr	r0, [pc, #16]	@ (10003dfc <stdio_getchar_timeout_us+0x50>)
10003dea:	31ff      	adds	r1, #255	@ 0xff
10003dec:	f7ff fe64 	bl	10003ab8 <__assert_func>
10003df0:	7fffffff 	.word	0x7fffffff
10003df4:	10008254 	.word	0x10008254
10003df8:	10008f90 	.word	0x10008f90
10003dfc:	10008258 	.word	0x10008258

10003e00 <__wrap_puts>:
10003e00:	b570      	push	{r4, r5, r6, lr}
10003e02:	0005      	movs	r5, r0
10003e04:	f003 fca2 	bl	1000774c <strlen>
10003e08:	0004      	movs	r4, r0
10003e0a:	2301      	movs	r3, #1
10003e0c:	2201      	movs	r2, #1
10003e0e:	0001      	movs	r1, r0
10003e10:	0028      	movs	r0, r5
10003e12:	f7ff ff1b 	bl	10003c4c <stdio_put_string>
10003e16:	f7ff ffb5 	bl	10003d84 <stdio_flush>
10003e1a:	0020      	movs	r0, r4
10003e1c:	bd70      	pop	{r4, r5, r6, pc}
	...

10003e20 <__wrap_vprintf>:
10003e20:	b5f0      	push	{r4, r5, r6, r7, lr}
10003e22:	b0a3      	sub	sp, #140	@ 0x8c
10003e24:	0004      	movs	r4, r0
10003e26:	000e      	movs	r6, r1
10003e28:	f7ff fef0 	bl	10003c0c <stdout_serialize_begin>
10003e2c:	0005      	movs	r5, r0
10003e2e:	af01      	add	r7, sp, #4
10003e30:	2300      	movs	r3, #0
10003e32:	9301      	str	r3, [sp, #4]
10003e34:	4809      	ldr	r0, [pc, #36]	@ (10003e5c <__wrap_vprintf+0x3c>)
10003e36:	0033      	movs	r3, r6
10003e38:	0022      	movs	r2, r4
10003e3a:	0039      	movs	r1, r7
10003e3c:	f7ff fe24 	bl	10003a88 <vfctprintf>
10003e40:	0004      	movs	r4, r0
10003e42:	0038      	movs	r0, r7
10003e44:	f7ff feb0 	bl	10003ba8 <stdio_stack_buffer_flush>
10003e48:	f7ff ff9c 	bl	10003d84 <stdio_flush>
10003e4c:	2d00      	cmp	r5, #0
10003e4e:	d102      	bne.n	10003e56 <__wrap_vprintf+0x36>
10003e50:	0020      	movs	r0, r4
10003e52:	b023      	add	sp, #140	@ 0x8c
10003e54:	bdf0      	pop	{r4, r5, r6, r7, pc}
10003e56:	f7ff fef1 	bl	10003c3c <stdout_serialize_end>
10003e5a:	e7f9      	b.n	10003e50 <__wrap_vprintf+0x30>
10003e5c:	10003bed 	.word	0x10003bed

10003e60 <__wrap_printf>:
10003e60:	b40f      	push	{r0, r1, r2, r3}
10003e62:	b500      	push	{lr}
10003e64:	b083      	sub	sp, #12
10003e66:	a904      	add	r1, sp, #16
10003e68:	c901      	ldmia	r1!, {r0}
10003e6a:	9101      	str	r1, [sp, #4]
10003e6c:	f7ff ffd8 	bl	10003e20 <__wrap_vprintf>
10003e70:	b003      	add	sp, #12
10003e72:	bc08      	pop	{r3}
10003e74:	b004      	add	sp, #16
10003e76:	4718      	bx	r3

10003e78 <resetd_init>:
10003e78:	4770      	bx	lr
	...

10003e7c <resetd_reset>:
10003e7c:	4b01      	ldr	r3, [pc, #4]	@ (10003e84 <resetd_reset+0x8>)
10003e7e:	2200      	movs	r2, #0
10003e80:	701a      	strb	r2, [r3, #0]
10003e82:	4770      	bx	lr
10003e84:	2000273d 	.word	0x2000273d

10003e88 <resetd_open>:
10003e88:	794b      	ldrb	r3, [r1, #5]
10003e8a:	2bff      	cmp	r3, #255	@ 0xff
10003e8c:	d10c      	bne.n	10003ea8 <resetd_open+0x20>
10003e8e:	798b      	ldrb	r3, [r1, #6]
10003e90:	2b00      	cmp	r3, #0
10003e92:	d10b      	bne.n	10003eac <resetd_open+0x24>
10003e94:	79cb      	ldrb	r3, [r1, #7]
10003e96:	2b01      	cmp	r3, #1
10003e98:	d10a      	bne.n	10003eb0 <resetd_open+0x28>
10003e9a:	2a08      	cmp	r2, #8
10003e9c:	d90a      	bls.n	10003eb4 <resetd_open+0x2c>
10003e9e:	788a      	ldrb	r2, [r1, #2]
10003ea0:	4b05      	ldr	r3, [pc, #20]	@ (10003eb8 <resetd_open+0x30>)
10003ea2:	701a      	strb	r2, [r3, #0]
10003ea4:	2009      	movs	r0, #9
10003ea6:	e000      	b.n	10003eaa <resetd_open+0x22>
10003ea8:	2000      	movs	r0, #0
10003eaa:	4770      	bx	lr
10003eac:	2000      	movs	r0, #0
10003eae:	e7fc      	b.n	10003eaa <resetd_open+0x22>
10003eb0:	2000      	movs	r0, #0
10003eb2:	e7fa      	b.n	10003eaa <resetd_open+0x22>
10003eb4:	2000      	movs	r0, #0
10003eb6:	e7f8      	b.n	10003eaa <resetd_open+0x22>
10003eb8:	2000273d 	.word	0x2000273d

10003ebc <resetd_xfer_cb>:
10003ebc:	2001      	movs	r0, #1
10003ebe:	4770      	bx	lr

10003ec0 <resetd_control_xfer_cb>:
10003ec0:	b510      	push	{r4, lr}
10003ec2:	2901      	cmp	r1, #1
10003ec4:	d127      	bne.n	10003f16 <resetd_control_xfer_cb+0x56>
10003ec6:	7911      	ldrb	r1, [r2, #4]
10003ec8:	7953      	ldrb	r3, [r2, #5]
10003eca:	021b      	lsls	r3, r3, #8
10003ecc:	430b      	orrs	r3, r1
10003ece:	4913      	ldr	r1, [pc, #76]	@ (10003f1c <resetd_control_xfer_cb+0x5c>)
10003ed0:	7809      	ldrb	r1, [r1, #0]
10003ed2:	428b      	cmp	r3, r1
10003ed4:	d001      	beq.n	10003eda <resetd_control_xfer_cb+0x1a>
10003ed6:	2000      	movs	r0, #0
10003ed8:	e01e      	b.n	10003f18 <resetd_control_xfer_cb+0x58>
10003eda:	7853      	ldrb	r3, [r2, #1]
10003edc:	2b01      	cmp	r3, #1
10003ede:	d003      	beq.n	10003ee8 <resetd_control_xfer_cb+0x28>
10003ee0:	2b02      	cmp	r3, #2
10003ee2:	d011      	beq.n	10003f08 <resetd_control_xfer_cb+0x48>
10003ee4:	2000      	movs	r0, #0
10003ee6:	e017      	b.n	10003f18 <resetd_control_xfer_cb+0x58>
10003ee8:	7891      	ldrb	r1, [r2, #2]
10003eea:	78d3      	ldrb	r3, [r2, #3]
10003eec:	021b      	lsls	r3, r3, #8
10003eee:	4319      	orrs	r1, r3
10003ef0:	05db      	lsls	r3, r3, #23
10003ef2:	d506      	bpl.n	10003f02 <resetd_control_xfer_cb+0x42>
10003ef4:	0a48      	lsrs	r0, r1, #9
10003ef6:	058a      	lsls	r2, r1, #22
10003ef8:	0fd2      	lsrs	r2, r2, #31
10003efa:	237f      	movs	r3, #127	@ 0x7f
10003efc:	4019      	ands	r1, r3
10003efe:	f7fd fecd 	bl	10001c9c <rom_reset_usb_boot_extra>
10003f02:	2001      	movs	r0, #1
10003f04:	4240      	negs	r0, r0
10003f06:	e7f6      	b.n	10003ef6 <resetd_control_xfer_cb+0x36>
10003f08:	2264      	movs	r2, #100	@ 0x64
10003f0a:	2100      	movs	r1, #0
10003f0c:	2000      	movs	r0, #0
10003f0e:	f7fd fe6d 	bl	10001bec <watchdog_reboot>
10003f12:	2001      	movs	r0, #1
10003f14:	e000      	b.n	10003f18 <resetd_control_xfer_cb+0x58>
10003f16:	2001      	movs	r0, #1
10003f18:	bd10      	pop	{r4, pc}
10003f1a:	46c0      	nop			@ (mov r8, r8)
10003f1c:	2000273d 	.word	0x2000273d

10003f20 <tud_descriptor_bos_cb>:
10003f20:	4800      	ldr	r0, [pc, #0]	@ (10003f24 <tud_descriptor_bos_cb+0x4>)
10003f22:	4770      	bx	lr
10003f24:	10009078 	.word	0x10009078

10003f28 <tud_vendor_control_xfer_cb>:
10003f28:	b510      	push	{r4, lr}
10003f2a:	0014      	movs	r4, r2
10003f2c:	2901      	cmp	r1, #1
10003f2e:	d110      	bne.n	10003f52 <tud_vendor_control_xfer_cb+0x2a>
10003f30:	7853      	ldrb	r3, [r2, #1]
10003f32:	2b01      	cmp	r3, #1
10003f34:	d10f      	bne.n	10003f56 <tud_vendor_control_xfer_cb+0x2e>
10003f36:	7912      	ldrb	r2, [r2, #4]
10003f38:	7963      	ldrb	r3, [r4, #5]
10003f3a:	021b      	lsls	r3, r3, #8
10003f3c:	4313      	orrs	r3, r2
10003f3e:	2b07      	cmp	r3, #7
10003f40:	d001      	beq.n	10003f46 <tud_vendor_control_xfer_cb+0x1e>
10003f42:	2000      	movs	r0, #0
10003f44:	e006      	b.n	10003f54 <tud_vendor_control_xfer_cb+0x2c>
10003f46:	4a05      	ldr	r2, [pc, #20]	@ (10003f5c <tud_vendor_control_xfer_cb+0x34>)
10003f48:	339f      	adds	r3, #159	@ 0x9f
10003f4a:	0021      	movs	r1, r4
10003f4c:	f001 fb54 	bl	100055f8 <tud_control_xfer>
10003f50:	e000      	b.n	10003f54 <tud_vendor_control_xfer_cb+0x2c>
10003f52:	2001      	movs	r0, #1
10003f54:	bd10      	pop	{r4, pc}
10003f56:	2000      	movs	r0, #0
10003f58:	e7fc      	b.n	10003f54 <tud_vendor_control_xfer_cb+0x2c>
10003f5a:	46c0      	nop			@ (mov r8, r8)
10003f5c:	10008fd0 	.word	0x10008fd0

10003f60 <usbd_app_driver_get_cb>:
10003f60:	2301      	movs	r3, #1
10003f62:	7003      	strb	r3, [r0, #0]
10003f64:	4800      	ldr	r0, [pc, #0]	@ (10003f68 <usbd_app_driver_get_cb+0x8>)
10003f66:	4770      	bx	lr
10003f68:	10008fb0 	.word	0x10008fb0

10003f6c <tud_cdc_line_coding_cb>:
10003f6c:	b510      	push	{r4, lr}
10003f6e:	780a      	ldrb	r2, [r1, #0]
10003f70:	784b      	ldrb	r3, [r1, #1]
10003f72:	021b      	lsls	r3, r3, #8
10003f74:	4313      	orrs	r3, r2
10003f76:	788a      	ldrb	r2, [r1, #2]
10003f78:	0412      	lsls	r2, r2, #16
10003f7a:	431a      	orrs	r2, r3
10003f7c:	78cb      	ldrb	r3, [r1, #3]
10003f7e:	061b      	lsls	r3, r3, #24
10003f80:	4313      	orrs	r3, r2
10003f82:	2296      	movs	r2, #150	@ 0x96
10003f84:	00d2      	lsls	r2, r2, #3
10003f86:	4293      	cmp	r3, r2
10003f88:	d000      	beq.n	10003f8c <tud_cdc_line_coding_cb+0x20>
10003f8a:	bd10      	pop	{r4, pc}
10003f8c:	2001      	movs	r0, #1
10003f8e:	2200      	movs	r2, #0
10003f90:	0011      	movs	r1, r2
10003f92:	4240      	negs	r0, r0
10003f94:	f7fd fe82 	bl	10001c9c <rom_reset_usb_boot_extra>

10003f98 <stdio_usb_set_chars_available_callback>:
10003f98:	4b02      	ldr	r3, [pc, #8]	@ (10003fa4 <stdio_usb_set_chars_available_callback+0xc>)
10003f9a:	6018      	str	r0, [r3, #0]
10003f9c:	4b02      	ldr	r3, [pc, #8]	@ (10003fa8 <stdio_usb_set_chars_available_callback+0x10>)
10003f9e:	6019      	str	r1, [r3, #0]
10003fa0:	4770      	bx	lr
10003fa2:	46c0      	nop			@ (mov r8, r8)
10003fa4:	20001774 	.word	0x20001774
10003fa8:	20001778 	.word	0x20001778

10003fac <stdio_usb_out_flush>:
10003fac:	b510      	push	{r4, lr}
10003fae:	f7fd fca3 	bl	100018f8 <time_us_64>
10003fb2:	4a0e      	ldr	r2, [pc, #56]	@ (10003fec <stdio_usb_out_flush+0x40>)
10003fb4:	2300      	movs	r3, #0
10003fb6:	1812      	adds	r2, r2, r0
10003fb8:	414b      	adcs	r3, r1
10003fba:	2b00      	cmp	r3, #0
10003fbc:	db12      	blt.n	10003fe4 <stdio_usb_out_flush+0x38>
10003fbe:	480c      	ldr	r0, [pc, #48]	@ (10003ff0 <stdio_usb_out_flush+0x44>)
10003fc0:	f003 fc46 	bl	10007850 <__mutex_try_enter_block_until_veneer>
10003fc4:	2800      	cmp	r0, #0
10003fc6:	d00c      	beq.n	10003fe2 <stdio_usb_out_flush+0x36>
10003fc8:	2001      	movs	r0, #1
10003fca:	2100      	movs	r1, #0
10003fcc:	4240      	negs	r0, r0
10003fce:	f001 f9d9 	bl	10005384 <tud_task_ext>
10003fd2:	2000      	movs	r0, #0
10003fd4:	f001 fc78 	bl	100058c8 <tud_cdc_n_write_flush>
10003fd8:	2800      	cmp	r0, #0
10003fda:	d1f5      	bne.n	10003fc8 <stdio_usb_out_flush+0x1c>
10003fdc:	4804      	ldr	r0, [pc, #16]	@ (10003ff0 <stdio_usb_out_flush+0x44>)
10003fde:	f003 fbf7 	bl	100077d0 <__mutex_exit_veneer>
10003fe2:	bd10      	pop	{r4, pc}
10003fe4:	2201      	movs	r2, #1
10003fe6:	4252      	negs	r2, r2
10003fe8:	4b02      	ldr	r3, [pc, #8]	@ (10003ff4 <stdio_usb_out_flush+0x48>)
10003fea:	e7e8      	b.n	10003fbe <stdio_usb_out_flush+0x12>
10003fec:	000f4240 	.word	0x000f4240
10003ff0:	2000271c 	.word	0x2000271c
10003ff4:	7fffffff 	.word	0x7fffffff

10003ff8 <usb_irq>:
10003ff8:	b510      	push	{r4, lr}
10003ffa:	4b02      	ldr	r3, [pc, #8]	@ (10004004 <usb_irq+0xc>)
10003ffc:	7818      	ldrb	r0, [r3, #0]
10003ffe:	f7fc fcf9 	bl	100009f4 <irq_set_pending>
10004002:	bd10      	pop	{r4, pc}
10004004:	2000273e 	.word	0x2000273e

10004008 <timer_task>:
10004008:	b570      	push	{r4, r5, r6, lr}
1000400a:	4b17      	ldr	r3, [pc, #92]	@ (10004068 <timer_task+0x60>)
1000400c:	681b      	ldr	r3, [r3, #0]
1000400e:	2b00      	cmp	r3, #0
10004010:	d020      	beq.n	10004054 <timer_task+0x4c>
10004012:	f3ef 8210 	mrs	r2, PRIMASK
10004016:	b672      	cpsid	i
10004018:	0010      	movs	r0, r2
1000401a:	6819      	ldr	r1, [r3, #0]
1000401c:	2900      	cmp	r1, #0
1000401e:	d0fc      	beq.n	1000401a <timer_task+0x12>
10004020:	f3bf 8f5f 	dmb	sy
10004024:	4910      	ldr	r1, [pc, #64]	@ (10004068 <timer_task+0x60>)
10004026:	604a      	str	r2, [r1, #4]
10004028:	4b10      	ldr	r3, [pc, #64]	@ (1000406c <timer_task+0x64>)
1000402a:	2200      	movs	r2, #0
1000402c:	701a      	strb	r2, [r3, #0]
1000402e:	680b      	ldr	r3, [r1, #0]
10004030:	f3bf 8f5f 	dmb	sy
10004034:	601a      	str	r2, [r3, #0]
10004036:	f380 8810 	msr	PRIMASK, r0
1000403a:	2400      	movs	r4, #0
1000403c:	2500      	movs	r5, #0
1000403e:	4b0c      	ldr	r3, [pc, #48]	@ (10004070 <timer_task+0x68>)
10004040:	7818      	ldrb	r0, [r3, #0]
10004042:	f7fc fcb3 	bl	100009ac <irq_is_enabled>
10004046:	2800      	cmp	r0, #0
10004048:	d108      	bne.n	1000405c <timer_task+0x54>
1000404a:	2400      	movs	r4, #0
1000404c:	2500      	movs	r5, #0
1000404e:	0020      	movs	r0, r4
10004050:	0029      	movs	r1, r5
10004052:	bd70      	pop	{r4, r5, r6, pc}
10004054:	24fa      	movs	r4, #250	@ 0xfa
10004056:	00a4      	lsls	r4, r4, #2
10004058:	2500      	movs	r5, #0
1000405a:	e7f0      	b.n	1000403e <timer_task+0x36>
1000405c:	4b04      	ldr	r3, [pc, #16]	@ (10004070 <timer_task+0x68>)
1000405e:	7818      	ldrb	r0, [r3, #0]
10004060:	f7fc fcc8 	bl	100009f4 <irq_set_pending>
10004064:	e7f3      	b.n	1000404e <timer_task+0x46>
10004066:	46c0      	nop			@ (mov r8, r8)
10004068:	200024ec 	.word	0x200024ec
1000406c:	2000273f 	.word	0x2000273f
10004070:	2000273e 	.word	0x2000273e

10004074 <alarm_pool_add_alarm_in_us>:
10004074:	b5f0      	push	{r4, r5, r6, r7, lr}
10004076:	b085      	sub	sp, #20
10004078:	0006      	movs	r6, r0
1000407a:	0014      	movs	r4, r2
1000407c:	001d      	movs	r5, r3
1000407e:	ab0c      	add	r3, sp, #48	@ 0x30
10004080:	781f      	ldrb	r7, [r3, #0]
10004082:	f7fd fc39 	bl	100018f8 <time_us_64>
10004086:	0022      	movs	r2, r4
10004088:	002b      	movs	r3, r5
1000408a:	1812      	adds	r2, r2, r0
1000408c:	414b      	adcs	r3, r1
1000408e:	2b00      	cmp	r3, #0
10004090:	db09      	blt.n	100040a6 <alarm_pool_add_alarm_in_us+0x32>
10004092:	9702      	str	r7, [sp, #8]
10004094:	990b      	ldr	r1, [sp, #44]	@ 0x2c
10004096:	9101      	str	r1, [sp, #4]
10004098:	990a      	ldr	r1, [sp, #40]	@ 0x28
1000409a:	9100      	str	r1, [sp, #0]
1000409c:	0030      	movs	r0, r6
1000409e:	f7fd fa51 	bl	10001544 <alarm_pool_add_alarm_at>
100040a2:	b005      	add	sp, #20
100040a4:	bdf0      	pop	{r4, r5, r6, r7, pc}
100040a6:	2201      	movs	r2, #1
100040a8:	4252      	negs	r2, r2
100040aa:	4b01      	ldr	r3, [pc, #4]	@ (100040b0 <alarm_pool_add_alarm_in_us+0x3c>)
100040ac:	e7f1      	b.n	10004092 <alarm_pool_add_alarm_in_us+0x1e>
100040ae:	46c0      	nop			@ (mov r8, r8)
100040b0:	7fffffff 	.word	0x7fffffff

100040b4 <add_alarm_in_us>:
100040b4:	b5f0      	push	{r4, r5, r6, r7, lr}
100040b6:	46c6      	mov	lr, r8
100040b8:	b500      	push	{lr}
100040ba:	b084      	sub	sp, #16
100040bc:	0005      	movs	r5, r0
100040be:	4688      	mov	r8, r1
100040c0:	0016      	movs	r6, r2
100040c2:	001f      	movs	r7, r3
100040c4:	ab0a      	add	r3, sp, #40	@ 0x28
100040c6:	781c      	ldrb	r4, [r3, #0]
100040c8:	f7fd f9d4 	bl	10001474 <alarm_pool_get_default>
100040cc:	9402      	str	r4, [sp, #8]
100040ce:	9701      	str	r7, [sp, #4]
100040d0:	9600      	str	r6, [sp, #0]
100040d2:	002a      	movs	r2, r5
100040d4:	4643      	mov	r3, r8
100040d6:	f7ff ffcd 	bl	10004074 <alarm_pool_add_alarm_in_us>
100040da:	b004      	add	sp, #16
100040dc:	bc80      	pop	{r7}
100040de:	46b8      	mov	r8, r7
100040e0:	bdf0      	pop	{r4, r5, r6, r7, pc}
	...

100040e4 <low_priority_worker_irq>:
100040e4:	b510      	push	{r4, lr}
100040e6:	b082      	sub	sp, #8
100040e8:	4822      	ldr	r0, [pc, #136]	@ (10004174 <low_priority_worker_irq+0x90>)
100040ea:	2100      	movs	r1, #0
100040ec:	f003 fb98 	bl	10007820 <__mutex_try_enter_veneer>
100040f0:	2800      	cmp	r0, #0
100040f2:	d11e      	bne.n	10004132 <low_priority_worker_irq+0x4e>
100040f4:	4b20      	ldr	r3, [pc, #128]	@ (10004178 <low_priority_worker_irq+0x94>)
100040f6:	681b      	ldr	r3, [r3, #0]
100040f8:	2b00      	cmp	r3, #0
100040fa:	d018      	beq.n	1000412e <low_priority_worker_irq+0x4a>
100040fc:	f3ef 8110 	mrs	r1, PRIMASK
10004100:	b672      	cpsid	i
10004102:	0008      	movs	r0, r1
10004104:	681a      	ldr	r2, [r3, #0]
10004106:	2a00      	cmp	r2, #0
10004108:	d0fc      	beq.n	10004104 <low_priority_worker_irq+0x20>
1000410a:	f3bf 8f5f 	dmb	sy
1000410e:	4a1a      	ldr	r2, [pc, #104]	@ (10004178 <low_priority_worker_irq+0x94>)
10004110:	6051      	str	r1, [r2, #4]
10004112:	491a      	ldr	r1, [pc, #104]	@ (1000417c <low_priority_worker_irq+0x98>)
10004114:	780b      	ldrb	r3, [r1, #0]
10004116:	b2db      	uxtb	r3, r3
10004118:	2401      	movs	r4, #1
1000411a:	700c      	strb	r4, [r1, #0]
1000411c:	6812      	ldr	r2, [r2, #0]
1000411e:	f3bf 8f5f 	dmb	sy
10004122:	2100      	movs	r1, #0
10004124:	6011      	str	r1, [r2, #0]
10004126:	f380 8810 	msr	PRIMASK, r0
1000412a:	2b00      	cmp	r3, #0
1000412c:	d017      	beq.n	1000415e <low_priority_worker_irq+0x7a>
1000412e:	b002      	add	sp, #8
10004130:	bd10      	pop	{r4, pc}
10004132:	2001      	movs	r0, #1
10004134:	2100      	movs	r1, #0
10004136:	4240      	negs	r0, r0
10004138:	f001 f924 	bl	10005384 <tud_task_ext>
1000413c:	2000      	movs	r0, #0
1000413e:	f001 fb9b 	bl	10005878 <tud_cdc_n_available>
10004142:	0004      	movs	r4, r0
10004144:	480b      	ldr	r0, [pc, #44]	@ (10004174 <low_priority_worker_irq+0x90>)
10004146:	f003 fb43 	bl	100077d0 <__mutex_exit_veneer>
1000414a:	2c00      	cmp	r4, #0
1000414c:	d0ef      	beq.n	1000412e <low_priority_worker_irq+0x4a>
1000414e:	4b0c      	ldr	r3, [pc, #48]	@ (10004180 <low_priority_worker_irq+0x9c>)
10004150:	681b      	ldr	r3, [r3, #0]
10004152:	2b00      	cmp	r3, #0
10004154:	d0eb      	beq.n	1000412e <low_priority_worker_irq+0x4a>
10004156:	4a0b      	ldr	r2, [pc, #44]	@ (10004184 <low_priority_worker_irq+0xa0>)
10004158:	6810      	ldr	r0, [r2, #0]
1000415a:	4798      	blx	r3
1000415c:	e7e7      	b.n	1000412e <low_priority_worker_irq+0x4a>
1000415e:	4a0a      	ldr	r2, [pc, #40]	@ (10004188 <low_priority_worker_irq+0xa4>)
10004160:	3301      	adds	r3, #1
10004162:	9300      	str	r3, [sp, #0]
10004164:	2300      	movs	r3, #0
10004166:	20fa      	movs	r0, #250	@ 0xfa
10004168:	0080      	lsls	r0, r0, #2
1000416a:	2100      	movs	r1, #0
1000416c:	f7ff ffa2 	bl	100040b4 <add_alarm_in_us>
10004170:	e7dd      	b.n	1000412e <low_priority_worker_irq+0x4a>
10004172:	46c0      	nop			@ (mov r8, r8)
10004174:	2000271c 	.word	0x2000271c
10004178:	200024ec 	.word	0x200024ec
1000417c:	2000273f 	.word	0x2000273f
10004180:	20001774 	.word	0x20001774
10004184:	20001778 	.word	0x20001778
10004188:	10004009 	.word	0x10004009

1000418c <stdio_usb_init>:
1000418c:	b510      	push	{r4, lr}
1000418e:	b082      	sub	sp, #8
10004190:	23d0      	movs	r3, #208	@ 0xd0
10004192:	061b      	lsls	r3, r3, #24
10004194:	681c      	ldr	r4, [r3, #0]
10004196:	f7fd f96d 	bl	10001474 <alarm_pool_get_default>
1000419a:	f7fd fa4d 	bl	10001638 <alarm_pool_core_num>
1000419e:	42a0      	cmp	r0, r4
100041a0:	d130      	bne.n	10004204 <stdio_usb_init+0x78>
100041a2:	4b27      	ldr	r3, [pc, #156]	@ (10004240 <stdio_usb_init+0xb4>)
100041a4:	781b      	ldrb	r3, [r3, #0]
100041a6:	2100      	movs	r1, #0
100041a8:	2000      	movs	r0, #0
100041aa:	f002 f84f 	bl	1000624c <tusb_rhport_init>
100041ae:	4b25      	ldr	r3, [pc, #148]	@ (10004244 <stdio_usb_init+0xb8>)
100041b0:	681b      	ldr	r3, [r3, #0]
100041b2:	2b00      	cmp	r3, #0
100041b4:	d02c      	beq.n	10004210 <stdio_usb_init+0x84>
100041b6:	2001      	movs	r0, #1
100041b8:	f7fc fee0 	bl	10000f7c <user_irq_claim_unused>
100041bc:	4c22      	ldr	r4, [pc, #136]	@ (10004248 <stdio_usb_init+0xbc>)
100041be:	7020      	strb	r0, [r4, #0]
100041c0:	4922      	ldr	r1, [pc, #136]	@ (1000424c <stdio_usb_init+0xc0>)
100041c2:	23ff      	movs	r3, #255	@ 0xff
100041c4:	4018      	ands	r0, r3
100041c6:	f7fc fc43 	bl	10000a50 <irq_set_exclusive_handler>
100041ca:	7820      	ldrb	r0, [r4, #0]
100041cc:	2101      	movs	r1, #1
100041ce:	f7fc fc07 	bl	100009e0 <irq_set_enabled>
100041d2:	2005      	movs	r0, #5
100041d4:	f7fc fc1e 	bl	10000a14 <irq_has_shared_handler>
100041d8:	1e04      	subs	r4, r0, #0
100041da:	d01d      	beq.n	10004218 <stdio_usb_init+0x8c>
100041dc:	2001      	movs	r0, #1
100041de:	f7fc fb3d 	bl	1000085c <spin_lock_claim_unused>
100041e2:	0001      	movs	r1, r0
100041e4:	4b1a      	ldr	r3, [pc, #104]	@ (10004250 <stdio_usb_init+0xc4>)
100041e6:	0018      	movs	r0, r3
100041e8:	f7fc ff38 	bl	1000105c <critical_section_init_with_lock_num>
100041ec:	4919      	ldr	r1, [pc, #100]	@ (10004254 <stdio_usb_init+0xc8>)
100041ee:	2200      	movs	r2, #0
100041f0:	2005      	movs	r0, #5
100041f2:	f7fc fc57 	bl	10000aa4 <irq_add_shared_handler>
100041f6:	4818      	ldr	r0, [pc, #96]	@ (10004258 <stdio_usb_init+0xcc>)
100041f8:	2101      	movs	r1, #1
100041fa:	f7ff fdab 	bl	10003d54 <stdio_set_driver_enabled>
100041fe:	0020      	movs	r0, r4
10004200:	b002      	add	sp, #8
10004202:	bd10      	pop	{r4, pc}
10004204:	4b15      	ldr	r3, [pc, #84]	@ (1000425c <stdio_usb_init+0xd0>)
10004206:	4a16      	ldr	r2, [pc, #88]	@ (10004260 <stdio_usb_init+0xd4>)
10004208:	4816      	ldr	r0, [pc, #88]	@ (10004264 <stdio_usb_init+0xd8>)
1000420a:	21c6      	movs	r1, #198	@ 0xc6
1000420c:	f7ff fc54 	bl	10003ab8 <__assert_func>
10004210:	480c      	ldr	r0, [pc, #48]	@ (10004244 <stdio_usb_init+0xb8>)
10004212:	f7fc fee1 	bl	10000fd8 <mutex_init>
10004216:	e7ce      	b.n	100041b6 <stdio_usb_init+0x2a>
10004218:	480d      	ldr	r0, [pc, #52]	@ (10004250 <stdio_usb_init+0xc4>)
1000421a:	2208      	movs	r2, #8
1000421c:	2100      	movs	r1, #0
1000421e:	f7fe fb41 	bl	100028a4 <__wrap_memset>
10004222:	4a11      	ldr	r2, [pc, #68]	@ (10004268 <stdio_usb_init+0xdc>)
10004224:	2301      	movs	r3, #1
10004226:	9300      	str	r3, [sp, #0]
10004228:	2300      	movs	r3, #0
1000422a:	20fa      	movs	r0, #250	@ 0xfa
1000422c:	0080      	lsls	r0, r0, #2
1000422e:	2100      	movs	r1, #0
10004230:	f7ff ff40 	bl	100040b4 <add_alarm_in_us>
10004234:	43c0      	mvns	r0, r0
10004236:	0fc4      	lsrs	r4, r0, #31
10004238:	2800      	cmp	r0, #0
1000423a:	dae0      	bge.n	100041fe <stdio_usb_init+0x72>
1000423c:	e7db      	b.n	100041f6 <stdio_usb_init+0x6a>
1000423e:	46c0      	nop			@ (mov r8, r8)
10004240:	10009620 	.word	0x10009620
10004244:	2000271c 	.word	0x2000271c
10004248:	2000273e 	.word	0x2000273e
1000424c:	100040e5 	.word	0x100040e5
10004250:	200024ec 	.word	0x200024ec
10004254:	10003ff9 	.word	0x10003ff9
10004258:	20000e80 	.word	0x20000e80
1000425c:	10007d1c 	.word	0x10007d1c
10004260:	100090a8 	.word	0x100090a8
10004264:	100082a4 	.word	0x100082a4
10004268:	10004009 	.word	0x10004009

1000426c <stdio_usb_connected>:
1000426c:	b510      	push	{r4, lr}
1000426e:	2000      	movs	r0, #0
10004270:	f001 fae6 	bl	10005840 <tud_cdc_n_connected>
10004274:	bd10      	pop	{r4, pc}
	...

10004278 <stdio_usb_in_chars>:
10004278:	b570      	push	{r4, r5, r6, lr}
1000427a:	0005      	movs	r5, r0
1000427c:	000c      	movs	r4, r1
1000427e:	f7ff fff5 	bl	1000426c <stdio_usb_connected>
10004282:	2800      	cmp	r0, #0
10004284:	d034      	beq.n	100042f0 <stdio_usb_in_chars+0x78>
10004286:	2000      	movs	r0, #0
10004288:	f001 faf6 	bl	10005878 <tud_cdc_n_available>
1000428c:	2800      	cmp	r0, #0
1000428e:	d032      	beq.n	100042f6 <stdio_usb_in_chars+0x7e>
10004290:	f7fd fb32 	bl	100018f8 <time_us_64>
10004294:	4a1b      	ldr	r2, [pc, #108]	@ (10004304 <stdio_usb_in_chars+0x8c>)
10004296:	2300      	movs	r3, #0
10004298:	1812      	adds	r2, r2, r0
1000429a:	414b      	adcs	r3, r1
1000429c:	2b00      	cmp	r3, #0
1000429e:	db19      	blt.n	100042d4 <stdio_usb_in_chars+0x5c>
100042a0:	4819      	ldr	r0, [pc, #100]	@ (10004308 <stdio_usb_in_chars+0x90>)
100042a2:	f003 fad5 	bl	10007850 <__mutex_try_enter_block_until_veneer>
100042a6:	2800      	cmp	r0, #0
100042a8:	d028      	beq.n	100042fc <stdio_usb_in_chars+0x84>
100042aa:	f7ff ffdf 	bl	1000426c <stdio_usb_connected>
100042ae:	2800      	cmp	r0, #0
100042b0:	d004      	beq.n	100042bc <stdio_usb_in_chars+0x44>
100042b2:	2000      	movs	r0, #0
100042b4:	f001 fae0 	bl	10005878 <tud_cdc_n_available>
100042b8:	2800      	cmp	r0, #0
100042ba:	d10f      	bne.n	100042dc <stdio_usb_in_chars+0x64>
100042bc:	2001      	movs	r0, #1
100042be:	2100      	movs	r1, #0
100042c0:	4240      	negs	r0, r0
100042c2:	f001 f85f 	bl	10005384 <tud_task_ext>
100042c6:	2403      	movs	r4, #3
100042c8:	4264      	negs	r4, r4
100042ca:	480f      	ldr	r0, [pc, #60]	@ (10004308 <stdio_usb_in_chars+0x90>)
100042cc:	f003 fa80 	bl	100077d0 <__mutex_exit_veneer>
100042d0:	0020      	movs	r0, r4
100042d2:	bd70      	pop	{r4, r5, r6, pc}
100042d4:	2201      	movs	r2, #1
100042d6:	4252      	negs	r2, r2
100042d8:	4b0c      	ldr	r3, [pc, #48]	@ (1000430c <stdio_usb_in_chars+0x94>)
100042da:	e7e1      	b.n	100042a0 <stdio_usb_in_chars+0x28>
100042dc:	0022      	movs	r2, r4
100042de:	0029      	movs	r1, r5
100042e0:	2000      	movs	r0, #0
100042e2:	f001 fad5 	bl	10005890 <tud_cdc_n_read>
100042e6:	1e04      	subs	r4, r0, #0
100042e8:	d1ef      	bne.n	100042ca <stdio_usb_in_chars+0x52>
100042ea:	2403      	movs	r4, #3
100042ec:	4264      	negs	r4, r4
100042ee:	e7ec      	b.n	100042ca <stdio_usb_in_chars+0x52>
100042f0:	2403      	movs	r4, #3
100042f2:	4264      	negs	r4, r4
100042f4:	e7ec      	b.n	100042d0 <stdio_usb_in_chars+0x58>
100042f6:	2403      	movs	r4, #3
100042f8:	4264      	negs	r4, r4
100042fa:	e7e9      	b.n	100042d0 <stdio_usb_in_chars+0x58>
100042fc:	2403      	movs	r4, #3
100042fe:	4264      	negs	r4, r4
10004300:	e7e6      	b.n	100042d0 <stdio_usb_in_chars+0x58>
10004302:	46c0      	nop			@ (mov r8, r8)
10004304:	000f4240 	.word	0x000f4240
10004308:	2000271c 	.word	0x2000271c
1000430c:	7fffffff 	.word	0x7fffffff

10004310 <stdio_usb_out_chars>:
10004310:	b5f0      	push	{r4, r5, r6, r7, lr}
10004312:	46c6      	mov	lr, r8
10004314:	b500      	push	{lr}
10004316:	4680      	mov	r8, r0
10004318:	000c      	movs	r4, r1
1000431a:	f7fd faed 	bl	100018f8 <time_us_64>
1000431e:	4a31      	ldr	r2, [pc, #196]	@ (100043e4 <stdio_usb_out_chars+0xd4>)
10004320:	2300      	movs	r3, #0
10004322:	1812      	adds	r2, r2, r0
10004324:	414b      	adcs	r3, r1
10004326:	2b00      	cmp	r3, #0
10004328:	db07      	blt.n	1000433a <stdio_usb_out_chars+0x2a>
1000432a:	482f      	ldr	r0, [pc, #188]	@ (100043e8 <stdio_usb_out_chars+0xd8>)
1000432c:	f003 fa90 	bl	10007850 <__mutex_try_enter_block_until_veneer>
10004330:	2800      	cmp	r0, #0
10004332:	d106      	bne.n	10004342 <stdio_usb_out_chars+0x32>
10004334:	bc80      	pop	{r7}
10004336:	46b8      	mov	r8, r7
10004338:	bdf0      	pop	{r4, r5, r6, r7, pc}
1000433a:	2201      	movs	r2, #1
1000433c:	4252      	negs	r2, r2
1000433e:	4b2b      	ldr	r3, [pc, #172]	@ (100043ec <stdio_usb_out_chars+0xdc>)
10004340:	e7f3      	b.n	1000432a <stdio_usb_out_chars+0x1a>
10004342:	f7ff ff93 	bl	1000426c <stdio_usb_connected>
10004346:	2800      	cmp	r0, #0
10004348:	d149      	bne.n	100043de <stdio_usb_out_chars+0xce>
1000434a:	4b29      	ldr	r3, [pc, #164]	@ (100043f0 <stdio_usb_out_chars+0xe0>)
1000434c:	2000      	movs	r0, #0
1000434e:	2100      	movs	r1, #0
10004350:	6018      	str	r0, [r3, #0]
10004352:	6059      	str	r1, [r3, #4]
10004354:	4824      	ldr	r0, [pc, #144]	@ (100043e8 <stdio_usb_out_chars+0xd8>)
10004356:	f003 fa3b 	bl	100077d0 <__mutex_exit_veneer>
1000435a:	e7eb      	b.n	10004334 <stdio_usb_out_chars+0x24>
1000435c:	2001      	movs	r0, #1
1000435e:	2100      	movs	r1, #0
10004360:	4240      	negs	r0, r0
10004362:	f001 f80f 	bl	10005384 <tud_task_ext>
10004366:	2000      	movs	r0, #0
10004368:	f001 faae 	bl	100058c8 <tud_cdc_n_write_flush>
1000436c:	f7ff ff7e 	bl	1000426c <stdio_usb_connected>
10004370:	2800      	cmp	r0, #0
10004372:	d0ef      	beq.n	10004354 <stdio_usb_out_chars+0x44>
10004374:	2000      	movs	r0, #0
10004376:	f001 fb23 	bl	100059c0 <tud_cdc_n_write_available>
1000437a:	2800      	cmp	r0, #0
1000437c:	d020      	beq.n	100043c0 <stdio_usb_out_chars+0xb0>
1000437e:	42a5      	cmp	r5, r4
10004380:	dae8      	bge.n	10004354 <stdio_usb_out_chars+0x44>
10004382:	1b66      	subs	r6, r4, r5
10004384:	2000      	movs	r0, #0
10004386:	f001 fb1b 	bl	100059c0 <tud_cdc_n_write_available>
1000438a:	0002      	movs	r2, r0
1000438c:	4286      	cmp	r6, r0
1000438e:	dc00      	bgt.n	10004392 <stdio_usb_out_chars+0x82>
10004390:	0032      	movs	r2, r6
10004392:	2a00      	cmp	r2, #0
10004394:	d0e2      	beq.n	1000435c <stdio_usb_out_chars+0x4c>
10004396:	4643      	mov	r3, r8
10004398:	1959      	adds	r1, r3, r5
1000439a:	2000      	movs	r0, #0
1000439c:	f001 faec 	bl	10005978 <tud_cdc_n_write>
100043a0:	0006      	movs	r6, r0
100043a2:	2001      	movs	r0, #1
100043a4:	2100      	movs	r1, #0
100043a6:	4240      	negs	r0, r0
100043a8:	f000 ffec 	bl	10005384 <tud_task_ext>
100043ac:	2000      	movs	r0, #0
100043ae:	f001 fa8b 	bl	100058c8 <tud_cdc_n_write_flush>
100043b2:	19ad      	adds	r5, r5, r6
100043b4:	f7fd faa0 	bl	100018f8 <time_us_64>
100043b8:	4b0d      	ldr	r3, [pc, #52]	@ (100043f0 <stdio_usb_out_chars+0xe0>)
100043ba:	6018      	str	r0, [r3, #0]
100043bc:	6059      	str	r1, [r3, #4]
100043be:	e7de      	b.n	1000437e <stdio_usb_out_chars+0x6e>
100043c0:	f7fd fa9a 	bl	100018f8 <time_us_64>
100043c4:	4b0a      	ldr	r3, [pc, #40]	@ (100043f0 <stdio_usb_out_chars+0xe0>)
100043c6:	681e      	ldr	r6, [r3, #0]
100043c8:	685f      	ldr	r7, [r3, #4]
100043ca:	4a0a      	ldr	r2, [pc, #40]	@ (100043f4 <stdio_usb_out_chars+0xe4>)
100043cc:	2300      	movs	r3, #0
100043ce:	1992      	adds	r2, r2, r6
100043d0:	417b      	adcs	r3, r7
100043d2:	4299      	cmp	r1, r3
100043d4:	d8be      	bhi.n	10004354 <stdio_usb_out_chars+0x44>
100043d6:	d1d2      	bne.n	1000437e <stdio_usb_out_chars+0x6e>
100043d8:	4290      	cmp	r0, r2
100043da:	d9d0      	bls.n	1000437e <stdio_usb_out_chars+0x6e>
100043dc:	e7ba      	b.n	10004354 <stdio_usb_out_chars+0x44>
100043de:	2500      	movs	r5, #0
100043e0:	e7cd      	b.n	1000437e <stdio_usb_out_chars+0x6e>
100043e2:	46c0      	nop			@ (mov r8, r8)
100043e4:	000f4240 	.word	0x000f4240
100043e8:	2000271c 	.word	0x2000271c
100043ec:	7fffffff 	.word	0x7fffffff
100043f0:	200010b0 	.word	0x200010b0
100043f4:	0007a120 	.word	0x0007a120

100043f8 <tud_descriptor_device_cb>:
100043f8:	4800      	ldr	r0, [pc, #0]	@ (100043fc <tud_descriptor_device_cb+0x4>)
100043fa:	4770      	bx	lr
100043fc:	10009124 	.word	0x10009124

10004400 <tud_descriptor_configuration_cb>:
10004400:	4800      	ldr	r0, [pc, #0]	@ (10004404 <tud_descriptor_configuration_cb+0x4>)
10004402:	4770      	bx	lr
10004404:	100090d0 	.word	0x100090d0

10004408 <tud_descriptor_string_cb>:
10004408:	b510      	push	{r4, lr}
1000440a:	0004      	movs	r4, r0
1000440c:	4b15      	ldr	r3, [pc, #84]	@ (10004464 <tud_descriptor_string_cb+0x5c>)
1000440e:	781b      	ldrb	r3, [r3, #0]
10004410:	2b00      	cmp	r3, #0
10004412:	d00e      	beq.n	10004432 <tud_descriptor_string_cb+0x2a>
10004414:	2c00      	cmp	r4, #0
10004416:	d111      	bne.n	1000443c <tud_descriptor_string_cb+0x34>
10004418:	4b13      	ldr	r3, [pc, #76]	@ (10004468 <tud_descriptor_string_cb+0x60>)
1000441a:	4a14      	ldr	r2, [pc, #80]	@ (1000446c <tud_descriptor_string_cb+0x64>)
1000441c:	805a      	strh	r2, [r3, #2]
1000441e:	2301      	movs	r3, #1
10004420:	3301      	adds	r3, #1
10004422:	005b      	lsls	r3, r3, #1
10004424:	b29b      	uxth	r3, r3
10004426:	4810      	ldr	r0, [pc, #64]	@ (10004468 <tud_descriptor_string_cb+0x60>)
10004428:	22c0      	movs	r2, #192	@ 0xc0
1000442a:	0092      	lsls	r2, r2, #2
1000442c:	4313      	orrs	r3, r2
1000442e:	8003      	strh	r3, [r0, #0]
10004430:	bd10      	pop	{r4, pc}
10004432:	480c      	ldr	r0, [pc, #48]	@ (10004464 <tud_descriptor_string_cb+0x5c>)
10004434:	2111      	movs	r1, #17
10004436:	f000 f825 	bl	10004484 <pico_get_unique_board_id_string>
1000443a:	e7eb      	b.n	10004414 <tud_descriptor_string_cb+0xc>
1000443c:	2c05      	cmp	r4, #5
1000443e:	d80e      	bhi.n	1000445e <tud_descriptor_string_cb+0x56>
10004440:	4b0b      	ldr	r3, [pc, #44]	@ (10004470 <tud_descriptor_string_cb+0x68>)
10004442:	00a4      	lsls	r4, r4, #2
10004444:	58e4      	ldr	r4, [r4, r3]
10004446:	2300      	movs	r3, #0
10004448:	2b12      	cmp	r3, #18
1000444a:	d8e9      	bhi.n	10004420 <tud_descriptor_string_cb+0x18>
1000444c:	5ce1      	ldrb	r1, [r4, r3]
1000444e:	2900      	cmp	r1, #0
10004450:	d0e6      	beq.n	10004420 <tud_descriptor_string_cb+0x18>
10004452:	3301      	adds	r3, #1
10004454:	4a04      	ldr	r2, [pc, #16]	@ (10004468 <tud_descriptor_string_cb+0x60>)
10004456:	0058      	lsls	r0, r3, #1
10004458:	5281      	strh	r1, [r0, r2]
1000445a:	b2db      	uxtb	r3, r3
1000445c:	e7f4      	b.n	10004448 <tud_descriptor_string_cb+0x40>
1000445e:	2000      	movs	r0, #0
10004460:	e7e6      	b.n	10004430 <tud_descriptor_string_cb+0x28>
10004462:	46c0      	nop			@ (mov r8, r8)
10004464:	20002724 	.word	0x20002724
10004468:	20002098 	.word	0x20002098
1000446c:	00000409 	.word	0x00000409
10004470:	100090b8 	.word	0x100090b8

10004474 <_retrieve_unique_id_on_boot>:
10004474:	b510      	push	{r4, lr}
10004476:	4802      	ldr	r0, [pc, #8]	@ (10004480 <_retrieve_unique_id_on_boot+0xc>)
10004478:	f000 f830 	bl	100044dc <flash_get_unique_id>
1000447c:	bd10      	pop	{r4, pc}
1000447e:	46c0      	nop			@ (mov r8, r8)
10004480:	2000250c 	.word	0x2000250c

10004484 <pico_get_unique_board_id_string>:
10004484:	b510      	push	{r4, lr}
10004486:	2900      	cmp	r1, #0
10004488:	d001      	beq.n	1000448e <pico_get_unique_board_id_string+0xa>
1000448a:	2300      	movs	r3, #0
1000448c:	e008      	b.n	100044a0 <pico_get_unique_board_id_string+0x1c>
1000448e:	4b0f      	ldr	r3, [pc, #60]	@ (100044cc <pico_get_unique_board_id_string+0x48>)
10004490:	4a0f      	ldr	r2, [pc, #60]	@ (100044d0 <pico_get_unique_board_id_string+0x4c>)
10004492:	4810      	ldr	r0, [pc, #64]	@ (100044d4 <pico_get_unique_board_id_string+0x50>)
10004494:	313b      	adds	r1, #59	@ 0x3b
10004496:	f7ff fb0f 	bl	10003ab8 <__assert_func>
1000449a:	3237      	adds	r2, #55	@ 0x37
1000449c:	54c2      	strb	r2, [r0, r3]
1000449e:	3301      	adds	r3, #1
100044a0:	1e4a      	subs	r2, r1, #1
100044a2:	429a      	cmp	r2, r3
100044a4:	d90e      	bls.n	100044c4 <pico_get_unique_board_id_string+0x40>
100044a6:	2b0f      	cmp	r3, #15
100044a8:	d80c      	bhi.n	100044c4 <pico_get_unique_board_id_string+0x40>
100044aa:	085a      	lsrs	r2, r3, #1
100044ac:	4c0a      	ldr	r4, [pc, #40]	@ (100044d8 <pico_get_unique_board_id_string+0x54>)
100044ae:	5ca4      	ldrb	r4, [r4, r2]
100044b0:	2201      	movs	r2, #1
100044b2:	439a      	bics	r2, r3
100044b4:	0092      	lsls	r2, r2, #2
100044b6:	4114      	asrs	r4, r2
100044b8:	220f      	movs	r2, #15
100044ba:	4022      	ands	r2, r4
100044bc:	2a09      	cmp	r2, #9
100044be:	dcec      	bgt.n	1000449a <pico_get_unique_board_id_string+0x16>
100044c0:	3230      	adds	r2, #48	@ 0x30
100044c2:	e7eb      	b.n	1000449c <pico_get_unique_board_id_string+0x18>
100044c4:	18c0      	adds	r0, r0, r3
100044c6:	2300      	movs	r3, #0
100044c8:	7003      	strb	r3, [r0, #0]
100044ca:	bd10      	pop	{r4, pc}
100044cc:	10008338 	.word	0x10008338
100044d0:	10009138 	.word	0x10009138
100044d4:	10008340 	.word	0x10008340
100044d8:	2000250c 	.word	0x2000250c

100044dc <flash_get_unique_id>:
100044dc:	b570      	push	{r4, r5, r6, lr}
100044de:	b088      	sub	sp, #32
100044e0:	0004      	movs	r4, r0
100044e2:	ad04      	add	r5, sp, #16
100044e4:	220d      	movs	r2, #13
100044e6:	2100      	movs	r1, #0
100044e8:	0028      	movs	r0, r5
100044ea:	f7fe f9db 	bl	100028a4 <__wrap_memset>
100044ee:	220d      	movs	r2, #13
100044f0:	2100      	movs	r1, #0
100044f2:	4668      	mov	r0, sp
100044f4:	f7fe f9d6 	bl	100028a4 <__wrap_memset>
100044f8:	234b      	movs	r3, #75	@ 0x4b
100044fa:	702b      	strb	r3, [r5, #0]
100044fc:	220d      	movs	r2, #13
100044fe:	4669      	mov	r1, sp
10004500:	0028      	movs	r0, r5
10004502:	f003 f95d 	bl	100077c0 <__flash_do_cmd_veneer>
10004506:	2300      	movs	r3, #0
10004508:	e004      	b.n	10004514 <flash_get_unique_id+0x38>
1000450a:	1d5a      	adds	r2, r3, #5
1000450c:	4669      	mov	r1, sp
1000450e:	5c8a      	ldrb	r2, [r1, r2]
10004510:	54e2      	strb	r2, [r4, r3]
10004512:	3301      	adds	r3, #1
10004514:	2b07      	cmp	r3, #7
10004516:	ddf8      	ble.n	1000450a <flash_get_unique_id+0x2e>
10004518:	b008      	add	sp, #32
1000451a:	bd70      	pop	{r4, r5, r6, pc}

1000451c <hw_endpoint_init>:
1000451c:	b570      	push	{r4, r5, r6, lr}
1000451e:	b082      	sub	sp, #8
10004520:	237f      	movs	r3, #127	@ 0x7f
10004522:	4003      	ands	r3, r0
10004524:	09c5      	lsrs	r5, r0, #7
10004526:	4c27      	ldr	r4, [pc, #156]	@ (100045c4 <hw_endpoint_init+0xa8>)
10004528:	005e      	lsls	r6, r3, #1
1000452a:	1976      	adds	r6, r6, r5
1000452c:	0176      	lsls	r6, r6, #5
1000452e:	19a4      	adds	r4, r4, r6
10004530:	70a0      	strb	r0, [r4, #2]
10004532:	4268      	negs	r0, r5
10004534:	4168      	adcs	r0, r5
10004536:	7060      	strb	r0, [r4, #1]
10004538:	2000      	movs	r0, #0
1000453a:	70e0      	strb	r0, [r4, #3]
1000453c:	8321      	strh	r1, [r4, #24]
1000453e:	76e2      	strb	r2, [r4, #27]
10004540:	2d01      	cmp	r5, #1
10004542:	d01e      	beq.n	10004582 <hw_endpoint_init+0x66>
10004544:	00d8      	lsls	r0, r3, #3
10004546:	4a20      	ldr	r2, [pc, #128]	@ (100045c8 <hw_endpoint_init+0xac>)
10004548:	4694      	mov	ip, r2
1000454a:	4460      	add	r0, ip
1000454c:	4a1d      	ldr	r2, [pc, #116]	@ (100045c4 <hw_endpoint_init+0xa8>)
1000454e:	0059      	lsls	r1, r3, #1
10004550:	1949      	adds	r1, r1, r5
10004552:	0149      	lsls	r1, r1, #5
10004554:	1852      	adds	r2, r2, r1
10004556:	6090      	str	r0, [r2, #8]
10004558:	4a1a      	ldr	r2, [pc, #104]	@ (100045c4 <hw_endpoint_init+0xa8>)
1000455a:	0059      	lsls	r1, r3, #1
1000455c:	1949      	adds	r1, r1, r5
1000455e:	0149      	lsls	r1, r1, #5
10004560:	1852      	adds	r2, r2, r1
10004562:	6892      	ldr	r2, [r2, #8]
10004564:	2100      	movs	r1, #0
10004566:	6011      	str	r1, [r2, #0]
10004568:	2b00      	cmp	r3, #0
1000456a:	d110      	bne.n	1000458e <hw_endpoint_init+0x72>
1000456c:	4a15      	ldr	r2, [pc, #84]	@ (100045c4 <hw_endpoint_init+0xa8>)
1000456e:	005b      	lsls	r3, r3, #1
10004570:	195b      	adds	r3, r3, r5
10004572:	015b      	lsls	r3, r3, #5
10004574:	18d3      	adds	r3, r2, r3
10004576:	2200      	movs	r2, #0
10004578:	605a      	str	r2, [r3, #4]
1000457a:	4a14      	ldr	r2, [pc, #80]	@ (100045cc <hw_endpoint_init+0xb0>)
1000457c:	60da      	str	r2, [r3, #12]
1000457e:	b002      	add	sp, #8
10004580:	bd70      	pop	{r4, r5, r6, pc}
10004582:	00d8      	lsls	r0, r3, #3
10004584:	4a12      	ldr	r2, [pc, #72]	@ (100045d0 <hw_endpoint_init+0xb4>)
10004586:	4694      	mov	ip, r2
10004588:	4460      	add	r0, ip
1000458a:	60a0      	str	r0, [r4, #8]
1000458c:	e7e4      	b.n	10004558 <hw_endpoint_init+0x3c>
1000458e:	2d01      	cmp	r5, #1
10004590:	d00b      	beq.n	100045aa <hw_endpoint_init+0x8e>
10004592:	1e59      	subs	r1, r3, #1
10004594:	00c9      	lsls	r1, r1, #3
10004596:	4a0f      	ldr	r2, [pc, #60]	@ (100045d4 <hw_endpoint_init+0xb8>)
10004598:	4694      	mov	ip, r2
1000459a:	4461      	add	r1, ip
1000459c:	4a09      	ldr	r2, [pc, #36]	@ (100045c4 <hw_endpoint_init+0xa8>)
1000459e:	005b      	lsls	r3, r3, #1
100045a0:	195b      	adds	r3, r3, r5
100045a2:	015b      	lsls	r3, r3, #5
100045a4:	18d2      	adds	r2, r2, r3
100045a6:	6051      	str	r1, [r2, #4]
100045a8:	e7e9      	b.n	1000457e <hw_endpoint_init+0x62>
100045aa:	1e59      	subs	r1, r3, #1
100045ac:	00c9      	lsls	r1, r1, #3
100045ae:	4a0a      	ldr	r2, [pc, #40]	@ (100045d8 <hw_endpoint_init+0xbc>)
100045b0:	4694      	mov	ip, r2
100045b2:	4461      	add	r1, ip
100045b4:	4a03      	ldr	r2, [pc, #12]	@ (100045c4 <hw_endpoint_init+0xa8>)
100045b6:	005b      	lsls	r3, r3, #1
100045b8:	195b      	adds	r3, r3, r5
100045ba:	015b      	lsls	r3, r3, #5
100045bc:	18d2      	adds	r2, r2, r3
100045be:	6051      	str	r1, [r2, #4]
100045c0:	e7dd      	b.n	1000457e <hw_endpoint_init+0x62>
100045c2:	46c0      	nop			@ (mov r8, r8)
100045c4:	200020cc 	.word	0x200020cc
100045c8:	50100084 	.word	0x50100084
100045cc:	50100100 	.word	0x50100100
100045d0:	50100080 	.word	0x50100080
100045d4:	5010000c 	.word	0x5010000c
100045d8:	50100008 	.word	0x50100008

100045dc <hw_endpoint_alloc>:
100045dc:	b510      	push	{r4, lr}
100045de:	8b03      	ldrh	r3, [r0, #24]
100045e0:	333f      	adds	r3, #63	@ 0x3f
100045e2:	223f      	movs	r2, #63	@ 0x3f
100045e4:	4393      	bics	r3, r2
100045e6:	7ec2      	ldrb	r2, [r0, #27]
100045e8:	2a02      	cmp	r2, #2
100045ea:	d008      	beq.n	100045fe <hw_endpoint_alloc+0x22>
100045ec:	4908      	ldr	r1, [pc, #32]	@ (10004610 <hw_endpoint_alloc+0x34>)
100045ee:	680a      	ldr	r2, [r1, #0]
100045f0:	60c2      	str	r2, [r0, #12]
100045f2:	18d3      	adds	r3, r2, r3
100045f4:	600b      	str	r3, [r1, #0]
100045f6:	4a07      	ldr	r2, [pc, #28]	@ (10004614 <hw_endpoint_alloc+0x38>)
100045f8:	4293      	cmp	r3, r2
100045fa:	d802      	bhi.n	10004602 <hw_endpoint_alloc+0x26>
100045fc:	bd10      	pop	{r4, pc}
100045fe:	005b      	lsls	r3, r3, #1
10004600:	e7f4      	b.n	100045ec <hw_endpoint_alloc+0x10>
10004602:	4b05      	ldr	r3, [pc, #20]	@ (10004618 <hw_endpoint_alloc+0x3c>)
10004604:	4a05      	ldr	r2, [pc, #20]	@ (1000461c <hw_endpoint_alloc+0x40>)
10004606:	4806      	ldr	r0, [pc, #24]	@ (10004620 <hw_endpoint_alloc+0x44>)
10004608:	2152      	movs	r1, #82	@ 0x52
1000460a:	f7ff fa55 	bl	10003ab8 <__assert_func>
1000460e:	46c0      	nop			@ (mov r8, r8)
10004610:	200024d0 	.word	0x200024d0
10004614:	50100fff 	.word	0x50100fff
10004618:	100085a0 	.word	0x100085a0
1000461c:	10009198 	.word	0x10009198
10004620:	100085e4 	.word	0x100085e4

10004624 <hw_endpoint_open>:
10004624:	b5f8      	push	{r3, r4, r5, r6, r7, lr}
10004626:	257f      	movs	r5, #127	@ 0x7f
10004628:	4005      	ands	r5, r0
1000462a:	09c6      	lsrs	r6, r0, #7
1000462c:	006b      	lsls	r3, r5, #1
1000462e:	199b      	adds	r3, r3, r6
10004630:	015b      	lsls	r3, r3, #5
10004632:	4c0e      	ldr	r4, [pc, #56]	@ (1000466c <hw_endpoint_open+0x48>)
10004634:	191c      	adds	r4, r3, r4
10004636:	f7ff ff71 	bl	1000451c <hw_endpoint_init>
1000463a:	2d00      	cmp	r5, #0
1000463c:	d100      	bne.n	10004640 <hw_endpoint_open+0x1c>
1000463e:	bdf8      	pop	{r3, r4, r5, r6, r7, pc}
10004640:	4b0a      	ldr	r3, [pc, #40]	@ (1000466c <hw_endpoint_open+0x48>)
10004642:	006d      	lsls	r5, r5, #1
10004644:	19ad      	adds	r5, r5, r6
10004646:	016d      	lsls	r5, r5, #5
10004648:	195d      	adds	r5, r3, r5
1000464a:	8b29      	ldrh	r1, [r5, #24]
1000464c:	0020      	movs	r0, r4
1000464e:	f7ff ffc5 	bl	100045dc <hw_endpoint_alloc>
10004652:	7eeb      	ldrb	r3, [r5, #27]
10004654:	069b      	lsls	r3, r3, #26
10004656:	68e9      	ldr	r1, [r5, #12]
10004658:	4a05      	ldr	r2, [pc, #20]	@ (10004670 <hw_endpoint_open+0x4c>)
1000465a:	404a      	eors	r2, r1
1000465c:	4313      	orrs	r3, r2
1000465e:	2280      	movs	r2, #128	@ 0x80
10004660:	0612      	lsls	r2, r2, #24
10004662:	4313      	orrs	r3, r2
10004664:	686a      	ldr	r2, [r5, #4]
10004666:	6013      	str	r3, [r2, #0]
10004668:	e7e9      	b.n	1000463e <hw_endpoint_open+0x1a>
1000466a:	46c0      	nop			@ (mov r8, r8)
1000466c:	200020cc 	.word	0x200020cc
10004670:	50100000 	.word	0x50100000

10004674 <hw_endpoint_xfer>:
10004674:	b510      	push	{r4, lr}
10004676:	0004      	movs	r4, r0
10004678:	207f      	movs	r0, #127	@ 0x7f
1000467a:	4020      	ands	r0, r4
1000467c:	09e4      	lsrs	r4, r4, #7
1000467e:	0040      	lsls	r0, r0, #1
10004680:	1900      	adds	r0, r0, r4
10004682:	0140      	lsls	r0, r0, #5
10004684:	4b02      	ldr	r3, [pc, #8]	@ (10004690 <hw_endpoint_xfer+0x1c>)
10004686:	18c0      	adds	r0, r0, r3
10004688:	f000 f926 	bl	100048d8 <hw_endpoint_xfer_start>
1000468c:	bd10      	pop	{r4, pc}
1000468e:	46c0      	nop			@ (mov r8, r8)
10004690:	200020cc 	.word	0x200020cc

10004694 <dcd_int_enable>:
10004694:	b510      	push	{r4, lr}
10004696:	2800      	cmp	r0, #0
10004698:	d104      	bne.n	100046a4 <dcd_int_enable+0x10>
1000469a:	2101      	movs	r1, #1
1000469c:	2005      	movs	r0, #5
1000469e:	f7fc f99f 	bl	100009e0 <irq_set_enabled>
100046a2:	bd10      	pop	{r4, pc}
100046a4:	4b03      	ldr	r3, [pc, #12]	@ (100046b4 <dcd_int_enable+0x20>)
100046a6:	4a04      	ldr	r2, [pc, #16]	@ (100046b8 <dcd_int_enable+0x24>)
100046a8:	2198      	movs	r1, #152	@ 0x98
100046aa:	4804      	ldr	r0, [pc, #16]	@ (100046bc <dcd_int_enable+0x28>)
100046ac:	31ff      	adds	r1, #255	@ 0xff
100046ae:	f7ff fa03 	bl	10003ab8 <__assert_func>
100046b2:	46c0      	nop			@ (mov r8, r8)
100046b4:	1000865c 	.word	0x1000865c
100046b8:	10009188 	.word	0x10009188
100046bc:	100085e4 	.word	0x100085e4

100046c0 <dcd_set_address>:
100046c0:	b510      	push	{r4, lr}
100046c2:	2800      	cmp	r0, #0
100046c4:	d105      	bne.n	100046d2 <dcd_set_address+0x12>
100046c6:	2200      	movs	r2, #0
100046c8:	2100      	movs	r1, #0
100046ca:	2080      	movs	r0, #128	@ 0x80
100046cc:	f7ff ffd2 	bl	10004674 <hw_endpoint_xfer>
100046d0:	bd10      	pop	{r4, pc}
100046d2:	4b03      	ldr	r3, [pc, #12]	@ (100046e0 <dcd_set_address+0x20>)
100046d4:	4a03      	ldr	r2, [pc, #12]	@ (100046e4 <dcd_set_address+0x24>)
100046d6:	21a2      	movs	r1, #162	@ 0xa2
100046d8:	4803      	ldr	r0, [pc, #12]	@ (100046e8 <dcd_set_address+0x28>)
100046da:	31ff      	adds	r1, #255	@ 0xff
100046dc:	f7ff f9ec 	bl	10003ab8 <__assert_func>
100046e0:	1000865c 	.word	0x1000865c
100046e4:	10009178 	.word	0x10009178
100046e8:	100085e4 	.word	0x100085e4

100046ec <dcd_connect>:
100046ec:	4b02      	ldr	r3, [pc, #8]	@ (100046f8 <dcd_connect+0xc>)
100046ee:	2280      	movs	r2, #128	@ 0x80
100046f0:	0252      	lsls	r2, r2, #9
100046f2:	64da      	str	r2, [r3, #76]	@ 0x4c
100046f4:	4770      	bx	lr
100046f6:	46c0      	nop			@ (mov r8, r8)
100046f8:	50112000 	.word	0x50112000

100046fc <dcd_init>:
100046fc:	b570      	push	{r4, r5, r6, lr}
100046fe:	1e04      	subs	r4, r0, #0
10004700:	d127      	bne.n	10004752 <dcd_init+0x56>
10004702:	f000 f8c7 	bl	10004894 <rp2040_usb_init>
10004706:	4d16      	ldr	r5, [pc, #88]	@ (10004760 <dcd_init+0x64>)
10004708:	230c      	movs	r3, #12
1000470a:	67ab      	str	r3, [r5, #120]	@ 0x78
1000470c:	4915      	ldr	r1, [pc, #84]	@ (10004764 <dcd_init+0x68>)
1000470e:	22ff      	movs	r2, #255	@ 0xff
10004710:	2005      	movs	r0, #5
10004712:	f7fc f9c7 	bl	10000aa4 <irq_add_shared_handler>
10004716:	4814      	ldr	r0, [pc, #80]	@ (10004768 <dcd_init+0x6c>)
10004718:	2240      	movs	r2, #64	@ 0x40
1000471a:	2100      	movs	r1, #0
1000471c:	f7fe f8c2 	bl	100028a4 <__wrap_memset>
10004720:	2200      	movs	r2, #0
10004722:	2140      	movs	r1, #64	@ 0x40
10004724:	2000      	movs	r0, #0
10004726:	f7ff ff7d 	bl	10004624 <hw_endpoint_open>
1000472a:	2200      	movs	r2, #0
1000472c:	2140      	movs	r1, #64	@ 0x40
1000472e:	2080      	movs	r0, #128	@ 0x80
10004730:	f7ff ff78 	bl	10004624 <hw_endpoint_open>
10004734:	f003 f87c 	bl	10007830 <__reset_non_control_endpoints_veneer>
10004738:	2301      	movs	r3, #1
1000473a:	642b      	str	r3, [r5, #64]	@ 0x40
1000473c:	2380      	movs	r3, #128	@ 0x80
1000473e:	059b      	lsls	r3, r3, #22
10004740:	64eb      	str	r3, [r5, #76]	@ 0x4c
10004742:	2390      	movs	r3, #144	@ 0x90
10004744:	4a09      	ldr	r2, [pc, #36]	@ (1000476c <dcd_init+0x70>)
10004746:	50ea      	str	r2, [r5, r3]
10004748:	0020      	movs	r0, r4
1000474a:	f7ff ffcf 	bl	100046ec <dcd_connect>
1000474e:	2001      	movs	r0, #1
10004750:	bd70      	pop	{r4, r5, r6, pc}
10004752:	4b07      	ldr	r3, [pc, #28]	@ (10004770 <dcd_init+0x74>)
10004754:	4a07      	ldr	r2, [pc, #28]	@ (10004774 <dcd_init+0x78>)
10004756:	2164      	movs	r1, #100	@ 0x64
10004758:	4807      	ldr	r0, [pc, #28]	@ (10004778 <dcd_init+0x7c>)
1000475a:	31ff      	adds	r1, #255	@ 0xff
1000475c:	f7ff f9ac 	bl	10003ab8 <__assert_func>
10004760:	50110000 	.word	0x50110000
10004764:	200006c5 	.word	0x200006c5
10004768:	200020cc 	.word	0x200020cc
1000476c:	0001d010 	.word	0x0001d010
10004770:	1000865c 	.word	0x1000865c
10004774:	100091ac 	.word	0x100091ac
10004778:	100085e4 	.word	0x100085e4

1000477c <dcd_sof_enable>:
1000477c:	4b04      	ldr	r3, [pc, #16]	@ (10004790 <dcd_sof_enable+0x14>)
1000477e:	7019      	strb	r1, [r3, #0]
10004780:	2900      	cmp	r1, #0
10004782:	d004      	beq.n	1000478e <dcd_sof_enable+0x12>
10004784:	4a03      	ldr	r2, [pc, #12]	@ (10004794 <dcd_sof_enable+0x18>)
10004786:	2390      	movs	r3, #144	@ 0x90
10004788:	2180      	movs	r1, #128	@ 0x80
1000478a:	0289      	lsls	r1, r1, #10
1000478c:	50d1      	str	r1, [r2, r3]
1000478e:	4770      	bx	lr
10004790:	20002739 	.word	0x20002739
10004794:	50112000 	.word	0x50112000

10004798 <dcd_edpt0_status_complete>:
10004798:	780b      	ldrb	r3, [r1, #0]
1000479a:	065b      	lsls	r3, r3, #25
1000479c:	d102      	bne.n	100047a4 <dcd_edpt0_status_complete+0xc>
1000479e:	784b      	ldrb	r3, [r1, #1]
100047a0:	2b05      	cmp	r3, #5
100047a2:	d000      	beq.n	100047a6 <dcd_edpt0_status_complete+0xe>
100047a4:	4770      	bx	lr
100047a6:	788a      	ldrb	r2, [r1, #2]
100047a8:	4b01      	ldr	r3, [pc, #4]	@ (100047b0 <dcd_edpt0_status_complete+0x18>)
100047aa:	601a      	str	r2, [r3, #0]
100047ac:	e7fa      	b.n	100047a4 <dcd_edpt0_status_complete+0xc>
100047ae:	46c0      	nop			@ (mov r8, r8)
100047b0:	50110000 	.word	0x50110000

100047b4 <dcd_edpt_open>:
100047b4:	b510      	push	{r4, lr}
100047b6:	78ca      	ldrb	r2, [r1, #3]
100047b8:	0792      	lsls	r2, r2, #30
100047ba:	0f92      	lsrs	r2, r2, #30
100047bc:	2a01      	cmp	r2, #1
100047be:	d00a      	beq.n	100047d6 <dcd_edpt_open+0x22>
100047c0:	7888      	ldrb	r0, [r1, #2]
100047c2:	790b      	ldrb	r3, [r1, #4]
100047c4:	7949      	ldrb	r1, [r1, #5]
100047c6:	0209      	lsls	r1, r1, #8
100047c8:	4319      	orrs	r1, r3
100047ca:	0549      	lsls	r1, r1, #21
100047cc:	0d49      	lsrs	r1, r1, #21
100047ce:	f7ff ff29 	bl	10004624 <hw_endpoint_open>
100047d2:	2001      	movs	r0, #1
100047d4:	bd10      	pop	{r4, pc}
100047d6:	2000      	movs	r0, #0
100047d8:	e7fc      	b.n	100047d4 <dcd_edpt_open+0x20>

100047da <dcd_edpt_close_all>:
100047da:	b510      	push	{r4, lr}
100047dc:	f003 f828 	bl	10007830 <__reset_non_control_endpoints_veneer>
100047e0:	bd10      	pop	{r4, pc}
	...

100047e4 <dcd_edpt_xfer>:
100047e4:	b510      	push	{r4, lr}
100047e6:	0004      	movs	r4, r0
100047e8:	0008      	movs	r0, r1
100047ea:	0011      	movs	r1, r2
100047ec:	001a      	movs	r2, r3
100047ee:	2c00      	cmp	r4, #0
100047f0:	d103      	bne.n	100047fa <dcd_edpt_xfer+0x16>
100047f2:	f7ff ff3f 	bl	10004674 <hw_endpoint_xfer>
100047f6:	2001      	movs	r0, #1
100047f8:	bd10      	pop	{r4, pc}
100047fa:	4b03      	ldr	r3, [pc, #12]	@ (10004808 <dcd_edpt_xfer+0x24>)
100047fc:	4a03      	ldr	r2, [pc, #12]	@ (1000480c <dcd_edpt_xfer+0x28>)
100047fe:	2181      	movs	r1, #129	@ 0x81
10004800:	4803      	ldr	r0, [pc, #12]	@ (10004810 <dcd_edpt_xfer+0x2c>)
10004802:	0089      	lsls	r1, r1, #2
10004804:	f7ff f958 	bl	10003ab8 <__assert_func>
10004808:	1000865c 	.word	0x1000865c
1000480c:	10009168 	.word	0x10009168
10004810:	100085e4 	.word	0x100085e4

10004814 <dcd_edpt_stall>:
10004814:	b510      	push	{r4, lr}
10004816:	237f      	movs	r3, #127	@ 0x7f
10004818:	0018      	movs	r0, r3
1000481a:	4008      	ands	r0, r1
1000481c:	420b      	tst	r3, r1
1000481e:	d105      	bne.n	1000482c <dcd_edpt_stall+0x18>
10004820:	09cb      	lsrs	r3, r1, #7
10004822:	2b01      	cmp	r3, #1
10004824:	d00e      	beq.n	10004844 <dcd_edpt_stall+0x30>
10004826:	2202      	movs	r2, #2
10004828:	4b07      	ldr	r3, [pc, #28]	@ (10004848 <dcd_edpt_stall+0x34>)
1000482a:	669a      	str	r2, [r3, #104]	@ 0x68
1000482c:	09c9      	lsrs	r1, r1, #7
1000482e:	0040      	lsls	r0, r0, #1
10004830:	1840      	adds	r0, r0, r1
10004832:	0140      	lsls	r0, r0, #5
10004834:	4b05      	ldr	r3, [pc, #20]	@ (1000484c <dcd_edpt_stall+0x38>)
10004836:	18c0      	adds	r0, r0, r3
10004838:	2280      	movs	r2, #128	@ 0x80
1000483a:	0112      	lsls	r2, r2, #4
1000483c:	2100      	movs	r1, #0
1000483e:	f003 f82f 	bl	100078a0 <___hw_endpoint_buffer_control_update32_veneer>
10004842:	bd10      	pop	{r4, pc}
10004844:	2201      	movs	r2, #1
10004846:	e7ef      	b.n	10004828 <dcd_edpt_stall+0x14>
10004848:	50112000 	.word	0x50112000
1000484c:	200020cc 	.word	0x200020cc

10004850 <dcd_edpt_clear_stall>:
10004850:	b510      	push	{r4, lr}
10004852:	227f      	movs	r2, #127	@ 0x7f
10004854:	0010      	movs	r0, r2
10004856:	4008      	ands	r0, r1
10004858:	420a      	tst	r2, r1
1000485a:	d100      	bne.n	1000485e <dcd_edpt_clear_stall+0xe>
1000485c:	bd10      	pop	{r4, pc}
1000485e:	09c9      	lsrs	r1, r1, #7
10004860:	0040      	lsls	r0, r0, #1
10004862:	1840      	adds	r0, r0, r1
10004864:	0140      	lsls	r0, r0, #5
10004866:	4b04      	ldr	r3, [pc, #16]	@ (10004878 <dcd_edpt_clear_stall+0x28>)
10004868:	18c0      	adds	r0, r0, r3
1000486a:	2300      	movs	r3, #0
1000486c:	70c3      	strb	r3, [r0, #3]
1000486e:	2200      	movs	r2, #0
10004870:	4902      	ldr	r1, [pc, #8]	@ (1000487c <dcd_edpt_clear_stall+0x2c>)
10004872:	f003 f815 	bl	100078a0 <___hw_endpoint_buffer_control_update32_veneer>
10004876:	e7f1      	b.n	1000485c <dcd_edpt_clear_stall+0xc>
10004878:	200020cc 	.word	0x200020cc
1000487c:	fffff7ff 	.word	0xfffff7ff

10004880 <unaligned_memcpy>:
10004880:	e004      	b.n	1000488c <unaligned_memcpy+0xc>
10004882:	780a      	ldrb	r2, [r1, #0]
10004884:	7002      	strb	r2, [r0, #0]
10004886:	3101      	adds	r1, #1
10004888:	3001      	adds	r0, #1
1000488a:	001a      	movs	r2, r3
1000488c:	1e53      	subs	r3, r2, #1
1000488e:	2a00      	cmp	r2, #0
10004890:	d1f7      	bne.n	10004882 <unaligned_memcpy+0x2>
10004892:	4770      	bx	lr

10004894 <rp2040_usb_init>:
10004894:	b510      	push	{r4, lr}
10004896:	2380      	movs	r3, #128	@ 0x80
10004898:	045b      	lsls	r3, r3, #17
1000489a:	4a0a      	ldr	r2, [pc, #40]	@ (100048c4 <rp2040_usb_init+0x30>)
1000489c:	6013      	str	r3, [r2, #0]
1000489e:	4a0a      	ldr	r2, [pc, #40]	@ (100048c8 <rp2040_usb_init+0x34>)
100048a0:	6013      	str	r3, [r2, #0]
100048a2:	4b0a      	ldr	r3, [pc, #40]	@ (100048cc <rp2040_usb_init+0x38>)
100048a4:	681a      	ldr	r2, [r3, #0]
100048a6:	2380      	movs	r3, #128	@ 0x80
100048a8:	045b      	lsls	r3, r3, #17
100048aa:	4393      	bics	r3, r2
100048ac:	d1f9      	bne.n	100048a2 <rp2040_usb_init+0xe>
100048ae:	2280      	movs	r2, #128	@ 0x80
100048b0:	0152      	lsls	r2, r2, #5
100048b2:	2100      	movs	r1, #0
100048b4:	4806      	ldr	r0, [pc, #24]	@ (100048d0 <rp2040_usb_init+0x3c>)
100048b6:	f7fd fff5 	bl	100028a4 <__wrap_memset>
100048ba:	4b06      	ldr	r3, [pc, #24]	@ (100048d4 <rp2040_usb_init+0x40>)
100048bc:	2209      	movs	r2, #9
100048be:	675a      	str	r2, [r3, #116]	@ 0x74
100048c0:	bd10      	pop	{r4, pc}
100048c2:	46c0      	nop			@ (mov r8, r8)
100048c4:	4000e000 	.word	0x4000e000
100048c8:	4000f000 	.word	0x4000f000
100048cc:	4000c008 	.word	0x4000c008
100048d0:	50100000 	.word	0x50100000
100048d4:	50110000 	.word	0x50110000

100048d8 <hw_endpoint_xfer_start>:
100048d8:	b570      	push	{r4, r5, r6, lr}
100048da:	0004      	movs	r4, r0
100048dc:	000d      	movs	r5, r1
100048de:	0016      	movs	r6, r2
100048e0:	7e83      	ldrb	r3, [r0, #26]
100048e2:	2b00      	cmp	r3, #0
100048e4:	d117      	bne.n	10004916 <hw_endpoint_xfer_start+0x3e>
100048e6:	82a6      	strh	r6, [r4, #20]
100048e8:	2300      	movs	r3, #0
100048ea:	82e3      	strh	r3, [r4, #22]
100048ec:	3301      	adds	r3, #1
100048ee:	76a3      	strb	r3, [r4, #26]
100048f0:	6125      	str	r5, [r4, #16]
100048f2:	0020      	movs	r0, r4
100048f4:	f002 ffdc 	bl	100078b0 <__e15_is_bulkin_ep_veneer>
100048f8:	2800      	cmp	r0, #0
100048fa:	d004      	beq.n	10004906 <hw_endpoint_xfer_start+0x2e>
100048fc:	4a0c      	ldr	r2, [pc, #48]	@ (10004930 <hw_endpoint_xfer_start+0x58>)
100048fe:	2390      	movs	r3, #144	@ 0x90
10004900:	2180      	movs	r1, #128	@ 0x80
10004902:	0289      	lsls	r1, r1, #10
10004904:	50d1      	str	r1, [r2, r3]
10004906:	0020      	movs	r0, r4
10004908:	f002 ffc2 	bl	10007890 <__e15_is_critical_frame_period_veneer>
1000490c:	2800      	cmp	r0, #0
1000490e:	d00a      	beq.n	10004926 <hw_endpoint_xfer_start+0x4e>
10004910:	2301      	movs	r3, #1
10004912:	7723      	strb	r3, [r4, #28]
10004914:	bd70      	pop	{r4, r5, r6, pc}
10004916:	7881      	ldrb	r1, [r0, #2]
10004918:	4806      	ldr	r0, [pc, #24]	@ (10004934 <hw_endpoint_xfer_start+0x5c>)
1000491a:	f7ff faa1 	bl	10003e60 <__wrap_printf>
1000491e:	0020      	movs	r0, r4
10004920:	f002 ffae 	bl	10007880 <__hw_endpoint_reset_transfer_veneer>
10004924:	e7df      	b.n	100048e6 <hw_endpoint_xfer_start+0xe>
10004926:	0020      	movs	r0, r4
10004928:	f002 ff9a 	bl	10007860 <__hw_endpoint_start_next_buffer_veneer>
1000492c:	e7f2      	b.n	10004914 <hw_endpoint_xfer_start+0x3c>
1000492e:	46c0      	nop			@ (mov r8, r8)
10004930:	50112000 	.word	0x50112000
10004934:	10008754 	.word	0x10008754

10004938 <configuration_reset>:
10004938:	b570      	push	{r4, r5, r6, lr}
1000493a:	0005      	movs	r5, r0
1000493c:	2400      	movs	r4, #0
1000493e:	e008      	b.n	10004952 <configuration_reset+0x1a>
10004940:	1a9b      	subs	r3, r3, r2
10004942:	015b      	lsls	r3, r3, #5
10004944:	4a16      	ldr	r2, [pc, #88]	@ (100049a0 <configuration_reset+0x68>)
10004946:	189b      	adds	r3, r3, r2
10004948:	68db      	ldr	r3, [r3, #12]
1000494a:	0028      	movs	r0, r5
1000494c:	4798      	blx	r3
1000494e:	3401      	adds	r4, #1
10004950:	b2e4      	uxtb	r4, r4
10004952:	4b14      	ldr	r3, [pc, #80]	@ (100049a4 <configuration_reset+0x6c>)
10004954:	781a      	ldrb	r2, [r3, #0]
10004956:	0023      	movs	r3, r4
10004958:	1c51      	adds	r1, r2, #1
1000495a:	42a1      	cmp	r1, r4
1000495c:	db0d      	blt.n	1000497a <configuration_reset+0x42>
1000495e:	42a2      	cmp	r2, r4
10004960:	d9ee      	bls.n	10004940 <configuration_reset+0x8>
10004962:	4b11      	ldr	r3, [pc, #68]	@ (100049a8 <configuration_reset+0x70>)
10004964:	681b      	ldr	r3, [r3, #0]
10004966:	0162      	lsls	r2, r4, #5
10004968:	189b      	adds	r3, r3, r2
1000496a:	2b00      	cmp	r3, #0
1000496c:	d1ec      	bne.n	10004948 <configuration_reset+0x10>
1000496e:	490f      	ldr	r1, [pc, #60]	@ (100049ac <configuration_reset+0x74>)
10004970:	480f      	ldr	r0, [pc, #60]	@ (100049b0 <configuration_reset+0x78>)
10004972:	4a10      	ldr	r2, [pc, #64]	@ (100049b4 <configuration_reset+0x7c>)
10004974:	f7ff fa74 	bl	10003e60 <__wrap_printf>
10004978:	e010      	b.n	1000499c <configuration_reset+0x64>
1000497a:	4c0f      	ldr	r4, [pc, #60]	@ (100049b8 <configuration_reset+0x80>)
1000497c:	2254      	movs	r2, #84	@ 0x54
1000497e:	2100      	movs	r1, #0
10004980:	0020      	movs	r0, r4
10004982:	f7fd ff8f 	bl	100028a4 <__wrap_memset>
10004986:	1d20      	adds	r0, r4, #4
10004988:	2210      	movs	r2, #16
1000498a:	21ff      	movs	r1, #255	@ 0xff
1000498c:	f7fd ff8a 	bl	100028a4 <__wrap_memset>
10004990:	0020      	movs	r0, r4
10004992:	3014      	adds	r0, #20
10004994:	2220      	movs	r2, #32
10004996:	21ff      	movs	r1, #255	@ 0xff
10004998:	f7fd ff84 	bl	100028a4 <__wrap_memset>
1000499c:	bd70      	pop	{r4, r5, r6, pc}
1000499e:	46c0      	nop			@ (mov r8, r8)
100049a0:	10009328 	.word	0x10009328
100049a4:	20002738 	.word	0x20002738
100049a8:	200010b8 	.word	0x200010b8
100049ac:	100092f4 	.word	0x100092f4
100049b0:	1000878c 	.word	0x1000878c
100049b4:	00000225 	.word	0x00000225
100049b8:	20001268 	.word	0x20001268

100049bc <usbd_reset>:
100049bc:	b510      	push	{r4, lr}
100049be:	f7ff ffbb 	bl	10004938 <configuration_reset>
100049c2:	f000 fe65 	bl	10005690 <usbd_control_reset>
100049c6:	bd10      	pop	{r4, pc}

100049c8 <invoke_class_control>:
100049c8:	b570      	push	{r4, r5, r6, lr}
100049ca:	0005      	movs	r5, r0
100049cc:	000c      	movs	r4, r1
100049ce:	0016      	movs	r6, r2
100049d0:	6948      	ldr	r0, [r1, #20]
100049d2:	f000 fe67 	bl	100056a4 <usbd_control_set_complete_callback>
100049d6:	6963      	ldr	r3, [r4, #20]
100049d8:	0032      	movs	r2, r6
100049da:	2101      	movs	r1, #1
100049dc:	0028      	movs	r0, r5
100049de:	4798      	blx	r3
100049e0:	bd70      	pop	{r4, r5, r6, pc}
	...

100049e4 <process_set_config>:
100049e4:	b5f0      	push	{r4, r5, r6, r7, lr}
100049e6:	46de      	mov	lr, fp
100049e8:	4657      	mov	r7, sl
100049ea:	464e      	mov	r6, r9
100049ec:	4645      	mov	r5, r8
100049ee:	b5e0      	push	{r5, r6, r7, lr}
100049f0:	b083      	sub	sp, #12
100049f2:	4682      	mov	sl, r0
100049f4:	3901      	subs	r1, #1
100049f6:	b2c8      	uxtb	r0, r1
100049f8:	f7ff fd02 	bl	10004400 <tud_descriptor_configuration_cb>
100049fc:	2800      	cmp	r0, #0
100049fe:	d003      	beq.n	10004a08 <process_set_config+0x24>
10004a00:	7843      	ldrb	r3, [r0, #1]
10004a02:	4699      	mov	r9, r3
10004a04:	2b02      	cmp	r3, #2
10004a06:	d00c      	beq.n	10004a22 <process_set_config+0x3e>
10004a08:	4956      	ldr	r1, [pc, #344]	@ (10004b64 <process_set_config+0x180>)
10004a0a:	4857      	ldr	r0, [pc, #348]	@ (10004b68 <process_set_config+0x184>)
10004a0c:	4a57      	ldr	r2, [pc, #348]	@ (10004b6c <process_set_config+0x188>)
10004a0e:	f7ff fa27 	bl	10003e60 <__wrap_printf>
10004a12:	2000      	movs	r0, #0
10004a14:	b003      	add	sp, #12
10004a16:	bcf0      	pop	{r4, r5, r6, r7}
10004a18:	46bb      	mov	fp, r7
10004a1a:	46b2      	mov	sl, r6
10004a1c:	46a9      	mov	r9, r5
10004a1e:	46a0      	mov	r8, r4
10004a20:	bdf0      	pop	{r4, r5, r6, r7, pc}
10004a22:	79c5      	ldrb	r5, [r0, #7]
10004a24:	116c      	asrs	r4, r5, #5
10004a26:	2201      	movs	r2, #1
10004a28:	4b51      	ldr	r3, [pc, #324]	@ (10004b70 <process_set_config+0x18c>)
10004a2a:	4014      	ands	r4, r2
10004a2c:	0124      	lsls	r4, r4, #4
10004a2e:	7819      	ldrb	r1, [r3, #0]
10004a30:	2610      	movs	r6, #16
10004a32:	43b1      	bics	r1, r6
10004a34:	4321      	orrs	r1, r4
10004a36:	7019      	strb	r1, [r3, #0]
10004a38:	11ad      	asrs	r5, r5, #6
10004a3a:	402a      	ands	r2, r5
10004a3c:	0152      	lsls	r2, r2, #5
10004a3e:	b2c9      	uxtb	r1, r1
10004a40:	2420      	movs	r4, #32
10004a42:	43a1      	bics	r1, r4
10004a44:	430a      	orrs	r2, r1
10004a46:	701a      	strb	r2, [r3, #0]
10004a48:	0006      	movs	r6, r0
10004a4a:	3609      	adds	r6, #9
10004a4c:	7882      	ldrb	r2, [r0, #2]
10004a4e:	78c3      	ldrb	r3, [r0, #3]
10004a50:	021b      	lsls	r3, r3, #8
10004a52:	4313      	orrs	r3, r2
10004a54:	4683      	mov	fp, r0
10004a56:	449b      	add	fp, r3
10004a58:	464b      	mov	r3, r9
10004a5a:	9301      	str	r3, [sp, #4]
10004a5c:	0037      	movs	r7, r6
10004a5e:	e066      	b.n	10004b2e <process_set_config+0x14a>
10004a60:	78fb      	ldrb	r3, [r7, #3]
10004a62:	4699      	mov	r9, r3
10004a64:	783a      	ldrb	r2, [r7, #0]
10004a66:	18bf      	adds	r7, r7, r2
10004a68:	e068      	b.n	10004b3c <process_set_config+0x158>
10004a6a:	493e      	ldr	r1, [pc, #248]	@ (10004b64 <process_set_config+0x180>)
10004a6c:	483e      	ldr	r0, [pc, #248]	@ (10004b68 <process_set_config+0x184>)
10004a6e:	4a41      	ldr	r2, [pc, #260]	@ (10004b74 <process_set_config+0x190>)
10004a70:	f7ff f9f6 	bl	10003e60 <__wrap_printf>
10004a74:	2000      	movs	r0, #0
10004a76:	e7cd      	b.n	10004a14 <process_set_config+0x30>
10004a78:	9a00      	ldr	r2, [sp, #0]
10004a7a:	1ad3      	subs	r3, r2, r3
10004a7c:	015b      	lsls	r3, r3, #5
10004a7e:	4e3e      	ldr	r6, [pc, #248]	@ (10004b78 <process_set_config+0x194>)
10004a80:	199e      	adds	r6, r3, r6
10004a82:	6933      	ldr	r3, [r6, #16]
10004a84:	0022      	movs	r2, r4
10004a86:	0039      	movs	r1, r7
10004a88:	4650      	mov	r0, sl
10004a8a:	4798      	blx	r3
10004a8c:	2808      	cmp	r0, #8
10004a8e:	d901      	bls.n	10004a94 <process_set_config+0xb0>
10004a90:	4284      	cmp	r4, r0
10004a92:	d216      	bcs.n	10004ac2 <process_set_config+0xde>
10004a94:	3501      	adds	r5, #1
10004a96:	b2ed      	uxtb	r5, r5
10004a98:	4b38      	ldr	r3, [pc, #224]	@ (10004b7c <process_set_config+0x198>)
10004a9a:	781b      	ldrb	r3, [r3, #0]
10004a9c:	9500      	str	r5, [sp, #0]
10004a9e:	1c5a      	adds	r2, r3, #1
10004aa0:	42aa      	cmp	r2, r5
10004aa2:	db3e      	blt.n	10004b22 <process_set_config+0x13e>
10004aa4:	42ab      	cmp	r3, r5
10004aa6:	d9e7      	bls.n	10004a78 <process_set_config+0x94>
10004aa8:	4b35      	ldr	r3, [pc, #212]	@ (10004b80 <process_set_config+0x19c>)
10004aaa:	681b      	ldr	r3, [r3, #0]
10004aac:	016e      	lsls	r6, r5, #5
10004aae:	199e      	adds	r6, r3, r6
10004ab0:	2e00      	cmp	r6, #0
10004ab2:	d1e6      	bne.n	10004a82 <process_set_config+0x9e>
10004ab4:	492b      	ldr	r1, [pc, #172]	@ (10004b64 <process_set_config+0x180>)
10004ab6:	482c      	ldr	r0, [pc, #176]	@ (10004b68 <process_set_config+0x184>)
10004ab8:	4a32      	ldr	r2, [pc, #200]	@ (10004b84 <process_set_config+0x1a0>)
10004aba:	f7ff f9d1 	bl	10003e60 <__wrap_printf>
10004abe:	2000      	movs	r0, #0
10004ac0:	e7a8      	b.n	10004a14 <process_set_config+0x30>
10004ac2:	0034      	movs	r4, r6
10004ac4:	9e00      	ldr	r6, [sp, #0]
10004ac6:	9000      	str	r0, [sp, #0]
10004ac8:	464b      	mov	r3, r9
10004aca:	2b01      	cmp	r3, #1
10004acc:	d011      	beq.n	10004af2 <process_set_config+0x10e>
10004ace:	2000      	movs	r0, #0
10004ad0:	4649      	mov	r1, r9
10004ad2:	4281      	cmp	r1, r0
10004ad4:	d91b      	bls.n	10004b0e <process_set_config+0x12a>
10004ad6:	78bb      	ldrb	r3, [r7, #2]
10004ad8:	181b      	adds	r3, r3, r0
10004ada:	b2db      	uxtb	r3, r3
10004adc:	4a24      	ldr	r2, [pc, #144]	@ (10004b70 <process_set_config+0x18c>)
10004ade:	18d2      	adds	r2, r2, r3
10004ae0:	7912      	ldrb	r2, [r2, #4]
10004ae2:	2aff      	cmp	r2, #255	@ 0xff
10004ae4:	d10c      	bne.n	10004b00 <process_set_config+0x11c>
10004ae6:	4a22      	ldr	r2, [pc, #136]	@ (10004b70 <process_set_config+0x18c>)
10004ae8:	18d3      	adds	r3, r2, r3
10004aea:	711d      	strb	r5, [r3, #4]
10004aec:	3001      	adds	r0, #1
10004aee:	b2c0      	uxtb	r0, r0
10004af0:	e7ef      	b.n	10004ad2 <process_set_config+0xee>
10004af2:	6921      	ldr	r1, [r4, #16]
10004af4:	4a24      	ldr	r2, [pc, #144]	@ (10004b88 <process_set_config+0x1a4>)
10004af6:	4291      	cmp	r1, r2
10004af8:	d1e9      	bne.n	10004ace <process_set_config+0xea>
10004afa:	9b01      	ldr	r3, [sp, #4]
10004afc:	4699      	mov	r9, r3
10004afe:	e7e6      	b.n	10004ace <process_set_config+0xea>
10004b00:	4918      	ldr	r1, [pc, #96]	@ (10004b64 <process_set_config+0x180>)
10004b02:	4819      	ldr	r0, [pc, #100]	@ (10004b68 <process_set_config+0x184>)
10004b04:	4a21      	ldr	r2, [pc, #132]	@ (10004b8c <process_set_config+0x1a8>)
10004b06:	f7ff f9ab 	bl	10003e60 <__wrap_printf>
10004b0a:	2000      	movs	r0, #0
10004b0c:	e782      	b.n	10004a14 <process_set_config+0x30>
10004b0e:	4820      	ldr	r0, [pc, #128]	@ (10004b90 <process_set_config+0x1ac>)
10004b10:	002b      	movs	r3, r5
10004b12:	9c00      	ldr	r4, [sp, #0]
10004b14:	0022      	movs	r2, r4
10004b16:	0039      	movs	r1, r7
10004b18:	f001 fc6e 	bl	100063f8 <tu_edpt_bind_driver>
10004b1c:	46a4      	mov	ip, r4
10004b1e:	4467      	add	r7, ip
10004b20:	e000      	b.n	10004b24 <process_set_config+0x140>
10004b22:	002e      	movs	r6, r5
10004b24:	4b15      	ldr	r3, [pc, #84]	@ (10004b7c <process_set_config+0x198>)
10004b26:	781b      	ldrb	r3, [r3, #0]
10004b28:	3301      	adds	r3, #1
10004b2a:	429e      	cmp	r6, r3
10004b2c:	dc0f      	bgt.n	10004b4e <process_set_config+0x16a>
10004b2e:	455f      	cmp	r7, fp
10004b30:	d215      	bcs.n	10004b5e <process_set_config+0x17a>
10004b32:	787b      	ldrb	r3, [r7, #1]
10004b34:	2b0b      	cmp	r3, #11
10004b36:	d093      	beq.n	10004a60 <process_set_config+0x7c>
10004b38:	2301      	movs	r3, #1
10004b3a:	4699      	mov	r9, r3
10004b3c:	787a      	ldrb	r2, [r7, #1]
10004b3e:	2a04      	cmp	r2, #4
10004b40:	d193      	bne.n	10004a6a <process_set_config+0x86>
10004b42:	465b      	mov	r3, fp
10004b44:	1bda      	subs	r2, r3, r7
10004b46:	b293      	uxth	r3, r2
10004b48:	2500      	movs	r5, #0
10004b4a:	001c      	movs	r4, r3
10004b4c:	e7a4      	b.n	10004a98 <process_set_config+0xb4>
10004b4e:	2285      	movs	r2, #133	@ 0x85
10004b50:	4904      	ldr	r1, [pc, #16]	@ (10004b64 <process_set_config+0x180>)
10004b52:	4805      	ldr	r0, [pc, #20]	@ (10004b68 <process_set_config+0x184>)
10004b54:	00d2      	lsls	r2, r2, #3
10004b56:	f7ff f983 	bl	10003e60 <__wrap_printf>
10004b5a:	2000      	movs	r0, #0
10004b5c:	e75a      	b.n	10004a14 <process_set_config+0x30>
10004b5e:	2001      	movs	r0, #1
10004b60:	e758      	b.n	10004a14 <process_set_config+0x30>
10004b62:	46c0      	nop			@ (mov r8, r8)
10004b64:	100092c8 	.word	0x100092c8
10004b68:	1000878c 	.word	0x1000878c
10004b6c:	000003d6 	.word	0x000003d6
10004b70:	20001268 	.word	0x20001268
10004b74:	000003f1 	.word	0x000003f1
10004b78:	10009328 	.word	0x10009328
10004b7c:	20002738 	.word	0x20002738
10004b80:	200010b8 	.word	0x200010b8
10004b84:	000003fa 	.word	0x000003fa
10004b88:	10005b3d 	.word	0x10005b3d
10004b8c:	00000419 	.word	0x00000419
10004b90:	2000127c 	.word	0x2000127c

10004b94 <tud_event_hook_cb>:
10004b94:	4770      	bx	lr

10004b96 <tud_sof_cb>:
10004b96:	4770      	bx	lr

10004b98 <tud_descriptor_device_qualifier_cb>:
10004b98:	2000      	movs	r0, #0
10004b9a:	4770      	bx	lr

10004b9c <tud_descriptor_other_speed_configuration_cb>:
10004b9c:	2000      	movs	r0, #0
10004b9e:	4770      	bx	lr

10004ba0 <process_get_descriptor>:
10004ba0:	b570      	push	{r4, r5, r6, lr}
10004ba2:	0005      	movs	r5, r0
10004ba4:	000c      	movs	r4, r1
10004ba6:	78cb      	ldrb	r3, [r1, #3]
10004ba8:	7888      	ldrb	r0, [r1, #2]
10004baa:	2b0f      	cmp	r3, #15
10004bac:	d853      	bhi.n	10004c56 <process_get_descriptor+0xb6>
10004bae:	009a      	lsls	r2, r3, #2
10004bb0:	492e      	ldr	r1, [pc, #184]	@ (10004c6c <process_get_descriptor+0xcc>)
10004bb2:	588a      	ldr	r2, [r1, r2]
10004bb4:	4697      	mov	pc, r2
10004bb6:	f7ff fc1f 	bl	100043f8 <tud_descriptor_device_cb>
10004bba:	1e02      	subs	r2, r0, #0
10004bbc:	d005      	beq.n	10004bca <process_get_descriptor+0x2a>
10004bbe:	2312      	movs	r3, #18
10004bc0:	0021      	movs	r1, r4
10004bc2:	0028      	movs	r0, r5
10004bc4:	f000 fd18 	bl	100055f8 <tud_control_xfer>
10004bc8:	e046      	b.n	10004c58 <process_get_descriptor+0xb8>
10004bca:	4929      	ldr	r1, [pc, #164]	@ (10004c70 <process_get_descriptor+0xd0>)
10004bcc:	4829      	ldr	r0, [pc, #164]	@ (10004c74 <process_get_descriptor+0xd4>)
10004bce:	4a2a      	ldr	r2, [pc, #168]	@ (10004c78 <process_get_descriptor+0xd8>)
10004bd0:	f7ff f946 	bl	10003e60 <__wrap_printf>
10004bd4:	2000      	movs	r0, #0
10004bd6:	e03f      	b.n	10004c58 <process_get_descriptor+0xb8>
10004bd8:	f7ff f9a2 	bl	10003f20 <tud_descriptor_bos_cb>
10004bdc:	1e02      	subs	r2, r0, #0
10004bde:	d03c      	beq.n	10004c5a <process_get_descriptor+0xba>
10004be0:	7881      	ldrb	r1, [r0, #2]
10004be2:	78c3      	ldrb	r3, [r0, #3]
10004be4:	021b      	lsls	r3, r3, #8
10004be6:	430b      	orrs	r3, r1
10004be8:	0021      	movs	r1, r4
10004bea:	0028      	movs	r0, r5
10004bec:	f000 fd04 	bl	100055f8 <tud_control_xfer>
10004bf0:	e032      	b.n	10004c58 <process_get_descriptor+0xb8>
10004bf2:	2b02      	cmp	r3, #2
10004bf4:	d00c      	beq.n	10004c10 <process_get_descriptor+0x70>
10004bf6:	f7ff ffd1 	bl	10004b9c <tud_descriptor_other_speed_configuration_cb>
10004bfa:	1e02      	subs	r2, r0, #0
10004bfc:	d02f      	beq.n	10004c5e <process_get_descriptor+0xbe>
10004bfe:	7891      	ldrb	r1, [r2, #2]
10004c00:	78d3      	ldrb	r3, [r2, #3]
10004c02:	021b      	lsls	r3, r3, #8
10004c04:	430b      	orrs	r3, r1
10004c06:	0021      	movs	r1, r4
10004c08:	0028      	movs	r0, r5
10004c0a:	f000 fcf5 	bl	100055f8 <tud_control_xfer>
10004c0e:	e023      	b.n	10004c58 <process_get_descriptor+0xb8>
10004c10:	f7ff fbf6 	bl	10004400 <tud_descriptor_configuration_cb>
10004c14:	1e02      	subs	r2, r0, #0
10004c16:	d1f2      	bne.n	10004bfe <process_get_descriptor+0x5e>
10004c18:	4915      	ldr	r1, [pc, #84]	@ (10004c70 <process_get_descriptor+0xd0>)
10004c1a:	4816      	ldr	r0, [pc, #88]	@ (10004c74 <process_get_descriptor+0xd4>)
10004c1c:	4a17      	ldr	r2, [pc, #92]	@ (10004c7c <process_get_descriptor+0xdc>)
10004c1e:	f7ff f91f 	bl	10003e60 <__wrap_printf>
10004c22:	2000      	movs	r0, #0
10004c24:	e018      	b.n	10004c58 <process_get_descriptor+0xb8>
10004c26:	7923      	ldrb	r3, [r4, #4]
10004c28:	7961      	ldrb	r1, [r4, #5]
10004c2a:	0209      	lsls	r1, r1, #8
10004c2c:	4319      	orrs	r1, r3
10004c2e:	f7ff fbeb 	bl	10004408 <tud_descriptor_string_cb>
10004c32:	1e02      	subs	r2, r0, #0
10004c34:	d015      	beq.n	10004c62 <process_get_descriptor+0xc2>
10004c36:	7803      	ldrb	r3, [r0, #0]
10004c38:	0021      	movs	r1, r4
10004c3a:	0028      	movs	r0, r5
10004c3c:	f000 fcdc 	bl	100055f8 <tud_control_xfer>
10004c40:	e00a      	b.n	10004c58 <process_get_descriptor+0xb8>
10004c42:	f7ff ffa9 	bl	10004b98 <tud_descriptor_device_qualifier_cb>
10004c46:	1e02      	subs	r2, r0, #0
10004c48:	d00d      	beq.n	10004c66 <process_get_descriptor+0xc6>
10004c4a:	7803      	ldrb	r3, [r0, #0]
10004c4c:	0021      	movs	r1, r4
10004c4e:	0028      	movs	r0, r5
10004c50:	f000 fcd2 	bl	100055f8 <tud_control_xfer>
10004c54:	e000      	b.n	10004c58 <process_get_descriptor+0xb8>
10004c56:	2000      	movs	r0, #0
10004c58:	bd70      	pop	{r4, r5, r6, pc}
10004c5a:	2000      	movs	r0, #0
10004c5c:	e7fc      	b.n	10004c58 <process_get_descriptor+0xb8>
10004c5e:	2000      	movs	r0, #0
10004c60:	e7fa      	b.n	10004c58 <process_get_descriptor+0xb8>
10004c62:	2000      	movs	r0, #0
10004c64:	e7f8      	b.n	10004c58 <process_get_descriptor+0xb8>
10004c66:	2000      	movs	r0, #0
10004c68:	e7f6      	b.n	10004c58 <process_get_descriptor+0xb8>
10004c6a:	46c0      	nop			@ (mov r8, r8)
10004c6c:	100091c8 	.word	0x100091c8
10004c70:	100092b0 	.word	0x100092b0
10004c74:	1000878c 	.word	0x1000878c
10004c78:	0000043a 	.word	0x0000043a
10004c7c:	00000461 	.word	0x00000461

10004c80 <tud_mount_cb>:
10004c80:	4770      	bx	lr

10004c82 <tud_umount_cb>:
10004c82:	4770      	bx	lr

10004c84 <tud_suspend_cb>:
10004c84:	4770      	bx	lr

10004c86 <tud_resume_cb>:
10004c86:	4770      	bx	lr

10004c88 <tud_mounted>:
10004c88:	4b02      	ldr	r3, [pc, #8]	@ (10004c94 <tud_mounted+0xc>)
10004c8a:	7858      	ldrb	r0, [r3, #1]
10004c8c:	1e43      	subs	r3, r0, #1
10004c8e:	4198      	sbcs	r0, r3
10004c90:	b2c0      	uxtb	r0, r0
10004c92:	4770      	bx	lr
10004c94:	20001268 	.word	0x20001268

10004c98 <tud_suspended>:
10004c98:	4b02      	ldr	r3, [pc, #8]	@ (10004ca4 <tud_suspended+0xc>)
10004c9a:	7818      	ldrb	r0, [r3, #0]
10004c9c:	0740      	lsls	r0, r0, #29
10004c9e:	0fc0      	lsrs	r0, r0, #31
10004ca0:	4770      	bx	lr
10004ca2:	46c0      	nop			@ (mov r8, r8)
10004ca4:	20001268 	.word	0x20001268

10004ca8 <tud_inited>:
10004ca8:	4b03      	ldr	r3, [pc, #12]	@ (10004cb8 <tud_inited+0x10>)
10004caa:	7818      	ldrb	r0, [r3, #0]
10004cac:	38ff      	subs	r0, #255	@ 0xff
10004cae:	1e43      	subs	r3, r0, #1
10004cb0:	4198      	sbcs	r0, r3
10004cb2:	b2c0      	uxtb	r0, r0
10004cb4:	4770      	bx	lr
10004cb6:	46c0      	nop			@ (mov r8, r8)
10004cb8:	20000eb4 	.word	0x20000eb4

10004cbc <tud_rhport_init>:
10004cbc:	b5f8      	push	{r3, r4, r5, r6, r7, lr}
10004cbe:	0005      	movs	r5, r0
10004cc0:	000f      	movs	r7, r1
10004cc2:	f7ff fff1 	bl	10004ca8 <tud_inited>
10004cc6:	1e06      	subs	r6, r0, #0
10004cc8:	d148      	bne.n	10004d5c <tud_rhport_init+0xa0>
10004cca:	2f00      	cmp	r7, #0
10004ccc:	d021      	beq.n	10004d12 <tud_rhport_init+0x56>
10004cce:	482e      	ldr	r0, [pc, #184]	@ (10004d88 <tud_rhport_init+0xcc>)
10004cd0:	2254      	movs	r2, #84	@ 0x54
10004cd2:	2100      	movs	r1, #0
10004cd4:	f7fd fde6 	bl	100028a4 <__wrap_memset>
10004cd8:	4b2c      	ldr	r3, [pc, #176]	@ (10004d8c <tud_rhport_init+0xd0>)
10004cda:	2200      	movs	r2, #0
10004cdc:	701a      	strb	r2, [r3, #0]
10004cde:	4c2c      	ldr	r4, [pc, #176]	@ (10004d90 <tud_rhport_init+0xd4>)
10004ce0:	0020      	movs	r0, r4
10004ce2:	f7fc f979 	bl	10000fd8 <mutex_init>
10004ce6:	4b2b      	ldr	r3, [pc, #172]	@ (10004d94 <tud_rhport_init+0xd8>)
10004ce8:	601c      	str	r4, [r3, #0]
10004cea:	4c2b      	ldr	r4, [pc, #172]	@ (10004d98 <tud_rhport_init+0xdc>)
10004cec:	0020      	movs	r0, r4
10004cee:	f7fc f9bf 	bl	10001070 <critical_section_init>
10004cf2:	3c14      	subs	r4, #20
10004cf4:	0020      	movs	r0, r4
10004cf6:	f001 ff19 	bl	10006b2c <tu_fifo_clear>
10004cfa:	4b28      	ldr	r3, [pc, #160]	@ (10004d9c <tud_rhport_init+0xe0>)
10004cfc:	601c      	str	r4, [r3, #0]
10004cfe:	4b28      	ldr	r3, [pc, #160]	@ (10004da0 <tud_rhport_init+0xe4>)
10004d00:	2b00      	cmp	r3, #0
10004d02:	d004      	beq.n	10004d0e <tud_rhport_init+0x52>
10004d04:	4827      	ldr	r0, [pc, #156]	@ (10004da4 <tud_rhport_init+0xe8>)
10004d06:	f7ff f92b 	bl	10003f60 <usbd_app_driver_get_cb>
10004d0a:	4b27      	ldr	r3, [pc, #156]	@ (10004da8 <tud_rhport_init+0xec>)
10004d0c:	6018      	str	r0, [r3, #0]
10004d0e:	2400      	movs	r4, #0
10004d10:	e010      	b.n	10004d34 <tud_rhport_init+0x78>
10004d12:	22e9      	movs	r2, #233	@ 0xe9
10004d14:	4925      	ldr	r1, [pc, #148]	@ (10004dac <tud_rhport_init+0xf0>)
10004d16:	4826      	ldr	r0, [pc, #152]	@ (10004db0 <tud_rhport_init+0xf4>)
10004d18:	0052      	lsls	r2, r2, #1
10004d1a:	f7ff f8a1 	bl	10003e60 <__wrap_printf>
10004d1e:	e01d      	b.n	10004d5c <tud_rhport_init+0xa0>
10004d20:	1a9b      	subs	r3, r3, r2
10004d22:	015b      	lsls	r3, r3, #5
10004d24:	4a23      	ldr	r2, [pc, #140]	@ (10004db4 <tud_rhport_init+0xf8>)
10004d26:	189b      	adds	r3, r3, r2
10004d28:	685b      	ldr	r3, [r3, #4]
10004d2a:	2b00      	cmp	r3, #0
10004d2c:	d010      	beq.n	10004d50 <tud_rhport_init+0x94>
10004d2e:	4798      	blx	r3
10004d30:	3401      	adds	r4, #1
10004d32:	b2e4      	uxtb	r4, r4
10004d34:	4b1b      	ldr	r3, [pc, #108]	@ (10004da4 <tud_rhport_init+0xe8>)
10004d36:	781a      	ldrb	r2, [r3, #0]
10004d38:	0023      	movs	r3, r4
10004d3a:	1c51      	adds	r1, r2, #1
10004d3c:	42a1      	cmp	r1, r4
10004d3e:	db0f      	blt.n	10004d60 <tud_rhport_init+0xa4>
10004d40:	42a2      	cmp	r2, r4
10004d42:	d9ed      	bls.n	10004d20 <tud_rhport_init+0x64>
10004d44:	4b18      	ldr	r3, [pc, #96]	@ (10004da8 <tud_rhport_init+0xec>)
10004d46:	681b      	ldr	r3, [r3, #0]
10004d48:	0162      	lsls	r2, r4, #5
10004d4a:	189b      	adds	r3, r3, r2
10004d4c:	2b00      	cmp	r3, #0
10004d4e:	d1eb      	bne.n	10004d28 <tud_rhport_init+0x6c>
10004d50:	22f8      	movs	r2, #248	@ 0xf8
10004d52:	4916      	ldr	r1, [pc, #88]	@ (10004dac <tud_rhport_init+0xf0>)
10004d54:	4816      	ldr	r0, [pc, #88]	@ (10004db0 <tud_rhport_init+0xf4>)
10004d56:	0052      	lsls	r2, r2, #1
10004d58:	f7ff f882 	bl	10003e60 <__wrap_printf>
10004d5c:	0030      	movs	r0, r6
10004d5e:	bdf8      	pop	{r3, r4, r5, r6, r7, pc}
10004d60:	4b15      	ldr	r3, [pc, #84]	@ (10004db8 <tud_rhport_init+0xfc>)
10004d62:	701d      	strb	r5, [r3, #0]
10004d64:	0039      	movs	r1, r7
10004d66:	0028      	movs	r0, r5
10004d68:	f7ff fcc8 	bl	100046fc <dcd_init>
10004d6c:	1e06      	subs	r6, r0, #0
10004d6e:	d003      	beq.n	10004d78 <tud_rhport_init+0xbc>
10004d70:	0028      	movs	r0, r5
10004d72:	f7ff fc8f 	bl	10004694 <dcd_int_enable>
10004d76:	e7f1      	b.n	10004d5c <tud_rhport_init+0xa0>
10004d78:	22fc      	movs	r2, #252	@ 0xfc
10004d7a:	490c      	ldr	r1, [pc, #48]	@ (10004dac <tud_rhport_init+0xf0>)
10004d7c:	480c      	ldr	r0, [pc, #48]	@ (10004db0 <tud_rhport_init+0xf4>)
10004d7e:	0052      	lsls	r2, r2, #1
10004d80:	f7ff f86e 	bl	10003e60 <__wrap_printf>
10004d84:	e7ea      	b.n	10004d5c <tud_rhport_init+0xa0>
10004d86:	46c0      	nop			@ (mov r8, r8)
10004d88:	20001268 	.word	0x20001268
10004d8c:	2000273a 	.word	0x2000273a
10004d90:	20001260 	.word	0x20001260
10004d94:	200012bc 	.word	0x200012bc
10004d98:	20000eac 	.word	0x20000eac
10004d9c:	200012c0 	.word	0x200012c0
10004da0:	10003f61 	.word	0x10003f61
10004da4:	20002738 	.word	0x20002738
10004da8:	200010b8 	.word	0x200010b8
10004dac:	10009318 	.word	0x10009318
10004db0:	1000878c 	.word	0x1000878c
10004db4:	10009328 	.word	0x10009328
10004db8:	20000eb4 	.word	0x20000eb4

10004dbc <usbd_edpt_open>:
10004dbc:	b570      	push	{r4, r5, r6, lr}
10004dbe:	000d      	movs	r5, r1
10004dc0:	4b10      	ldr	r3, [pc, #64]	@ (10004e04 <usbd_edpt_open+0x48>)
10004dc2:	781e      	ldrb	r6, [r3, #0]
10004dc4:	788b      	ldrb	r3, [r1, #2]
10004dc6:	2270      	movs	r2, #112	@ 0x70
10004dc8:	421a      	tst	r2, r3
10004dca:	d10d      	bne.n	10004de8 <usbd_edpt_open+0x2c>
10004dcc:	4b0e      	ldr	r3, [pc, #56]	@ (10004e08 <usbd_edpt_open+0x4c>)
10004dce:	7899      	ldrb	r1, [r3, #2]
10004dd0:	0028      	movs	r0, r5
10004dd2:	f001 fabb 	bl	1000634c <tu_edpt_validate>
10004dd6:	1e04      	subs	r4, r0, #0
10004dd8:	d00d      	beq.n	10004df6 <usbd_edpt_open+0x3a>
10004dda:	0029      	movs	r1, r5
10004ddc:	0030      	movs	r0, r6
10004dde:	f7ff fce9 	bl	100047b4 <dcd_edpt_open>
10004de2:	0004      	movs	r4, r0
10004de4:	0020      	movs	r0, r4
10004de6:	bd70      	pop	{r4, r5, r6, pc}
10004de8:	4908      	ldr	r1, [pc, #32]	@ (10004e0c <usbd_edpt_open+0x50>)
10004dea:	4809      	ldr	r0, [pc, #36]	@ (10004e10 <usbd_edpt_open+0x54>)
10004dec:	4a09      	ldr	r2, [pc, #36]	@ (10004e14 <usbd_edpt_open+0x58>)
10004dee:	f7ff f837 	bl	10003e60 <__wrap_printf>
10004df2:	2400      	movs	r4, #0
10004df4:	e7f6      	b.n	10004de4 <usbd_edpt_open+0x28>
10004df6:	4905      	ldr	r1, [pc, #20]	@ (10004e0c <usbd_edpt_open+0x50>)
10004df8:	4805      	ldr	r0, [pc, #20]	@ (10004e10 <usbd_edpt_open+0x54>)
10004dfa:	4a07      	ldr	r2, [pc, #28]	@ (10004e18 <usbd_edpt_open+0x5c>)
10004dfc:	f7ff f830 	bl	10003e60 <__wrap_printf>
10004e00:	e7f0      	b.n	10004de4 <usbd_edpt_open+0x28>
10004e02:	46c0      	nop			@ (mov r8, r8)
10004e04:	20000eb4 	.word	0x20000eb4
10004e08:	20001268 	.word	0x20001268
10004e0c:	10009280 	.word	0x10009280
10004e10:	1000878c 	.word	0x1000878c
10004e14:	0000050b 	.word	0x0000050b
10004e18:	0000050c 	.word	0x0000050c

10004e1c <usbd_open_edpt_pair>:
10004e1c:	b5f0      	push	{r4, r5, r6, r7, lr}
10004e1e:	46d6      	mov	lr, sl
10004e20:	464f      	mov	r7, r9
10004e22:	4646      	mov	r6, r8
10004e24:	b5c0      	push	{r6, r7, lr}
10004e26:	4681      	mov	r9, r0
10004e28:	000c      	movs	r4, r1
10004e2a:	0017      	movs	r7, r2
10004e2c:	4698      	mov	r8, r3
10004e2e:	9b08      	ldr	r3, [sp, #32]
10004e30:	469a      	mov	sl, r3
10004e32:	2500      	movs	r5, #0
10004e34:	e017      	b.n	10004e66 <usbd_open_edpt_pair+0x4a>
10004e36:	4918      	ldr	r1, [pc, #96]	@ (10004e98 <usbd_open_edpt_pair+0x7c>)
10004e38:	4818      	ldr	r0, [pc, #96]	@ (10004e9c <usbd_open_edpt_pair+0x80>)
10004e3a:	4a19      	ldr	r2, [pc, #100]	@ (10004ea0 <usbd_open_edpt_pair+0x84>)
10004e3c:	f7ff f810 	bl	10003e60 <__wrap_printf>
10004e40:	2600      	movs	r6, #0
10004e42:	0030      	movs	r0, r6
10004e44:	bce0      	pop	{r5, r6, r7}
10004e46:	46ba      	mov	sl, r7
10004e48:	46b1      	mov	r9, r6
10004e4a:	46a8      	mov	r8, r5
10004e4c:	bdf0      	pop	{r4, r5, r6, r7, pc}
10004e4e:	229d      	movs	r2, #157	@ 0x9d
10004e50:	4911      	ldr	r1, [pc, #68]	@ (10004e98 <usbd_open_edpt_pair+0x7c>)
10004e52:	4812      	ldr	r0, [pc, #72]	@ (10004e9c <usbd_open_edpt_pair+0x80>)
10004e54:	00d2      	lsls	r2, r2, #3
10004e56:	f7ff f803 	bl	10003e60 <__wrap_printf>
10004e5a:	e7f2      	b.n	10004e42 <usbd_open_edpt_pair+0x26>
10004e5c:	9a09      	ldr	r2, [sp, #36]	@ 0x24
10004e5e:	7013      	strb	r3, [r2, #0]
10004e60:	7823      	ldrb	r3, [r4, #0]
10004e62:	18e4      	adds	r4, r4, r3
10004e64:	3501      	adds	r5, #1
10004e66:	42af      	cmp	r7, r5
10004e68:	dd14      	ble.n	10004e94 <usbd_open_edpt_pair+0x78>
10004e6a:	7863      	ldrb	r3, [r4, #1]
10004e6c:	2b05      	cmp	r3, #5
10004e6e:	d1e2      	bne.n	10004e36 <usbd_open_edpt_pair+0x1a>
10004e70:	78e1      	ldrb	r1, [r4, #3]
10004e72:	0789      	lsls	r1, r1, #30
10004e74:	0f89      	lsrs	r1, r1, #30
10004e76:	4541      	cmp	r1, r8
10004e78:	d1dd      	bne.n	10004e36 <usbd_open_edpt_pair+0x1a>
10004e7a:	0021      	movs	r1, r4
10004e7c:	4648      	mov	r0, r9
10004e7e:	f7ff ff9d 	bl	10004dbc <usbd_edpt_open>
10004e82:	1e06      	subs	r6, r0, #0
10004e84:	d0e3      	beq.n	10004e4e <usbd_open_edpt_pair+0x32>
10004e86:	78a3      	ldrb	r3, [r4, #2]
10004e88:	09da      	lsrs	r2, r3, #7
10004e8a:	2a01      	cmp	r2, #1
10004e8c:	d0e6      	beq.n	10004e5c <usbd_open_edpt_pair+0x40>
10004e8e:	4652      	mov	r2, sl
10004e90:	7013      	strb	r3, [r2, #0]
10004e92:	e7e5      	b.n	10004e60 <usbd_open_edpt_pair+0x44>
10004e94:	2601      	movs	r6, #1
10004e96:	e7d4      	b.n	10004e42 <usbd_open_edpt_pair+0x26>
10004e98:	10009290 	.word	0x10009290
10004e9c:	1000878c 	.word	0x1000878c
10004ea0:	000004e7 	.word	0x000004e7

10004ea4 <usbd_edpt_claim>:
10004ea4:	b510      	push	{r4, lr}
10004ea6:	207f      	movs	r0, #127	@ 0x7f
10004ea8:	4008      	ands	r0, r1
10004eaa:	09c9      	lsrs	r1, r1, #7
10004eac:	0040      	lsls	r0, r0, #1
10004eae:	1840      	adds	r0, r0, r1
10004eb0:	3030      	adds	r0, #48	@ 0x30
10004eb2:	4b04      	ldr	r3, [pc, #16]	@ (10004ec4 <usbd_edpt_claim+0x20>)
10004eb4:	18c0      	adds	r0, r0, r3
10004eb6:	3004      	adds	r0, #4
10004eb8:	4b03      	ldr	r3, [pc, #12]	@ (10004ec8 <usbd_edpt_claim+0x24>)
10004eba:	6819      	ldr	r1, [r3, #0]
10004ebc:	f001 fa02 	bl	100062c4 <tu_edpt_claim>
10004ec0:	bd10      	pop	{r4, pc}
10004ec2:	46c0      	nop			@ (mov r8, r8)
10004ec4:	20001268 	.word	0x20001268
10004ec8:	200012bc 	.word	0x200012bc

10004ecc <usbd_edpt_release>:
10004ecc:	b510      	push	{r4, lr}
10004ece:	207f      	movs	r0, #127	@ 0x7f
10004ed0:	4008      	ands	r0, r1
10004ed2:	09c9      	lsrs	r1, r1, #7
10004ed4:	0040      	lsls	r0, r0, #1
10004ed6:	1840      	adds	r0, r0, r1
10004ed8:	3030      	adds	r0, #48	@ 0x30
10004eda:	4b04      	ldr	r3, [pc, #16]	@ (10004eec <usbd_edpt_release+0x20>)
10004edc:	18c0      	adds	r0, r0, r3
10004ede:	3004      	adds	r0, #4
10004ee0:	4b03      	ldr	r3, [pc, #12]	@ (10004ef0 <usbd_edpt_release+0x24>)
10004ee2:	6819      	ldr	r1, [r3, #0]
10004ee4:	f001 fa16 	bl	10006314 <tu_edpt_release>
10004ee8:	bd10      	pop	{r4, pc}
10004eea:	46c0      	nop			@ (mov r8, r8)
10004eec:	20001268 	.word	0x20001268
10004ef0:	200012bc 	.word	0x200012bc

10004ef4 <usbd_edpt_xfer>:
10004ef4:	b5f0      	push	{r4, r5, r6, r7, lr}
10004ef6:	46c6      	mov	lr, r8
10004ef8:	b500      	push	{lr}
10004efa:	b082      	sub	sp, #8
10004efc:	9301      	str	r3, [sp, #4]
10004efe:	481a      	ldr	r0, [pc, #104]	@ (10004f68 <usbd_edpt_xfer+0x74>)
10004f00:	7800      	ldrb	r0, [r0, #0]
10004f02:	257f      	movs	r5, #127	@ 0x7f
10004f04:	400d      	ands	r5, r1
10004f06:	09ce      	lsrs	r6, r1, #7
10004f08:	4c18      	ldr	r4, [pc, #96]	@ (10004f6c <usbd_edpt_xfer+0x78>)
10004f0a:	006f      	lsls	r7, r5, #1
10004f0c:	19e4      	adds	r4, r4, r7
10004f0e:	19a4      	adds	r4, r4, r6
10004f10:	3430      	adds	r4, #48	@ 0x30
10004f12:	7924      	ldrb	r4, [r4, #4]
10004f14:	07e4      	lsls	r4, r4, #31
10004f16:	d41d      	bmi.n	10004f54 <usbd_edpt_xfer+0x60>
10004f18:	4c14      	ldr	r4, [pc, #80]	@ (10004f6c <usbd_edpt_xfer+0x78>)
10004f1a:	006f      	lsls	r7, r5, #1
10004f1c:	19e4      	adds	r4, r4, r7
10004f1e:	19a4      	adds	r4, r4, r6
10004f20:	3430      	adds	r4, #48	@ 0x30
10004f22:	7923      	ldrb	r3, [r4, #4]
10004f24:	2701      	movs	r7, #1
10004f26:	46bc      	mov	ip, r7
10004f28:	4667      	mov	r7, ip
10004f2a:	433b      	orrs	r3, r7
10004f2c:	7123      	strb	r3, [r4, #4]
10004f2e:	9b01      	ldr	r3, [sp, #4]
10004f30:	f7ff fc58 	bl	100047e4 <dcd_edpt_xfer>
10004f34:	2800      	cmp	r0, #0
10004f36:	d113      	bne.n	10004f60 <usbd_edpt_xfer+0x6c>
10004f38:	4b0c      	ldr	r3, [pc, #48]	@ (10004f6c <usbd_edpt_xfer+0x78>)
10004f3a:	006d      	lsls	r5, r5, #1
10004f3c:	195b      	adds	r3, r3, r5
10004f3e:	199b      	adds	r3, r3, r6
10004f40:	3330      	adds	r3, #48	@ 0x30
10004f42:	791a      	ldrb	r2, [r3, #4]
10004f44:	2101      	movs	r1, #1
10004f46:	438a      	bics	r2, r1
10004f48:	711a      	strb	r2, [r3, #4]
10004f4a:	791a      	ldrb	r2, [r3, #4]
10004f4c:	3103      	adds	r1, #3
10004f4e:	438a      	bics	r2, r1
10004f50:	711a      	strb	r2, [r3, #4]
10004f52:	e005      	b.n	10004f60 <usbd_edpt_xfer+0x6c>
10004f54:	4906      	ldr	r1, [pc, #24]	@ (10004f70 <usbd_edpt_xfer+0x7c>)
10004f56:	4807      	ldr	r0, [pc, #28]	@ (10004f74 <usbd_edpt_xfer+0x80>)
10004f58:	4a07      	ldr	r2, [pc, #28]	@ (10004f78 <usbd_edpt_xfer+0x84>)
10004f5a:	f7fe ff81 	bl	10003e60 <__wrap_printf>
10004f5e:	2000      	movs	r0, #0
10004f60:	b002      	add	sp, #8
10004f62:	bc80      	pop	{r7}
10004f64:	46b8      	mov	r8, r7
10004f66:	bdf0      	pop	{r4, r5, r6, r7, pc}
10004f68:	20000eb4 	.word	0x20000eb4
10004f6c:	20001268 	.word	0x20001268
10004f70:	10009270 	.word	0x10009270
10004f74:	1000878c 	.word	0x1000878c
10004f78:	00000539 	.word	0x00000539

10004f7c <usbd_edpt_stall>:
10004f7c:	b570      	push	{r4, r5, r6, lr}
10004f7e:	4b0a      	ldr	r3, [pc, #40]	@ (10004fa8 <usbd_edpt_stall+0x2c>)
10004f80:	7818      	ldrb	r0, [r3, #0]
10004f82:	247f      	movs	r4, #127	@ 0x7f
10004f84:	400c      	ands	r4, r1
10004f86:	09cd      	lsrs	r5, r1, #7
10004f88:	f7ff fc44 	bl	10004814 <dcd_edpt_stall>
10004f8c:	4a07      	ldr	r2, [pc, #28]	@ (10004fac <usbd_edpt_stall+0x30>)
10004f8e:	0064      	lsls	r4, r4, #1
10004f90:	1913      	adds	r3, r2, r4
10004f92:	195b      	adds	r3, r3, r5
10004f94:	3330      	adds	r3, #48	@ 0x30
10004f96:	791a      	ldrb	r2, [r3, #4]
10004f98:	2102      	movs	r1, #2
10004f9a:	430a      	orrs	r2, r1
10004f9c:	711a      	strb	r2, [r3, #4]
10004f9e:	791a      	ldrb	r2, [r3, #4]
10004fa0:	2101      	movs	r1, #1
10004fa2:	430a      	orrs	r2, r1
10004fa4:	711a      	strb	r2, [r3, #4]
10004fa6:	bd70      	pop	{r4, r5, r6, pc}
10004fa8:	20000eb4 	.word	0x20000eb4
10004fac:	20001268 	.word	0x20001268

10004fb0 <usbd_edpt_clear_stall>:
10004fb0:	b570      	push	{r4, r5, r6, lr}
10004fb2:	4b0a      	ldr	r3, [pc, #40]	@ (10004fdc <usbd_edpt_clear_stall+0x2c>)
10004fb4:	7818      	ldrb	r0, [r3, #0]
10004fb6:	247f      	movs	r4, #127	@ 0x7f
10004fb8:	400c      	ands	r4, r1
10004fba:	09cd      	lsrs	r5, r1, #7
10004fbc:	f7ff fc48 	bl	10004850 <dcd_edpt_clear_stall>
10004fc0:	4a07      	ldr	r2, [pc, #28]	@ (10004fe0 <usbd_edpt_clear_stall+0x30>)
10004fc2:	0064      	lsls	r4, r4, #1
10004fc4:	1913      	adds	r3, r2, r4
10004fc6:	195b      	adds	r3, r3, r5
10004fc8:	3330      	adds	r3, #48	@ 0x30
10004fca:	791a      	ldrb	r2, [r3, #4]
10004fcc:	2102      	movs	r1, #2
10004fce:	438a      	bics	r2, r1
10004fd0:	711a      	strb	r2, [r3, #4]
10004fd2:	791a      	ldrb	r2, [r3, #4]
10004fd4:	3901      	subs	r1, #1
10004fd6:	438a      	bics	r2, r1
10004fd8:	711a      	strb	r2, [r3, #4]
10004fda:	bd70      	pop	{r4, r5, r6, pc}
10004fdc:	20000eb4 	.word	0x20000eb4
10004fe0:	20001268 	.word	0x20001268

10004fe4 <usbd_edpt_stalled>:
10004fe4:	227f      	movs	r2, #127	@ 0x7f
10004fe6:	400a      	ands	r2, r1
10004fe8:	09c9      	lsrs	r1, r1, #7
10004fea:	4b04      	ldr	r3, [pc, #16]	@ (10004ffc <usbd_edpt_stalled+0x18>)
10004fec:	0052      	lsls	r2, r2, #1
10004fee:	189b      	adds	r3, r3, r2
10004ff0:	185b      	adds	r3, r3, r1
10004ff2:	3330      	adds	r3, #48	@ 0x30
10004ff4:	7918      	ldrb	r0, [r3, #4]
10004ff6:	0780      	lsls	r0, r0, #30
10004ff8:	0fc0      	lsrs	r0, r0, #31
10004ffa:	4770      	bx	lr
10004ffc:	20001268 	.word	0x20001268

10005000 <process_control_request>:
10005000:	b5f0      	push	{r4, r5, r6, r7, lr}
10005002:	b085      	sub	sp, #20
10005004:	0005      	movs	r5, r0
10005006:	000c      	movs	r4, r1
10005008:	2000      	movs	r0, #0
1000500a:	f000 fb4b 	bl	100056a4 <usbd_control_set_complete_callback>
1000500e:	7823      	ldrb	r3, [r4, #0]
10005010:	2260      	movs	r2, #96	@ 0x60
10005012:	401a      	ands	r2, r3
10005014:	2a60      	cmp	r2, #96	@ 0x60
10005016:	d01a      	beq.n	1000504e <process_control_request+0x4e>
10005018:	2a40      	cmp	r2, #64	@ 0x40
1000501a:	d020      	beq.n	1000505e <process_control_request+0x5e>
1000501c:	7823      	ldrb	r3, [r4, #0]
1000501e:	06db      	lsls	r3, r3, #27
10005020:	0edb      	lsrs	r3, r3, #27
10005022:	2b01      	cmp	r3, #1
10005024:	d100      	bne.n	10005028 <process_control_request+0x28>
10005026:	e0d6      	b.n	100051d6 <process_control_request+0x1d6>
10005028:	2b02      	cmp	r3, #2
1000502a:	d100      	bne.n	1000502e <process_control_request+0x2e>
1000502c:	e116      	b.n	1000525c <process_control_request+0x25c>
1000502e:	2b00      	cmp	r3, #0
10005030:	d000      	beq.n	10005034 <process_control_request+0x34>
10005032:	e17c      	b.n	1000532e <process_control_request+0x32e>
10005034:	2a20      	cmp	r2, #32
10005036:	d01c      	beq.n	10005072 <process_control_request+0x72>
10005038:	2a00      	cmp	r2, #0
1000503a:	d000      	beq.n	1000503e <process_control_request+0x3e>
1000503c:	e17f      	b.n	1000533e <process_control_request+0x33e>
1000503e:	7863      	ldrb	r3, [r4, #1]
10005040:	2b09      	cmp	r3, #9
10005042:	d900      	bls.n	10005046 <process_control_request+0x46>
10005044:	e17d      	b.n	10005342 <process_control_request+0x342>
10005046:	009b      	lsls	r3, r3, #2
10005048:	4ac5      	ldr	r2, [pc, #788]	@ (10005360 <process_control_request+0x360>)
1000504a:	58d3      	ldr	r3, [r2, r3]
1000504c:	469f      	mov	pc, r3
1000504e:	3255      	adds	r2, #85	@ 0x55
10005050:	49c4      	ldr	r1, [pc, #784]	@ (10005364 <process_control_request+0x364>)
10005052:	48c5      	ldr	r0, [pc, #788]	@ (10005368 <process_control_request+0x368>)
10005054:	0092      	lsls	r2, r2, #2
10005056:	f7fe ff03 	bl	10003e60 <__wrap_printf>
1000505a:	2600      	movs	r6, #0
1000505c:	e168      	b.n	10005330 <process_control_request+0x330>
1000505e:	48c3      	ldr	r0, [pc, #780]	@ (1000536c <process_control_request+0x36c>)
10005060:	f000 fb20 	bl	100056a4 <usbd_control_set_complete_callback>
10005064:	0022      	movs	r2, r4
10005066:	2101      	movs	r1, #1
10005068:	0028      	movs	r0, r5
1000506a:	f7fe ff5d 	bl	10003f28 <tud_vendor_control_xfer_cb>
1000506e:	0006      	movs	r6, r0
10005070:	e15e      	b.n	10005330 <process_control_request+0x330>
10005072:	7923      	ldrb	r3, [r4, #4]
10005074:	2b0f      	cmp	r3, #15
10005076:	d900      	bls.n	1000507a <process_control_request+0x7a>
10005078:	e15d      	b.n	10005336 <process_control_request+0x336>
1000507a:	4abd      	ldr	r2, [pc, #756]	@ (10005370 <process_control_request+0x370>)
1000507c:	18d3      	adds	r3, r2, r3
1000507e:	791b      	ldrb	r3, [r3, #4]
10005080:	4abc      	ldr	r2, [pc, #752]	@ (10005374 <process_control_request+0x374>)
10005082:	7812      	ldrb	r2, [r2, #0]
10005084:	4293      	cmp	r3, r2
10005086:	d207      	bcs.n	10005098 <process_control_request+0x98>
10005088:	4abb      	ldr	r2, [pc, #748]	@ (10005378 <process_control_request+0x378>)
1000508a:	6811      	ldr	r1, [r2, #0]
1000508c:	015b      	lsls	r3, r3, #5
1000508e:	18c9      	adds	r1, r1, r3
10005090:	2900      	cmp	r1, #0
10005092:	d109      	bne.n	100050a8 <process_control_request+0xa8>
10005094:	2600      	movs	r6, #0
10005096:	e14b      	b.n	10005330 <process_control_request+0x330>
10005098:	1c51      	adds	r1, r2, #1
1000509a:	4299      	cmp	r1, r3
1000509c:	da00      	bge.n	100050a0 <process_control_request+0xa0>
1000509e:	e14c      	b.n	1000533a <process_control_request+0x33a>
100050a0:	1a9b      	subs	r3, r3, r2
100050a2:	015b      	lsls	r3, r3, #5
100050a4:	49b5      	ldr	r1, [pc, #724]	@ (1000537c <process_control_request+0x37c>)
100050a6:	1859      	adds	r1, r3, r1
100050a8:	0022      	movs	r2, r4
100050aa:	0028      	movs	r0, r5
100050ac:	f7ff fc8c 	bl	100049c8 <invoke_class_control>
100050b0:	0006      	movs	r6, r0
100050b2:	e13d      	b.n	10005330 <process_control_request+0x330>
100050b4:	0020      	movs	r0, r4
100050b6:	f000 fafb 	bl	100056b0 <usbd_control_set_request>
100050ba:	78a1      	ldrb	r1, [r4, #2]
100050bc:	0028      	movs	r0, r5
100050be:	f7ff faff 	bl	100046c0 <dcd_set_address>
100050c2:	4aab      	ldr	r2, [pc, #684]	@ (10005370 <process_control_request+0x370>)
100050c4:	7813      	ldrb	r3, [r2, #0]
100050c6:	2102      	movs	r1, #2
100050c8:	430b      	orrs	r3, r1
100050ca:	7013      	strb	r3, [r2, #0]
100050cc:	2601      	movs	r6, #1
100050ce:	e12f      	b.n	10005330 <process_control_request+0x330>
100050d0:	4ba7      	ldr	r3, [pc, #668]	@ (10005370 <process_control_request+0x370>)
100050d2:	785b      	ldrb	r3, [r3, #1]
100050d4:	aa02      	add	r2, sp, #8
100050d6:	3206      	adds	r2, #6
100050d8:	7013      	strb	r3, [r2, #0]
100050da:	2301      	movs	r3, #1
100050dc:	0021      	movs	r1, r4
100050de:	0028      	movs	r0, r5
100050e0:	f000 fa8a 	bl	100055f8 <tud_control_xfer>
100050e4:	2601      	movs	r6, #1
100050e6:	e123      	b.n	10005330 <process_control_request+0x330>
100050e8:	78a6      	ldrb	r6, [r4, #2]
100050ea:	4ba1      	ldr	r3, [pc, #644]	@ (10005370 <process_control_request+0x370>)
100050ec:	785b      	ldrb	r3, [r3, #1]
100050ee:	42b3      	cmp	r3, r6
100050f0:	d02c      	beq.n	1000514c <process_control_request+0x14c>
100050f2:	4b9f      	ldr	r3, [pc, #636]	@ (10005370 <process_control_request+0x370>)
100050f4:	785b      	ldrb	r3, [r3, #1]
100050f6:	2b00      	cmp	r3, #0
100050f8:	d10c      	bne.n	10005114 <process_control_request+0x114>
100050fa:	4b9d      	ldr	r3, [pc, #628]	@ (10005370 <process_control_request+0x370>)
100050fc:	705e      	strb	r6, [r3, #1]
100050fe:	2e00      	cmp	r6, #0
10005100:	d022      	beq.n	10005148 <process_control_request+0x148>
10005102:	0031      	movs	r1, r6
10005104:	0028      	movs	r0, r5
10005106:	f7ff fc6d 	bl	100049e4 <process_set_config>
1000510a:	1e06      	subs	r6, r0, #0
1000510c:	d012      	beq.n	10005134 <process_control_request+0x134>
1000510e:	f7ff fdb7 	bl	10004c80 <tud_mount_cb>
10005112:	e01b      	b.n	1000514c <process_control_request+0x14c>
10005114:	2100      	movs	r1, #0
10005116:	0028      	movs	r0, r5
10005118:	f7ff fb30 	bl	1000477c <dcd_sof_enable>
1000511c:	0028      	movs	r0, r5
1000511e:	f7ff fb5c 	bl	100047da <dcd_edpt_close_all>
10005122:	4f93      	ldr	r7, [pc, #588]	@ (10005370 <process_control_request+0x370>)
10005124:	78bb      	ldrb	r3, [r7, #2]
10005126:	9301      	str	r3, [sp, #4]
10005128:	0028      	movs	r0, r5
1000512a:	f7ff fc05 	bl	10004938 <configuration_reset>
1000512e:	9b01      	ldr	r3, [sp, #4]
10005130:	70bb      	strb	r3, [r7, #2]
10005132:	e7e2      	b.n	100050fa <process_control_request+0xfa>
10005134:	22c9      	movs	r2, #201	@ 0xc9
10005136:	498b      	ldr	r1, [pc, #556]	@ (10005364 <process_control_request+0x364>)
10005138:	488b      	ldr	r0, [pc, #556]	@ (10005368 <process_control_request+0x368>)
1000513a:	0092      	lsls	r2, r2, #2
1000513c:	f7fe fe90 	bl	10003e60 <__wrap_printf>
10005140:	4b8b      	ldr	r3, [pc, #556]	@ (10005370 <process_control_request+0x370>)
10005142:	2200      	movs	r2, #0
10005144:	705a      	strb	r2, [r3, #1]
10005146:	e0f3      	b.n	10005330 <process_control_request+0x330>
10005148:	f7ff fd9b 	bl	10004c82 <tud_umount_cb>
1000514c:	0021      	movs	r1, r4
1000514e:	0028      	movs	r0, r5
10005150:	f000 fa3e 	bl	100055d0 <tud_control_status>
10005154:	2601      	movs	r6, #1
10005156:	e0eb      	b.n	10005330 <process_control_request+0x330>
10005158:	0021      	movs	r1, r4
1000515a:	0028      	movs	r0, r5
1000515c:	f7ff fd20 	bl	10004ba0 <process_get_descriptor>
10005160:	0006      	movs	r6, r0
10005162:	e0e5      	b.n	10005330 <process_control_request+0x330>
10005164:	78a2      	ldrb	r2, [r4, #2]
10005166:	78e3      	ldrb	r3, [r4, #3]
10005168:	021b      	lsls	r3, r3, #8
1000516a:	4313      	orrs	r3, r2
1000516c:	2b01      	cmp	r3, #1
1000516e:	d001      	beq.n	10005174 <process_control_request+0x174>
10005170:	2600      	movs	r6, #0
10005172:	e0dd      	b.n	10005330 <process_control_request+0x330>
10005174:	4a7e      	ldr	r2, [pc, #504]	@ (10005370 <process_control_request+0x370>)
10005176:	7813      	ldrb	r3, [r2, #0]
10005178:	2108      	movs	r1, #8
1000517a:	430b      	orrs	r3, r1
1000517c:	7013      	strb	r3, [r2, #0]
1000517e:	0021      	movs	r1, r4
10005180:	0028      	movs	r0, r5
10005182:	f000 fa25 	bl	100055d0 <tud_control_status>
10005186:	2601      	movs	r6, #1
10005188:	e0d2      	b.n	10005330 <process_control_request+0x330>
1000518a:	78a2      	ldrb	r2, [r4, #2]
1000518c:	78e3      	ldrb	r3, [r4, #3]
1000518e:	021b      	lsls	r3, r3, #8
10005190:	4313      	orrs	r3, r2
10005192:	2b01      	cmp	r3, #1
10005194:	d001      	beq.n	1000519a <process_control_request+0x19a>
10005196:	2600      	movs	r6, #0
10005198:	e0ca      	b.n	10005330 <process_control_request+0x330>
1000519a:	4a75      	ldr	r2, [pc, #468]	@ (10005370 <process_control_request+0x370>)
1000519c:	7813      	ldrb	r3, [r2, #0]
1000519e:	2108      	movs	r1, #8
100051a0:	438b      	bics	r3, r1
100051a2:	7013      	strb	r3, [r2, #0]
100051a4:	0021      	movs	r1, r4
100051a6:	0028      	movs	r0, r5
100051a8:	f000 fa12 	bl	100055d0 <tud_control_status>
100051ac:	2601      	movs	r6, #1
100051ae:	e0bf      	b.n	10005330 <process_control_request+0x330>
100051b0:	4b6f      	ldr	r3, [pc, #444]	@ (10005370 <process_control_request+0x370>)
100051b2:	781a      	ldrb	r2, [r3, #0]
100051b4:	0951      	lsrs	r1, r2, #5
100051b6:	0892      	lsrs	r2, r2, #2
100051b8:	2302      	movs	r3, #2
100051ba:	4013      	ands	r3, r2
100051bc:	2201      	movs	r2, #1
100051be:	400a      	ands	r2, r1
100051c0:	4313      	orrs	r3, r2
100051c2:	aa02      	add	r2, sp, #8
100051c4:	3206      	adds	r2, #6
100051c6:	8013      	strh	r3, [r2, #0]
100051c8:	2302      	movs	r3, #2
100051ca:	0021      	movs	r1, r4
100051cc:	0028      	movs	r0, r5
100051ce:	f000 fa13 	bl	100055f8 <tud_control_xfer>
100051d2:	2601      	movs	r6, #1
100051d4:	e0ac      	b.n	10005330 <process_control_request+0x330>
100051d6:	7923      	ldrb	r3, [r4, #4]
100051d8:	2b0f      	cmp	r3, #15
100051da:	d900      	bls.n	100051de <process_control_request+0x1de>
100051dc:	e0b3      	b.n	10005346 <process_control_request+0x346>
100051de:	4a64      	ldr	r2, [pc, #400]	@ (10005370 <process_control_request+0x370>)
100051e0:	18d3      	adds	r3, r2, r3
100051e2:	791b      	ldrb	r3, [r3, #4]
100051e4:	4a63      	ldr	r2, [pc, #396]	@ (10005374 <process_control_request+0x374>)
100051e6:	7812      	ldrb	r2, [r2, #0]
100051e8:	4293      	cmp	r3, r2
100051ea:	d223      	bcs.n	10005234 <process_control_request+0x234>
100051ec:	4a62      	ldr	r2, [pc, #392]	@ (10005378 <process_control_request+0x378>)
100051ee:	6811      	ldr	r1, [r2, #0]
100051f0:	015b      	lsls	r3, r3, #5
100051f2:	18c9      	adds	r1, r1, r3
100051f4:	2900      	cmp	r1, #0
100051f6:	d100      	bne.n	100051fa <process_control_request+0x1fa>
100051f8:	e0a7      	b.n	1000534a <process_control_request+0x34a>
100051fa:	0022      	movs	r2, r4
100051fc:	0028      	movs	r0, r5
100051fe:	f7ff fbe3 	bl	100049c8 <invoke_class_control>
10005202:	1e06      	subs	r6, r0, #0
10005204:	d000      	beq.n	10005208 <process_control_request+0x208>
10005206:	e093      	b.n	10005330 <process_control_request+0x330>
10005208:	7823      	ldrb	r3, [r4, #0]
1000520a:	2260      	movs	r2, #96	@ 0x60
1000520c:	421a      	tst	r2, r3
1000520e:	d000      	beq.n	10005212 <process_control_request+0x212>
10005210:	e08e      	b.n	10005330 <process_control_request+0x330>
10005212:	7863      	ldrb	r3, [r4, #1]
10005214:	3b0a      	subs	r3, #10
10005216:	2b01      	cmp	r3, #1
10005218:	d900      	bls.n	1000521c <process_control_request+0x21c>
1000521a:	e089      	b.n	10005330 <process_control_request+0x330>
1000521c:	2000      	movs	r0, #0
1000521e:	f000 fa41 	bl	100056a4 <usbd_control_set_complete_callback>
10005222:	7863      	ldrb	r3, [r4, #1]
10005224:	2b0a      	cmp	r3, #10
10005226:	d00e      	beq.n	10005246 <process_control_request+0x246>
10005228:	0021      	movs	r1, r4
1000522a:	0028      	movs	r0, r5
1000522c:	f000 f9d0 	bl	100055d0 <tud_control_status>
10005230:	2601      	movs	r6, #1
10005232:	e07d      	b.n	10005330 <process_control_request+0x330>
10005234:	1c51      	adds	r1, r2, #1
10005236:	4299      	cmp	r1, r3
10005238:	da00      	bge.n	1000523c <process_control_request+0x23c>
1000523a:	e088      	b.n	1000534e <process_control_request+0x34e>
1000523c:	1a9b      	subs	r3, r3, r2
1000523e:	015b      	lsls	r3, r3, #5
10005240:	494e      	ldr	r1, [pc, #312]	@ (1000537c <process_control_request+0x37c>)
10005242:	1859      	adds	r1, r3, r1
10005244:	e7d9      	b.n	100051fa <process_control_request+0x1fa>
10005246:	ab02      	add	r3, sp, #8
10005248:	1d9a      	adds	r2, r3, #6
1000524a:	2300      	movs	r3, #0
1000524c:	7013      	strb	r3, [r2, #0]
1000524e:	3301      	adds	r3, #1
10005250:	0021      	movs	r1, r4
10005252:	0028      	movs	r0, r5
10005254:	f000 f9d0 	bl	100055f8 <tud_control_xfer>
10005258:	3601      	adds	r6, #1
1000525a:	e069      	b.n	10005330 <process_control_request+0x330>
1000525c:	7921      	ldrb	r1, [r4, #4]
1000525e:	207f      	movs	r0, #127	@ 0x7f
10005260:	4008      	ands	r0, r1
10005262:	09ce      	lsrs	r6, r1, #7
10005264:	2370      	movs	r3, #112	@ 0x70
10005266:	420b      	tst	r3, r1
10005268:	d117      	bne.n	1000529a <process_control_request+0x29a>
1000526a:	4b41      	ldr	r3, [pc, #260]	@ (10005370 <process_control_request+0x370>)
1000526c:	0040      	lsls	r0, r0, #1
1000526e:	181b      	adds	r3, r3, r0
10005270:	199b      	adds	r3, r3, r6
10005272:	7d1b      	ldrb	r3, [r3, #20]
10005274:	483f      	ldr	r0, [pc, #252]	@ (10005374 <process_control_request+0x374>)
10005276:	7800      	ldrb	r0, [r0, #0]
10005278:	4283      	cmp	r3, r0
1000527a:	d215      	bcs.n	100052a8 <process_control_request+0x2a8>
1000527c:	483e      	ldr	r0, [pc, #248]	@ (10005378 <process_control_request+0x378>)
1000527e:	6806      	ldr	r6, [r0, #0]
10005280:	015b      	lsls	r3, r3, #5
10005282:	18f6      	adds	r6, r6, r3
10005284:	2a00      	cmp	r2, #0
10005286:	d019      	beq.n	100052bc <process_control_request+0x2bc>
10005288:	2e00      	cmp	r6, #0
1000528a:	d062      	beq.n	10005352 <process_control_request+0x352>
1000528c:	0022      	movs	r2, r4
1000528e:	0031      	movs	r1, r6
10005290:	0028      	movs	r0, r5
10005292:	f7ff fb99 	bl	100049c8 <invoke_class_control>
10005296:	0006      	movs	r6, r0
10005298:	e04a      	b.n	10005330 <process_control_request+0x330>
1000529a:	4932      	ldr	r1, [pc, #200]	@ (10005364 <process_control_request+0x364>)
1000529c:	4832      	ldr	r0, [pc, #200]	@ (10005368 <process_control_request+0x368>)
1000529e:	4a38      	ldr	r2, [pc, #224]	@ (10005380 <process_control_request+0x380>)
100052a0:	f7fe fdde 	bl	10003e60 <__wrap_printf>
100052a4:	2600      	movs	r6, #0
100052a6:	e043      	b.n	10005330 <process_control_request+0x330>
100052a8:	1c46      	adds	r6, r0, #1
100052aa:	429e      	cmp	r6, r3
100052ac:	db04      	blt.n	100052b8 <process_control_request+0x2b8>
100052ae:	1a1b      	subs	r3, r3, r0
100052b0:	015b      	lsls	r3, r3, #5
100052b2:	4e32      	ldr	r6, [pc, #200]	@ (1000537c <process_control_request+0x37c>)
100052b4:	199e      	adds	r6, r3, r6
100052b6:	e7e5      	b.n	10005284 <process_control_request+0x284>
100052b8:	2600      	movs	r6, #0
100052ba:	e7e3      	b.n	10005284 <process_control_request+0x284>
100052bc:	7863      	ldrb	r3, [r4, #1]
100052be:	2b01      	cmp	r3, #1
100052c0:	d010      	beq.n	100052e4 <process_control_request+0x2e4>
100052c2:	2b03      	cmp	r3, #3
100052c4:	d00e      	beq.n	100052e4 <process_control_request+0x2e4>
100052c6:	2b00      	cmp	r3, #0
100052c8:	d145      	bne.n	10005356 <process_control_request+0x356>
100052ca:	0028      	movs	r0, r5
100052cc:	f7ff fe8a 	bl	10004fe4 <usbd_edpt_stalled>
100052d0:	ab02      	add	r3, sp, #8
100052d2:	1d9a      	adds	r2, r3, #6
100052d4:	8010      	strh	r0, [r2, #0]
100052d6:	2302      	movs	r3, #2
100052d8:	0021      	movs	r1, r4
100052da:	0028      	movs	r0, r5
100052dc:	f000 f98c 	bl	100055f8 <tud_control_xfer>
100052e0:	2601      	movs	r6, #1
100052e2:	e025      	b.n	10005330 <process_control_request+0x330>
100052e4:	78a0      	ldrb	r0, [r4, #2]
100052e6:	78e2      	ldrb	r2, [r4, #3]
100052e8:	0212      	lsls	r2, r2, #8
100052ea:	4302      	orrs	r2, r0
100052ec:	d104      	bne.n	100052f8 <process_control_request+0x2f8>
100052ee:	2b01      	cmp	r3, #1
100052f0:	d019      	beq.n	10005326 <process_control_request+0x326>
100052f2:	0028      	movs	r0, r5
100052f4:	f7ff fe42 	bl	10004f7c <usbd_edpt_stall>
100052f8:	2e00      	cmp	r6, #0
100052fa:	d02e      	beq.n	1000535a <process_control_request+0x35a>
100052fc:	0022      	movs	r2, r4
100052fe:	0031      	movs	r1, r6
10005300:	0028      	movs	r0, r5
10005302:	f7ff fb61 	bl	100049c8 <invoke_class_control>
10005306:	2000      	movs	r0, #0
10005308:	f000 f9cc 	bl	100056a4 <usbd_control_set_complete_callback>
1000530c:	4b18      	ldr	r3, [pc, #96]	@ (10005370 <process_control_request+0x370>)
1000530e:	2235      	movs	r2, #53	@ 0x35
10005310:	5c9b      	ldrb	r3, [r3, r2]
10005312:	07db      	lsls	r3, r3, #31
10005314:	0fde      	lsrs	r6, r3, #31
10005316:	2b00      	cmp	r3, #0
10005318:	d10a      	bne.n	10005330 <process_control_request+0x330>
1000531a:	0021      	movs	r1, r4
1000531c:	0028      	movs	r0, r5
1000531e:	f000 f957 	bl	100055d0 <tud_control_status>
10005322:	2601      	movs	r6, #1
10005324:	e004      	b.n	10005330 <process_control_request+0x330>
10005326:	0028      	movs	r0, r5
10005328:	f7ff fe42 	bl	10004fb0 <usbd_edpt_clear_stall>
1000532c:	e7e4      	b.n	100052f8 <process_control_request+0x2f8>
1000532e:	2600      	movs	r6, #0
10005330:	0030      	movs	r0, r6
10005332:	b005      	add	sp, #20
10005334:	bdf0      	pop	{r4, r5, r6, r7, pc}
10005336:	2600      	movs	r6, #0
10005338:	e7fa      	b.n	10005330 <process_control_request+0x330>
1000533a:	2600      	movs	r6, #0
1000533c:	e7f8      	b.n	10005330 <process_control_request+0x330>
1000533e:	2600      	movs	r6, #0
10005340:	e7f6      	b.n	10005330 <process_control_request+0x330>
10005342:	2600      	movs	r6, #0
10005344:	e7f4      	b.n	10005330 <process_control_request+0x330>
10005346:	2600      	movs	r6, #0
10005348:	e7f2      	b.n	10005330 <process_control_request+0x330>
1000534a:	2600      	movs	r6, #0
1000534c:	e7f0      	b.n	10005330 <process_control_request+0x330>
1000534e:	2600      	movs	r6, #0
10005350:	e7ee      	b.n	10005330 <process_control_request+0x330>
10005352:	2600      	movs	r6, #0
10005354:	e7ec      	b.n	10005330 <process_control_request+0x330>
10005356:	2600      	movs	r6, #0
10005358:	e7ea      	b.n	10005330 <process_control_request+0x330>
1000535a:	2601      	movs	r6, #1
1000535c:	e7e8      	b.n	10005330 <process_control_request+0x330>
1000535e:	46c0      	nop			@ (mov r8, r8)
10005360:	10009224 	.word	0x10009224
10005364:	100092dc 	.word	0x100092dc
10005368:	1000878c 	.word	0x1000878c
1000536c:	10003f29 	.word	0x10003f29
10005370:	20001268 	.word	0x20001268
10005374:	20002738 	.word	0x20002738
10005378:	200010b8 	.word	0x200010b8
1000537c:	10009328 	.word	0x10009328
10005380:	00000395 	.word	0x00000395

10005384 <tud_task_ext>:
10005384:	b530      	push	{r4, r5, lr}
10005386:	b085      	sub	sp, #20
10005388:	f7ff fc8e 	bl	10004ca8 <tud_inited>
1000538c:	2800      	cmp	r0, #0
1000538e:	d108      	bne.n	100053a2 <tud_task_ext+0x1e>
10005390:	b005      	add	sp, #20
10005392:	bd30      	pop	{r4, r5, pc}
10005394:	ac01      	add	r4, sp, #4
10005396:	7820      	ldrb	r0, [r4, #0]
10005398:	f7ff fb10 	bl	100049bc <usbd_reset>
1000539c:	7922      	ldrb	r2, [r4, #4]
1000539e:	4b63      	ldr	r3, [pc, #396]	@ (1000552c <tud_task_ext+0x1a8>)
100053a0:	709a      	strb	r2, [r3, #2]
100053a2:	4b63      	ldr	r3, [pc, #396]	@ (10005530 <tud_task_ext+0x1ac>)
100053a4:	681c      	ldr	r4, [r3, #0]
100053a6:	6962      	ldr	r2, [r4, #20]
100053a8:	f3ef 8110 	mrs	r1, PRIMASK
100053ac:	b672      	cpsid	i
100053ae:	6813      	ldr	r3, [r2, #0]
100053b0:	2b00      	cmp	r3, #0
100053b2:	d0fc      	beq.n	100053ae <tud_task_ext+0x2a>
100053b4:	f3bf 8f5f 	dmb	sy
100053b8:	61a1      	str	r1, [r4, #24]
100053ba:	a901      	add	r1, sp, #4
100053bc:	0020      	movs	r0, r4
100053be:	f001 fb58 	bl	10006a72 <tu_fifo_read>
100053c2:	6962      	ldr	r2, [r4, #20]
100053c4:	69a3      	ldr	r3, [r4, #24]
100053c6:	f3bf 8f5f 	dmb	sy
100053ca:	2100      	movs	r1, #0
100053cc:	6011      	str	r1, [r2, #0]
100053ce:	f383 8810 	msr	PRIMASK, r3
100053d2:	2800      	cmp	r0, #0
100053d4:	d0dc      	beq.n	10005390 <tud_task_ext+0xc>
100053d6:	ab01      	add	r3, sp, #4
100053d8:	785b      	ldrb	r3, [r3, #1]
100053da:	2b08      	cmp	r3, #8
100053dc:	d8e1      	bhi.n	100053a2 <tud_task_ext+0x1e>
100053de:	009b      	lsls	r3, r3, #2
100053e0:	4a54      	ldr	r2, [pc, #336]	@ (10005534 <tud_task_ext+0x1b0>)
100053e2:	58d3      	ldr	r3, [r2, r3]
100053e4:	469f      	mov	pc, r3
100053e6:	ab01      	add	r3, sp, #4
100053e8:	7818      	ldrb	r0, [r3, #0]
100053ea:	f7ff fae7 	bl	100049bc <usbd_reset>
100053ee:	f7ff fc48 	bl	10004c82 <tud_umount_cb>
100053f2:	e7d6      	b.n	100053a2 <tud_task_ext+0x1e>
100053f4:	4b50      	ldr	r3, [pc, #320]	@ (10005538 <tud_task_ext+0x1b4>)
100053f6:	781b      	ldrb	r3, [r3, #0]
100053f8:	2b00      	cmp	r3, #0
100053fa:	d02d      	beq.n	10005458 <tud_task_ext+0xd4>
100053fc:	4a4e      	ldr	r2, [pc, #312]	@ (10005538 <tud_task_ext+0x1b4>)
100053fe:	7813      	ldrb	r3, [r2, #0]
10005400:	3b01      	subs	r3, #1
10005402:	b2db      	uxtb	r3, r3
10005404:	7013      	strb	r3, [r2, #0]
10005406:	7813      	ldrb	r3, [r2, #0]
10005408:	2b00      	cmp	r3, #0
1000540a:	d1ca      	bne.n	100053a2 <tud_task_ext+0x1e>
1000540c:	4b47      	ldr	r3, [pc, #284]	@ (1000552c <tud_task_ext+0x1a8>)
1000540e:	781a      	ldrb	r2, [r3, #0]
10005410:	2401      	movs	r4, #1
10005412:	2101      	movs	r1, #1
10005414:	430a      	orrs	r2, r1
10005416:	701a      	strb	r2, [r3, #0]
10005418:	2234      	movs	r2, #52	@ 0x34
1000541a:	5c99      	ldrb	r1, [r3, r2]
1000541c:	43a1      	bics	r1, r4
1000541e:	5499      	strb	r1, [r3, r2]
10005420:	5c99      	ldrb	r1, [r3, r2]
10005422:	2004      	movs	r0, #4
10005424:	4381      	bics	r1, r0
10005426:	5499      	strb	r1, [r3, r2]
10005428:	3201      	adds	r2, #1
1000542a:	5c99      	ldrb	r1, [r3, r2]
1000542c:	43a1      	bics	r1, r4
1000542e:	5499      	strb	r1, [r3, r2]
10005430:	5c99      	ldrb	r1, [r3, r2]
10005432:	4381      	bics	r1, r0
10005434:	5499      	strb	r1, [r3, r2]
10005436:	ab01      	add	r3, sp, #4
10005438:	7818      	ldrb	r0, [r3, #0]
1000543a:	a902      	add	r1, sp, #8
1000543c:	f7ff fde0 	bl	10005000 <process_control_request>
10005440:	2800      	cmp	r0, #0
10005442:	d1ae      	bne.n	100053a2 <tud_task_ext+0x1e>
10005444:	ac01      	add	r4, sp, #4
10005446:	7820      	ldrb	r0, [r4, #0]
10005448:	2100      	movs	r1, #0
1000544a:	f7ff f9e3 	bl	10004814 <dcd_edpt_stall>
1000544e:	7820      	ldrb	r0, [r4, #0]
10005450:	2180      	movs	r1, #128	@ 0x80
10005452:	f7ff f9df 	bl	10004814 <dcd_edpt_stall>
10005456:	e7a4      	b.n	100053a2 <tud_task_ext+0x1e>
10005458:	4938      	ldr	r1, [pc, #224]	@ (1000553c <tud_task_ext+0x1b8>)
1000545a:	4839      	ldr	r0, [pc, #228]	@ (10005540 <tud_task_ext+0x1bc>)
1000545c:	4a39      	ldr	r2, [pc, #228]	@ (10005544 <tud_task_ext+0x1c0>)
1000545e:	f7fe fcff 	bl	10003e60 <__wrap_printf>
10005462:	e795      	b.n	10005390 <tud_task_ext+0xc>
10005464:	ab01      	add	r3, sp, #4
10005466:	7919      	ldrb	r1, [r3, #4]
10005468:	227f      	movs	r2, #127	@ 0x7f
1000546a:	400a      	ands	r2, r1
1000546c:	09cc      	lsrs	r4, r1, #7
1000546e:	4b2f      	ldr	r3, [pc, #188]	@ (1000552c <tud_task_ext+0x1a8>)
10005470:	0050      	lsls	r0, r2, #1
10005472:	181b      	adds	r3, r3, r0
10005474:	191b      	adds	r3, r3, r4
10005476:	3330      	adds	r3, #48	@ 0x30
10005478:	7918      	ldrb	r0, [r3, #4]
1000547a:	2501      	movs	r5, #1
1000547c:	43a8      	bics	r0, r5
1000547e:	7118      	strb	r0, [r3, #4]
10005480:	7918      	ldrb	r0, [r3, #4]
10005482:	3503      	adds	r5, #3
10005484:	43a8      	bics	r0, r5
10005486:	7118      	strb	r0, [r3, #4]
10005488:	2a00      	cmp	r2, #0
1000548a:	d015      	beq.n	100054b8 <tud_task_ext+0x134>
1000548c:	4b27      	ldr	r3, [pc, #156]	@ (1000552c <tud_task_ext+0x1a8>)
1000548e:	0052      	lsls	r2, r2, #1
10005490:	189b      	adds	r3, r3, r2
10005492:	191b      	adds	r3, r3, r4
10005494:	7d1b      	ldrb	r3, [r3, #20]
10005496:	4a2c      	ldr	r2, [pc, #176]	@ (10005548 <tud_task_ext+0x1c4>)
10005498:	7812      	ldrb	r2, [r2, #0]
1000549a:	4293      	cmp	r3, r2
1000549c:	d213      	bcs.n	100054c6 <tud_task_ext+0x142>
1000549e:	4a2b      	ldr	r2, [pc, #172]	@ (1000554c <tud_task_ext+0x1c8>)
100054a0:	6812      	ldr	r2, [r2, #0]
100054a2:	015b      	lsls	r3, r3, #5
100054a4:	18d3      	adds	r3, r2, r3
100054a6:	2b00      	cmp	r3, #0
100054a8:	d015      	beq.n	100054d6 <tud_task_ext+0x152>
100054aa:	699c      	ldr	r4, [r3, #24]
100054ac:	a801      	add	r0, sp, #4
100054ae:	7942      	ldrb	r2, [r0, #5]
100054b0:	9b03      	ldr	r3, [sp, #12]
100054b2:	7800      	ldrb	r0, [r0, #0]
100054b4:	47a0      	blx	r4
100054b6:	e774      	b.n	100053a2 <tud_task_ext+0x1e>
100054b8:	a801      	add	r0, sp, #4
100054ba:	7942      	ldrb	r2, [r0, #5]
100054bc:	9b03      	ldr	r3, [sp, #12]
100054be:	7800      	ldrb	r0, [r0, #0]
100054c0:	f000 f904 	bl	100056cc <usbd_control_xfer_cb>
100054c4:	e76d      	b.n	100053a2 <tud_task_ext+0x1e>
100054c6:	1c50      	adds	r0, r2, #1
100054c8:	4298      	cmp	r0, r3
100054ca:	db04      	blt.n	100054d6 <tud_task_ext+0x152>
100054cc:	1a9b      	subs	r3, r3, r2
100054ce:	015b      	lsls	r3, r3, #5
100054d0:	4a1f      	ldr	r2, [pc, #124]	@ (10005550 <tud_task_ext+0x1cc>)
100054d2:	189b      	adds	r3, r3, r2
100054d4:	e7e9      	b.n	100054aa <tud_task_ext+0x126>
100054d6:	22a4      	movs	r2, #164	@ 0xa4
100054d8:	4918      	ldr	r1, [pc, #96]	@ (1000553c <tud_task_ext+0x1b8>)
100054da:	4819      	ldr	r0, [pc, #100]	@ (10005540 <tud_task_ext+0x1bc>)
100054dc:	0092      	lsls	r2, r2, #2
100054de:	f7fe fcbf 	bl	10003e60 <__wrap_printf>
100054e2:	e755      	b.n	10005390 <tud_task_ext+0xc>
100054e4:	4b11      	ldr	r3, [pc, #68]	@ (1000552c <tud_task_ext+0x1a8>)
100054e6:	781b      	ldrb	r3, [r3, #0]
100054e8:	07db      	lsls	r3, r3, #31
100054ea:	d400      	bmi.n	100054ee <tud_task_ext+0x16a>
100054ec:	e759      	b.n	100053a2 <tud_task_ext+0x1e>
100054ee:	4b0f      	ldr	r3, [pc, #60]	@ (1000552c <tud_task_ext+0x1a8>)
100054f0:	7818      	ldrb	r0, [r3, #0]
100054f2:	0700      	lsls	r0, r0, #28
100054f4:	0fc0      	lsrs	r0, r0, #31
100054f6:	f7ff fbc5 	bl	10004c84 <tud_suspend_cb>
100054fa:	e752      	b.n	100053a2 <tud_task_ext+0x1e>
100054fc:	4b0b      	ldr	r3, [pc, #44]	@ (1000552c <tud_task_ext+0x1a8>)
100054fe:	781b      	ldrb	r3, [r3, #0]
10005500:	07db      	lsls	r3, r3, #31
10005502:	d400      	bmi.n	10005506 <tud_task_ext+0x182>
10005504:	e74d      	b.n	100053a2 <tud_task_ext+0x1e>
10005506:	f7ff fbbe 	bl	10004c86 <tud_resume_cb>
1000550a:	e74a      	b.n	100053a2 <tud_task_ext+0x1e>
1000550c:	9b02      	ldr	r3, [sp, #8]
1000550e:	2b00      	cmp	r3, #0
10005510:	d100      	bne.n	10005514 <tud_task_ext+0x190>
10005512:	e746      	b.n	100053a2 <tud_task_ext+0x1e>
10005514:	9803      	ldr	r0, [sp, #12]
10005516:	4798      	blx	r3
10005518:	e743      	b.n	100053a2 <tud_task_ext+0x1e>
1000551a:	4b04      	ldr	r3, [pc, #16]	@ (1000552c <tud_task_ext+0x1a8>)
1000551c:	78db      	ldrb	r3, [r3, #3]
1000551e:	07db      	lsls	r3, r3, #31
10005520:	d400      	bmi.n	10005524 <tud_task_ext+0x1a0>
10005522:	e73e      	b.n	100053a2 <tud_task_ext+0x1e>
10005524:	9802      	ldr	r0, [sp, #8]
10005526:	f7ff fb36 	bl	10004b96 <tud_sof_cb>
1000552a:	e73a      	b.n	100053a2 <tud_task_ext+0x1e>
1000552c:	20001268 	.word	0x20001268
10005530:	200012c0 	.word	0x200012c0
10005534:	1000924c 	.word	0x1000924c
10005538:	2000273a 	.word	0x2000273a
1000553c:	10009308 	.word	0x10009308
10005540:	1000878c 	.word	0x1000878c
10005544:	00000265 	.word	0x00000265
10005548:	20002738 	.word	0x20002738
1000554c:	200010b8 	.word	0x200010b8
10005550:	10009328 	.word	0x10009328

10005554 <status_stage_xact>:
10005554:	b510      	push	{r4, lr}
10005556:	2300      	movs	r3, #0
10005558:	56cb      	ldrsb	r3, [r1, r3]
1000555a:	2b00      	cmp	r3, #0
1000555c:	db05      	blt.n	1000556a <status_stage_xact+0x16>
1000555e:	2180      	movs	r1, #128	@ 0x80
10005560:	2300      	movs	r3, #0
10005562:	2200      	movs	r2, #0
10005564:	f7ff fcc6 	bl	10004ef4 <usbd_edpt_xfer>
10005568:	bd10      	pop	{r4, pc}
1000556a:	2100      	movs	r1, #0
1000556c:	e7f8      	b.n	10005560 <status_stage_xact+0xc>
	...

10005570 <data_stage_xact>:
10005570:	b5f8      	push	{r3, r4, r5, r6, r7, lr}
10005572:	0005      	movs	r5, r0
10005574:	4b14      	ldr	r3, [pc, #80]	@ (100055c8 <data_stage_xact+0x58>)
10005576:	899f      	ldrh	r7, [r3, #12]
10005578:	89de      	ldrh	r6, [r3, #14]
1000557a:	1bbb      	subs	r3, r7, r6
1000557c:	b29b      	uxth	r3, r3
1000557e:	1c1c      	adds	r4, r3, #0
10005580:	2b40      	cmp	r3, #64	@ 0x40
10005582:	d900      	bls.n	10005586 <data_stage_xact+0x16>
10005584:	2440      	movs	r4, #64	@ 0x40
10005586:	b2a4      	uxth	r4, r4
10005588:	4b0f      	ldr	r3, [pc, #60]	@ (100055c8 <data_stage_xact+0x58>)
1000558a:	781b      	ldrb	r3, [r3, #0]
1000558c:	b25b      	sxtb	r3, r3
1000558e:	2b00      	cmp	r3, #0
10005590:	db08      	blt.n	100055a4 <data_stage_xact+0x34>
10005592:	2100      	movs	r1, #0
10005594:	42b7      	cmp	r7, r6
10005596:	d013      	beq.n	100055c0 <data_stage_xact+0x50>
10005598:	4a0c      	ldr	r2, [pc, #48]	@ (100055cc <data_stage_xact+0x5c>)
1000559a:	0023      	movs	r3, r4
1000559c:	0028      	movs	r0, r5
1000559e:	f7ff fca9 	bl	10004ef4 <usbd_edpt_xfer>
100055a2:	bdf8      	pop	{r3, r4, r5, r6, r7, pc}
100055a4:	42b7      	cmp	r7, r6
100055a6:	d009      	beq.n	100055bc <data_stage_xact+0x4c>
100055a8:	4b07      	ldr	r3, [pc, #28]	@ (100055c8 <data_stage_xact+0x58>)
100055aa:	6899      	ldr	r1, [r3, #8]
100055ac:	2c40      	cmp	r4, #64	@ 0x40
100055ae:	d809      	bhi.n	100055c4 <data_stage_xact+0x54>
100055b0:	4806      	ldr	r0, [pc, #24]	@ (100055cc <data_stage_xact+0x5c>)
100055b2:	0022      	movs	r2, r4
100055b4:	f7fd f97c 	bl	100028b0 <__wrap___aeabi_memcpy>
100055b8:	2180      	movs	r1, #128	@ 0x80
100055ba:	e7eb      	b.n	10005594 <data_stage_xact+0x24>
100055bc:	2180      	movs	r1, #128	@ 0x80
100055be:	e7e9      	b.n	10005594 <data_stage_xact+0x24>
100055c0:	2200      	movs	r2, #0
100055c2:	e7ea      	b.n	1000559a <data_stage_xact+0x2a>
100055c4:	2000      	movs	r0, #0
100055c6:	e7ec      	b.n	100055a2 <data_stage_xact+0x32>
100055c8:	20001248 	.word	0x20001248
100055cc:	20001208 	.word	0x20001208

100055d0 <tud_control_status>:
100055d0:	b570      	push	{r4, r5, r6, lr}
100055d2:	0006      	movs	r6, r0
100055d4:	000d      	movs	r5, r1
100055d6:	4c07      	ldr	r4, [pc, #28]	@ (100055f4 <tud_control_status+0x24>)
100055d8:	2208      	movs	r2, #8
100055da:	0020      	movs	r0, r4
100055dc:	f7fd f968 	bl	100028b0 <__wrap___aeabi_memcpy>
100055e0:	2300      	movs	r3, #0
100055e2:	60a3      	str	r3, [r4, #8]
100055e4:	81e3      	strh	r3, [r4, #14]
100055e6:	81a3      	strh	r3, [r4, #12]
100055e8:	0029      	movs	r1, r5
100055ea:	0030      	movs	r0, r6
100055ec:	f7ff ffb2 	bl	10005554 <status_stage_xact>
100055f0:	bd70      	pop	{r4, r5, r6, pc}
100055f2:	46c0      	nop			@ (mov r8, r8)
100055f4:	20001248 	.word	0x20001248

100055f8 <tud_control_xfer>:
100055f8:	b5f0      	push	{r4, r5, r6, r7, lr}
100055fa:	46c6      	mov	lr, r8
100055fc:	b500      	push	{lr}
100055fe:	4680      	mov	r8, r0
10005600:	000c      	movs	r4, r1
10005602:	0016      	movs	r6, r2
10005604:	001d      	movs	r5, r3
10005606:	4b1f      	ldr	r3, [pc, #124]	@ (10005684 <tud_control_xfer+0x8c>)
10005608:	2208      	movs	r2, #8
1000560a:	001f      	movs	r7, r3
1000560c:	0018      	movs	r0, r3
1000560e:	f7fd f94f 	bl	100028b0 <__wrap___aeabi_memcpy>
10005612:	60be      	str	r6, [r7, #8]
10005614:	2300      	movs	r3, #0
10005616:	81fb      	strh	r3, [r7, #14]
10005618:	79a3      	ldrb	r3, [r4, #6]
1000561a:	79e1      	ldrb	r1, [r4, #7]
1000561c:	0209      	lsls	r1, r1, #8
1000561e:	4319      	orrs	r1, r3
10005620:	1c0b      	adds	r3, r1, #0
10005622:	42a9      	cmp	r1, r5
10005624:	d900      	bls.n	10005628 <tud_control_xfer+0x30>
10005626:	1c2b      	adds	r3, r5, #0
10005628:	b299      	uxth	r1, r3
1000562a:	4a16      	ldr	r2, [pc, #88]	@ (10005684 <tud_control_xfer+0x8c>)
1000562c:	8193      	strh	r3, [r2, #12]
1000562e:	79a2      	ldrb	r2, [r4, #6]
10005630:	79e3      	ldrb	r3, [r4, #7]
10005632:	021b      	lsls	r3, r3, #8
10005634:	4313      	orrs	r3, r2
10005636:	d019      	beq.n	1000566c <tud_control_xfer+0x74>
10005638:	2900      	cmp	r1, #0
1000563a:	d001      	beq.n	10005640 <tud_control_xfer+0x48>
1000563c:	2e00      	cmp	r6, #0
1000563e:	d008      	beq.n	10005652 <tud_control_xfer+0x5a>
10005640:	4640      	mov	r0, r8
10005642:	f7ff ff95 	bl	10005570 <data_stage_xact>
10005646:	1e04      	subs	r4, r0, #0
10005648:	d00a      	beq.n	10005660 <tud_control_xfer+0x68>
1000564a:	0020      	movs	r0, r4
1000564c:	bc80      	pop	{r7}
1000564e:	46b8      	mov	r8, r7
10005650:	bdf0      	pop	{r4, r5, r6, r7, pc}
10005652:	490d      	ldr	r1, [pc, #52]	@ (10005688 <tud_control_xfer+0x90>)
10005654:	480d      	ldr	r0, [pc, #52]	@ (1000568c <tud_control_xfer+0x94>)
10005656:	2272      	movs	r2, #114	@ 0x72
10005658:	f7fe fc02 	bl	10003e60 <__wrap_printf>
1000565c:	2400      	movs	r4, #0
1000565e:	e7f4      	b.n	1000564a <tud_control_xfer+0x52>
10005660:	4909      	ldr	r1, [pc, #36]	@ (10005688 <tud_control_xfer+0x90>)
10005662:	480a      	ldr	r0, [pc, #40]	@ (1000568c <tud_control_xfer+0x94>)
10005664:	2274      	movs	r2, #116	@ 0x74
10005666:	f7fe fbfb 	bl	10003e60 <__wrap_printf>
1000566a:	e7ee      	b.n	1000564a <tud_control_xfer+0x52>
1000566c:	0021      	movs	r1, r4
1000566e:	4640      	mov	r0, r8
10005670:	f7ff ff70 	bl	10005554 <status_stage_xact>
10005674:	1e04      	subs	r4, r0, #0
10005676:	d1e8      	bne.n	1000564a <tud_control_xfer+0x52>
10005678:	4903      	ldr	r1, [pc, #12]	@ (10005688 <tud_control_xfer+0x90>)
1000567a:	4804      	ldr	r0, [pc, #16]	@ (1000568c <tud_control_xfer+0x94>)
1000567c:	2276      	movs	r2, #118	@ 0x76
1000567e:	f7fe fbef 	bl	10003e60 <__wrap_printf>
10005682:	e7e2      	b.n	1000564a <tud_control_xfer+0x52>
10005684:	20001248 	.word	0x20001248
10005688:	10009380 	.word	0x10009380
1000568c:	1000878c 	.word	0x1000878c

10005690 <usbd_control_reset>:
10005690:	b510      	push	{r4, lr}
10005692:	4803      	ldr	r0, [pc, #12]	@ (100056a0 <usbd_control_reset+0x10>)
10005694:	2214      	movs	r2, #20
10005696:	2100      	movs	r1, #0
10005698:	f7fd f904 	bl	100028a4 <__wrap_memset>
1000569c:	bd10      	pop	{r4, pc}
1000569e:	46c0      	nop			@ (mov r8, r8)
100056a0:	20001248 	.word	0x20001248

100056a4 <usbd_control_set_complete_callback>:
100056a4:	4b01      	ldr	r3, [pc, #4]	@ (100056ac <usbd_control_set_complete_callback+0x8>)
100056a6:	6118      	str	r0, [r3, #16]
100056a8:	4770      	bx	lr
100056aa:	46c0      	nop			@ (mov r8, r8)
100056ac:	20001248 	.word	0x20001248

100056b0 <usbd_control_set_request>:
100056b0:	b510      	push	{r4, lr}
100056b2:	0001      	movs	r1, r0
100056b4:	4c04      	ldr	r4, [pc, #16]	@ (100056c8 <usbd_control_set_request+0x18>)
100056b6:	2208      	movs	r2, #8
100056b8:	0020      	movs	r0, r4
100056ba:	f7fd f8f9 	bl	100028b0 <__wrap___aeabi_memcpy>
100056be:	2300      	movs	r3, #0
100056c0:	60a3      	str	r3, [r4, #8]
100056c2:	81e3      	strh	r3, [r4, #14]
100056c4:	81a3      	strh	r3, [r4, #12]
100056c6:	bd10      	pop	{r4, pc}
100056c8:	20001248 	.word	0x20001248

100056cc <usbd_control_xfer_cb>:
100056cc:	b570      	push	{r4, r5, r6, lr}
100056ce:	0005      	movs	r5, r0
100056d0:	001c      	movs	r4, r3
100056d2:	09c9      	lsrs	r1, r1, #7
100056d4:	4b31      	ldr	r3, [pc, #196]	@ (1000579c <usbd_control_xfer_cb+0xd0>)
100056d6:	781b      	ldrb	r3, [r3, #0]
100056d8:	09db      	lsrs	r3, r3, #7
100056da:	428b      	cmp	r3, r1
100056dc:	d016      	beq.n	1000570c <usbd_control_xfer_cb+0x40>
100056de:	2c00      	cmp	r4, #0
100056e0:	d007      	beq.n	100056f2 <usbd_control_xfer_cb+0x26>
100056e2:	492f      	ldr	r1, [pc, #188]	@ (100057a0 <usbd_control_xfer_cb+0xd4>)
100056e4:	482f      	ldr	r0, [pc, #188]	@ (100057a4 <usbd_control_xfer_cb+0xd8>)
100056e6:	229d      	movs	r2, #157	@ 0x9d
100056e8:	f7fe fbba 	bl	10003e60 <__wrap_printf>
100056ec:	2400      	movs	r4, #0
100056ee:	0020      	movs	r0, r4
100056f0:	bd70      	pop	{r4, r5, r6, pc}
100056f2:	4c2a      	ldr	r4, [pc, #168]	@ (1000579c <usbd_control_xfer_cb+0xd0>)
100056f4:	0021      	movs	r1, r4
100056f6:	f7ff f84f 	bl	10004798 <dcd_edpt0_status_complete>
100056fa:	6923      	ldr	r3, [r4, #16]
100056fc:	2b00      	cmp	r3, #0
100056fe:	d003      	beq.n	10005708 <usbd_control_xfer_cb+0x3c>
10005700:	4a26      	ldr	r2, [pc, #152]	@ (1000579c <usbd_control_xfer_cb+0xd0>)
10005702:	2103      	movs	r1, #3
10005704:	0028      	movs	r0, r5
10005706:	4798      	blx	r3
10005708:	2401      	movs	r4, #1
1000570a:	e7f0      	b.n	100056ee <usbd_control_xfer_cb+0x22>
1000570c:	4b23      	ldr	r3, [pc, #140]	@ (1000579c <usbd_control_xfer_cb+0xd0>)
1000570e:	781b      	ldrb	r3, [r3, #0]
10005710:	b25b      	sxtb	r3, r3
10005712:	2b00      	cmp	r3, #0
10005714:	db07      	blt.n	10005726 <usbd_control_xfer_cb+0x5a>
10005716:	4b21      	ldr	r3, [pc, #132]	@ (1000579c <usbd_control_xfer_cb+0xd0>)
10005718:	6898      	ldr	r0, [r3, #8]
1000571a:	2800      	cmp	r0, #0
1000571c:	d03c      	beq.n	10005798 <usbd_control_xfer_cb+0xcc>
1000571e:	4922      	ldr	r1, [pc, #136]	@ (100057a8 <usbd_control_xfer_cb+0xdc>)
10005720:	0022      	movs	r2, r4
10005722:	f7fd f8c5 	bl	100028b0 <__wrap___aeabi_memcpy>
10005726:	4a1d      	ldr	r2, [pc, #116]	@ (1000579c <usbd_control_xfer_cb+0xd0>)
10005728:	89d3      	ldrh	r3, [r2, #14]
1000572a:	b2a1      	uxth	r1, r4
1000572c:	185b      	adds	r3, r3, r1
1000572e:	b29b      	uxth	r3, r3
10005730:	81d3      	strh	r3, [r2, #14]
10005732:	6891      	ldr	r1, [r2, #8]
10005734:	1909      	adds	r1, r1, r4
10005736:	6091      	str	r1, [r2, #8]
10005738:	88d2      	ldrh	r2, [r2, #6]
1000573a:	4293      	cmp	r3, r2
1000573c:	d001      	beq.n	10005742 <usbd_control_xfer_cb+0x76>
1000573e:	2c3f      	cmp	r4, #63	@ 0x3f
10005740:	d81f      	bhi.n	10005782 <usbd_control_xfer_cb+0xb6>
10005742:	4b16      	ldr	r3, [pc, #88]	@ (1000579c <usbd_control_xfer_cb+0xd0>)
10005744:	691b      	ldr	r3, [r3, #16]
10005746:	2b00      	cmp	r3, #0
10005748:	d005      	beq.n	10005756 <usbd_control_xfer_cb+0x8a>
1000574a:	4a14      	ldr	r2, [pc, #80]	@ (1000579c <usbd_control_xfer_cb+0xd0>)
1000574c:	2102      	movs	r1, #2
1000574e:	0028      	movs	r0, r5
10005750:	4798      	blx	r3
10005752:	2800      	cmp	r0, #0
10005754:	d00b      	beq.n	1000576e <usbd_control_xfer_cb+0xa2>
10005756:	4911      	ldr	r1, [pc, #68]	@ (1000579c <usbd_control_xfer_cb+0xd0>)
10005758:	0028      	movs	r0, r5
1000575a:	f7ff fefb 	bl	10005554 <status_stage_xact>
1000575e:	1e04      	subs	r4, r0, #0
10005760:	d1c5      	bne.n	100056ee <usbd_control_xfer_cb+0x22>
10005762:	490f      	ldr	r1, [pc, #60]	@ (100057a0 <usbd_control_xfer_cb+0xd4>)
10005764:	480f      	ldr	r0, [pc, #60]	@ (100057a4 <usbd_control_xfer_cb+0xd8>)
10005766:	22c5      	movs	r2, #197	@ 0xc5
10005768:	f7fe fb7a 	bl	10003e60 <__wrap_printf>
1000576c:	e7bf      	b.n	100056ee <usbd_control_xfer_cb+0x22>
1000576e:	2100      	movs	r1, #0
10005770:	0028      	movs	r0, r5
10005772:	f7ff f84f 	bl	10004814 <dcd_edpt_stall>
10005776:	2180      	movs	r1, #128	@ 0x80
10005778:	0028      	movs	r0, r5
1000577a:	f7ff f84b 	bl	10004814 <dcd_edpt_stall>
1000577e:	2401      	movs	r4, #1
10005780:	e7b5      	b.n	100056ee <usbd_control_xfer_cb+0x22>
10005782:	0028      	movs	r0, r5
10005784:	f7ff fef4 	bl	10005570 <data_stage_xact>
10005788:	1e04      	subs	r4, r0, #0
1000578a:	d1b0      	bne.n	100056ee <usbd_control_xfer_cb+0x22>
1000578c:	4904      	ldr	r1, [pc, #16]	@ (100057a0 <usbd_control_xfer_cb+0xd4>)
1000578e:	4805      	ldr	r0, [pc, #20]	@ (100057a4 <usbd_control_xfer_cb+0xd8>)
10005790:	22cd      	movs	r2, #205	@ 0xcd
10005792:	f7fe fb65 	bl	10003e60 <__wrap_printf>
10005796:	e7aa      	b.n	100056ee <usbd_control_xfer_cb+0x22>
10005798:	2400      	movs	r4, #0
1000579a:	e7a8      	b.n	100056ee <usbd_control_xfer_cb+0x22>
1000579c:	20001248 	.word	0x20001248
100057a0:	10009368 	.word	0x10009368
100057a4:	1000878c 	.word	0x1000878c
100057a8:	20001208 	.word	0x20001208

100057ac <_prep_out_transaction>:
100057ac:	b570      	push	{r4, r5, r6, lr}
100057ae:	0005      	movs	r5, r0
100057b0:	f7ff fa6a 	bl	10004c88 <tud_mounted>
100057b4:	2800      	cmp	r0, #0
100057b6:	d102      	bne.n	100057be <_prep_out_transaction+0x12>
100057b8:	2400      	movs	r4, #0
100057ba:	0020      	movs	r0, r4
100057bc:	bd70      	pop	{r4, r5, r6, pc}
100057be:	f7ff fa6b 	bl	10004c98 <tud_suspended>
100057c2:	1e04      	subs	r4, r0, #0
100057c4:	d1f8      	bne.n	100057b8 <_prep_out_transaction+0xc>
100057c6:	4b1c      	ldr	r3, [pc, #112]	@ (10005838 <_prep_out_transaction+0x8c>)
100057c8:	22c8      	movs	r2, #200	@ 0xc8
100057ca:	436a      	muls	r2, r5
100057cc:	189b      	adds	r3, r3, r2
100057ce:	78db      	ldrb	r3, [r3, #3]
100057d0:	2b00      	cmp	r3, #0
100057d2:	d0f1      	beq.n	100057b8 <_prep_out_transaction+0xc>
100057d4:	26c8      	movs	r6, #200	@ 0xc8
100057d6:	436e      	muls	r6, r5
100057d8:	3610      	adds	r6, #16
100057da:	4b17      	ldr	r3, [pc, #92]	@ (10005838 <_prep_out_transaction+0x8c>)
100057dc:	18f6      	adds	r6, r6, r3
100057de:	0030      	movs	r0, r6
100057e0:	f001 f930 	bl	10006a44 <tu_fifo_remaining>
100057e4:	283f      	cmp	r0, #63	@ 0x3f
100057e6:	d9e8      	bls.n	100057ba <_prep_out_transaction+0xe>
100057e8:	4b13      	ldr	r3, [pc, #76]	@ (10005838 <_prep_out_transaction+0x8c>)
100057ea:	22c8      	movs	r2, #200	@ 0xc8
100057ec:	436a      	muls	r2, r5
100057ee:	189b      	adds	r3, r3, r2
100057f0:	78d9      	ldrb	r1, [r3, #3]
100057f2:	2000      	movs	r0, #0
100057f4:	f7ff fb56 	bl	10004ea4 <usbd_edpt_claim>
100057f8:	2800      	cmp	r0, #0
100057fa:	d101      	bne.n	10005800 <_prep_out_transaction+0x54>
100057fc:	0004      	movs	r4, r0
100057fe:	e7dc      	b.n	100057ba <_prep_out_transaction+0xe>
10005800:	0030      	movs	r0, r6
10005802:	f001 f91f 	bl	10006a44 <tu_fifo_remaining>
10005806:	283f      	cmp	r0, #63	@ 0x3f
10005808:	d90d      	bls.n	10005826 <_prep_out_transaction+0x7a>
1000580a:	01ea      	lsls	r2, r5, #7
1000580c:	4b0b      	ldr	r3, [pc, #44]	@ (1000583c <_prep_out_transaction+0x90>)
1000580e:	18d2      	adds	r2, r2, r3
10005810:	4b09      	ldr	r3, [pc, #36]	@ (10005838 <_prep_out_transaction+0x8c>)
10005812:	21c8      	movs	r1, #200	@ 0xc8
10005814:	4369      	muls	r1, r5
10005816:	185b      	adds	r3, r3, r1
10005818:	78d9      	ldrb	r1, [r3, #3]
1000581a:	2340      	movs	r3, #64	@ 0x40
1000581c:	2000      	movs	r0, #0
1000581e:	f7ff fb69 	bl	10004ef4 <usbd_edpt_xfer>
10005822:	0004      	movs	r4, r0
10005824:	e7c9      	b.n	100057ba <_prep_out_transaction+0xe>
10005826:	4b04      	ldr	r3, [pc, #16]	@ (10005838 <_prep_out_transaction+0x8c>)
10005828:	22c8      	movs	r2, #200	@ 0xc8
1000582a:	436a      	muls	r2, r5
1000582c:	189b      	adds	r3, r3, r2
1000582e:	78d9      	ldrb	r1, [r3, #3]
10005830:	2000      	movs	r0, #0
10005832:	f7ff fb4b 	bl	10004ecc <usbd_edpt_release>
10005836:	e7c0      	b.n	100057ba <_prep_out_transaction+0xe>
10005838:	20001140 	.word	0x20001140
1000583c:	200010bc 	.word	0x200010bc

10005840 <tud_cdc_n_connected>:
10005840:	b510      	push	{r4, lr}
10005842:	0004      	movs	r4, r0
10005844:	f7ff fa20 	bl	10004c88 <tud_mounted>
10005848:	2800      	cmp	r0, #0
1000584a:	d101      	bne.n	10005850 <tud_cdc_n_connected+0x10>
1000584c:	2000      	movs	r0, #0
1000584e:	bd10      	pop	{r4, pc}
10005850:	f7ff fa22 	bl	10004c98 <tud_suspended>
10005854:	2800      	cmp	r0, #0
10005856:	d108      	bne.n	1000586a <tud_cdc_n_connected+0x2a>
10005858:	4b06      	ldr	r3, [pc, #24]	@ (10005874 <tud_cdc_n_connected+0x34>)
1000585a:	22c8      	movs	r2, #200	@ 0xc8
1000585c:	4362      	muls	r2, r4
1000585e:	189b      	adds	r3, r3, r2
10005860:	791b      	ldrb	r3, [r3, #4]
10005862:	07db      	lsls	r3, r3, #31
10005864:	d503      	bpl.n	1000586e <tud_cdc_n_connected+0x2e>
10005866:	3001      	adds	r0, #1
10005868:	e7f1      	b.n	1000584e <tud_cdc_n_connected+0xe>
1000586a:	2000      	movs	r0, #0
1000586c:	e7ef      	b.n	1000584e <tud_cdc_n_connected+0xe>
1000586e:	2000      	movs	r0, #0
10005870:	e7ed      	b.n	1000584e <tud_cdc_n_connected+0xe>
10005872:	46c0      	nop			@ (mov r8, r8)
10005874:	20001140 	.word	0x20001140

10005878 <tud_cdc_n_available>:
10005878:	b510      	push	{r4, lr}
1000587a:	23c8      	movs	r3, #200	@ 0xc8
1000587c:	4343      	muls	r3, r0
1000587e:	3310      	adds	r3, #16
10005880:	4802      	ldr	r0, [pc, #8]	@ (1000588c <tud_cdc_n_available+0x14>)
10005882:	1818      	adds	r0, r3, r0
10005884:	f001 f8ac 	bl	100069e0 <tu_fifo_count>
10005888:	bd10      	pop	{r4, pc}
1000588a:	46c0      	nop			@ (mov r8, r8)
1000588c:	20001140 	.word	0x20001140

10005890 <tud_cdc_n_read>:
10005890:	b570      	push	{r4, r5, r6, lr}
10005892:	0004      	movs	r4, r0
10005894:	20c8      	movs	r0, #200	@ 0xc8
10005896:	4360      	muls	r0, r4
10005898:	0003      	movs	r3, r0
1000589a:	3310      	adds	r3, #16
1000589c:	4807      	ldr	r0, [pc, #28]	@ (100058bc <tud_cdc_n_read+0x2c>)
1000589e:	1818      	adds	r0, r3, r0
100058a0:	4b07      	ldr	r3, [pc, #28]	@ (100058c0 <tud_cdc_n_read+0x30>)
100058a2:	429a      	cmp	r2, r3
100058a4:	d808      	bhi.n	100058b8 <tud_cdc_n_read+0x28>
100058a6:	b292      	uxth	r2, r2
100058a8:	f001 f904 	bl	10006ab4 <tu_fifo_read_n>
100058ac:	0005      	movs	r5, r0
100058ae:	0020      	movs	r0, r4
100058b0:	f7ff ff7c 	bl	100057ac <_prep_out_transaction>
100058b4:	0028      	movs	r0, r5
100058b6:	bd70      	pop	{r4, r5, r6, pc}
100058b8:	4a02      	ldr	r2, [pc, #8]	@ (100058c4 <tud_cdc_n_read+0x34>)
100058ba:	e7f5      	b.n	100058a8 <tud_cdc_n_read+0x18>
100058bc:	20001140 	.word	0x20001140
100058c0:	0000fffe 	.word	0x0000fffe
100058c4:	0000ffff 	.word	0x0000ffff

100058c8 <tud_cdc_n_write_flush>:
100058c8:	b570      	push	{r4, r5, r6, lr}
100058ca:	0005      	movs	r5, r0
100058cc:	f7ff f9dc 	bl	10004c88 <tud_mounted>
100058d0:	2800      	cmp	r0, #0
100058d2:	d101      	bne.n	100058d8 <tud_cdc_n_write_flush+0x10>
100058d4:	2000      	movs	r0, #0
100058d6:	bd70      	pop	{r4, r5, r6, pc}
100058d8:	f7ff f9de 	bl	10004c98 <tud_suspended>
100058dc:	2800      	cmp	r0, #0
100058de:	d1f9      	bne.n	100058d4 <tud_cdc_n_write_flush+0xc>
100058e0:	24c8      	movs	r4, #200	@ 0xc8
100058e2:	436c      	muls	r4, r5
100058e4:	3420      	adds	r4, #32
100058e6:	4b20      	ldr	r3, [pc, #128]	@ (10005968 <tud_cdc_n_write_flush+0xa0>)
100058e8:	18e4      	adds	r4, r4, r3
100058ea:	3404      	adds	r4, #4
100058ec:	0020      	movs	r0, r4
100058ee:	f001 f877 	bl	100069e0 <tu_fifo_count>
100058f2:	2800      	cmp	r0, #0
100058f4:	d101      	bne.n	100058fa <tud_cdc_n_write_flush+0x32>
100058f6:	2000      	movs	r0, #0
100058f8:	e7ed      	b.n	100058d6 <tud_cdc_n_write_flush+0xe>
100058fa:	4b1b      	ldr	r3, [pc, #108]	@ (10005968 <tud_cdc_n_write_flush+0xa0>)
100058fc:	22c8      	movs	r2, #200	@ 0xc8
100058fe:	436a      	muls	r2, r5
10005900:	189b      	adds	r3, r3, r2
10005902:	7899      	ldrb	r1, [r3, #2]
10005904:	2000      	movs	r0, #0
10005906:	f7ff facd 	bl	10004ea4 <usbd_edpt_claim>
1000590a:	2800      	cmp	r0, #0
1000590c:	d101      	bne.n	10005912 <tud_cdc_n_write_flush+0x4a>
1000590e:	2000      	movs	r0, #0
10005910:	e7e1      	b.n	100058d6 <tud_cdc_n_write_flush+0xe>
10005912:	01ee      	lsls	r6, r5, #7
10005914:	3640      	adds	r6, #64	@ 0x40
10005916:	4b15      	ldr	r3, [pc, #84]	@ (1000596c <tud_cdc_n_write_flush+0xa4>)
10005918:	18f6      	adds	r6, r6, r3
1000591a:	2240      	movs	r2, #64	@ 0x40
1000591c:	0031      	movs	r1, r6
1000591e:	0020      	movs	r0, r4
10005920:	f001 f8c8 	bl	10006ab4 <tu_fifo_read_n>
10005924:	1e04      	subs	r4, r0, #0
10005926:	d014      	beq.n	10005952 <tud_cdc_n_write_flush+0x8a>
10005928:	4b0f      	ldr	r3, [pc, #60]	@ (10005968 <tud_cdc_n_write_flush+0xa0>)
1000592a:	22c8      	movs	r2, #200	@ 0xc8
1000592c:	436a      	muls	r2, r5
1000592e:	189b      	adds	r3, r3, r2
10005930:	7899      	ldrb	r1, [r3, #2]
10005932:	0003      	movs	r3, r0
10005934:	0032      	movs	r2, r6
10005936:	2000      	movs	r0, #0
10005938:	f7ff fadc 	bl	10004ef4 <usbd_edpt_xfer>
1000593c:	2800      	cmp	r0, #0
1000593e:	d001      	beq.n	10005944 <tud_cdc_n_write_flush+0x7c>
10005940:	0020      	movs	r0, r4
10005942:	e7c8      	b.n	100058d6 <tud_cdc_n_write_flush+0xe>
10005944:	490a      	ldr	r1, [pc, #40]	@ (10005970 <tud_cdc_n_write_flush+0xa8>)
10005946:	480b      	ldr	r0, [pc, #44]	@ (10005974 <tud_cdc_n_write_flush+0xac>)
10005948:	22d5      	movs	r2, #213	@ 0xd5
1000594a:	f7fe fa89 	bl	10003e60 <__wrap_printf>
1000594e:	2000      	movs	r0, #0
10005950:	e7c1      	b.n	100058d6 <tud_cdc_n_write_flush+0xe>
10005952:	4b05      	ldr	r3, [pc, #20]	@ (10005968 <tud_cdc_n_write_flush+0xa0>)
10005954:	22c8      	movs	r2, #200	@ 0xc8
10005956:	436a      	muls	r2, r5
10005958:	189b      	adds	r3, r3, r2
1000595a:	7899      	ldrb	r1, [r3, #2]
1000595c:	2000      	movs	r0, #0
1000595e:	f7ff fab5 	bl	10004ecc <usbd_edpt_release>
10005962:	2000      	movs	r0, #0
10005964:	e7b7      	b.n	100058d6 <tud_cdc_n_write_flush+0xe>
10005966:	46c0      	nop			@ (mov r8, r8)
10005968:	20001140 	.word	0x20001140
1000596c:	200010bc 	.word	0x200010bc
10005970:	100093b0 	.word	0x100093b0
10005974:	1000878c 	.word	0x1000878c

10005978 <tud_cdc_n_write>:
10005978:	b570      	push	{r4, r5, r6, lr}
1000597a:	0005      	movs	r5, r0
1000597c:	24c8      	movs	r4, #200	@ 0xc8
1000597e:	4344      	muls	r4, r0
10005980:	3420      	adds	r4, #32
10005982:	4b0c      	ldr	r3, [pc, #48]	@ (100059b4 <tud_cdc_n_write+0x3c>)
10005984:	18e4      	adds	r4, r4, r3
10005986:	3404      	adds	r4, #4
10005988:	4b0b      	ldr	r3, [pc, #44]	@ (100059b8 <tud_cdc_n_write+0x40>)
1000598a:	429a      	cmp	r2, r3
1000598c:	d80b      	bhi.n	100059a6 <tud_cdc_n_write+0x2e>
1000598e:	b292      	uxth	r2, r2
10005990:	0020      	movs	r0, r4
10005992:	f001 f8c6 	bl	10006b22 <tu_fifo_write_n>
10005996:	0006      	movs	r6, r0
10005998:	0020      	movs	r0, r4
1000599a:	f001 f821 	bl	100069e0 <tu_fifo_count>
1000599e:	283f      	cmp	r0, #63	@ 0x3f
100059a0:	d803      	bhi.n	100059aa <tud_cdc_n_write+0x32>
100059a2:	0030      	movs	r0, r6
100059a4:	bd70      	pop	{r4, r5, r6, pc}
100059a6:	4a05      	ldr	r2, [pc, #20]	@ (100059bc <tud_cdc_n_write+0x44>)
100059a8:	e7f2      	b.n	10005990 <tud_cdc_n_write+0x18>
100059aa:	0028      	movs	r0, r5
100059ac:	f7ff ff8c 	bl	100058c8 <tud_cdc_n_write_flush>
100059b0:	e7f7      	b.n	100059a2 <tud_cdc_n_write+0x2a>
100059b2:	46c0      	nop			@ (mov r8, r8)
100059b4:	20001140 	.word	0x20001140
100059b8:	0000fffe 	.word	0x0000fffe
100059bc:	0000ffff 	.word	0x0000ffff

100059c0 <tud_cdc_n_write_available>:
100059c0:	b510      	push	{r4, lr}
100059c2:	23c8      	movs	r3, #200	@ 0xc8
100059c4:	4358      	muls	r0, r3
100059c6:	3020      	adds	r0, #32
100059c8:	4b02      	ldr	r3, [pc, #8]	@ (100059d4 <tud_cdc_n_write_available+0x14>)
100059ca:	18c0      	adds	r0, r0, r3
100059cc:	3004      	adds	r0, #4
100059ce:	f001 f839 	bl	10006a44 <tu_fifo_remaining>
100059d2:	bd10      	pop	{r4, pc}
100059d4:	20001140 	.word	0x20001140

100059d8 <cdcd_init>:
100059d8:	b5f0      	push	{r4, r5, r6, r7, lr}
100059da:	46ce      	mov	lr, r9
100059dc:	4647      	mov	r7, r8
100059de:	b580      	push	{r7, lr}
100059e0:	b083      	sub	sp, #12
100059e2:	4826      	ldr	r0, [pc, #152]	@ (10005a7c <cdcd_init+0xa4>)
100059e4:	22c8      	movs	r2, #200	@ 0xc8
100059e6:	2100      	movs	r1, #0
100059e8:	f7fc ff5c 	bl	100028a4 <__wrap_memset>
100059ec:	4b24      	ldr	r3, [pc, #144]	@ (10005a80 <cdcd_init+0xa8>)
100059ee:	2200      	movs	r2, #0
100059f0:	701a      	strb	r2, [r3, #0]
100059f2:	2700      	movs	r7, #0
100059f4:	2f00      	cmp	r7, #0
100059f6:	d004      	beq.n	10005a02 <cdcd_init+0x2a>
100059f8:	b003      	add	sp, #12
100059fa:	bcc0      	pop	{r6, r7}
100059fc:	46b9      	mov	r9, r7
100059fe:	46b0      	mov	r8, r6
10005a00:	bdf0      	pop	{r4, r5, r6, r7, pc}
10005a02:	4e1e      	ldr	r6, [pc, #120]	@ (10005a7c <cdcd_init+0xa4>)
10005a04:	24c8      	movs	r4, #200	@ 0xc8
10005a06:	437c      	muls	r4, r7
10005a08:	1935      	adds	r5, r6, r4
10005a0a:	23ff      	movs	r3, #255	@ 0xff
10005a0c:	716b      	strb	r3, [r5, #5]
10005a0e:	23e1      	movs	r3, #225	@ 0xe1
10005a10:	025b      	lsls	r3, r3, #9
10005a12:	60ab      	str	r3, [r5, #8]
10005a14:	2300      	movs	r3, #0
10005a16:	4698      	mov	r8, r3
10005a18:	732b      	strb	r3, [r5, #12]
10005a1a:	736b      	strb	r3, [r5, #13]
10005a1c:	3308      	adds	r3, #8
10005a1e:	73ab      	strb	r3, [r5, #14]
10005a20:	0021      	movs	r1, r4
10005a22:	3138      	adds	r1, #56	@ 0x38
10005a24:	1989      	adds	r1, r1, r6
10005a26:	0020      	movs	r0, r4
10005a28:	3010      	adds	r0, #16
10005a2a:	1980      	adds	r0, r0, r6
10005a2c:	4643      	mov	r3, r8
10005a2e:	9300      	str	r3, [sp, #0]
10005a30:	3301      	adds	r3, #1
10005a32:	2240      	movs	r2, #64	@ 0x40
10005a34:	f000 ff96 	bl	10006964 <tu_fifo_config>
10005a38:	0021      	movs	r1, r4
10005a3a:	3178      	adds	r1, #120	@ 0x78
10005a3c:	1989      	adds	r1, r1, r6
10005a3e:	0020      	movs	r0, r4
10005a40:	3020      	adds	r0, #32
10005a42:	1980      	adds	r0, r0, r6
10005a44:	3004      	adds	r0, #4
10005a46:	2301      	movs	r3, #1
10005a48:	9300      	str	r3, [sp, #0]
10005a4a:	2240      	movs	r2, #64	@ 0x40
10005a4c:	f000 ff8a 	bl	10006964 <tu_fifo_config>
10005a50:	0023      	movs	r3, r4
10005a52:	33b8      	adds	r3, #184	@ 0xb8
10005a54:	4699      	mov	r9, r3
10005a56:	44b1      	add	r9, r6
10005a58:	4648      	mov	r0, r9
10005a5a:	f7fb fabd 	bl	10000fd8 <mutex_init>
10005a5e:	34c0      	adds	r4, #192	@ 0xc0
10005a60:	19a4      	adds	r4, r4, r6
10005a62:	0020      	movs	r0, r4
10005a64:	f7fb fab8 	bl	10000fd8 <mutex_init>
10005a68:	4643      	mov	r3, r8
10005a6a:	61eb      	str	r3, [r5, #28]
10005a6c:	464b      	mov	r3, r9
10005a6e:	622b      	str	r3, [r5, #32]
10005a70:	632c      	str	r4, [r5, #48]	@ 0x30
10005a72:	4643      	mov	r3, r8
10005a74:	636b      	str	r3, [r5, #52]	@ 0x34
10005a76:	3701      	adds	r7, #1
10005a78:	b2ff      	uxtb	r7, r7
10005a7a:	e7bb      	b.n	100059f4 <cdcd_init+0x1c>
10005a7c:	20001140 	.word	0x20001140
10005a80:	2000113c 	.word	0x2000113c

10005a84 <cdcd_deinit>:
10005a84:	b510      	push	{r4, lr}
10005a86:	2300      	movs	r3, #0
10005a88:	2b00      	cmp	r3, #0
10005a8a:	d001      	beq.n	10005a90 <cdcd_deinit+0xc>
10005a8c:	2001      	movs	r0, #1
10005a8e:	bd10      	pop	{r4, pc}
10005a90:	0019      	movs	r1, r3
10005a92:	4a0d      	ldr	r2, [pc, #52]	@ (10005ac8 <cdcd_deinit+0x44>)
10005a94:	20c8      	movs	r0, #200	@ 0xc8
10005a96:	4358      	muls	r0, r3
10005a98:	1812      	adds	r2, r2, r0
10005a9a:	6a10      	ldr	r0, [r2, #32]
10005a9c:	6b14      	ldr	r4, [r2, #48]	@ 0x30
10005a9e:	2800      	cmp	r0, #0
10005aa0:	d006      	beq.n	10005ab0 <cdcd_deinit+0x2c>
10005aa2:	4a09      	ldr	r2, [pc, #36]	@ (10005ac8 <cdcd_deinit+0x44>)
10005aa4:	20c8      	movs	r0, #200	@ 0xc8
10005aa6:	4358      	muls	r0, r3
10005aa8:	1812      	adds	r2, r2, r0
10005aaa:	2000      	movs	r0, #0
10005aac:	61d0      	str	r0, [r2, #28]
10005aae:	6210      	str	r0, [r2, #32]
10005ab0:	2c00      	cmp	r4, #0
10005ab2:	d006      	beq.n	10005ac2 <cdcd_deinit+0x3e>
10005ab4:	4a04      	ldr	r2, [pc, #16]	@ (10005ac8 <cdcd_deinit+0x44>)
10005ab6:	20c8      	movs	r0, #200	@ 0xc8
10005ab8:	4341      	muls	r1, r0
10005aba:	1852      	adds	r2, r2, r1
10005abc:	2100      	movs	r1, #0
10005abe:	6311      	str	r1, [r2, #48]	@ 0x30
10005ac0:	6351      	str	r1, [r2, #52]	@ 0x34
10005ac2:	3301      	adds	r3, #1
10005ac4:	b2db      	uxtb	r3, r3
10005ac6:	e7df      	b.n	10005a88 <cdcd_deinit+0x4>
10005ac8:	20001140 	.word	0x20001140

10005acc <cdcd_reset>:
10005acc:	b570      	push	{r4, r5, r6, lr}
10005ace:	2400      	movs	r4, #0
10005ad0:	2c00      	cmp	r4, #0
10005ad2:	d000      	beq.n	10005ad6 <cdcd_reset+0xa>
10005ad4:	bd70      	pop	{r4, r5, r6, pc}
10005ad6:	0025      	movs	r5, r4
10005ad8:	20c8      	movs	r0, #200	@ 0xc8
10005ada:	4360      	muls	r0, r4
10005adc:	4b15      	ldr	r3, [pc, #84]	@ (10005b34 <cdcd_reset+0x68>)
10005ade:	18c0      	adds	r0, r0, r3
10005ae0:	2205      	movs	r2, #5
10005ae2:	2100      	movs	r1, #0
10005ae4:	f7fc fede 	bl	100028a4 <__wrap_memset>
10005ae8:	4b13      	ldr	r3, [pc, #76]	@ (10005b38 <cdcd_reset+0x6c>)
10005aea:	781b      	ldrb	r3, [r3, #0]
10005aec:	07db      	lsls	r3, r3, #31
10005aee:	d50f      	bpl.n	10005b10 <cdcd_reset+0x44>
10005af0:	4b11      	ldr	r3, [pc, #68]	@ (10005b38 <cdcd_reset+0x6c>)
10005af2:	781b      	ldrb	r3, [r3, #0]
10005af4:	079b      	lsls	r3, r3, #30
10005af6:	d513      	bpl.n	10005b20 <cdcd_reset+0x54>
10005af8:	20c8      	movs	r0, #200	@ 0xc8
10005afa:	4368      	muls	r0, r5
10005afc:	3020      	adds	r0, #32
10005afe:	4b0d      	ldr	r3, [pc, #52]	@ (10005b34 <cdcd_reset+0x68>)
10005b00:	18c0      	adds	r0, r0, r3
10005b02:	3004      	adds	r0, #4
10005b04:	2101      	movs	r1, #1
10005b06:	f001 f830 	bl	10006b6a <tu_fifo_set_overwritable>
10005b0a:	3401      	adds	r4, #1
10005b0c:	b2e4      	uxtb	r4, r4
10005b0e:	e7df      	b.n	10005ad0 <cdcd_reset+0x4>
10005b10:	20c8      	movs	r0, #200	@ 0xc8
10005b12:	4360      	muls	r0, r4
10005b14:	3010      	adds	r0, #16
10005b16:	4b07      	ldr	r3, [pc, #28]	@ (10005b34 <cdcd_reset+0x68>)
10005b18:	18c0      	adds	r0, r0, r3
10005b1a:	f001 f807 	bl	10006b2c <tu_fifo_clear>
10005b1e:	e7e7      	b.n	10005af0 <cdcd_reset+0x24>
10005b20:	20c8      	movs	r0, #200	@ 0xc8
10005b22:	4368      	muls	r0, r5
10005b24:	3020      	adds	r0, #32
10005b26:	4b03      	ldr	r3, [pc, #12]	@ (10005b34 <cdcd_reset+0x68>)
10005b28:	18c0      	adds	r0, r0, r3
10005b2a:	3004      	adds	r0, #4
10005b2c:	f000 fffe 	bl	10006b2c <tu_fifo_clear>
10005b30:	e7e2      	b.n	10005af8 <cdcd_reset+0x2c>
10005b32:	46c0      	nop			@ (mov r8, r8)
10005b34:	20001140 	.word	0x20001140
10005b38:	2000113c 	.word	0x2000113c

10005b3c <cdcd_open>:
10005b3c:	b5f0      	push	{r4, r5, r6, r7, lr}
10005b3e:	b085      	sub	sp, #20
10005b40:	9003      	str	r0, [sp, #12]
10005b42:	794b      	ldrb	r3, [r1, #5]
10005b44:	2b02      	cmp	r3, #2
10005b46:	d163      	bne.n	10005c10 <cdcd_open+0xd4>
10005b48:	798b      	ldrb	r3, [r1, #6]
10005b4a:	2b02      	cmp	r3, #2
10005b4c:	d164      	bne.n	10005c18 <cdcd_open+0xdc>
10005b4e:	2700      	movs	r7, #0
10005b50:	2f00      	cmp	r7, #0
10005b52:	d007      	beq.n	10005b64 <cdcd_open+0x28>
10005b54:	2f00      	cmp	r7, #0
10005b56:	d10f      	bne.n	10005b78 <cdcd_open+0x3c>
10005b58:	788b      	ldrb	r3, [r1, #2]
10005b5a:	7033      	strb	r3, [r6, #0]
10005b5c:	780c      	ldrb	r4, [r1, #0]
10005b5e:	190c      	adds	r4, r1, r4
10005b60:	2509      	movs	r5, #9
10005b62:	e015      	b.n	10005b90 <cdcd_open+0x54>
10005b64:	23c8      	movs	r3, #200	@ 0xc8
10005b66:	437b      	muls	r3, r7
10005b68:	4e2c      	ldr	r6, [pc, #176]	@ (10005c1c <cdcd_open+0xe0>)
10005b6a:	199e      	adds	r6, r3, r6
10005b6c:	78b3      	ldrb	r3, [r6, #2]
10005b6e:	2b00      	cmp	r3, #0
10005b70:	d0f0      	beq.n	10005b54 <cdcd_open+0x18>
10005b72:	3701      	adds	r7, #1
10005b74:	b2ff      	uxtb	r7, r7
10005b76:	e7eb      	b.n	10005b50 <cdcd_open+0x14>
10005b78:	2242      	movs	r2, #66	@ 0x42
10005b7a:	4929      	ldr	r1, [pc, #164]	@ (10005c20 <cdcd_open+0xe4>)
10005b7c:	4829      	ldr	r0, [pc, #164]	@ (10005c24 <cdcd_open+0xe8>)
10005b7e:	32ff      	adds	r2, #255	@ 0xff
10005b80:	f7fe f96e 	bl	10003e60 <__wrap_printf>
10005b84:	2500      	movs	r5, #0
10005b86:	e044      	b.n	10005c12 <cdcd_open+0xd6>
10005b88:	7823      	ldrb	r3, [r4, #0]
10005b8a:	195d      	adds	r5, r3, r5
10005b8c:	b2ad      	uxth	r5, r5
10005b8e:	18e4      	adds	r4, r4, r3
10005b90:	7863      	ldrb	r3, [r4, #1]
10005b92:	2b24      	cmp	r3, #36	@ 0x24
10005b94:	d101      	bne.n	10005b9a <cdcd_open+0x5e>
10005b96:	4295      	cmp	r5, r2
10005b98:	d9f6      	bls.n	10005b88 <cdcd_open+0x4c>
10005b9a:	2b05      	cmp	r3, #5
10005b9c:	d009      	beq.n	10005bb2 <cdcd_open+0x76>
10005b9e:	7863      	ldrb	r3, [r4, #1]
10005ba0:	2b04      	cmp	r3, #4
10005ba2:	d102      	bne.n	10005baa <cdcd_open+0x6e>
10005ba4:	7963      	ldrb	r3, [r4, #5]
10005ba6:	2b0a      	cmp	r3, #10
10005ba8:	d018      	beq.n	10005bdc <cdcd_open+0xa0>
10005baa:	0038      	movs	r0, r7
10005bac:	f7ff fdfe 	bl	100057ac <_prep_out_transaction>
10005bb0:	e02f      	b.n	10005c12 <cdcd_open+0xd6>
10005bb2:	0021      	movs	r1, r4
10005bb4:	9803      	ldr	r0, [sp, #12]
10005bb6:	f7ff f901 	bl	10004dbc <usbd_edpt_open>
10005bba:	2800      	cmp	r0, #0
10005bbc:	d006      	beq.n	10005bcc <cdcd_open+0x90>
10005bbe:	78a3      	ldrb	r3, [r4, #2]
10005bc0:	7073      	strb	r3, [r6, #1]
10005bc2:	7823      	ldrb	r3, [r4, #0]
10005bc4:	195d      	adds	r5, r3, r5
10005bc6:	b2ad      	uxth	r5, r5
10005bc8:	18e4      	adds	r4, r4, r3
10005bca:	e7e8      	b.n	10005b9e <cdcd_open+0x62>
10005bcc:	2254      	movs	r2, #84	@ 0x54
10005bce:	4914      	ldr	r1, [pc, #80]	@ (10005c20 <cdcd_open+0xe4>)
10005bd0:	4814      	ldr	r0, [pc, #80]	@ (10005c24 <cdcd_open+0xe8>)
10005bd2:	32ff      	adds	r2, #255	@ 0xff
10005bd4:	f7fe f944 	bl	10003e60 <__wrap_printf>
10005bd8:	2500      	movs	r5, #0
10005bda:	e01a      	b.n	10005c12 <cdcd_open+0xd6>
10005bdc:	7821      	ldrb	r1, [r4, #0]
10005bde:	194d      	adds	r5, r1, r5
10005be0:	b2ad      	uxth	r5, r5
10005be2:	1861      	adds	r1, r4, r1
10005be4:	1cb3      	adds	r3, r6, #2
10005be6:	9301      	str	r3, [sp, #4]
10005be8:	1cf3      	adds	r3, r6, #3
10005bea:	9300      	str	r3, [sp, #0]
10005bec:	2302      	movs	r3, #2
10005bee:	2202      	movs	r2, #2
10005bf0:	9803      	ldr	r0, [sp, #12]
10005bf2:	f7ff f913 	bl	10004e1c <usbd_open_edpt_pair>
10005bf6:	2800      	cmp	r0, #0
10005bf8:	d002      	beq.n	10005c00 <cdcd_open+0xc4>
10005bfa:	350e      	adds	r5, #14
10005bfc:	b2ad      	uxth	r5, r5
10005bfe:	e7d4      	b.n	10005baa <cdcd_open+0x6e>
10005c00:	22b1      	movs	r2, #177	@ 0xb1
10005c02:	4907      	ldr	r1, [pc, #28]	@ (10005c20 <cdcd_open+0xe4>)
10005c04:	4807      	ldr	r0, [pc, #28]	@ (10005c24 <cdcd_open+0xe8>)
10005c06:	0052      	lsls	r2, r2, #1
10005c08:	f7fe f92a 	bl	10003e60 <__wrap_printf>
10005c0c:	2500      	movs	r5, #0
10005c0e:	e000      	b.n	10005c12 <cdcd_open+0xd6>
10005c10:	2500      	movs	r5, #0
10005c12:	0028      	movs	r0, r5
10005c14:	b005      	add	sp, #20
10005c16:	bdf0      	pop	{r4, r5, r6, r7, pc}
10005c18:	2500      	movs	r5, #0
10005c1a:	e7fa      	b.n	10005c12 <cdcd_open+0xd6>
10005c1c:	20001140 	.word	0x20001140
10005c20:	100093a4 	.word	0x100093a4
10005c24:	1000878c 	.word	0x1000878c

10005c28 <cdcd_control_xfer_cb>:
10005c28:	b5f8      	push	{r3, r4, r5, r6, r7, lr}
10005c2a:	0014      	movs	r4, r2
10005c2c:	7812      	ldrb	r2, [r2, #0]
10005c2e:	2360      	movs	r3, #96	@ 0x60
10005c30:	4013      	ands	r3, r2
10005c32:	2b20      	cmp	r3, #32
10005c34:	d000      	beq.n	10005c38 <cdcd_control_xfer_cb+0x10>
10005c36:	e082      	b.n	10005d3e <cdcd_control_xfer_cb+0x116>
10005c38:	2500      	movs	r5, #0
10005c3a:	2d00      	cmp	r5, #0
10005c3c:	d00e      	beq.n	10005c5c <cdcd_control_xfer_cb+0x34>
10005c3e:	2d00      	cmp	r5, #0
10005c40:	d000      	beq.n	10005c44 <cdcd_control_xfer_cb+0x1c>
10005c42:	e07e      	b.n	10005d42 <cdcd_control_xfer_cb+0x11a>
10005c44:	7863      	ldrb	r3, [r4, #1]
10005c46:	2b22      	cmp	r3, #34	@ 0x22
10005c48:	d042      	beq.n	10005cd0 <cdcd_control_xfer_cb+0xa8>
10005c4a:	d817      	bhi.n	10005c7c <cdcd_control_xfer_cb+0x54>
10005c4c:	2b20      	cmp	r3, #32
10005c4e:	d01f      	beq.n	10005c90 <cdcd_control_xfer_cb+0x68>
10005c50:	2b21      	cmp	r3, #33	@ 0x21
10005c52:	d111      	bne.n	10005c78 <cdcd_control_xfer_cb+0x50>
10005c54:	2901      	cmp	r1, #1
10005c56:	d033      	beq.n	10005cc0 <cdcd_control_xfer_cb+0x98>
10005c58:	2001      	movs	r0, #1
10005c5a:	e071      	b.n	10005d40 <cdcd_control_xfer_cb+0x118>
10005c5c:	23c8      	movs	r3, #200	@ 0xc8
10005c5e:	436b      	muls	r3, r5
10005c60:	4a3c      	ldr	r2, [pc, #240]	@ (10005d54 <cdcd_control_xfer_cb+0x12c>)
10005c62:	189e      	adds	r6, r3, r2
10005c64:	5cd2      	ldrb	r2, [r2, r3]
10005c66:	7927      	ldrb	r7, [r4, #4]
10005c68:	7963      	ldrb	r3, [r4, #5]
10005c6a:	021b      	lsls	r3, r3, #8
10005c6c:	433b      	orrs	r3, r7
10005c6e:	429a      	cmp	r2, r3
10005c70:	d0e5      	beq.n	10005c3e <cdcd_control_xfer_cb+0x16>
10005c72:	3501      	adds	r5, #1
10005c74:	b2ed      	uxtb	r5, r5
10005c76:	e7e0      	b.n	10005c3a <cdcd_control_xfer_cb+0x12>
10005c78:	2000      	movs	r0, #0
10005c7a:	e061      	b.n	10005d40 <cdcd_control_xfer_cb+0x118>
10005c7c:	2b23      	cmp	r3, #35	@ 0x23
10005c7e:	d105      	bne.n	10005c8c <cdcd_control_xfer_cb+0x64>
10005c80:	2901      	cmp	r1, #1
10005c82:	d04b      	beq.n	10005d1c <cdcd_control_xfer_cb+0xf4>
10005c84:	2903      	cmp	r1, #3
10005c86:	d04e      	beq.n	10005d26 <cdcd_control_xfer_cb+0xfe>
10005c88:	2001      	movs	r0, #1
10005c8a:	e059      	b.n	10005d40 <cdcd_control_xfer_cb+0x118>
10005c8c:	2000      	movs	r0, #0
10005c8e:	e057      	b.n	10005d40 <cdcd_control_xfer_cb+0x118>
10005c90:	2901      	cmp	r1, #1
10005c92:	d003      	beq.n	10005c9c <cdcd_control_xfer_cb+0x74>
10005c94:	2903      	cmp	r1, #3
10005c96:	d009      	beq.n	10005cac <cdcd_control_xfer_cb+0x84>
10005c98:	2001      	movs	r0, #1
10005c9a:	e051      	b.n	10005d40 <cdcd_control_xfer_cb+0x118>
10005c9c:	0032      	movs	r2, r6
10005c9e:	3208      	adds	r2, #8
10005ca0:	2307      	movs	r3, #7
10005ca2:	0021      	movs	r1, r4
10005ca4:	f7ff fca8 	bl	100055f8 <tud_control_xfer>
10005ca8:	2001      	movs	r0, #1
10005caa:	e049      	b.n	10005d40 <cdcd_control_xfer_cb+0x118>
10005cac:	4b2a      	ldr	r3, [pc, #168]	@ (10005d58 <cdcd_control_xfer_cb+0x130>)
10005cae:	2b00      	cmp	r3, #0
10005cb0:	d049      	beq.n	10005d46 <cdcd_control_xfer_cb+0x11e>
10005cb2:	0031      	movs	r1, r6
10005cb4:	3108      	adds	r1, #8
10005cb6:	0028      	movs	r0, r5
10005cb8:	f7fe f958 	bl	10003f6c <tud_cdc_line_coding_cb>
10005cbc:	2001      	movs	r0, #1
10005cbe:	e03f      	b.n	10005d40 <cdcd_control_xfer_cb+0x118>
10005cc0:	0032      	movs	r2, r6
10005cc2:	3208      	adds	r2, #8
10005cc4:	2307      	movs	r3, #7
10005cc6:	0021      	movs	r1, r4
10005cc8:	f7ff fc96 	bl	100055f8 <tud_control_xfer>
10005ccc:	2001      	movs	r0, #1
10005cce:	e037      	b.n	10005d40 <cdcd_control_xfer_cb+0x118>
10005cd0:	2901      	cmp	r1, #1
10005cd2:	d003      	beq.n	10005cdc <cdcd_control_xfer_cb+0xb4>
10005cd4:	2903      	cmp	r1, #3
10005cd6:	d006      	beq.n	10005ce6 <cdcd_control_xfer_cb+0xbe>
10005cd8:	2001      	movs	r0, #1
10005cda:	e031      	b.n	10005d40 <cdcd_control_xfer_cb+0x118>
10005cdc:	0021      	movs	r1, r4
10005cde:	f7ff fc77 	bl	100055d0 <tud_control_status>
10005ce2:	2001      	movs	r0, #1
10005ce4:	e02c      	b.n	10005d40 <cdcd_control_xfer_cb+0x118>
10005ce6:	78a2      	ldrb	r2, [r4, #2]
10005ce8:	78e3      	ldrb	r3, [r4, #3]
10005cea:	021b      	lsls	r3, r3, #8
10005cec:	4313      	orrs	r3, r2
10005cee:	2401      	movs	r4, #1
10005cf0:	0027      	movs	r7, r4
10005cf2:	401f      	ands	r7, r3
10005cf4:	085a      	lsrs	r2, r3, #1
10005cf6:	4014      	ands	r4, r2
10005cf8:	7133      	strb	r3, [r6, #4]
10005cfa:	2101      	movs	r1, #1
10005cfc:	4079      	eors	r1, r7
10005cfe:	b2c9      	uxtb	r1, r1
10005d00:	0030      	movs	r0, r6
10005d02:	3024      	adds	r0, #36	@ 0x24
10005d04:	f000 ff31 	bl	10006b6a <tu_fifo_set_overwritable>
10005d08:	4b14      	ldr	r3, [pc, #80]	@ (10005d5c <cdcd_control_xfer_cb+0x134>)
10005d0a:	2b00      	cmp	r3, #0
10005d0c:	d01d      	beq.n	10005d4a <cdcd_control_xfer_cb+0x122>
10005d0e:	0022      	movs	r2, r4
10005d10:	0039      	movs	r1, r7
10005d12:	0028      	movs	r0, r5
10005d14:	e000      	b.n	10005d18 <cdcd_control_xfer_cb+0xf0>
10005d16:	bf00      	nop
10005d18:	2001      	movs	r0, #1
10005d1a:	e011      	b.n	10005d40 <cdcd_control_xfer_cb+0x118>
10005d1c:	0021      	movs	r1, r4
10005d1e:	f7ff fc57 	bl	100055d0 <tud_control_status>
10005d22:	2001      	movs	r0, #1
10005d24:	e00c      	b.n	10005d40 <cdcd_control_xfer_cb+0x118>
10005d26:	4b0e      	ldr	r3, [pc, #56]	@ (10005d60 <cdcd_control_xfer_cb+0x138>)
10005d28:	2b00      	cmp	r3, #0
10005d2a:	d010      	beq.n	10005d4e <cdcd_control_xfer_cb+0x126>
10005d2c:	78a3      	ldrb	r3, [r4, #2]
10005d2e:	78e1      	ldrb	r1, [r4, #3]
10005d30:	0209      	lsls	r1, r1, #8
10005d32:	4319      	orrs	r1, r3
10005d34:	0028      	movs	r0, r5
10005d36:	e000      	b.n	10005d3a <cdcd_control_xfer_cb+0x112>
10005d38:	bf00      	nop
10005d3a:	2001      	movs	r0, #1
10005d3c:	e000      	b.n	10005d40 <cdcd_control_xfer_cb+0x118>
10005d3e:	2000      	movs	r0, #0
10005d40:	bdf8      	pop	{r3, r4, r5, r6, r7, pc}
10005d42:	2000      	movs	r0, #0
10005d44:	e7fc      	b.n	10005d40 <cdcd_control_xfer_cb+0x118>
10005d46:	2001      	movs	r0, #1
10005d48:	e7fa      	b.n	10005d40 <cdcd_control_xfer_cb+0x118>
10005d4a:	2001      	movs	r0, #1
10005d4c:	e7f8      	b.n	10005d40 <cdcd_control_xfer_cb+0x118>
10005d4e:	2001      	movs	r0, #1
10005d50:	e7f6      	b.n	10005d40 <cdcd_control_xfer_cb+0x118>
10005d52:	46c0      	nop			@ (mov r8, r8)
10005d54:	20001140 	.word	0x20001140
10005d58:	10003f6d 	.word	0x10003f6d
	...

10005d64 <cdcd_xfer_cb>:
10005d64:	b5f0      	push	{r4, r5, r6, r7, lr}
10005d66:	46d6      	mov	lr, sl
10005d68:	4647      	mov	r7, r8
10005d6a:	b580      	push	{r7, lr}
10005d6c:	b083      	sub	sp, #12
10005d6e:	9001      	str	r0, [sp, #4]
10005d70:	000f      	movs	r7, r1
10005d72:	9300      	str	r3, [sp, #0]
10005d74:	2400      	movs	r4, #0
10005d76:	2c00      	cmp	r4, #0
10005d78:	d00f      	beq.n	10005d9a <cdcd_xfer_cb+0x36>
10005d7a:	2c00      	cmp	r4, #0
10005d7c:	d11a      	bne.n	10005db4 <cdcd_xfer_cb+0x50>
10005d7e:	46a0      	mov	r8, r4
10005d80:	78eb      	ldrb	r3, [r5, #3]
10005d82:	42bb      	cmp	r3, r7
10005d84:	d01e      	beq.n	10005dc4 <cdcd_xfer_cb+0x60>
10005d86:	78ab      	ldrb	r3, [r5, #2]
10005d88:	42bb      	cmp	r3, r7
10005d8a:	d054      	beq.n	10005e36 <cdcd_xfer_cb+0xd2>
10005d8c:	2401      	movs	r4, #1
10005d8e:	0020      	movs	r0, r4
10005d90:	b003      	add	sp, #12
10005d92:	bcc0      	pop	{r6, r7}
10005d94:	46ba      	mov	sl, r7
10005d96:	46b0      	mov	r8, r6
10005d98:	bdf0      	pop	{r4, r5, r6, r7, pc}
10005d9a:	25c8      	movs	r5, #200	@ 0xc8
10005d9c:	4365      	muls	r5, r4
10005d9e:	4b3c      	ldr	r3, [pc, #240]	@ (10005e90 <cdcd_xfer_cb+0x12c>)
10005da0:	18ed      	adds	r5, r5, r3
10005da2:	78eb      	ldrb	r3, [r5, #3]
10005da4:	42bb      	cmp	r3, r7
10005da6:	d0e8      	beq.n	10005d7a <cdcd_xfer_cb+0x16>
10005da8:	78ab      	ldrb	r3, [r5, #2]
10005daa:	42bb      	cmp	r3, r7
10005dac:	d0e5      	beq.n	10005d7a <cdcd_xfer_cb+0x16>
10005dae:	3401      	adds	r4, #1
10005db0:	b2e4      	uxtb	r4, r4
10005db2:	e7e0      	b.n	10005d76 <cdcd_xfer_cb+0x12>
10005db4:	22e6      	movs	r2, #230	@ 0xe6
10005db6:	4937      	ldr	r1, [pc, #220]	@ (10005e94 <cdcd_xfer_cb+0x130>)
10005db8:	4837      	ldr	r0, [pc, #220]	@ (10005e98 <cdcd_xfer_cb+0x134>)
10005dba:	0052      	lsls	r2, r2, #1
10005dbc:	f7fe f850 	bl	10003e60 <__wrap_printf>
10005dc0:	2400      	movs	r4, #0
10005dc2:	e7e4      	b.n	10005d8e <cdcd_xfer_cb+0x2a>
10005dc4:	2310      	movs	r3, #16
10005dc6:	469a      	mov	sl, r3
10005dc8:	44aa      	add	sl, r5
10005dca:	01e1      	lsls	r1, r4, #7
10005dcc:	4b33      	ldr	r3, [pc, #204]	@ (10005e9c <cdcd_xfer_cb+0x138>)
10005dce:	18c9      	adds	r1, r1, r3
10005dd0:	466b      	mov	r3, sp
10005dd2:	881a      	ldrh	r2, [r3, #0]
10005dd4:	4650      	mov	r0, sl
10005dd6:	f000 fea4 	bl	10006b22 <tu_fifo_write_n>
10005dda:	4b31      	ldr	r3, [pc, #196]	@ (10005ea0 <cdcd_xfer_cb+0x13c>)
10005ddc:	2b00      	cmp	r3, #0
10005dde:	d01a      	beq.n	10005e16 <cdcd_xfer_cb+0xb2>
10005de0:	796b      	ldrb	r3, [r5, #5]
10005de2:	2bff      	cmp	r3, #255	@ 0xff
10005de4:	d017      	beq.n	10005e16 <cdcd_xfer_cb+0xb2>
10005de6:	2600      	movs	r6, #0
10005de8:	e000      	b.n	10005dec <cdcd_xfer_cb+0x88>
10005dea:	3601      	adds	r6, #1
10005dec:	9b00      	ldr	r3, [sp, #0]
10005dee:	429e      	cmp	r6, r3
10005df0:	d211      	bcs.n	10005e16 <cdcd_xfer_cb+0xb2>
10005df2:	796a      	ldrb	r2, [r5, #5]
10005df4:	4b29      	ldr	r3, [pc, #164]	@ (10005e9c <cdcd_xfer_cb+0x138>)
10005df6:	4641      	mov	r1, r8
10005df8:	01c9      	lsls	r1, r1, #7
10005dfa:	185b      	adds	r3, r3, r1
10005dfc:	5d9b      	ldrb	r3, [r3, r6]
10005dfe:	429a      	cmp	r2, r3
10005e00:	d1f3      	bne.n	10005dea <cdcd_xfer_cb+0x86>
10005e02:	4650      	mov	r0, sl
10005e04:	f000 fe02 	bl	10006a0c <tu_fifo_empty>
10005e08:	2800      	cmp	r0, #0
10005e0a:	d1ee      	bne.n	10005dea <cdcd_xfer_cb+0x86>
10005e0c:	7969      	ldrb	r1, [r5, #5]
10005e0e:	0020      	movs	r0, r4
10005e10:	e000      	b.n	10005e14 <cdcd_xfer_cb+0xb0>
10005e12:	bf00      	nop
10005e14:	e7e9      	b.n	10005dea <cdcd_xfer_cb+0x86>
10005e16:	4b23      	ldr	r3, [pc, #140]	@ (10005ea4 <cdcd_xfer_cb+0x140>)
10005e18:	2b00      	cmp	r3, #0
10005e1a:	d004      	beq.n	10005e26 <cdcd_xfer_cb+0xc2>
10005e1c:	4650      	mov	r0, sl
10005e1e:	f000 fdf5 	bl	10006a0c <tu_fifo_empty>
10005e22:	2800      	cmp	r0, #0
10005e24:	d003      	beq.n	10005e2e <cdcd_xfer_cb+0xca>
10005e26:	0020      	movs	r0, r4
10005e28:	f7ff fcc0 	bl	100057ac <_prep_out_transaction>
10005e2c:	e7ab      	b.n	10005d86 <cdcd_xfer_cb+0x22>
10005e2e:	0020      	movs	r0, r4
10005e30:	e000      	b.n	10005e34 <cdcd_xfer_cb+0xd0>
10005e32:	bf00      	nop
10005e34:	e7f7      	b.n	10005e26 <cdcd_xfer_cb+0xc2>
10005e36:	4b1c      	ldr	r3, [pc, #112]	@ (10005ea8 <cdcd_xfer_cb+0x144>)
10005e38:	2b00      	cmp	r3, #0
10005e3a:	d002      	beq.n	10005e42 <cdcd_xfer_cb+0xde>
10005e3c:	0020      	movs	r0, r4
10005e3e:	e000      	b.n	10005e42 <cdcd_xfer_cb+0xde>
10005e40:	bf00      	nop
10005e42:	0020      	movs	r0, r4
10005e44:	f7ff fd40 	bl	100058c8 <tud_cdc_n_write_flush>
10005e48:	2800      	cmp	r0, #0
10005e4a:	d001      	beq.n	10005e50 <cdcd_xfer_cb+0xec>
10005e4c:	2401      	movs	r4, #1
10005e4e:	e79e      	b.n	10005d8e <cdcd_xfer_cb+0x2a>
10005e50:	0028      	movs	r0, r5
10005e52:	3024      	adds	r0, #36	@ 0x24
10005e54:	f000 fdc4 	bl	100069e0 <tu_fifo_count>
10005e58:	2800      	cmp	r0, #0
10005e5a:	d115      	bne.n	10005e88 <cdcd_xfer_cb+0x124>
10005e5c:	9b00      	ldr	r3, [sp, #0]
10005e5e:	2b00      	cmp	r3, #0
10005e60:	d014      	beq.n	10005e8c <cdcd_xfer_cb+0x128>
10005e62:	069e      	lsls	r6, r3, #26
10005e64:	d001      	beq.n	10005e6a <cdcd_xfer_cb+0x106>
10005e66:	2401      	movs	r4, #1
10005e68:	e791      	b.n	10005d8e <cdcd_xfer_cb+0x2a>
10005e6a:	78a9      	ldrb	r1, [r5, #2]
10005e6c:	9801      	ldr	r0, [sp, #4]
10005e6e:	f7ff f819 	bl	10004ea4 <usbd_edpt_claim>
10005e72:	1e04      	subs	r4, r0, #0
10005e74:	d101      	bne.n	10005e7a <cdcd_xfer_cb+0x116>
10005e76:	2401      	movs	r4, #1
10005e78:	e789      	b.n	10005d8e <cdcd_xfer_cb+0x2a>
10005e7a:	78a9      	ldrb	r1, [r5, #2]
10005e7c:	2300      	movs	r3, #0
10005e7e:	2200      	movs	r2, #0
10005e80:	9801      	ldr	r0, [sp, #4]
10005e82:	f7ff f837 	bl	10004ef4 <usbd_edpt_xfer>
10005e86:	e782      	b.n	10005d8e <cdcd_xfer_cb+0x2a>
10005e88:	2401      	movs	r4, #1
10005e8a:	e780      	b.n	10005d8e <cdcd_xfer_cb+0x2a>
10005e8c:	2401      	movs	r4, #1
10005e8e:	e77e      	b.n	10005d8e <cdcd_xfer_cb+0x2a>
10005e90:	20001140 	.word	0x20001140
10005e94:	10009394 	.word	0x10009394
10005e98:	1000878c 	.word	0x1000878c
10005e9c:	200010bc 	.word	0x200010bc
	...

10005eac <tud_vendor_n_mounted>:
10005eac:	2800      	cmp	r0, #0
10005eae:	d117      	bne.n	10005ee0 <tud_vendor_n_mounted+0x34>
10005eb0:	4b0c      	ldr	r3, [pc, #48]	@ (10005ee4 <tud_vendor_n_mounted+0x38>)
10005eb2:	2293      	movs	r2, #147	@ 0x93
10005eb4:	0092      	lsls	r2, r2, #2
10005eb6:	4342      	muls	r2, r0
10005eb8:	189b      	adds	r3, r3, r2
10005eba:	332a      	adds	r3, #42	@ 0x2a
10005ebc:	33ff      	adds	r3, #255	@ 0xff
10005ebe:	781b      	ldrb	r3, [r3, #0]
10005ec0:	2b00      	cmp	r3, #0
10005ec2:	d109      	bne.n	10005ed8 <tud_vendor_n_mounted+0x2c>
10005ec4:	4b07      	ldr	r3, [pc, #28]	@ (10005ee4 <tud_vendor_n_mounted+0x38>)
10005ec6:	2293      	movs	r2, #147	@ 0x93
10005ec8:	0092      	lsls	r2, r2, #2
10005eca:	4342      	muls	r2, r0
10005ecc:	189b      	adds	r3, r3, r2
10005ece:	795b      	ldrb	r3, [r3, #5]
10005ed0:	2b00      	cmp	r3, #0
10005ed2:	d003      	beq.n	10005edc <tud_vendor_n_mounted+0x30>
10005ed4:	3001      	adds	r0, #1
10005ed6:	e004      	b.n	10005ee2 <tud_vendor_n_mounted+0x36>
10005ed8:	2001      	movs	r0, #1
10005eda:	e002      	b.n	10005ee2 <tud_vendor_n_mounted+0x36>
10005edc:	2000      	movs	r0, #0
10005ede:	e000      	b.n	10005ee2 <tud_vendor_n_mounted+0x36>
10005ee0:	2000      	movs	r0, #0
10005ee2:	4770      	bx	lr
10005ee4:	2000140c 	.word	0x2000140c

10005ee8 <tud_vendor_n_write_flush>:
10005ee8:	b510      	push	{r4, lr}
10005eea:	2800      	cmp	r0, #0
10005eec:	d001      	beq.n	10005ef2 <tud_vendor_n_write_flush+0xa>
10005eee:	2000      	movs	r0, #0
10005ef0:	bd10      	pop	{r4, pc}
10005ef2:	2193      	movs	r1, #147	@ 0x93
10005ef4:	0089      	lsls	r1, r1, #2
10005ef6:	4341      	muls	r1, r0
10005ef8:	4b02      	ldr	r3, [pc, #8]	@ (10005f04 <tud_vendor_n_write_flush+0x1c>)
10005efa:	18c9      	adds	r1, r1, r3
10005efc:	3104      	adds	r1, #4
10005efe:	f000 fb01 	bl	10006504 <tu_edpt_stream_write_xfer>
10005f02:	e7f5      	b.n	10005ef0 <tud_vendor_n_write_flush+0x8>
10005f04:	2000140c 	.word	0x2000140c

10005f08 <vendord_init>:
10005f08:	b5f0      	push	{r4, r5, r6, r7, lr}
10005f0a:	46d6      	mov	lr, sl
10005f0c:	464f      	mov	r7, r9
10005f0e:	4646      	mov	r6, r8
10005f10:	b5c0      	push	{r6, r7, lr}
10005f12:	b084      	sub	sp, #16
10005f14:	4821      	ldr	r0, [pc, #132]	@ (10005f9c <vendord_init+0x94>)
10005f16:	2293      	movs	r2, #147	@ 0x93
10005f18:	0092      	lsls	r2, r2, #2
10005f1a:	2100      	movs	r1, #0
10005f1c:	f7fc fcc2 	bl	100028a4 <__wrap_memset>
10005f20:	2500      	movs	r5, #0
10005f22:	2d00      	cmp	r5, #0
10005f24:	d005      	beq.n	10005f32 <vendord_init+0x2a>
10005f26:	b004      	add	sp, #16
10005f28:	bce0      	pop	{r5, r6, r7}
10005f2a:	46ba      	mov	sl, r7
10005f2c:	46b1      	mov	r9, r6
10005f2e:	46a8      	mov	r8, r5
10005f30:	bdf0      	pop	{r4, r5, r6, r7, pc}
10005f32:	2493      	movs	r4, #147	@ 0x93
10005f34:	00a4      	lsls	r4, r4, #2
10005f36:	436c      	muls	r4, r5
10005f38:	0023      	movs	r3, r4
10005f3a:	3349      	adds	r3, #73	@ 0x49
10005f3c:	33ff      	adds	r3, #255	@ 0xff
10005f3e:	4a17      	ldr	r2, [pc, #92]	@ (10005f9c <vendord_init+0x94>)
10005f40:	4691      	mov	r9, r2
10005f42:	444b      	add	r3, r9
10005f44:	3304      	adds	r3, #4
10005f46:	01ee      	lsls	r6, r5, #7
10005f48:	4a15      	ldr	r2, [pc, #84]	@ (10005fa0 <vendord_init+0x98>)
10005f4a:	4692      	mov	sl, r2
10005f4c:	18b2      	adds	r2, r6, r2
10005f4e:	0020      	movs	r0, r4
10005f50:	3029      	adds	r0, #41	@ 0x29
10005f52:	30ff      	adds	r0, #255	@ 0xff
10005f54:	4448      	add	r0, r9
10005f56:	2140      	movs	r1, #64	@ 0x40
10005f58:	4688      	mov	r8, r1
10005f5a:	9103      	str	r1, [sp, #12]
10005f5c:	9202      	str	r2, [sp, #8]
10005f5e:	2780      	movs	r7, #128	@ 0x80
10005f60:	007f      	lsls	r7, r7, #1
10005f62:	9701      	str	r7, [sp, #4]
10005f64:	9300      	str	r3, [sp, #0]
10005f66:	2300      	movs	r3, #0
10005f68:	2200      	movs	r2, #0
10005f6a:	2100      	movs	r1, #0
10005f6c:	f000 fa57 	bl	1000641e <tu_edpt_stream_init>
10005f70:	0023      	movs	r3, r4
10005f72:	3320      	adds	r3, #32
10005f74:	444b      	add	r3, r9
10005f76:	3308      	adds	r3, #8
10005f78:	3640      	adds	r6, #64	@ 0x40
10005f7a:	4456      	add	r6, sl
10005f7c:	0020      	movs	r0, r4
10005f7e:	4448      	add	r0, r9
10005f80:	3004      	adds	r0, #4
10005f82:	4642      	mov	r2, r8
10005f84:	9203      	str	r2, [sp, #12]
10005f86:	9602      	str	r6, [sp, #8]
10005f88:	9701      	str	r7, [sp, #4]
10005f8a:	9300      	str	r3, [sp, #0]
10005f8c:	2300      	movs	r3, #0
10005f8e:	3a3f      	subs	r2, #63	@ 0x3f
10005f90:	2100      	movs	r1, #0
10005f92:	f000 fa44 	bl	1000641e <tu_edpt_stream_init>
10005f96:	3501      	adds	r5, #1
10005f98:	b2ed      	uxtb	r5, r5
10005f9a:	e7c2      	b.n	10005f22 <vendord_init+0x1a>
10005f9c:	2000140c 	.word	0x2000140c
10005fa0:	2000138c 	.word	0x2000138c

10005fa4 <vendord_deinit>:
10005fa4:	b570      	push	{r4, r5, r6, lr}
10005fa6:	2500      	movs	r5, #0
10005fa8:	2d00      	cmp	r5, #0
10005faa:	d001      	beq.n	10005fb0 <vendord_deinit+0xc>
10005fac:	2001      	movs	r0, #1
10005fae:	bd70      	pop	{r4, r5, r6, pc}
10005fb0:	2493      	movs	r4, #147	@ 0x93
10005fb2:	00a4      	lsls	r4, r4, #2
10005fb4:	436c      	muls	r4, r5
10005fb6:	0020      	movs	r0, r4
10005fb8:	3029      	adds	r0, #41	@ 0x29
10005fba:	30ff      	adds	r0, #255	@ 0xff
10005fbc:	4e05      	ldr	r6, [pc, #20]	@ (10005fd4 <vendord_deinit+0x30>)
10005fbe:	1980      	adds	r0, r0, r6
10005fc0:	f000 fa5e 	bl	10006480 <tu_edpt_stream_deinit>
10005fc4:	19a0      	adds	r0, r4, r6
10005fc6:	3004      	adds	r0, #4
10005fc8:	f000 fa5a 	bl	10006480 <tu_edpt_stream_deinit>
10005fcc:	3501      	adds	r5, #1
10005fce:	b2ed      	uxtb	r5, r5
10005fd0:	e7ea      	b.n	10005fa8 <vendord_deinit+0x4>
10005fd2:	46c0      	nop			@ (mov r8, r8)
10005fd4:	2000140c 	.word	0x2000140c

10005fd8 <vendord_reset>:
10005fd8:	b5f0      	push	{r4, r5, r6, r7, lr}
10005fda:	46c6      	mov	lr, r8
10005fdc:	b500      	push	{lr}
10005fde:	2500      	movs	r5, #0
10005fe0:	2d00      	cmp	r5, #0
10005fe2:	d002      	beq.n	10005fea <vendord_reset+0x12>
10005fe4:	bc80      	pop	{r7}
10005fe6:	46b8      	mov	r8, r7
10005fe8:	bdf0      	pop	{r4, r5, r6, r7, pc}
10005fea:	2493      	movs	r4, #147	@ 0x93
10005fec:	00a4      	lsls	r4, r4, #2
10005fee:	436c      	muls	r4, r5
10005ff0:	4b0c      	ldr	r3, [pc, #48]	@ (10006024 <vendord_reset+0x4c>)
10005ff2:	4698      	mov	r8, r3
10005ff4:	18e6      	adds	r6, r4, r3
10005ff6:	2700      	movs	r7, #0
10005ff8:	7037      	strb	r7, [r6, #0]
10005ffa:	0020      	movs	r0, r4
10005ffc:	3031      	adds	r0, #49	@ 0x31
10005ffe:	30ff      	adds	r0, #255	@ 0xff
10006000:	4440      	add	r0, r8
10006002:	f000 fd93 	bl	10006b2c <tu_fifo_clear>
10006006:	3408      	adds	r4, #8
10006008:	0020      	movs	r0, r4
1000600a:	4440      	add	r0, r8
1000600c:	3004      	adds	r0, #4
1000600e:	f000 fd8d 	bl	10006b2c <tu_fifo_clear>
10006012:	0033      	movs	r3, r6
10006014:	332a      	adds	r3, #42	@ 0x2a
10006016:	33ff      	adds	r3, #255	@ 0xff
10006018:	701f      	strb	r7, [r3, #0]
1000601a:	7177      	strb	r7, [r6, #5]
1000601c:	3501      	adds	r5, #1
1000601e:	b2ed      	uxtb	r5, r5
10006020:	e7de      	b.n	10005fe0 <vendord_reset+0x8>
10006022:	46c0      	nop			@ (mov r8, r8)
10006024:	2000140c 	.word	0x2000140c

10006028 <vendord_open>:
10006028:	b5f0      	push	{r4, r5, r6, r7, lr}
1000602a:	46c6      	mov	lr, r8
1000602c:	b500      	push	{lr}
1000602e:	b082      	sub	sp, #8
10006030:	9001      	str	r0, [sp, #4]
10006032:	000f      	movs	r7, r1
10006034:	794b      	ldrb	r3, [r1, #5]
10006036:	2bff      	cmp	r3, #255	@ 0xff
10006038:	d000      	beq.n	1000603c <vendord_open+0x14>
1000603a:	e08c      	b.n	10006156 <vendord_open+0x12e>
1000603c:	780c      	ldrb	r4, [r1, #0]
1000603e:	190c      	adds	r4, r1, r4
10006040:	18a5      	adds	r5, r4, r2
10006042:	2600      	movs	r6, #0
10006044:	2e00      	cmp	r6, #0
10006046:	d001      	beq.n	1000604c <vendord_open+0x24>
10006048:	2000      	movs	r0, #0
1000604a:	e085      	b.n	10006158 <vendord_open+0x130>
1000604c:	0030      	movs	r0, r6
1000604e:	f7ff ff2d 	bl	10005eac <tud_vendor_n_mounted>
10006052:	2800      	cmp	r0, #0
10006054:	d002      	beq.n	1000605c <vendord_open+0x34>
10006056:	3601      	adds	r6, #1
10006058:	b2f6      	uxtb	r6, r6
1000605a:	e7f3      	b.n	10006044 <vendord_open+0x1c>
1000605c:	2393      	movs	r3, #147	@ 0x93
1000605e:	009b      	lsls	r3, r3, #2
10006060:	4373      	muls	r3, r6
10006062:	4a3f      	ldr	r2, [pc, #252]	@ (10006160 <vendord_open+0x138>)
10006064:	4698      	mov	r8, r3
10006066:	4490      	add	r8, r2
10006068:	78bb      	ldrb	r3, [r7, #2]
1000606a:	4642      	mov	r2, r8
1000606c:	7013      	strb	r3, [r2, #0]
1000606e:	e033      	b.n	100060d8 <vendord_open+0xb0>
10006070:	42ac      	cmp	r4, r5
10006072:	d26d      	bcs.n	10006150 <vendord_open+0x128>
10006074:	0021      	movs	r1, r4
10006076:	9801      	ldr	r0, [sp, #4]
10006078:	f7fe fea0 	bl	10004dbc <usbd_edpt_open>
1000607c:	2800      	cmp	r0, #0
1000607e:	d036      	beq.n	100060ee <vendord_open+0xc6>
10006080:	3601      	adds	r6, #1
10006082:	b2f6      	uxtb	r6, r6
10006084:	78a3      	ldrb	r3, [r4, #2]
10006086:	09db      	lsrs	r3, r3, #7
10006088:	2b01      	cmp	r3, #1
1000608a:	d037      	beq.n	100060fc <vendord_open+0xd4>
1000608c:	4640      	mov	r0, r8
1000608e:	3031      	adds	r0, #49	@ 0x31
10006090:	30ff      	adds	r0, #255	@ 0xff
10006092:	f000 fd4b 	bl	10006b2c <tu_fifo_clear>
10006096:	78a1      	ldrb	r1, [r4, #2]
10006098:	2294      	movs	r2, #148	@ 0x94
1000609a:	0052      	lsls	r2, r2, #1
1000609c:	4643      	mov	r3, r8
1000609e:	189b      	adds	r3, r3, r2
100060a0:	7059      	strb	r1, [r3, #1]
100060a2:	7921      	ldrb	r1, [r4, #4]
100060a4:	7963      	ldrb	r3, [r4, #5]
100060a6:	021b      	lsls	r3, r3, #8
100060a8:	430b      	orrs	r3, r1
100060aa:	055b      	lsls	r3, r3, #21
100060ac:	0d5b      	lsrs	r3, r3, #21
100060ae:	492d      	ldr	r1, [pc, #180]	@ (10006164 <vendord_open+0x13c>)
100060b0:	468c      	mov	ip, r1
100060b2:	4463      	add	r3, ip
100060b4:	4259      	negs	r1, r3
100060b6:	414b      	adcs	r3, r1
100060b8:	005b      	lsls	r3, r3, #1
100060ba:	4641      	mov	r1, r8
100060bc:	5c89      	ldrb	r1, [r1, r2]
100060be:	2002      	movs	r0, #2
100060c0:	4381      	bics	r1, r0
100060c2:	430b      	orrs	r3, r1
100060c4:	4641      	mov	r1, r8
100060c6:	548b      	strb	r3, [r1, r2]
100060c8:	1889      	adds	r1, r1, r2
100060ca:	9801      	ldr	r0, [sp, #4]
100060cc:	f000 fa5c 	bl	10006588 <tu_edpt_stream_read_xfer>
100060d0:	2800      	cmp	r0, #0
100060d2:	d036      	beq.n	10006142 <vendord_open+0x11a>
100060d4:	7823      	ldrb	r3, [r4, #0]
100060d6:	18e4      	adds	r4, r4, r3
100060d8:	793b      	ldrb	r3, [r7, #4]
100060da:	42b3      	cmp	r3, r6
100060dc:	d938      	bls.n	10006150 <vendord_open+0x128>
100060de:	7863      	ldrb	r3, [r4, #1]
100060e0:	2b05      	cmp	r3, #5
100060e2:	d0c5      	beq.n	10006070 <vendord_open+0x48>
100060e4:	42ac      	cmp	r4, r5
100060e6:	d2c3      	bcs.n	10006070 <vendord_open+0x48>
100060e8:	7823      	ldrb	r3, [r4, #0]
100060ea:	18e4      	adds	r4, r4, r3
100060ec:	e7f7      	b.n	100060de <vendord_open+0xb6>
100060ee:	491e      	ldr	r1, [pc, #120]	@ (10006168 <vendord_open+0x140>)
100060f0:	481e      	ldr	r0, [pc, #120]	@ (1000616c <vendord_open+0x144>)
100060f2:	22e0      	movs	r2, #224	@ 0xe0
100060f4:	f7fd feb4 	bl	10003e60 <__wrap_printf>
100060f8:	2000      	movs	r0, #0
100060fa:	e02d      	b.n	10006158 <vendord_open+0x130>
100060fc:	4640      	mov	r0, r8
100060fe:	300c      	adds	r0, #12
10006100:	f000 fd14 	bl	10006b2c <tu_fifo_clear>
10006104:	78a3      	ldrb	r3, [r4, #2]
10006106:	4642      	mov	r2, r8
10006108:	7153      	strb	r3, [r2, #5]
1000610a:	7922      	ldrb	r2, [r4, #4]
1000610c:	7963      	ldrb	r3, [r4, #5]
1000610e:	021b      	lsls	r3, r3, #8
10006110:	4313      	orrs	r3, r2
10006112:	055b      	lsls	r3, r3, #21
10006114:	0d5b      	lsrs	r3, r3, #21
10006116:	4a13      	ldr	r2, [pc, #76]	@ (10006164 <vendord_open+0x13c>)
10006118:	4694      	mov	ip, r2
1000611a:	4463      	add	r3, ip
1000611c:	425a      	negs	r2, r3
1000611e:	4153      	adcs	r3, r2
10006120:	005b      	lsls	r3, r3, #1
10006122:	4642      	mov	r2, r8
10006124:	7912      	ldrb	r2, [r2, #4]
10006126:	2102      	movs	r1, #2
10006128:	438a      	bics	r2, r1
1000612a:	4313      	orrs	r3, r2
1000612c:	4642      	mov	r2, r8
1000612e:	7113      	strb	r3, [r2, #4]
10006130:	4b0b      	ldr	r3, [pc, #44]	@ (10006160 <vendord_open+0x138>)
10006132:	1ad3      	subs	r3, r2, r3
10006134:	109b      	asrs	r3, r3, #2
10006136:	480e      	ldr	r0, [pc, #56]	@ (10006170 <vendord_open+0x148>)
10006138:	4358      	muls	r0, r3
1000613a:	b2c0      	uxtb	r0, r0
1000613c:	f7ff fed4 	bl	10005ee8 <tud_vendor_n_write_flush>
10006140:	e7c8      	b.n	100060d4 <vendord_open+0xac>
10006142:	4909      	ldr	r1, [pc, #36]	@ (10006168 <vendord_open+0x140>)
10006144:	4809      	ldr	r0, [pc, #36]	@ (1000616c <vendord_open+0x144>)
10006146:	22e8      	movs	r2, #232	@ 0xe8
10006148:	f7fd fe8a 	bl	10003e60 <__wrap_printf>
1000614c:	2000      	movs	r0, #0
1000614e:	e003      	b.n	10006158 <vendord_open+0x130>
10006150:	1be0      	subs	r0, r4, r7
10006152:	b280      	uxth	r0, r0
10006154:	e000      	b.n	10006158 <vendord_open+0x130>
10006156:	2000      	movs	r0, #0
10006158:	b002      	add	sp, #8
1000615a:	bc80      	pop	{r7}
1000615c:	46b8      	mov	r8, r7
1000615e:	bdf0      	pop	{r4, r5, r6, r7, pc}
10006160:	2000140c 	.word	0x2000140c
10006164:	fffffe00 	.word	0xfffffe00
10006168:	100093c8 	.word	0x100093c8
1000616c:	1000878c 	.word	0x1000878c
10006170:	08b51d9b 	.word	0x08b51d9b

10006174 <vendord_xfer_cb>:
10006174:	b5f0      	push	{r4, r5, r6, r7, lr}
10006176:	b083      	sub	sp, #12
10006178:	0006      	movs	r6, r0
1000617a:	001d      	movs	r5, r3
1000617c:	2400      	movs	r4, #0
1000617e:	2c00      	cmp	r4, #0
10006180:	d00c      	beq.n	1000619c <vendord_xfer_cb+0x28>
10006182:	2c00      	cmp	r4, #0
10006184:	d157      	bne.n	10006236 <vendord_xfer_cb+0xc2>
10006186:	9401      	str	r4, [sp, #4]
10006188:	232a      	movs	r3, #42	@ 0x2a
1000618a:	33ff      	adds	r3, #255	@ 0xff
1000618c:	5cfb      	ldrb	r3, [r7, r3]
1000618e:	428b      	cmp	r3, r1
10006190:	d015      	beq.n	100061be <vendord_xfer_cb+0x4a>
10006192:	797b      	ldrb	r3, [r7, #5]
10006194:	428b      	cmp	r3, r1
10006196:	d036      	beq.n	10006206 <vendord_xfer_cb+0x92>
10006198:	2001      	movs	r0, #1
1000619a:	e04d      	b.n	10006238 <vendord_xfer_cb+0xc4>
1000619c:	2393      	movs	r3, #147	@ 0x93
1000619e:	009b      	lsls	r3, r3, #2
100061a0:	4363      	muls	r3, r4
100061a2:	4f26      	ldr	r7, [pc, #152]	@ (1000623c <vendord_xfer_cb+0xc8>)
100061a4:	19df      	adds	r7, r3, r7
100061a6:	003b      	movs	r3, r7
100061a8:	332a      	adds	r3, #42	@ 0x2a
100061aa:	33ff      	adds	r3, #255	@ 0xff
100061ac:	781b      	ldrb	r3, [r3, #0]
100061ae:	428b      	cmp	r3, r1
100061b0:	d0e7      	beq.n	10006182 <vendord_xfer_cb+0xe>
100061b2:	797b      	ldrb	r3, [r7, #5]
100061b4:	428b      	cmp	r3, r1
100061b6:	d0e4      	beq.n	10006182 <vendord_xfer_cb+0xe>
100061b8:	3401      	adds	r4, #1
100061ba:	b2e4      	uxtb	r4, r4
100061bc:	e7df      	b.n	1000617e <vendord_xfer_cb+0xa>
100061be:	003b      	movs	r3, r7
100061c0:	3331      	adds	r3, #49	@ 0x31
100061c2:	33ff      	adds	r3, #255	@ 0xff
100061c4:	889b      	ldrh	r3, [r3, #4]
100061c6:	2b00      	cmp	r3, #0
100061c8:	d112      	bne.n	100061f0 <vendord_xfer_cb+0x7c>
100061ca:	4b1d      	ldr	r3, [pc, #116]	@ (10006240 <vendord_xfer_cb+0xcc>)
100061cc:	2b00      	cmp	r3, #0
100061ce:	d007      	beq.n	100061e0 <vendord_xfer_cb+0x6c>
100061d0:	9b01      	ldr	r3, [sp, #4]
100061d2:	01d9      	lsls	r1, r3, #7
100061d4:	4b1b      	ldr	r3, [pc, #108]	@ (10006244 <vendord_xfer_cb+0xd0>)
100061d6:	18c9      	adds	r1, r1, r3
100061d8:	b2aa      	uxth	r2, r5
100061da:	0020      	movs	r0, r4
100061dc:	e000      	b.n	100061e0 <vendord_xfer_cb+0x6c>
100061de:	bf00      	nop
100061e0:	0039      	movs	r1, r7
100061e2:	3129      	adds	r1, #41	@ 0x29
100061e4:	31ff      	adds	r1, #255	@ 0xff
100061e6:	0030      	movs	r0, r6
100061e8:	f000 f9ce 	bl	10006588 <tu_edpt_stream_read_xfer>
100061ec:	2001      	movs	r0, #1
100061ee:	e023      	b.n	10006238 <vendord_xfer_cb+0xc4>
100061f0:	003b      	movs	r3, r7
100061f2:	3329      	adds	r3, #41	@ 0x29
100061f4:	33ff      	adds	r3, #255	@ 0xff
100061f6:	6859      	ldr	r1, [r3, #4]
100061f8:	b2aa      	uxth	r2, r5
100061fa:	0038      	movs	r0, r7
100061fc:	3031      	adds	r0, #49	@ 0x31
100061fe:	30ff      	adds	r0, #255	@ 0xff
10006200:	f000 fc8f 	bl	10006b22 <tu_fifo_write_n>
10006204:	e7e1      	b.n	100061ca <vendord_xfer_cb+0x56>
10006206:	4b10      	ldr	r3, [pc, #64]	@ (10006248 <vendord_xfer_cb+0xd4>)
10006208:	2b00      	cmp	r3, #0
1000620a:	d004      	beq.n	10006216 <vendord_xfer_cb+0xa2>
1000620c:	0429      	lsls	r1, r5, #16
1000620e:	0c09      	lsrs	r1, r1, #16
10006210:	0020      	movs	r0, r4
10006212:	e000      	b.n	10006216 <vendord_xfer_cb+0xa2>
10006214:	bf00      	nop
10006216:	1d3c      	adds	r4, r7, #4
10006218:	0021      	movs	r1, r4
1000621a:	0030      	movs	r0, r6
1000621c:	f000 f972 	bl	10006504 <tu_edpt_stream_write_xfer>
10006220:	2800      	cmp	r0, #0
10006222:	d001      	beq.n	10006228 <vendord_xfer_cb+0xb4>
10006224:	2001      	movs	r0, #1
10006226:	e007      	b.n	10006238 <vendord_xfer_cb+0xc4>
10006228:	002a      	movs	r2, r5
1000622a:	0021      	movs	r1, r4
1000622c:	0030      	movs	r0, r6
1000622e:	f000 f929 	bl	10006484 <tu_edpt_stream_write_zlp_if_needed>
10006232:	2001      	movs	r0, #1
10006234:	e000      	b.n	10006238 <vendord_xfer_cb+0xc4>
10006236:	2000      	movs	r0, #0
10006238:	b003      	add	sp, #12
1000623a:	bdf0      	pop	{r4, r5, r6, r7, pc}
1000623c:	2000140c 	.word	0x2000140c
10006240:	00000000 	.word	0x00000000
10006244:	2000138c 	.word	0x2000138c
10006248:	00000000 	.word	0x00000000

1000624c <tusb_rhport_init>:
1000624c:	b510      	push	{r4, lr}
1000624e:	b082      	sub	sp, #8
10006250:	2900      	cmp	r1, #0
10006252:	d00a      	beq.n	1000626a <tusb_rhport_init+0x1e>
10006254:	2801      	cmp	r0, #1
10006256:	d81c      	bhi.n	10006292 <tusb_rhport_init+0x46>
10006258:	780b      	ldrb	r3, [r1, #0]
1000625a:	2b00      	cmp	r3, #0
1000625c:	d019      	beq.n	10006292 <tusb_rhport_init+0x46>
1000625e:	4a16      	ldr	r2, [pc, #88]	@ (100062b8 <tusb_rhport_init+0x6c>)
10006260:	5413      	strb	r3, [r2, r0]
10006262:	2b01      	cmp	r3, #1
10006264:	d01e      	beq.n	100062a4 <tusb_rhport_init+0x58>
10006266:	2401      	movs	r4, #1
10006268:	e019      	b.n	1000629e <tusb_rhport_init+0x52>
1000626a:	a901      	add	r1, sp, #4
1000626c:	2301      	movs	r3, #1
1000626e:	700b      	strb	r3, [r1, #0]
10006270:	2300      	movs	r3, #0
10006272:	704b      	strb	r3, [r1, #1]
10006274:	2000      	movs	r0, #0
10006276:	f7fe fd21 	bl	10004cbc <tud_rhport_init>
1000627a:	1e04      	subs	r4, r0, #0
1000627c:	d003      	beq.n	10006286 <tusb_rhport_init+0x3a>
1000627e:	4b0e      	ldr	r3, [pc, #56]	@ (100062b8 <tusb_rhport_init+0x6c>)
10006280:	2201      	movs	r2, #1
10006282:	701a      	strb	r2, [r3, #0]
10006284:	e00b      	b.n	1000629e <tusb_rhport_init+0x52>
10006286:	490d      	ldr	r1, [pc, #52]	@ (100062bc <tusb_rhport_init+0x70>)
10006288:	480d      	ldr	r0, [pc, #52]	@ (100062c0 <tusb_rhport_init+0x74>)
1000628a:	2247      	movs	r2, #71	@ 0x47
1000628c:	f7fd fde8 	bl	10003e60 <__wrap_printf>
10006290:	e005      	b.n	1000629e <tusb_rhport_init+0x52>
10006292:	490a      	ldr	r1, [pc, #40]	@ (100062bc <tusb_rhport_init+0x70>)
10006294:	480a      	ldr	r0, [pc, #40]	@ (100062c0 <tusb_rhport_init+0x74>)
10006296:	225a      	movs	r2, #90	@ 0x5a
10006298:	f7fd fde2 	bl	10003e60 <__wrap_printf>
1000629c:	2400      	movs	r4, #0
1000629e:	0020      	movs	r0, r4
100062a0:	b002      	add	sp, #8
100062a2:	bd10      	pop	{r4, pc}
100062a4:	f7fe fd0a 	bl	10004cbc <tud_rhport_init>
100062a8:	1e04      	subs	r4, r0, #0
100062aa:	d1f8      	bne.n	1000629e <tusb_rhport_init+0x52>
100062ac:	4903      	ldr	r1, [pc, #12]	@ (100062bc <tusb_rhport_init+0x70>)
100062ae:	4804      	ldr	r0, [pc, #16]	@ (100062c0 <tusb_rhport_init+0x74>)
100062b0:	225f      	movs	r2, #95	@ 0x5f
100062b2:	f7fd fdd5 	bl	10003e60 <__wrap_printf>
100062b6:	e7f2      	b.n	1000629e <tusb_rhport_init+0x52>
100062b8:	2000125c 	.word	0x2000125c
100062bc:	10009448 	.word	0x10009448
100062c0:	1000878c 	.word	0x1000878c

100062c4 <tu_edpt_claim>:
100062c4:	b570      	push	{r4, r5, r6, lr}
100062c6:	0004      	movs	r4, r0
100062c8:	000d      	movs	r5, r1
100062ca:	7803      	ldrb	r3, [r0, #0]
100062cc:	07db      	lsls	r3, r3, #31
100062ce:	0fd8      	lsrs	r0, r3, #31
100062d0:	2b00      	cmp	r3, #0
100062d2:	d11d      	bne.n	10006310 <tu_edpt_claim+0x4c>
100062d4:	7823      	ldrb	r3, [r4, #0]
100062d6:	075b      	lsls	r3, r3, #29
100062d8:	0fde      	lsrs	r6, r3, #31
100062da:	2b00      	cmp	r3, #0
100062dc:	db19      	blt.n	10006312 <tu_edpt_claim+0x4e>
100062de:	2101      	movs	r1, #1
100062e0:	4249      	negs	r1, r1
100062e2:	0028      	movs	r0, r5
100062e4:	f001 faac 	bl	10007840 <__mutex_enter_timeout_ms_veneer>
100062e8:	7823      	ldrb	r3, [r4, #0]
100062ea:	07db      	lsls	r3, r3, #31
100062ec:	0fda      	lsrs	r2, r3, #31
100062ee:	2b00      	cmp	r3, #0
100062f0:	d107      	bne.n	10006302 <tu_edpt_claim+0x3e>
100062f2:	7823      	ldrb	r3, [r4, #0]
100062f4:	075b      	lsls	r3, r3, #29
100062f6:	d409      	bmi.n	1000630c <tu_edpt_claim+0x48>
100062f8:	7823      	ldrb	r3, [r4, #0]
100062fa:	2204      	movs	r2, #4
100062fc:	4313      	orrs	r3, r2
100062fe:	7023      	strb	r3, [r4, #0]
10006300:	2601      	movs	r6, #1
10006302:	0028      	movs	r0, r5
10006304:	f001 fa64 	bl	100077d0 <__mutex_exit_veneer>
10006308:	0030      	movs	r0, r6
1000630a:	e002      	b.n	10006312 <tu_edpt_claim+0x4e>
1000630c:	0016      	movs	r6, r2
1000630e:	e7f8      	b.n	10006302 <tu_edpt_claim+0x3e>
10006310:	2000      	movs	r0, #0
10006312:	bd70      	pop	{r4, r5, r6, pc}

10006314 <tu_edpt_release>:
10006314:	b570      	push	{r4, r5, r6, lr}
10006316:	0006      	movs	r6, r0
10006318:	000c      	movs	r4, r1
1000631a:	2101      	movs	r1, #1
1000631c:	4249      	negs	r1, r1
1000631e:	0020      	movs	r0, r4
10006320:	f001 fa8e 	bl	10007840 <__mutex_enter_timeout_ms_veneer>
10006324:	7833      	ldrb	r3, [r6, #0]
10006326:	075b      	lsls	r3, r3, #29
10006328:	0fdd      	lsrs	r5, r3, #31
1000632a:	2b00      	cmp	r3, #0
1000632c:	db04      	blt.n	10006338 <tu_edpt_release+0x24>
1000632e:	0020      	movs	r0, r4
10006330:	f001 fa4e 	bl	100077d0 <__mutex_exit_veneer>
10006334:	0028      	movs	r0, r5
10006336:	bd70      	pop	{r4, r5, r6, pc}
10006338:	7833      	ldrb	r3, [r6, #0]
1000633a:	07db      	lsls	r3, r3, #31
1000633c:	d404      	bmi.n	10006348 <tu_edpt_release+0x34>
1000633e:	7833      	ldrb	r3, [r6, #0]
10006340:	2204      	movs	r2, #4
10006342:	4393      	bics	r3, r2
10006344:	7033      	strb	r3, [r6, #0]
10006346:	e7f2      	b.n	1000632e <tu_edpt_release+0x1a>
10006348:	2500      	movs	r5, #0
1000634a:	e7f0      	b.n	1000632e <tu_edpt_release+0x1a>

1000634c <tu_edpt_validate>:
1000634c:	b510      	push	{r4, lr}
1000634e:	7902      	ldrb	r2, [r0, #4]
10006350:	7943      	ldrb	r3, [r0, #5]
10006352:	021b      	lsls	r3, r3, #8
10006354:	4313      	orrs	r3, r2
10006356:	055b      	lsls	r3, r3, #21
10006358:	0d5b      	lsrs	r3, r3, #21
1000635a:	78c2      	ldrb	r2, [r0, #3]
1000635c:	0792      	lsls	r2, r2, #30
1000635e:	0f92      	lsrs	r2, r2, #30
10006360:	2a02      	cmp	r2, #2
10006362:	d014      	beq.n	1000638e <tu_edpt_validate+0x42>
10006364:	2a03      	cmp	r2, #3
10006366:	d02d      	beq.n	100063c4 <tu_edpt_validate+0x78>
10006368:	2a01      	cmp	r2, #1
1000636a:	d13c      	bne.n	100063e6 <tu_edpt_validate+0x9a>
1000636c:	2902      	cmp	r1, #2
1000636e:	d004      	beq.n	1000637a <tu_edpt_validate+0x2e>
10006370:	4a1e      	ldr	r2, [pc, #120]	@ (100063ec <tu_edpt_validate+0xa0>)
10006372:	429a      	cmp	r2, r3
10006374:	d304      	bcc.n	10006380 <tu_edpt_validate+0x34>
10006376:	2001      	movs	r0, #1
10006378:	e036      	b.n	100063e8 <tu_edpt_validate+0x9c>
1000637a:	2280      	movs	r2, #128	@ 0x80
1000637c:	00d2      	lsls	r2, r2, #3
1000637e:	e7f8      	b.n	10006372 <tu_edpt_validate+0x26>
10006380:	491b      	ldr	r1, [pc, #108]	@ (100063f0 <tu_edpt_validate+0xa4>)
10006382:	481c      	ldr	r0, [pc, #112]	@ (100063f4 <tu_edpt_validate+0xa8>)
10006384:	22d1      	movs	r2, #209	@ 0xd1
10006386:	f7fd fd6b 	bl	10003e60 <__wrap_printf>
1000638a:	2000      	movs	r0, #0
1000638c:	e02c      	b.n	100063e8 <tu_edpt_validate+0x9c>
1000638e:	2902      	cmp	r1, #2
10006390:	d003      	beq.n	1000639a <tu_edpt_validate+0x4e>
10006392:	2b40      	cmp	r3, #64	@ 0x40
10006394:	d80f      	bhi.n	100063b6 <tu_edpt_validate+0x6a>
10006396:	2001      	movs	r0, #1
10006398:	e026      	b.n	100063e8 <tu_edpt_validate+0x9c>
1000639a:	2280      	movs	r2, #128	@ 0x80
1000639c:	0092      	lsls	r2, r2, #2
1000639e:	4293      	cmp	r3, r2
100063a0:	d101      	bne.n	100063a6 <tu_edpt_validate+0x5a>
100063a2:	2001      	movs	r0, #1
100063a4:	e020      	b.n	100063e8 <tu_edpt_validate+0x9c>
100063a6:	4912      	ldr	r1, [pc, #72]	@ (100063f0 <tu_edpt_validate+0xa4>)
100063a8:	4812      	ldr	r0, [pc, #72]	@ (100063f4 <tu_edpt_validate+0xa8>)
100063aa:	3a29      	subs	r2, #41	@ 0x29
100063ac:	3aff      	subs	r2, #255	@ 0xff
100063ae:	f7fd fd57 	bl	10003e60 <__wrap_printf>
100063b2:	2000      	movs	r0, #0
100063b4:	e018      	b.n	100063e8 <tu_edpt_validate+0x9c>
100063b6:	490e      	ldr	r1, [pc, #56]	@ (100063f0 <tu_edpt_validate+0xa4>)
100063b8:	480e      	ldr	r0, [pc, #56]	@ (100063f4 <tu_edpt_validate+0xa8>)
100063ba:	22db      	movs	r2, #219	@ 0xdb
100063bc:	f7fd fd50 	bl	10003e60 <__wrap_printf>
100063c0:	2000      	movs	r0, #0
100063c2:	e011      	b.n	100063e8 <tu_edpt_validate+0x9c>
100063c4:	2902      	cmp	r1, #2
100063c6:	d004      	beq.n	100063d2 <tu_edpt_validate+0x86>
100063c8:	2240      	movs	r2, #64	@ 0x40
100063ca:	429a      	cmp	r2, r3
100063cc:	d304      	bcc.n	100063d8 <tu_edpt_validate+0x8c>
100063ce:	2001      	movs	r0, #1
100063d0:	e00a      	b.n	100063e8 <tu_edpt_validate+0x9c>
100063d2:	2280      	movs	r2, #128	@ 0x80
100063d4:	00d2      	lsls	r2, r2, #3
100063d6:	e7f8      	b.n	100063ca <tu_edpt_validate+0x7e>
100063d8:	4905      	ldr	r1, [pc, #20]	@ (100063f0 <tu_edpt_validate+0xa4>)
100063da:	4806      	ldr	r0, [pc, #24]	@ (100063f4 <tu_edpt_validate+0xa8>)
100063dc:	22e1      	movs	r2, #225	@ 0xe1
100063de:	f7fd fd3f 	bl	10003e60 <__wrap_printf>
100063e2:	2000      	movs	r0, #0
100063e4:	e000      	b.n	100063e8 <tu_edpt_validate+0x9c>
100063e6:	2000      	movs	r0, #0
100063e8:	bd10      	pop	{r4, pc}
100063ea:	46c0      	nop			@ (mov r8, r8)
100063ec:	000003ff 	.word	0x000003ff
100063f0:	10009434 	.word	0x10009434
100063f4:	1000878c 	.word	0x1000878c

100063f8 <tu_edpt_bind_driver>:
100063f8:	b530      	push	{r4, r5, lr}
100063fa:	188a      	adds	r2, r1, r2
100063fc:	e001      	b.n	10006402 <tu_edpt_bind_driver+0xa>
100063fe:	780c      	ldrb	r4, [r1, #0]
10006400:	1909      	adds	r1, r1, r4
10006402:	4291      	cmp	r1, r2
10006404:	d20a      	bcs.n	1000641c <tu_edpt_bind_driver+0x24>
10006406:	784c      	ldrb	r4, [r1, #1]
10006408:	2c05      	cmp	r4, #5
1000640a:	d1f8      	bne.n	100063fe <tu_edpt_bind_driver+0x6>
1000640c:	788d      	ldrb	r5, [r1, #2]
1000640e:	347a      	adds	r4, #122	@ 0x7a
10006410:	402c      	ands	r4, r5
10006412:	0064      	lsls	r4, r4, #1
10006414:	1904      	adds	r4, r0, r4
10006416:	09ed      	lsrs	r5, r5, #7
10006418:	5563      	strb	r3, [r4, r5]
1000641a:	e7f0      	b.n	100063fe <tu_edpt_bind_driver+0x6>
1000641c:	bd30      	pop	{r4, r5, pc}

1000641e <tu_edpt_stream_init>:
1000641e:	b5f0      	push	{r4, r5, r6, r7, lr}
10006420:	b085      	sub	sp, #20
10006422:	0004      	movs	r4, r0
10006424:	9203      	str	r2, [sp, #12]
10006426:	aa0a      	add	r2, sp, #40	@ 0x28
10006428:	ca40      	ldmia	r2!, {r6}
1000642a:	8817      	ldrh	r7, [r2, #0]
1000642c:	aa0d      	add	r2, sp, #52	@ 0x34
1000642e:	8815      	ldrh	r5, [r2, #0]
10006430:	2201      	movs	r2, #1
10006432:	400a      	ands	r2, r1
10006434:	7801      	ldrb	r1, [r0, #0]
10006436:	2001      	movs	r0, #1
10006438:	4381      	bics	r1, r0
1000643a:	4311      	orrs	r1, r2
1000643c:	7021      	strb	r1, [r4, #0]
1000643e:	0020      	movs	r0, r4
10006440:	3008      	adds	r0, #8
10006442:	9300      	str	r3, [sp, #0]
10006444:	2301      	movs	r3, #1
10006446:	003a      	movs	r2, r7
10006448:	0031      	movs	r1, r6
1000644a:	f000 fa8b 	bl	10006964 <tu_fifo_config>
1000644e:	2e00      	cmp	r6, #0
10006450:	d001      	beq.n	10006456 <tu_edpt_stream_init+0x38>
10006452:	2f00      	cmp	r7, #0
10006454:	d105      	bne.n	10006462 <tu_edpt_stream_init+0x44>
10006456:	9b0c      	ldr	r3, [sp, #48]	@ 0x30
10006458:	6063      	str	r3, [r4, #4]
1000645a:	8065      	strh	r5, [r4, #2]
1000645c:	2001      	movs	r0, #1
1000645e:	b005      	add	sp, #20
10006460:	bdf0      	pop	{r4, r5, r6, r7, pc}
10006462:	0026      	movs	r6, r4
10006464:	361c      	adds	r6, #28
10006466:	0030      	movs	r0, r6
10006468:	f7fa fdb6 	bl	10000fd8 <mutex_init>
1000646c:	9b03      	ldr	r3, [sp, #12]
1000646e:	2b00      	cmp	r3, #0
10006470:	d004      	beq.n	1000647c <tu_edpt_stream_init+0x5e>
10006472:	0033      	movs	r3, r6
10006474:	2600      	movs	r6, #0
10006476:	6163      	str	r3, [r4, #20]
10006478:	61a6      	str	r6, [r4, #24]
1000647a:	e7ec      	b.n	10006456 <tu_edpt_stream_init+0x38>
1000647c:	2300      	movs	r3, #0
1000647e:	e7fa      	b.n	10006476 <tu_edpt_stream_init+0x58>

10006480 <tu_edpt_stream_deinit>:
10006480:	2001      	movs	r0, #1
10006482:	4770      	bx	lr

10006484 <tu_edpt_stream_write_zlp_if_needed>:
10006484:	b5f8      	push	{r3, r4, r5, r6, r7, lr}
10006486:	0006      	movs	r6, r0
10006488:	000c      	movs	r4, r1
1000648a:	0015      	movs	r5, r2
1000648c:	780b      	ldrb	r3, [r1, #0]
1000648e:	079b      	lsls	r3, r3, #30
10006490:	d511      	bpl.n	100064b6 <tu_edpt_stream_write_zlp_if_needed+0x32>
10006492:	2780      	movs	r7, #128	@ 0x80
10006494:	00bf      	lsls	r7, r7, #2
10006496:	0020      	movs	r0, r4
10006498:	3008      	adds	r0, #8
1000649a:	f000 faa1 	bl	100069e0 <tu_fifo_count>
1000649e:	2800      	cmp	r0, #0
100064a0:	d125      	bne.n	100064ee <tu_edpt_stream_write_zlp_if_needed+0x6a>
100064a2:	2d00      	cmp	r5, #0
100064a4:	d025      	beq.n	100064f2 <tu_edpt_stream_write_zlp_if_needed+0x6e>
100064a6:	3f01      	subs	r7, #1
100064a8:	423d      	tst	r5, r7
100064aa:	d124      	bne.n	100064f6 <tu_edpt_stream_write_zlp_if_needed+0x72>
100064ac:	7823      	ldrb	r3, [r4, #0]
100064ae:	07db      	lsls	r3, r3, #31
100064b0:	d503      	bpl.n	100064ba <tu_edpt_stream_write_zlp_if_needed+0x36>
100064b2:	2000      	movs	r0, #0
100064b4:	e01c      	b.n	100064f0 <tu_edpt_stream_write_zlp_if_needed+0x6c>
100064b6:	2740      	movs	r7, #64	@ 0x40
100064b8:	e7ed      	b.n	10006496 <tu_edpt_stream_write_zlp_if_needed+0x12>
100064ba:	7861      	ldrb	r1, [r4, #1]
100064bc:	0030      	movs	r0, r6
100064be:	f7fe fcf1 	bl	10004ea4 <usbd_edpt_claim>
100064c2:	2800      	cmp	r0, #0
100064c4:	d0f5      	beq.n	100064b2 <tu_edpt_stream_write_zlp_if_needed+0x2e>
100064c6:	7823      	ldrb	r3, [r4, #0]
100064c8:	07db      	lsls	r3, r3, #31
100064ca:	d507      	bpl.n	100064dc <tu_edpt_stream_write_zlp_if_needed+0x58>
100064cc:	22b5      	movs	r2, #181	@ 0xb5
100064ce:	490b      	ldr	r1, [pc, #44]	@ (100064fc <tu_edpt_stream_write_zlp_if_needed+0x78>)
100064d0:	480b      	ldr	r0, [pc, #44]	@ (10006500 <tu_edpt_stream_write_zlp_if_needed+0x7c>)
100064d2:	0052      	lsls	r2, r2, #1
100064d4:	f7fd fcc4 	bl	10003e60 <__wrap_printf>
100064d8:	2000      	movs	r0, #0
100064da:	e009      	b.n	100064f0 <tu_edpt_stream_write_zlp_if_needed+0x6c>
100064dc:	7861      	ldrb	r1, [r4, #1]
100064de:	2300      	movs	r3, #0
100064e0:	2200      	movs	r2, #0
100064e2:	0030      	movs	r0, r6
100064e4:	f7fe fd06 	bl	10004ef4 <usbd_edpt_xfer>
100064e8:	2800      	cmp	r0, #0
100064ea:	d101      	bne.n	100064f0 <tu_edpt_stream_write_zlp_if_needed+0x6c>
100064ec:	e7ee      	b.n	100064cc <tu_edpt_stream_write_zlp_if_needed+0x48>
100064ee:	2000      	movs	r0, #0
100064f0:	bdf8      	pop	{r3, r4, r5, r6, r7, pc}
100064f2:	2000      	movs	r0, #0
100064f4:	e7fc      	b.n	100064f0 <tu_edpt_stream_write_zlp_if_needed+0x6c>
100064f6:	2000      	movs	r0, #0
100064f8:	e7fa      	b.n	100064f0 <tu_edpt_stream_write_zlp_if_needed+0x6c>
100064fa:	46c0      	nop			@ (mov r8, r8)
100064fc:	10009410 	.word	0x10009410
10006500:	1000878c 	.word	0x1000878c

10006504 <tu_edpt_stream_write_xfer>:
10006504:	b570      	push	{r4, r5, r6, lr}
10006506:	0005      	movs	r5, r0
10006508:	000c      	movs	r4, r1
1000650a:	000e      	movs	r6, r1
1000650c:	3608      	adds	r6, #8
1000650e:	0030      	movs	r0, r6
10006510:	f000 fa66 	bl	100069e0 <tu_fifo_count>
10006514:	2800      	cmp	r0, #0
10006516:	d030      	beq.n	1000657a <tu_edpt_stream_write_xfer+0x76>
10006518:	7823      	ldrb	r3, [r4, #0]
1000651a:	07db      	lsls	r3, r3, #31
1000651c:	d501      	bpl.n	10006522 <tu_edpt_stream_write_xfer+0x1e>
1000651e:	2000      	movs	r0, #0
10006520:	bd70      	pop	{r4, r5, r6, pc}
10006522:	7861      	ldrb	r1, [r4, #1]
10006524:	0028      	movs	r0, r5
10006526:	f7fe fcbd 	bl	10004ea4 <usbd_edpt_claim>
1000652a:	2800      	cmp	r0, #0
1000652c:	d0f7      	beq.n	1000651e <tu_edpt_stream_write_xfer+0x1a>
1000652e:	6861      	ldr	r1, [r4, #4]
10006530:	8862      	ldrh	r2, [r4, #2]
10006532:	0030      	movs	r0, r6
10006534:	f000 fabe 	bl	10006ab4 <tu_fifo_read_n>
10006538:	1e06      	subs	r6, r0, #0
1000653a:	d014      	beq.n	10006566 <tu_edpt_stream_write_xfer+0x62>
1000653c:	7823      	ldrb	r3, [r4, #0]
1000653e:	07db      	lsls	r3, r3, #31
10006540:	d507      	bpl.n	10006552 <tu_edpt_stream_write_xfer+0x4e>
10006542:	22bc      	movs	r2, #188	@ 0xbc
10006544:	490e      	ldr	r1, [pc, #56]	@ (10006580 <tu_edpt_stream_write_xfer+0x7c>)
10006546:	480f      	ldr	r0, [pc, #60]	@ (10006584 <tu_edpt_stream_write_xfer+0x80>)
10006548:	0052      	lsls	r2, r2, #1
1000654a:	f7fd fc89 	bl	10003e60 <__wrap_printf>
1000654e:	2000      	movs	r0, #0
10006550:	e7e6      	b.n	10006520 <tu_edpt_stream_write_xfer+0x1c>
10006552:	6862      	ldr	r2, [r4, #4]
10006554:	7861      	ldrb	r1, [r4, #1]
10006556:	0003      	movs	r3, r0
10006558:	0028      	movs	r0, r5
1000655a:	f7fe fccb 	bl	10004ef4 <usbd_edpt_xfer>
1000655e:	2800      	cmp	r0, #0
10006560:	d0ef      	beq.n	10006542 <tu_edpt_stream_write_xfer+0x3e>
10006562:	0030      	movs	r0, r6
10006564:	e7dc      	b.n	10006520 <tu_edpt_stream_write_xfer+0x1c>
10006566:	7823      	ldrb	r3, [r4, #0]
10006568:	07db      	lsls	r3, r3, #31
1000656a:	d501      	bpl.n	10006570 <tu_edpt_stream_write_xfer+0x6c>
1000656c:	2000      	movs	r0, #0
1000656e:	e7d7      	b.n	10006520 <tu_edpt_stream_write_xfer+0x1c>
10006570:	7861      	ldrb	r1, [r4, #1]
10006572:	0028      	movs	r0, r5
10006574:	f7fe fcaa 	bl	10004ecc <usbd_edpt_release>
10006578:	e7f8      	b.n	1000656c <tu_edpt_stream_write_xfer+0x68>
1000657a:	2000      	movs	r0, #0
1000657c:	e7d0      	b.n	10006520 <tu_edpt_stream_write_xfer+0x1c>
1000657e:	46c0      	nop			@ (mov r8, r8)
10006580:	100093f4 	.word	0x100093f4
10006584:	1000878c 	.word	0x1000878c

10006588 <tu_edpt_stream_read_xfer>:
10006588:	b5f8      	push	{r3, r4, r5, r6, r7, lr}
1000658a:	0005      	movs	r5, r0
1000658c:	000c      	movs	r4, r1
1000658e:	898b      	ldrh	r3, [r1, #12]
10006590:	2b00      	cmp	r3, #0
10006592:	d122      	bne.n	100065da <tu_edpt_stream_read_xfer+0x52>
10006594:	780b      	ldrb	r3, [r1, #0]
10006596:	07db      	lsls	r3, r3, #31
10006598:	d501      	bpl.n	1000659e <tu_edpt_stream_read_xfer+0x16>
1000659a:	2000      	movs	r0, #0
1000659c:	bdf8      	pop	{r3, r4, r5, r6, r7, pc}
1000659e:	7849      	ldrb	r1, [r1, #1]
100065a0:	f7fe fc80 	bl	10004ea4 <usbd_edpt_claim>
100065a4:	2800      	cmp	r0, #0
100065a6:	d0f8      	beq.n	1000659a <tu_edpt_stream_read_xfer+0x12>
100065a8:	8863      	ldrh	r3, [r4, #2]
100065aa:	7822      	ldrb	r2, [r4, #0]
100065ac:	07d2      	lsls	r2, r2, #31
100065ae:	d507      	bpl.n	100065c0 <tu_edpt_stream_read_xfer+0x38>
100065b0:	22d9      	movs	r2, #217	@ 0xd9
100065b2:	4930      	ldr	r1, [pc, #192]	@ (10006674 <tu_edpt_stream_read_xfer+0xec>)
100065b4:	4830      	ldr	r0, [pc, #192]	@ (10006678 <tu_edpt_stream_read_xfer+0xf0>)
100065b6:	0052      	lsls	r2, r2, #1
100065b8:	f7fd fc52 	bl	10003e60 <__wrap_printf>
100065bc:	2000      	movs	r0, #0
100065be:	e7ed      	b.n	1000659c <tu_edpt_stream_read_xfer+0x14>
100065c0:	7861      	ldrb	r1, [r4, #1]
100065c2:	2b00      	cmp	r3, #0
100065c4:	d007      	beq.n	100065d6 <tu_edpt_stream_read_xfer+0x4e>
100065c6:	6862      	ldr	r2, [r4, #4]
100065c8:	0028      	movs	r0, r5
100065ca:	f7fe fc93 	bl	10004ef4 <usbd_edpt_xfer>
100065ce:	2800      	cmp	r0, #0
100065d0:	d0ee      	beq.n	100065b0 <tu_edpt_stream_read_xfer+0x28>
100065d2:	8860      	ldrh	r0, [r4, #2]
100065d4:	e7e2      	b.n	1000659c <tu_edpt_stream_read_xfer+0x14>
100065d6:	2200      	movs	r2, #0
100065d8:	e7f6      	b.n	100065c8 <tu_edpt_stream_read_xfer+0x40>
100065da:	780b      	ldrb	r3, [r1, #0]
100065dc:	079b      	lsls	r3, r3, #30
100065de:	d50d      	bpl.n	100065fc <tu_edpt_stream_read_xfer+0x74>
100065e0:	2680      	movs	r6, #128	@ 0x80
100065e2:	00b6      	lsls	r6, r6, #2
100065e4:	0027      	movs	r7, r4
100065e6:	3708      	adds	r7, #8
100065e8:	0038      	movs	r0, r7
100065ea:	f000 fa2b 	bl	10006a44 <tu_fifo_remaining>
100065ee:	4286      	cmp	r6, r0
100065f0:	d83d      	bhi.n	1000666e <tu_edpt_stream_read_xfer+0xe6>
100065f2:	7823      	ldrb	r3, [r4, #0]
100065f4:	07db      	lsls	r3, r3, #31
100065f6:	d503      	bpl.n	10006600 <tu_edpt_stream_read_xfer+0x78>
100065f8:	2000      	movs	r0, #0
100065fa:	e7cf      	b.n	1000659c <tu_edpt_stream_read_xfer+0x14>
100065fc:	2640      	movs	r6, #64	@ 0x40
100065fe:	e7f1      	b.n	100065e4 <tu_edpt_stream_read_xfer+0x5c>
10006600:	7861      	ldrb	r1, [r4, #1]
10006602:	0028      	movs	r0, r5
10006604:	f7fe fc4e 	bl	10004ea4 <usbd_edpt_claim>
10006608:	2800      	cmp	r0, #0
1000660a:	d0f5      	beq.n	100065f8 <tu_edpt_stream_read_xfer+0x70>
1000660c:	0038      	movs	r0, r7
1000660e:	f000 fa19 	bl	10006a44 <tu_fifo_remaining>
10006612:	4286      	cmp	r6, r0
10006614:	d821      	bhi.n	1000665a <tu_edpt_stream_read_xfer+0xd2>
10006616:	4276      	negs	r6, r6
10006618:	b2b6      	uxth	r6, r6
1000661a:	8862      	ldrh	r2, [r4, #2]
1000661c:	4030      	ands	r0, r6
1000661e:	1c03      	adds	r3, r0, #0
10006620:	4290      	cmp	r0, r2
10006622:	d900      	bls.n	10006626 <tu_edpt_stream_read_xfer+0x9e>
10006624:	1c13      	adds	r3, r2, #0
10006626:	b29e      	uxth	r6, r3
10006628:	7823      	ldrb	r3, [r4, #0]
1000662a:	07db      	lsls	r3, r3, #31
1000662c:	d507      	bpl.n	1000663e <tu_edpt_stream_read_xfer+0xb6>
1000662e:	22c8      	movs	r2, #200	@ 0xc8
10006630:	4910      	ldr	r1, [pc, #64]	@ (10006674 <tu_edpt_stream_read_xfer+0xec>)
10006632:	4811      	ldr	r0, [pc, #68]	@ (10006678 <tu_edpt_stream_read_xfer+0xf0>)
10006634:	32ff      	adds	r2, #255	@ 0xff
10006636:	f7fd fc13 	bl	10003e60 <__wrap_printf>
1000663a:	2000      	movs	r0, #0
1000663c:	e7ae      	b.n	1000659c <tu_edpt_stream_read_xfer+0x14>
1000663e:	7861      	ldrb	r1, [r4, #1]
10006640:	2e00      	cmp	r6, #0
10006642:	d008      	beq.n	10006656 <tu_edpt_stream_read_xfer+0xce>
10006644:	6862      	ldr	r2, [r4, #4]
10006646:	0033      	movs	r3, r6
10006648:	0028      	movs	r0, r5
1000664a:	f7fe fc53 	bl	10004ef4 <usbd_edpt_xfer>
1000664e:	2800      	cmp	r0, #0
10006650:	d0ed      	beq.n	1000662e <tu_edpt_stream_read_xfer+0xa6>
10006652:	0030      	movs	r0, r6
10006654:	e7a2      	b.n	1000659c <tu_edpt_stream_read_xfer+0x14>
10006656:	2200      	movs	r2, #0
10006658:	e7f5      	b.n	10006646 <tu_edpt_stream_read_xfer+0xbe>
1000665a:	7823      	ldrb	r3, [r4, #0]
1000665c:	07db      	lsls	r3, r3, #31
1000665e:	d501      	bpl.n	10006664 <tu_edpt_stream_read_xfer+0xdc>
10006660:	2000      	movs	r0, #0
10006662:	e79b      	b.n	1000659c <tu_edpt_stream_read_xfer+0x14>
10006664:	7861      	ldrb	r1, [r4, #1]
10006666:	0028      	movs	r0, r5
10006668:	f7fe fc30 	bl	10004ecc <usbd_edpt_release>
1000666c:	e7f8      	b.n	10006660 <tu_edpt_stream_read_xfer+0xd8>
1000666e:	2000      	movs	r0, #0
10006670:	e794      	b.n	1000659c <tu_edpt_stream_read_xfer+0x14>
10006672:	46c0      	nop			@ (mov r8, r8)
10006674:	100093d8 	.word	0x100093d8
10006678:	1000878c 	.word	0x1000878c

1000667c <advance_index>:
1000667c:	0003      	movs	r3, r0
1000667e:	188a      	adds	r2, r1, r2
10006680:	b290      	uxth	r0, r2
10006682:	4281      	cmp	r1, r0
10006684:	d802      	bhi.n	1000668c <advance_index+0x10>
10006686:	005a      	lsls	r2, r3, #1
10006688:	4290      	cmp	r0, r2
1000668a:	db03      	blt.n	10006694 <advance_index+0x18>
1000668c:	005b      	lsls	r3, r3, #1
1000668e:	b29b      	uxth	r3, r3
10006690:	1ac0      	subs	r0, r0, r3
10006692:	b280      	uxth	r0, r0
10006694:	4770      	bx	lr

10006696 <_tu_fifo_peek>:
10006696:	b570      	push	{r4, r5, r6, lr}
10006698:	0005      	movs	r5, r0
1000669a:	0008      	movs	r0, r1
1000669c:	88ac      	ldrh	r4, [r5, #4]
1000669e:	429a      	cmp	r2, r3
100066a0:	d30b      	bcc.n	100066ba <_tu_fifo_peek+0x24>
100066a2:	1ad1      	subs	r1, r2, r3
100066a4:	b289      	uxth	r1, r1
100066a6:	2900      	cmp	r1, #0
100066a8:	d01e      	beq.n	100066e8 <_tu_fifo_peek+0x52>
100066aa:	428c      	cmp	r4, r1
100066ac:	d210      	bcs.n	100066d0 <_tu_fifo_peek+0x3a>
100066ae:	4294      	cmp	r4, r2
100066b0:	d809      	bhi.n	100066c6 <_tu_fifo_peek+0x30>
100066b2:	1b12      	subs	r2, r2, r4
100066b4:	b293      	uxth	r3, r2
100066b6:	816b      	strh	r3, [r5, #10]
100066b8:	e00a      	b.n	100066d0 <_tu_fifo_peek+0x3a>
100066ba:	1ad1      	subs	r1, r2, r3
100066bc:	b289      	uxth	r1, r1
100066be:	0066      	lsls	r6, r4, #1
100066c0:	1989      	adds	r1, r1, r6
100066c2:	b289      	uxth	r1, r1
100066c4:	e7ef      	b.n	100066a6 <_tu_fifo_peek+0x10>
100066c6:	18a2      	adds	r2, r4, r2
100066c8:	b293      	uxth	r3, r2
100066ca:	e7f4      	b.n	100066b6 <_tu_fifo_peek+0x20>
100066cc:	1b1b      	subs	r3, r3, r4
100066ce:	b29b      	uxth	r3, r3
100066d0:	429c      	cmp	r4, r3
100066d2:	d9fb      	bls.n	100066cc <_tu_fifo_peek+0x36>
100066d4:	6829      	ldr	r1, [r5, #0]
100066d6:	88ea      	ldrh	r2, [r5, #6]
100066d8:	0452      	lsls	r2, r2, #17
100066da:	0c52      	lsrs	r2, r2, #17
100066dc:	4353      	muls	r3, r2
100066de:	18c9      	adds	r1, r1, r3
100066e0:	f7fc f8e6 	bl	100028b0 <__wrap___aeabi_memcpy>
100066e4:	2001      	movs	r0, #1
100066e6:	bd70      	pop	{r4, r5, r6, pc}
100066e8:	2000      	movs	r0, #0
100066ea:	e7fc      	b.n	100066e6 <_tu_fifo_peek+0x50>

100066ec <_ff_pull_n>:
100066ec:	b5f8      	push	{r3, r4, r5, r6, r7, lr}
100066ee:	46ce      	mov	lr, r9
100066f0:	4647      	mov	r7, r8
100066f2:	b580      	push	{r7, lr}
100066f4:	0005      	movs	r5, r0
100066f6:	468c      	mov	ip, r1
100066f8:	a908      	add	r1, sp, #32
100066fa:	7809      	ldrb	r1, [r1, #0]
100066fc:	8884      	ldrh	r4, [r0, #4]
100066fe:	1ae0      	subs	r0, r4, r3
10006700:	b280      	uxth	r0, r0
10006702:	1b1c      	subs	r4, r3, r4
10006704:	1914      	adds	r4, r2, r4
10006706:	b2a4      	uxth	r4, r4
10006708:	88ef      	ldrh	r7, [r5, #6]
1000670a:	047f      	lsls	r7, r7, #17
1000670c:	0c7e      	lsrs	r6, r7, #17
1000670e:	0007      	movs	r7, r0
10006710:	4377      	muls	r7, r6
10006712:	b2bf      	uxth	r7, r7
10006714:	4374      	muls	r4, r6
10006716:	b2a4      	uxth	r4, r4
10006718:	46a1      	mov	r9, r4
1000671a:	682c      	ldr	r4, [r5, #0]
1000671c:	46a0      	mov	r8, r4
1000671e:	4373      	muls	r3, r6
10006720:	4443      	add	r3, r8
10006722:	2900      	cmp	r1, #0
10006724:	d106      	bne.n	10006734 <_ff_pull_n+0x48>
10006726:	4290      	cmp	r0, r2
10006728:	d308      	bcc.n	1000673c <_ff_pull_n+0x50>
1000672a:	4372      	muls	r2, r6
1000672c:	0019      	movs	r1, r3
1000672e:	4660      	mov	r0, ip
10006730:	f7fc f8be 	bl	100028b0 <__wrap___aeabi_memcpy>
10006734:	bcc0      	pop	{r6, r7}
10006736:	46b9      	mov	r9, r7
10006738:	46b0      	mov	r8, r6
1000673a:	bdf8      	pop	{r3, r4, r5, r6, r7, pc}
1000673c:	003a      	movs	r2, r7
1000673e:	0019      	movs	r1, r3
10006740:	4664      	mov	r4, ip
10006742:	0020      	movs	r0, r4
10006744:	f7fc f8b4 	bl	100028b0 <__wrap___aeabi_memcpy>
10006748:	6829      	ldr	r1, [r5, #0]
1000674a:	19e0      	adds	r0, r4, r7
1000674c:	464a      	mov	r2, r9
1000674e:	f7fc f8af 	bl	100028b0 <__wrap___aeabi_memcpy>
10006752:	e7ef      	b.n	10006734 <_ff_pull_n+0x48>

10006754 <_tu_fifo_peek_n>:
10006754:	b5f0      	push	{r4, r5, r6, r7, lr}
10006756:	46c6      	mov	lr, r8
10006758:	b500      	push	{lr}
1000675a:	b082      	sub	sp, #8
1000675c:	001e      	movs	r6, r3
1000675e:	ab08      	add	r3, sp, #32
10006760:	881b      	ldrh	r3, [r3, #0]
10006762:	ac09      	add	r4, sp, #36	@ 0x24
10006764:	7827      	ldrb	r7, [r4, #0]
10006766:	8884      	ldrh	r4, [r0, #4]
10006768:	429e      	cmp	r6, r3
1000676a:	d30f      	bcc.n	1000678c <_tu_fifo_peek_n+0x38>
1000676c:	1af5      	subs	r5, r6, r3
1000676e:	b2ad      	uxth	r5, r5
10006770:	2d00      	cmp	r5, #0
10006772:	d01f      	beq.n	100067b4 <_tu_fifo_peek_n+0x60>
10006774:	42ac      	cmp	r4, r5
10006776:	d205      	bcs.n	10006784 <_tu_fifo_peek_n+0x30>
10006778:	42b4      	cmp	r4, r6
1000677a:	d810      	bhi.n	1000679e <_tu_fifo_peek_n+0x4a>
1000677c:	1b33      	subs	r3, r6, r4
1000677e:	b29b      	uxth	r3, r3
10006780:	8143      	strh	r3, [r0, #10]
10006782:	0025      	movs	r5, r4
10006784:	4295      	cmp	r5, r2
10006786:	d30f      	bcc.n	100067a8 <_tu_fifo_peek_n+0x54>
10006788:	0015      	movs	r5, r2
1000678a:	e00d      	b.n	100067a8 <_tu_fifo_peek_n+0x54>
1000678c:	1af5      	subs	r5, r6, r3
1000678e:	b2ad      	uxth	r5, r5
10006790:	46a8      	mov	r8, r5
10006792:	0065      	lsls	r5, r4, #1
10006794:	46ac      	mov	ip, r5
10006796:	4645      	mov	r5, r8
10006798:	4465      	add	r5, ip
1000679a:	b2ad      	uxth	r5, r5
1000679c:	e7e8      	b.n	10006770 <_tu_fifo_peek_n+0x1c>
1000679e:	19a6      	adds	r6, r4, r6
100067a0:	b2b3      	uxth	r3, r6
100067a2:	e7ed      	b.n	10006780 <_tu_fifo_peek_n+0x2c>
100067a4:	1b1b      	subs	r3, r3, r4
100067a6:	b29b      	uxth	r3, r3
100067a8:	429c      	cmp	r4, r3
100067aa:	d9fb      	bls.n	100067a4 <_tu_fifo_peek_n+0x50>
100067ac:	9700      	str	r7, [sp, #0]
100067ae:	002a      	movs	r2, r5
100067b0:	f7ff ff9c 	bl	100066ec <_ff_pull_n>
100067b4:	0028      	movs	r0, r5
100067b6:	b002      	add	sp, #8
100067b8:	bc80      	pop	{r7}
100067ba:	46b8      	mov	r8, r7
100067bc:	bdf0      	pop	{r4, r5, r6, r7, pc}

100067be <_tu_fifo_read_n>:
100067be:	b5f0      	push	{r4, r5, r6, r7, lr}
100067c0:	b083      	sub	sp, #12
100067c2:	0004      	movs	r4, r0
100067c4:	000d      	movs	r5, r1
100067c6:	0016      	movs	r6, r2
100067c8:	001f      	movs	r7, r3
100067ca:	6900      	ldr	r0, [r0, #16]
100067cc:	2800      	cmp	r0, #0
100067ce:	d003      	beq.n	100067d8 <_tu_fifo_read_n+0x1a>
100067d0:	2101      	movs	r1, #1
100067d2:	4249      	negs	r1, r1
100067d4:	f001 f834 	bl	10007840 <__mutex_enter_timeout_ms_veneer>
100067d8:	8923      	ldrh	r3, [r4, #8]
100067da:	b29b      	uxth	r3, r3
100067dc:	8962      	ldrh	r2, [r4, #10]
100067de:	9701      	str	r7, [sp, #4]
100067e0:	9200      	str	r2, [sp, #0]
100067e2:	0032      	movs	r2, r6
100067e4:	0029      	movs	r1, r5
100067e6:	0020      	movs	r0, r4
100067e8:	f7ff ffb4 	bl	10006754 <_tu_fifo_peek_n>
100067ec:	0005      	movs	r5, r0
100067ee:	8961      	ldrh	r1, [r4, #10]
100067f0:	b289      	uxth	r1, r1
100067f2:	88a0      	ldrh	r0, [r4, #4]
100067f4:	002a      	movs	r2, r5
100067f6:	f7ff ff41 	bl	1000667c <advance_index>
100067fa:	8160      	strh	r0, [r4, #10]
100067fc:	6920      	ldr	r0, [r4, #16]
100067fe:	2800      	cmp	r0, #0
10006800:	d001      	beq.n	10006806 <_tu_fifo_read_n+0x48>
10006802:	f000 ffe5 	bl	100077d0 <__mutex_exit_veneer>
10006806:	0028      	movs	r0, r5
10006808:	b003      	add	sp, #12
1000680a:	bdf0      	pop	{r4, r5, r6, r7, pc}

1000680c <_ff_push_n>:
1000680c:	b5f8      	push	{r3, r4, r5, r6, r7, lr}
1000680e:	46ce      	mov	lr, r9
10006810:	4647      	mov	r7, r8
10006812:	b580      	push	{r7, lr}
10006814:	0005      	movs	r5, r0
10006816:	468c      	mov	ip, r1
10006818:	a908      	add	r1, sp, #32
1000681a:	7808      	ldrb	r0, [r1, #0]
1000681c:	88ac      	ldrh	r4, [r5, #4]
1000681e:	1ae1      	subs	r1, r4, r3
10006820:	b289      	uxth	r1, r1
10006822:	1b1c      	subs	r4, r3, r4
10006824:	1914      	adds	r4, r2, r4
10006826:	b2a4      	uxth	r4, r4
10006828:	88ef      	ldrh	r7, [r5, #6]
1000682a:	047f      	lsls	r7, r7, #17
1000682c:	0c7e      	lsrs	r6, r7, #17
1000682e:	000f      	movs	r7, r1
10006830:	4377      	muls	r7, r6
10006832:	b2bf      	uxth	r7, r7
10006834:	4374      	muls	r4, r6
10006836:	b2a4      	uxth	r4, r4
10006838:	46a1      	mov	r9, r4
1000683a:	682c      	ldr	r4, [r5, #0]
1000683c:	46a0      	mov	r8, r4
1000683e:	4373      	muls	r3, r6
10006840:	4443      	add	r3, r8
10006842:	2800      	cmp	r0, #0
10006844:	d106      	bne.n	10006854 <_ff_push_n+0x48>
10006846:	4291      	cmp	r1, r2
10006848:	d308      	bcc.n	1000685c <_ff_push_n+0x50>
1000684a:	4372      	muls	r2, r6
1000684c:	4661      	mov	r1, ip
1000684e:	0018      	movs	r0, r3
10006850:	f7fc f82e 	bl	100028b0 <__wrap___aeabi_memcpy>
10006854:	bcc0      	pop	{r6, r7}
10006856:	46b9      	mov	r9, r7
10006858:	46b0      	mov	r8, r6
1000685a:	bdf8      	pop	{r3, r4, r5, r6, r7, pc}
1000685c:	003a      	movs	r2, r7
1000685e:	4664      	mov	r4, ip
10006860:	0021      	movs	r1, r4
10006862:	0018      	movs	r0, r3
10006864:	f7fc f824 	bl	100028b0 <__wrap___aeabi_memcpy>
10006868:	6828      	ldr	r0, [r5, #0]
1000686a:	19e1      	adds	r1, r4, r7
1000686c:	464a      	mov	r2, r9
1000686e:	f7fc f81f 	bl	100028b0 <__wrap___aeabi_memcpy>
10006872:	e7ef      	b.n	10006854 <_ff_push_n+0x48>

10006874 <_tu_fifo_write_n>:
10006874:	b5f0      	push	{r4, r5, r6, r7, lr}
10006876:	b085      	sub	sp, #20
10006878:	0006      	movs	r6, r0
1000687a:	9103      	str	r1, [sp, #12]
1000687c:	1e17      	subs	r7, r2, #0
1000687e:	9302      	str	r3, [sp, #8]
10006880:	d100      	bne.n	10006884 <_tu_fifo_write_n+0x10>
10006882:	e06d      	b.n	10006960 <_tu_fifo_write_n+0xec>
10006884:	68c0      	ldr	r0, [r0, #12]
10006886:	2800      	cmp	r0, #0
10006888:	d003      	beq.n	10006892 <_tu_fifo_write_n+0x1e>
1000688a:	2101      	movs	r1, #1
1000688c:	4249      	negs	r1, r1
1000688e:	f000 ffd7 	bl	10007840 <__mutex_enter_timeout_ms_veneer>
10006892:	8934      	ldrh	r4, [r6, #8]
10006894:	b2a4      	uxth	r4, r4
10006896:	8971      	ldrh	r1, [r6, #10]
10006898:	b289      	uxth	r1, r1
1000689a:	79f3      	ldrb	r3, [r6, #7]
1000689c:	09db      	lsrs	r3, r3, #7
1000689e:	d118      	bne.n	100068d2 <_tu_fifo_write_n+0x5e>
100068a0:	88b3      	ldrh	r3, [r6, #4]
100068a2:	428c      	cmp	r4, r1
100068a4:	d30f      	bcc.n	100068c6 <_tu_fifo_write_n+0x52>
100068a6:	1a61      	subs	r1, r4, r1
100068a8:	b289      	uxth	r1, r1
100068aa:	428b      	cmp	r3, r1
100068ac:	d956      	bls.n	1000695c <_tu_fifo_write_n+0xe8>
100068ae:	1a5b      	subs	r3, r3, r1
100068b0:	b29b      	uxth	r3, r3
100068b2:	1c3a      	adds	r2, r7, #0
100068b4:	429f      	cmp	r7, r3
100068b6:	d900      	bls.n	100068ba <_tu_fifo_write_n+0x46>
100068b8:	1c1a      	adds	r2, r3, #0
100068ba:	b295      	uxth	r5, r2
100068bc:	2d00      	cmp	r5, #0
100068be:	d045      	beq.n	1000694c <_tu_fifo_write_n+0xd8>
100068c0:	88b2      	ldrh	r2, [r6, #4]
100068c2:	0023      	movs	r3, r4
100068c4:	e033      	b.n	1000692e <_tu_fifo_write_n+0xba>
100068c6:	1a61      	subs	r1, r4, r1
100068c8:	b289      	uxth	r1, r1
100068ca:	005a      	lsls	r2, r3, #1
100068cc:	1889      	adds	r1, r1, r2
100068ce:	b289      	uxth	r1, r1
100068d0:	e7eb      	b.n	100068aa <_tu_fifo_write_n+0x36>
100068d2:	88b5      	ldrh	r5, [r6, #4]
100068d4:	42bd      	cmp	r5, r7
100068d6:	d80e      	bhi.n	100068f6 <_tu_fifo_write_n+0x82>
100068d8:	9b02      	ldr	r3, [sp, #8]
100068da:	2b00      	cmp	r3, #0
100068dc:	d121      	bne.n	10006922 <_tu_fifo_write_n+0xae>
100068de:	1b7b      	subs	r3, r7, r5
100068e0:	88f7      	ldrh	r7, [r6, #6]
100068e2:	047f      	lsls	r7, r7, #17
100068e4:	0c7f      	lsrs	r7, r7, #17
100068e6:	435f      	muls	r7, r3
100068e8:	9b03      	ldr	r3, [sp, #12]
100068ea:	469c      	mov	ip, r3
100068ec:	44bc      	add	ip, r7
100068ee:	4663      	mov	r3, ip
100068f0:	9303      	str	r3, [sp, #12]
100068f2:	000c      	movs	r4, r1
100068f4:	e7e2      	b.n	100068bc <_tu_fifo_write_n+0x48>
100068f6:	428c      	cmp	r4, r1
100068f8:	d30d      	bcc.n	10006916 <_tu_fifo_write_n+0xa2>
100068fa:	1a63      	subs	r3, r4, r1
100068fc:	b29b      	uxth	r3, r3
100068fe:	19db      	adds	r3, r3, r7
10006900:	006a      	lsls	r2, r5, #1
10006902:	4293      	cmp	r3, r2
10006904:	db0f      	blt.n	10006926 <_tu_fifo_write_n+0xb2>
10006906:	1bea      	subs	r2, r5, r7
10006908:	b292      	uxth	r2, r2
1000690a:	0028      	movs	r0, r5
1000690c:	f7ff feb6 	bl	1000667c <advance_index>
10006910:	0004      	movs	r4, r0
10006912:	003d      	movs	r5, r7
10006914:	e7d2      	b.n	100068bc <_tu_fifo_write_n+0x48>
10006916:	1a63      	subs	r3, r4, r1
10006918:	b29b      	uxth	r3, r3
1000691a:	006a      	lsls	r2, r5, #1
1000691c:	189b      	adds	r3, r3, r2
1000691e:	b29b      	uxth	r3, r3
10006920:	e7ed      	b.n	100068fe <_tu_fifo_write_n+0x8a>
10006922:	000c      	movs	r4, r1
10006924:	e7ca      	b.n	100068bc <_tu_fifo_write_n+0x48>
10006926:	003d      	movs	r5, r7
10006928:	e7c8      	b.n	100068bc <_tu_fifo_write_n+0x48>
1000692a:	1a9b      	subs	r3, r3, r2
1000692c:	b29b      	uxth	r3, r3
1000692e:	429a      	cmp	r2, r3
10006930:	d9fb      	bls.n	1000692a <_tu_fifo_write_n+0xb6>
10006932:	9a02      	ldr	r2, [sp, #8]
10006934:	9200      	str	r2, [sp, #0]
10006936:	002a      	movs	r2, r5
10006938:	9903      	ldr	r1, [sp, #12]
1000693a:	0030      	movs	r0, r6
1000693c:	f7ff ff66 	bl	1000680c <_ff_push_n>
10006940:	88b0      	ldrh	r0, [r6, #4]
10006942:	002a      	movs	r2, r5
10006944:	0021      	movs	r1, r4
10006946:	f7ff fe99 	bl	1000667c <advance_index>
1000694a:	8130      	strh	r0, [r6, #8]
1000694c:	68f0      	ldr	r0, [r6, #12]
1000694e:	2800      	cmp	r0, #0
10006950:	d001      	beq.n	10006956 <_tu_fifo_write_n+0xe2>
10006952:	f000 ff3d 	bl	100077d0 <__mutex_exit_veneer>
10006956:	0028      	movs	r0, r5
10006958:	b005      	add	sp, #20
1000695a:	bdf0      	pop	{r4, r5, r6, r7, pc}
1000695c:	2500      	movs	r5, #0
1000695e:	e7f5      	b.n	1000694c <_tu_fifo_write_n+0xd8>
10006960:	0015      	movs	r5, r2
10006962:	e7f8      	b.n	10006956 <_tu_fifo_write_n+0xe2>

10006964 <tu_fifo_config>:
10006964:	b5f0      	push	{r4, r5, r6, r7, lr}
10006966:	b083      	sub	sp, #12
10006968:	0004      	movs	r4, r0
1000696a:	9101      	str	r1, [sp, #4]
1000696c:	0016      	movs	r6, r2
1000696e:	001d      	movs	r5, r3
10006970:	ab08      	add	r3, sp, #32
10006972:	781f      	ldrb	r7, [r3, #0]
10006974:	2380      	movs	r3, #128	@ 0x80
10006976:	021b      	lsls	r3, r3, #8
10006978:	429a      	cmp	r2, r3
1000697a:	d82d      	bhi.n	100069d8 <tu_fifo_config+0x74>
1000697c:	68c0      	ldr	r0, [r0, #12]
1000697e:	2800      	cmp	r0, #0
10006980:	d003      	beq.n	1000698a <tu_fifo_config+0x26>
10006982:	2101      	movs	r1, #1
10006984:	4249      	negs	r1, r1
10006986:	f000 ff5b 	bl	10007840 <__mutex_enter_timeout_ms_veneer>
1000698a:	6920      	ldr	r0, [r4, #16]
1000698c:	2800      	cmp	r0, #0
1000698e:	d003      	beq.n	10006998 <tu_fifo_config+0x34>
10006990:	2101      	movs	r1, #1
10006992:	4249      	negs	r1, r1
10006994:	f000 ff54 	bl	10007840 <__mutex_enter_timeout_ms_veneer>
10006998:	9b01      	ldr	r3, [sp, #4]
1000699a:	6023      	str	r3, [r4, #0]
1000699c:	80a6      	strh	r6, [r4, #4]
1000699e:	046d      	lsls	r5, r5, #17
100069a0:	0c6b      	lsrs	r3, r5, #17
100069a2:	88e5      	ldrh	r5, [r4, #6]
100069a4:	0bed      	lsrs	r5, r5, #15
100069a6:	03ed      	lsls	r5, r5, #15
100069a8:	431d      	orrs	r5, r3
100069aa:	80e5      	strh	r5, [r4, #6]
100069ac:	01fb      	lsls	r3, r7, #7
100069ae:	79e2      	ldrb	r2, [r4, #7]
100069b0:	277f      	movs	r7, #127	@ 0x7f
100069b2:	4017      	ands	r7, r2
100069b4:	431f      	orrs	r7, r3
100069b6:	71e7      	strb	r7, [r4, #7]
100069b8:	2300      	movs	r3, #0
100069ba:	8163      	strh	r3, [r4, #10]
100069bc:	8123      	strh	r3, [r4, #8]
100069be:	68e0      	ldr	r0, [r4, #12]
100069c0:	2800      	cmp	r0, #0
100069c2:	d001      	beq.n	100069c8 <tu_fifo_config+0x64>
100069c4:	f000 ff04 	bl	100077d0 <__mutex_exit_veneer>
100069c8:	6920      	ldr	r0, [r4, #16]
100069ca:	2800      	cmp	r0, #0
100069cc:	d006      	beq.n	100069dc <tu_fifo_config+0x78>
100069ce:	f000 feff 	bl	100077d0 <__mutex_exit_veneer>
100069d2:	2001      	movs	r0, #1
100069d4:	b003      	add	sp, #12
100069d6:	bdf0      	pop	{r4, r5, r6, r7, pc}
100069d8:	2000      	movs	r0, #0
100069da:	e7fb      	b.n	100069d4 <tu_fifo_config+0x70>
100069dc:	2001      	movs	r0, #1
100069de:	e7f9      	b.n	100069d4 <tu_fifo_config+0x70>

100069e0 <tu_fifo_count>:
100069e0:	b510      	push	{r4, lr}
100069e2:	8882      	ldrh	r2, [r0, #4]
100069e4:	8901      	ldrh	r1, [r0, #8]
100069e6:	b28b      	uxth	r3, r1
100069e8:	8940      	ldrh	r0, [r0, #10]
100069ea:	b284      	uxth	r4, r0
100069ec:	4288      	cmp	r0, r1
100069ee:	d807      	bhi.n	10006a00 <tu_fifo_count+0x20>
100069f0:	1b1b      	subs	r3, r3, r4
100069f2:	b29b      	uxth	r3, r3
100069f4:	1c10      	adds	r0, r2, #0
100069f6:	429a      	cmp	r2, r3
100069f8:	d900      	bls.n	100069fc <tu_fifo_count+0x1c>
100069fa:	1c18      	adds	r0, r3, #0
100069fc:	b280      	uxth	r0, r0
100069fe:	bd10      	pop	{r4, pc}
10006a00:	1b1b      	subs	r3, r3, r4
10006a02:	b29b      	uxth	r3, r3
10006a04:	0051      	lsls	r1, r2, #1
10006a06:	185b      	adds	r3, r3, r1
10006a08:	b29b      	uxth	r3, r3
10006a0a:	e7f3      	b.n	100069f4 <tu_fifo_count+0x14>

10006a0c <tu_fifo_empty>:
10006a0c:	8903      	ldrh	r3, [r0, #8]
10006a0e:	8940      	ldrh	r0, [r0, #10]
10006a10:	1a18      	subs	r0, r3, r0
10006a12:	4243      	negs	r3, r0
10006a14:	4158      	adcs	r0, r3
10006a16:	b2c0      	uxtb	r0, r0
10006a18:	4770      	bx	lr

10006a1a <tu_fifo_full>:
10006a1a:	b510      	push	{r4, lr}
10006a1c:	8884      	ldrh	r4, [r0, #4]
10006a1e:	8902      	ldrh	r2, [r0, #8]
10006a20:	b293      	uxth	r3, r2
10006a22:	8941      	ldrh	r1, [r0, #10]
10006a24:	b288      	uxth	r0, r1
10006a26:	4291      	cmp	r1, r2
10006a28:	d806      	bhi.n	10006a38 <tu_fifo_full+0x1e>
10006a2a:	1a1b      	subs	r3, r3, r0
10006a2c:	b29b      	uxth	r3, r3
10006a2e:	2000      	movs	r0, #0
10006a30:	42a3      	cmp	r3, r4
10006a32:	4140      	adcs	r0, r0
10006a34:	b2c0      	uxtb	r0, r0
10006a36:	bd10      	pop	{r4, pc}
10006a38:	1a1b      	subs	r3, r3, r0
10006a3a:	b29b      	uxth	r3, r3
10006a3c:	0062      	lsls	r2, r4, #1
10006a3e:	189b      	adds	r3, r3, r2
10006a40:	b29b      	uxth	r3, r3
10006a42:	e7f4      	b.n	10006a2e <tu_fifo_full+0x14>

10006a44 <tu_fifo_remaining>:
10006a44:	b510      	push	{r4, lr}
10006a46:	8882      	ldrh	r2, [r0, #4]
10006a48:	8901      	ldrh	r1, [r0, #8]
10006a4a:	b28b      	uxth	r3, r1
10006a4c:	8940      	ldrh	r0, [r0, #10]
10006a4e:	b284      	uxth	r4, r0
10006a50:	4288      	cmp	r0, r1
10006a52:	d806      	bhi.n	10006a62 <tu_fifo_remaining+0x1e>
10006a54:	1b1b      	subs	r3, r3, r4
10006a56:	b29b      	uxth	r3, r3
10006a58:	429a      	cmp	r2, r3
10006a5a:	d908      	bls.n	10006a6e <tu_fifo_remaining+0x2a>
10006a5c:	1ad0      	subs	r0, r2, r3
10006a5e:	b280      	uxth	r0, r0
10006a60:	bd10      	pop	{r4, pc}
10006a62:	1b1b      	subs	r3, r3, r4
10006a64:	b29b      	uxth	r3, r3
10006a66:	0051      	lsls	r1, r2, #1
10006a68:	185b      	adds	r3, r3, r1
10006a6a:	b29b      	uxth	r3, r3
10006a6c:	e7f4      	b.n	10006a58 <tu_fifo_remaining+0x14>
10006a6e:	2000      	movs	r0, #0
10006a70:	e7f6      	b.n	10006a60 <tu_fifo_remaining+0x1c>

10006a72 <tu_fifo_read>:
10006a72:	b570      	push	{r4, r5, r6, lr}
10006a74:	0004      	movs	r4, r0
10006a76:	000d      	movs	r5, r1
10006a78:	6900      	ldr	r0, [r0, #16]
10006a7a:	2800      	cmp	r0, #0
10006a7c:	d003      	beq.n	10006a86 <tu_fifo_read+0x14>
10006a7e:	2101      	movs	r1, #1
10006a80:	4249      	negs	r1, r1
10006a82:	f000 fedd 	bl	10007840 <__mutex_enter_timeout_ms_veneer>
10006a86:	8922      	ldrh	r2, [r4, #8]
10006a88:	b292      	uxth	r2, r2
10006a8a:	8963      	ldrh	r3, [r4, #10]
10006a8c:	b29b      	uxth	r3, r3
10006a8e:	0029      	movs	r1, r5
10006a90:	0020      	movs	r0, r4
10006a92:	f7ff fe00 	bl	10006696 <_tu_fifo_peek>
10006a96:	0005      	movs	r5, r0
10006a98:	8961      	ldrh	r1, [r4, #10]
10006a9a:	b289      	uxth	r1, r1
10006a9c:	88a0      	ldrh	r0, [r4, #4]
10006a9e:	002a      	movs	r2, r5
10006aa0:	f7ff fdec 	bl	1000667c <advance_index>
10006aa4:	8160      	strh	r0, [r4, #10]
10006aa6:	6920      	ldr	r0, [r4, #16]
10006aa8:	2800      	cmp	r0, #0
10006aaa:	d001      	beq.n	10006ab0 <tu_fifo_read+0x3e>
10006aac:	f000 fe90 	bl	100077d0 <__mutex_exit_veneer>
10006ab0:	0028      	movs	r0, r5
10006ab2:	bd70      	pop	{r4, r5, r6, pc}

10006ab4 <tu_fifo_read_n>:
10006ab4:	b510      	push	{r4, lr}
10006ab6:	2300      	movs	r3, #0
10006ab8:	f7ff fe81 	bl	100067be <_tu_fifo_read_n>
10006abc:	bd10      	pop	{r4, pc}

10006abe <tu_fifo_write>:
10006abe:	b5f8      	push	{r3, r4, r5, r6, r7, lr}
10006ac0:	0004      	movs	r4, r0
10006ac2:	000e      	movs	r6, r1
10006ac4:	68c0      	ldr	r0, [r0, #12]
10006ac6:	2800      	cmp	r0, #0
10006ac8:	d003      	beq.n	10006ad2 <tu_fifo_write+0x14>
10006aca:	2101      	movs	r1, #1
10006acc:	4249      	negs	r1, r1
10006ace:	f000 feb7 	bl	10007840 <__mutex_enter_timeout_ms_veneer>
10006ad2:	8925      	ldrh	r5, [r4, #8]
10006ad4:	b2ad      	uxth	r5, r5
10006ad6:	0020      	movs	r0, r4
10006ad8:	f7ff ff9f 	bl	10006a1a <tu_fifo_full>
10006adc:	2800      	cmp	r0, #0
10006ade:	d002      	beq.n	10006ae6 <tu_fifo_write+0x28>
10006ae0:	79e7      	ldrb	r7, [r4, #7]
10006ae2:	09ff      	lsrs	r7, r7, #7
10006ae4:	d016      	beq.n	10006b14 <tu_fifo_write+0x56>
10006ae6:	88a2      	ldrh	r2, [r4, #4]
10006ae8:	002b      	movs	r3, r5
10006aea:	e001      	b.n	10006af0 <tu_fifo_write+0x32>
10006aec:	1a9b      	subs	r3, r3, r2
10006aee:	b29b      	uxth	r3, r3
10006af0:	429a      	cmp	r2, r3
10006af2:	d9fb      	bls.n	10006aec <tu_fifo_write+0x2e>
10006af4:	6820      	ldr	r0, [r4, #0]
10006af6:	88e2      	ldrh	r2, [r4, #6]
10006af8:	0452      	lsls	r2, r2, #17
10006afa:	0c52      	lsrs	r2, r2, #17
10006afc:	4353      	muls	r3, r2
10006afe:	18c0      	adds	r0, r0, r3
10006b00:	0031      	movs	r1, r6
10006b02:	f7fb fed5 	bl	100028b0 <__wrap___aeabi_memcpy>
10006b06:	88a0      	ldrh	r0, [r4, #4]
10006b08:	2201      	movs	r2, #1
10006b0a:	0029      	movs	r1, r5
10006b0c:	f7ff fdb6 	bl	1000667c <advance_index>
10006b10:	8120      	strh	r0, [r4, #8]
10006b12:	2701      	movs	r7, #1
10006b14:	68e0      	ldr	r0, [r4, #12]
10006b16:	2800      	cmp	r0, #0
10006b18:	d001      	beq.n	10006b1e <tu_fifo_write+0x60>
10006b1a:	f000 fe59 	bl	100077d0 <__mutex_exit_veneer>
10006b1e:	0038      	movs	r0, r7
10006b20:	bdf8      	pop	{r3, r4, r5, r6, r7, pc}

10006b22 <tu_fifo_write_n>:
10006b22:	b510      	push	{r4, lr}
10006b24:	2300      	movs	r3, #0
10006b26:	f7ff fea5 	bl	10006874 <_tu_fifo_write_n>
10006b2a:	bd10      	pop	{r4, pc}

10006b2c <tu_fifo_clear>:
10006b2c:	b510      	push	{r4, lr}
10006b2e:	0004      	movs	r4, r0
10006b30:	68c0      	ldr	r0, [r0, #12]
10006b32:	2800      	cmp	r0, #0
10006b34:	d003      	beq.n	10006b3e <tu_fifo_clear+0x12>
10006b36:	2101      	movs	r1, #1
10006b38:	4249      	negs	r1, r1
10006b3a:	f000 fe81 	bl	10007840 <__mutex_enter_timeout_ms_veneer>
10006b3e:	6920      	ldr	r0, [r4, #16]
10006b40:	2800      	cmp	r0, #0
10006b42:	d003      	beq.n	10006b4c <tu_fifo_clear+0x20>
10006b44:	2101      	movs	r1, #1
10006b46:	4249      	negs	r1, r1
10006b48:	f000 fe7a 	bl	10007840 <__mutex_enter_timeout_ms_veneer>
10006b4c:	2300      	movs	r3, #0
10006b4e:	8163      	strh	r3, [r4, #10]
10006b50:	8123      	strh	r3, [r4, #8]
10006b52:	68e0      	ldr	r0, [r4, #12]
10006b54:	2800      	cmp	r0, #0
10006b56:	d001      	beq.n	10006b5c <tu_fifo_clear+0x30>
10006b58:	f000 fe3a 	bl	100077d0 <__mutex_exit_veneer>
10006b5c:	6920      	ldr	r0, [r4, #16]
10006b5e:	2800      	cmp	r0, #0
10006b60:	d001      	beq.n	10006b66 <tu_fifo_clear+0x3a>
10006b62:	f000 fe35 	bl	100077d0 <__mutex_exit_veneer>
10006b66:	2001      	movs	r0, #1
10006b68:	bd10      	pop	{r4, pc}

10006b6a <tu_fifo_set_overwritable>:
10006b6a:	b570      	push	{r4, r5, r6, lr}
10006b6c:	0004      	movs	r4, r0
10006b6e:	000d      	movs	r5, r1
10006b70:	68c0      	ldr	r0, [r0, #12]
10006b72:	2800      	cmp	r0, #0
10006b74:	d003      	beq.n	10006b7e <tu_fifo_set_overwritable+0x14>
10006b76:	2101      	movs	r1, #1
10006b78:	4249      	negs	r1, r1
10006b7a:	f000 fe61 	bl	10007840 <__mutex_enter_timeout_ms_veneer>
10006b7e:	6920      	ldr	r0, [r4, #16]
10006b80:	2800      	cmp	r0, #0
10006b82:	d003      	beq.n	10006b8c <tu_fifo_set_overwritable+0x22>
10006b84:	2101      	movs	r1, #1
10006b86:	4249      	negs	r1, r1
10006b88:	f000 fe5a 	bl	10007840 <__mutex_enter_timeout_ms_veneer>
10006b8c:	01ed      	lsls	r5, r5, #7
10006b8e:	79e3      	ldrb	r3, [r4, #7]
10006b90:	217f      	movs	r1, #127	@ 0x7f
10006b92:	4019      	ands	r1, r3
10006b94:	4329      	orrs	r1, r5
10006b96:	71e1      	strb	r1, [r4, #7]
10006b98:	68e0      	ldr	r0, [r4, #12]
10006b9a:	2800      	cmp	r0, #0
10006b9c:	d001      	beq.n	10006ba2 <tu_fifo_set_overwritable+0x38>
10006b9e:	f000 fe17 	bl	100077d0 <__mutex_exit_veneer>
10006ba2:	6920      	ldr	r0, [r4, #16]
10006ba4:	2800      	cmp	r0, #0
10006ba6:	d001      	beq.n	10006bac <tu_fifo_set_overwritable+0x42>
10006ba8:	f000 fe12 	bl	100077d0 <__mutex_exit_veneer>
10006bac:	2001      	movs	r0, #1
10006bae:	bd70      	pop	{r4, r5, r6, pc}

10006bb0 <cyw43_arch_set_async_context>:
10006bb0:	4b01      	ldr	r3, [pc, #4]	@ (10006bb8 <cyw43_arch_set_async_context+0x8>)
10006bb2:	6018      	str	r0, [r3, #0]
10006bb4:	4770      	bx	lr
10006bb6:	46c0      	nop			@ (mov r8, r8)
10006bb8:	20001658 	.word	0x20001658

10006bbc <cyw43_arch_async_context>:
10006bbc:	4b01      	ldr	r3, [pc, #4]	@ (10006bc4 <cyw43_arch_async_context+0x8>)
10006bbe:	6818      	ldr	r0, [r3, #0]
10006bc0:	4770      	bx	lr
10006bc2:	46c0      	nop			@ (mov r8, r8)
10006bc4:	20001658 	.word	0x20001658

10006bc8 <cyw43_arch_init_default_async_context>:
10006bc8:	b510      	push	{r4, lr}
10006bca:	b082      	sub	sp, #8
10006bcc:	4668      	mov	r0, sp
10006bce:	f000 fcb9 	bl	10007544 <async_context_threadsafe_background_default_config>
10006bd2:	4804      	ldr	r0, [pc, #16]	@ (10006be4 <cyw43_arch_init_default_async_context+0x1c>)
10006bd4:	4669      	mov	r1, sp
10006bd6:	f000 fcbb 	bl	10007550 <async_context_threadsafe_background_init>
10006bda:	2800      	cmp	r0, #0
10006bdc:	d000      	beq.n	10006be0 <cyw43_arch_init_default_async_context+0x18>
10006bde:	4801      	ldr	r0, [pc, #4]	@ (10006be4 <cyw43_arch_init_default_async_context+0x1c>)
10006be0:	b002      	add	sp, #8
10006be2:	bd10      	pop	{r4, pc}
10006be4:	20000ee8 	.word	0x20000ee8

10006be8 <cyw43_arch_deinit>:
10006be8:	b510      	push	{r4, lr}
10006bea:	f7ff ffe7 	bl	10006bbc <cyw43_arch_async_context>
10006bee:	0004      	movs	r4, r0
10006bf0:	f000 fa74 	bl	100070dc <cyw43_driver_deinit>
10006bf4:	4b05      	ldr	r3, [pc, #20]	@ (10006c0c <cyw43_arch_deinit+0x24>)
10006bf6:	429c      	cmp	r4, r3
10006bf8:	d000      	beq.n	10006bfc <cyw43_arch_deinit+0x14>
10006bfa:	bd10      	pop	{r4, pc}
10006bfc:	6823      	ldr	r3, [r4, #0]
10006bfe:	6b5b      	ldr	r3, [r3, #52]	@ 0x34
10006c00:	0020      	movs	r0, r4
10006c02:	4798      	blx	r3
10006c04:	2000      	movs	r0, #0
10006c06:	f7ff ffd3 	bl	10006bb0 <cyw43_arch_set_async_context>
10006c0a:	e7f6      	b.n	10006bfa <cyw43_arch_deinit+0x12>
10006c0c:	20000ee8 	.word	0x20000ee8

10006c10 <cyw43_arch_init>:
10006c10:	b510      	push	{r4, lr}
10006c12:	f7ff ffd3 	bl	10006bbc <cyw43_arch_async_context>
10006c16:	1e04      	subs	r4, r0, #0
10006c18:	d006      	beq.n	10006c28 <cyw43_arch_init+0x18>
10006c1a:	0020      	movs	r0, r4
10006c1c:	f000 fa42 	bl	100070a4 <cyw43_driver_init>
10006c20:	2800      	cmp	r0, #0
10006c22:	d008      	beq.n	10006c36 <cyw43_arch_init+0x26>
10006c24:	2000      	movs	r0, #0
10006c26:	bd10      	pop	{r4, pc}
10006c28:	f7ff ffce 	bl	10006bc8 <cyw43_arch_init_default_async_context>
10006c2c:	1e04      	subs	r4, r0, #0
10006c2e:	d007      	beq.n	10006c40 <cyw43_arch_init+0x30>
10006c30:	f7ff ffbe 	bl	10006bb0 <cyw43_arch_set_async_context>
10006c34:	e7f1      	b.n	10006c1a <cyw43_arch_init+0xa>
10006c36:	f7ff ffd7 	bl	10006be8 <cyw43_arch_deinit>
10006c3a:	2001      	movs	r0, #1
10006c3c:	4240      	negs	r0, r0
10006c3e:	e7f2      	b.n	10006c26 <cyw43_arch_init+0x16>
10006c40:	2001      	movs	r0, #1
10006c42:	4240      	negs	r0, r0
10006c44:	e7ef      	b.n	10006c26 <cyw43_arch_init+0x16>
	...

10006c48 <cyw43_spi_deinit>:
10006c48:	b570      	push	{r4, r5, r6, lr}
10006c4a:	0005      	movs	r5, r0
10006c4c:	4b15      	ldr	r3, [pc, #84]	@ (10006ca4 <cyw43_spi_deinit+0x5c>)
10006c4e:	58c4      	ldr	r4, [r0, r3]
10006c50:	2c00      	cmp	r4, #0
10006c52:	d014      	beq.n	10006c7e <cyw43_spi_deinit+0x36>
10006c54:	6821      	ldr	r1, [r4, #0]
10006c56:	2900      	cmp	r1, #0
10006c58:	d006      	beq.n	10006c68 <cyw43_spi_deinit+0x20>
10006c5a:	6863      	ldr	r3, [r4, #4]
10006c5c:	68a2      	ldr	r2, [r4, #8]
10006c5e:	4812      	ldr	r0, [pc, #72]	@ (10006ca8 <cyw43_spi_deinit+0x60>)
10006c60:	f000 f8d6 	bl	10006e10 <pio_remove_program_and_unclaim_sm>
10006c64:	2300      	movs	r3, #0
10006c66:	6023      	str	r3, [r4, #0]
10006c68:	200c      	movs	r0, #12
10006c6a:	5620      	ldrsb	r0, [r4, r0]
10006c6c:	2800      	cmp	r0, #0
10006c6e:	da07      	bge.n	10006c80 <cyw43_spi_deinit+0x38>
10006c70:	200d      	movs	r0, #13
10006c72:	5620      	ldrsb	r0, [r4, r0]
10006c74:	2800      	cmp	r0, #0
10006c76:	da0c      	bge.n	10006c92 <cyw43_spi_deinit+0x4a>
10006c78:	4b0a      	ldr	r3, [pc, #40]	@ (10006ca4 <cyw43_spi_deinit+0x5c>)
10006c7a:	2200      	movs	r2, #0
10006c7c:	50ea      	str	r2, [r5, r3]
10006c7e:	bd70      	pop	{r4, r5, r6, pc}
10006c80:	f000 f8de 	bl	10006e40 <dma_channel_cleanup>
10006c84:	200c      	movs	r0, #12
10006c86:	5620      	ldrsb	r0, [r4, r0]
10006c88:	f000 f8d0 	bl	10006e2c <dma_channel_unclaim>
10006c8c:	23ff      	movs	r3, #255	@ 0xff
10006c8e:	7323      	strb	r3, [r4, #12]
10006c90:	e7ee      	b.n	10006c70 <cyw43_spi_deinit+0x28>
10006c92:	f000 f8d5 	bl	10006e40 <dma_channel_cleanup>
10006c96:	200d      	movs	r0, #13
10006c98:	5620      	ldrsb	r0, [r4, r0]
10006c9a:	f000 f8c7 	bl	10006e2c <dma_channel_unclaim>
10006c9e:	23ff      	movs	r3, #255	@ 0xff
10006ca0:	7363      	strb	r3, [r4, #13]
10006ca2:	e7e9      	b.n	10006c78 <cyw43_spi_deinit+0x30>
10006ca4:	0000084c 	.word	0x0000084c
10006ca8:	1000945c 	.word	0x1000945c

10006cac <cyw43_ll_init>:
10006cac:	6001      	str	r1, [r0, #0]
10006cae:	2300      	movs	r3, #0
10006cb0:	6083      	str	r3, [r0, #8]
10006cb2:	7303      	strb	r3, [r0, #12]
10006cb4:	2201      	movs	r2, #1
10006cb6:	7342      	strb	r2, [r0, #13]
10006cb8:	7383      	strb	r3, [r0, #14]
10006cba:	8203      	strh	r3, [r0, #16]
10006cbc:	2200      	movs	r2, #0
10006cbe:	7482      	strb	r2, [r0, #18]
10006cc0:	74c2      	strb	r2, [r0, #19]
10006cc2:	4a01      	ldr	r2, [pc, #4]	@ (10006cc8 <cyw43_ll_init+0x1c>)
10006cc4:	5083      	str	r3, [r0, r2]
10006cc6:	4770      	bx	lr
10006cc8:	0000084c 	.word	0x0000084c

10006ccc <cyw43_ll_deinit>:
10006ccc:	b510      	push	{r4, lr}
10006cce:	f7ff ffbb 	bl	10006c48 <cyw43_spi_deinit>
10006cd2:	bd10      	pop	{r4, pc}

10006cd4 <cyw43_init>:
10006cd4:	b570      	push	{r4, r5, r6, lr}
10006cd6:	0004      	movs	r4, r0
10006cd8:	25d0      	movs	r5, #208	@ 0xd0
10006cda:	062d      	lsls	r5, r5, #24
10006cdc:	2380      	movs	r3, #128	@ 0x80
10006cde:	045b      	lsls	r3, r3, #17
10006ce0:	62ab      	str	r3, [r5, #40]	@ 0x28
10006ce2:	2200      	movs	r2, #0
10006ce4:	2100      	movs	r1, #0
10006ce6:	2018      	movs	r0, #24
10006ce8:	f7f9 fc68 	bl	100005bc <gpio_set_pulls>
10006cec:	2680      	movs	r6, #128	@ 0x80
10006cee:	0436      	lsls	r6, r6, #16
10006cf0:	626e      	str	r6, [r5, #36]	@ 0x24
10006cf2:	2200      	movs	r2, #0
10006cf4:	2100      	movs	r1, #0
10006cf6:	2017      	movs	r0, #23
10006cf8:	f7f9 fc60 	bl	100005bc <gpio_set_pulls>
10006cfc:	61ae      	str	r6, [r5, #24]
10006cfe:	0021      	movs	r1, r4
10006d00:	0020      	movs	r0, r4
10006d02:	f7ff ffd3 	bl	10006cac <cyw43_ll_init>
10006d06:	2300      	movs	r3, #0
10006d08:	2285      	movs	r2, #133	@ 0x85
10006d0a:	0112      	lsls	r2, r2, #4
10006d0c:	54a3      	strb	r3, [r4, r2]
10006d0e:	4a0b      	ldr	r2, [pc, #44]	@ (10006d3c <cyw43_init+0x68>)
10006d10:	50a3      	str	r3, [r4, r2]
10006d12:	4a0b      	ldr	r2, [pc, #44]	@ (10006d40 <cyw43_init+0x6c>)
10006d14:	50a3      	str	r3, [r4, r2]
10006d16:	4a0b      	ldr	r2, [pc, #44]	@ (10006d44 <cyw43_init+0x70>)
10006d18:	54a3      	strb	r3, [r4, r2]
10006d1a:	4a0b      	ldr	r2, [pc, #44]	@ (10006d48 <cyw43_init+0x74>)
10006d1c:	54a3      	strb	r3, [r4, r2]
10006d1e:	4a0b      	ldr	r2, [pc, #44]	@ (10006d4c <cyw43_init+0x78>)
10006d20:	54a3      	strb	r3, [r4, r2]
10006d22:	3205      	adds	r2, #5
10006d24:	2103      	movs	r1, #3
10006d26:	54a1      	strb	r1, [r4, r2]
10006d28:	4a09      	ldr	r2, [pc, #36]	@ (10006d50 <cyw43_init+0x7c>)
10006d2a:	54a3      	strb	r3, [r4, r2]
10006d2c:	4a09      	ldr	r2, [pc, #36]	@ (10006d54 <cyw43_init+0x80>)
10006d2e:	54a3      	strb	r3, [r4, r2]
10006d30:	4a09      	ldr	r2, [pc, #36]	@ (10006d58 <cyw43_init+0x84>)
10006d32:	6013      	str	r3, [r2, #0]
10006d34:	4b09      	ldr	r3, [pc, #36]	@ (10006d5c <cyw43_init+0x88>)
10006d36:	2201      	movs	r2, #1
10006d38:	54e2      	strb	r2, [r4, r3]
10006d3a:	bd70      	pop	{r4, r5, r6, pc}
10006d3c:	00000858 	.word	0x00000858
10006d40:	0000085c 	.word	0x0000085c
10006d44:	00000869 	.word	0x00000869
10006d48:	0000086a 	.word	0x0000086a
10006d4c:	0000086b 	.word	0x0000086b
10006d50:	00000871 	.word	0x00000871
10006d54:	00000872 	.word	0x00000872
10006d58:	200017b4 	.word	0x200017b4
10006d5c:	00000868 	.word	0x00000868

10006d60 <cyw43_deinit>:
10006d60:	b510      	push	{r4, lr}
10006d62:	0004      	movs	r4, r0
10006d64:	f000 f9ee 	bl	10007144 <cyw43_thread_enter>
10006d68:	4b0b      	ldr	r3, [pc, #44]	@ (10006d98 <cyw43_deinit+0x38>)
10006d6a:	681b      	ldr	r3, [r3, #0]
10006d6c:	2b00      	cmp	r3, #0
10006d6e:	d010      	beq.n	10006d92 <cyw43_deinit+0x32>
10006d70:	2100      	movs	r1, #0
10006d72:	0020      	movs	r0, r4
10006d74:	f000 f9fa 	bl	1000716c <cyw43_cb_tcpip_deinit>
10006d78:	2101      	movs	r1, #1
10006d7a:	0020      	movs	r0, r4
10006d7c:	f000 f9f6 	bl	1000716c <cyw43_cb_tcpip_deinit>
10006d80:	0020      	movs	r0, r4
10006d82:	f7ff ffa3 	bl	10006ccc <cyw43_ll_deinit>
10006d86:	0020      	movs	r0, r4
10006d88:	f7ff ffa4 	bl	10006cd4 <cyw43_init>
10006d8c:	f000 f9e4 	bl	10007158 <cyw43_thread_exit>
10006d90:	bd10      	pop	{r4, pc}
10006d92:	f000 f9e1 	bl	10007158 <cyw43_thread_exit>
10006d96:	e7fb      	b.n	10006d90 <cyw43_deinit+0x30>
10006d98:	200017b4 	.word	0x200017b4

10006d9c <pio_sm_unclaim>:
10006d9c:	b510      	push	{r4, lr}
10006d9e:	4b05      	ldr	r3, [pc, #20]	@ (10006db4 <pio_sm_unclaim+0x18>)
10006da0:	469c      	mov	ip, r3
10006da2:	4460      	add	r0, ip
10006da4:	0d00      	lsrs	r0, r0, #20
10006da6:	0080      	lsls	r0, r0, #2
10006da8:	1841      	adds	r1, r0, r1
10006daa:	4803      	ldr	r0, [pc, #12]	@ (10006db8 <pio_sm_unclaim+0x1c>)
10006dac:	f7f9 fd28 	bl	10000800 <hw_claim_clear>
10006db0:	bd10      	pop	{r4, pc}
10006db2:	46c0      	nop			@ (mov r8, r8)
10006db4:	afe00000 	.word	0xafe00000
10006db8:	20001784 	.word	0x20001784

10006dbc <pio_remove_program>:
10006dbc:	b570      	push	{r4, r5, r6, lr}
10006dbe:	0004      	movs	r4, r0
10006dc0:	790b      	ldrb	r3, [r1, #4]
10006dc2:	2501      	movs	r5, #1
10006dc4:	409d      	lsls	r5, r3
10006dc6:	3d01      	subs	r5, #1
10006dc8:	4095      	lsls	r5, r2
10006dca:	f7f9 fcc1 	bl	10000750 <hw_claim_lock>
10006dce:	4b0b      	ldr	r3, [pc, #44]	@ (10006dfc <pio_remove_program+0x40>)
10006dd0:	18e3      	adds	r3, r4, r3
10006dd2:	0d1b      	lsrs	r3, r3, #20
10006dd4:	4a0a      	ldr	r2, [pc, #40]	@ (10006e00 <pio_remove_program+0x44>)
10006dd6:	0099      	lsls	r1, r3, #2
10006dd8:	588a      	ldr	r2, [r1, r2]
10006dda:	0029      	movs	r1, r5
10006ddc:	4011      	ands	r1, r2
10006dde:	42a9      	cmp	r1, r5
10006de0:	d106      	bne.n	10006df0 <pio_remove_program+0x34>
10006de2:	4907      	ldr	r1, [pc, #28]	@ (10006e00 <pio_remove_program+0x44>)
10006de4:	009b      	lsls	r3, r3, #2
10006de6:	43aa      	bics	r2, r5
10006de8:	505a      	str	r2, [r3, r1]
10006dea:	f7f9 fcbd 	bl	10000768 <hw_claim_unlock>
10006dee:	bd70      	pop	{r4, r5, r6, pc}
10006df0:	4b04      	ldr	r3, [pc, #16]	@ (10006e04 <pio_remove_program+0x48>)
10006df2:	4a05      	ldr	r2, [pc, #20]	@ (10006e08 <pio_remove_program+0x4c>)
10006df4:	4805      	ldr	r0, [pc, #20]	@ (10006e0c <pio_remove_program+0x50>)
10006df6:	21cb      	movs	r1, #203	@ 0xcb
10006df8:	f7fc fe5e 	bl	10003ab8 <__assert_func>
10006dfc:	afe00000 	.word	0xafe00000
10006e00:	20001384 	.word	0x20001384
10006e04:	1000881c 	.word	0x1000881c
10006e08:	10009470 	.word	0x10009470
10006e0c:	100087d0 	.word	0x100087d0

10006e10 <pio_remove_program_and_unclaim_sm>:
10006e10:	b570      	push	{r4, r5, r6, lr}
10006e12:	000c      	movs	r4, r1
10006e14:	0015      	movs	r5, r2
10006e16:	001a      	movs	r2, r3
10006e18:	0001      	movs	r1, r0
10006e1a:	0020      	movs	r0, r4
10006e1c:	f7ff ffce 	bl	10006dbc <pio_remove_program>
10006e20:	0029      	movs	r1, r5
10006e22:	0020      	movs	r0, r4
10006e24:	f7ff ffba 	bl	10006d9c <pio_sm_unclaim>
10006e28:	bd70      	pop	{r4, r5, r6, pc}
	...

10006e2c <dma_channel_unclaim>:
10006e2c:	b510      	push	{r4, lr}
10006e2e:	0001      	movs	r1, r0
10006e30:	4b02      	ldr	r3, [pc, #8]	@ (10006e3c <dma_channel_unclaim+0x10>)
10006e32:	0018      	movs	r0, r3
10006e34:	f7f9 fce4 	bl	10000800 <hw_claim_clear>
10006e38:	bd10      	pop	{r4, pc}
10006e3a:	46c0      	nop			@ (mov r8, r8)
10006e3c:	20002736 	.word	0x20002736

10006e40 <dma_channel_cleanup>:
10006e40:	b510      	push	{r4, lr}
10006e42:	0182      	lsls	r2, r0, #6
10006e44:	4b14      	ldr	r3, [pc, #80]	@ (10006e98 <dma_channel_cleanup+0x58>)
10006e46:	18d1      	adds	r1, r2, r3
10006e48:	02c3      	lsls	r3, r0, #11
10006e4a:	6809      	ldr	r1, [r1, #0]
10006e4c:	404b      	eors	r3, r1
10006e4e:	4913      	ldr	r1, [pc, #76]	@ (10006e9c <dma_channel_cleanup+0x5c>)
10006e50:	400b      	ands	r3, r1
10006e52:	4913      	ldr	r1, [pc, #76]	@ (10006ea0 <dma_channel_cleanup+0x60>)
10006e54:	468c      	mov	ip, r1
10006e56:	4462      	add	r2, ip
10006e58:	6013      	str	r3, [r2, #0]
10006e5a:	2300      	movs	r3, #0
10006e5c:	e007      	b.n	10006e6e <dma_channel_cleanup+0x2e>
10006e5e:	011a      	lsls	r2, r3, #4
10006e60:	2101      	movs	r1, #1
10006e62:	4081      	lsls	r1, r0
10006e64:	4c0f      	ldr	r4, [pc, #60]	@ (10006ea4 <dma_channel_cleanup+0x64>)
10006e66:	46a4      	mov	ip, r4
10006e68:	4462      	add	r2, ip
10006e6a:	6011      	str	r1, [r2, #0]
10006e6c:	3301      	adds	r3, #1
10006e6e:	2b01      	cmp	r3, #1
10006e70:	d9f5      	bls.n	10006e5e <dma_channel_cleanup+0x1e>
10006e72:	2201      	movs	r2, #1
10006e74:	4082      	lsls	r2, r0
10006e76:	21a0      	movs	r1, #160	@ 0xa0
10006e78:	05c9      	lsls	r1, r1, #23
10006e7a:	4b0b      	ldr	r3, [pc, #44]	@ (10006ea8 <dma_channel_cleanup+0x68>)
10006e7c:	50ca      	str	r2, [r1, r3]
10006e7e:	0183      	lsls	r3, r0, #6
10006e80:	21a0      	movs	r1, #160	@ 0xa0
10006e82:	05c9      	lsls	r1, r1, #23
10006e84:	468c      	mov	ip, r1
10006e86:	4463      	add	r3, ip
10006e88:	68db      	ldr	r3, [r3, #12]
10006e8a:	01db      	lsls	r3, r3, #7
10006e8c:	d4f7      	bmi.n	10006e7e <dma_channel_cleanup+0x3e>
10006e8e:	2380      	movs	r3, #128	@ 0x80
10006e90:	00db      	lsls	r3, r3, #3
10006e92:	50ca      	str	r2, [r1, r3]
10006e94:	bd10      	pop	{r4, pc}
10006e96:	46c0      	nop			@ (mov r8, r8)
10006e98:	50000010 	.word	0x50000010
10006e9c:	00007801 	.word	0x00007801
10006ea0:	50001010 	.word	0x50001010
10006ea4:	50003404 	.word	0x50003404
10006ea8:	00000444 	.word	0x00000444

10006eac <cyw43_sleep_timeout_reached>:
10006eac:	b510      	push	{r4, lr}
10006eae:	4b0c      	ldr	r3, [pc, #48]	@ (10006ee0 <cyw43_sleep_timeout_reached+0x34>)
10006eb0:	681b      	ldr	r3, [r3, #0]
10006eb2:	4283      	cmp	r3, r0
10006eb4:	d107      	bne.n	10006ec6 <cyw43_sleep_timeout_reached+0x1a>
10006eb6:	4b0b      	ldr	r3, [pc, #44]	@ (10006ee4 <cyw43_sleep_timeout_reached+0x38>)
10006eb8:	4299      	cmp	r1, r3
10006eba:	d10a      	bne.n	10006ed2 <cyw43_sleep_timeout_reached+0x26>
10006ebc:	6803      	ldr	r3, [r0, #0]
10006ebe:	6a5b      	ldr	r3, [r3, #36]	@ 0x24
10006ec0:	4909      	ldr	r1, [pc, #36]	@ (10006ee8 <cyw43_sleep_timeout_reached+0x3c>)
10006ec2:	4798      	blx	r3
10006ec4:	bd10      	pop	{r4, pc}
10006ec6:	4b09      	ldr	r3, [pc, #36]	@ (10006eec <cyw43_sleep_timeout_reached+0x40>)
10006ec8:	4a09      	ldr	r2, [pc, #36]	@ (10006ef0 <cyw43_sleep_timeout_reached+0x44>)
10006eca:	480a      	ldr	r0, [pc, #40]	@ (10006ef4 <cyw43_sleep_timeout_reached+0x48>)
10006ecc:	2170      	movs	r1, #112	@ 0x70
10006ece:	f7fc fdf3 	bl	10003ab8 <__assert_func>
10006ed2:	4b09      	ldr	r3, [pc, #36]	@ (10006ef8 <cyw43_sleep_timeout_reached+0x4c>)
10006ed4:	4a06      	ldr	r2, [pc, #24]	@ (10006ef0 <cyw43_sleep_timeout_reached+0x44>)
10006ed6:	4807      	ldr	r0, [pc, #28]	@ (10006ef4 <cyw43_sleep_timeout_reached+0x48>)
10006ed8:	2171      	movs	r1, #113	@ 0x71
10006eda:	f7fc fded 	bl	10003ab8 <__assert_func>
10006ede:	46c0      	nop			@ (mov r8, r8)
10006ee0:	200017b0 	.word	0x200017b0
10006ee4:	20000ec8 	.word	0x20000ec8
10006ee8:	20000eb8 	.word	0x20000eb8
10006eec:	1000886c 	.word	0x1000886c
10006ef0:	100094ac 	.word	0x100094ac
10006ef4:	1000888c 	.word	0x1000888c
10006ef8:	100088e8 	.word	0x100088e8

10006efc <async_context_add_at_time_worker_in_ms>:
10006efc:	b5f0      	push	{r4, r5, r6, r7, lr}
10006efe:	46c6      	mov	lr, r8
10006f00:	b500      	push	{lr}
10006f02:	0006      	movs	r6, r0
10006f04:	000f      	movs	r7, r1
10006f06:	4690      	mov	r8, r2
10006f08:	f7fa fcf6 	bl	100018f8 <time_us_64>
10006f0c:	0004      	movs	r4, r0
10006f0e:	000d      	movs	r5, r1
10006f10:	22fa      	movs	r2, #250	@ 0xfa
10006f12:	0092      	lsls	r2, r2, #2
10006f14:	2300      	movs	r3, #0
10006f16:	4640      	mov	r0, r8
10006f18:	2100      	movs	r1, #0
10006f1a:	f7fb fba3 	bl	10002664 <__wrap___aeabi_lmul>
10006f1e:	1900      	adds	r0, r0, r4
10006f20:	4169      	adcs	r1, r5
10006f22:	2900      	cmp	r1, #0
10006f24:	db09      	blt.n	10006f3a <async_context_add_at_time_worker_in_ms+0x3e>
10006f26:	60b8      	str	r0, [r7, #8]
10006f28:	60f9      	str	r1, [r7, #12]
10006f2a:	6833      	ldr	r3, [r6, #0]
10006f2c:	695b      	ldr	r3, [r3, #20]
10006f2e:	0039      	movs	r1, r7
10006f30:	0030      	movs	r0, r6
10006f32:	4798      	blx	r3
10006f34:	bc80      	pop	{r7}
10006f36:	46b8      	mov	r8, r7
10006f38:	bdf0      	pop	{r4, r5, r6, r7, pc}
10006f3a:	2001      	movs	r0, #1
10006f3c:	4240      	negs	r0, r0
10006f3e:	4901      	ldr	r1, [pc, #4]	@ (10006f44 <async_context_add_at_time_worker_in_ms+0x48>)
10006f40:	e7f1      	b.n	10006f26 <async_context_add_at_time_worker_in_ms+0x2a>
10006f42:	46c0      	nop			@ (mov r8, r8)
10006f44:	7fffffff 	.word	0x7fffffff

10006f48 <cyw43_do_poll>:
10006f48:	b510      	push	{r4, lr}
10006f4a:	0004      	movs	r4, r0
10006f4c:	23d0      	movs	r3, #208	@ 0xd0
10006f4e:	061b      	lsls	r3, r3, #24
10006f50:	681a      	ldr	r2, [r3, #0]
10006f52:	4b13      	ldr	r3, [pc, #76]	@ (10006fa0 <cyw43_do_poll+0x58>)
10006f54:	681b      	ldr	r3, [r3, #0]
10006f56:	7e9b      	ldrb	r3, [r3, #26]
10006f58:	429a      	cmp	r2, r3
10006f5a:	d115      	bne.n	10006f88 <cyw43_do_poll+0x40>
10006f5c:	4b11      	ldr	r3, [pc, #68]	@ (10006fa4 <cyw43_do_poll+0x5c>)
10006f5e:	681b      	ldr	r3, [r3, #0]
10006f60:	2b00      	cmp	r3, #0
10006f62:	d010      	beq.n	10006f86 <cyw43_do_poll+0x3e>
10006f64:	4a10      	ldr	r2, [pc, #64]	@ (10006fa8 <cyw43_do_poll+0x60>)
10006f66:	6812      	ldr	r2, [r2, #0]
10006f68:	2a00      	cmp	r2, #0
10006f6a:	d002      	beq.n	10006f72 <cyw43_do_poll+0x2a>
10006f6c:	490e      	ldr	r1, [pc, #56]	@ (10006fa8 <cyw43_do_poll+0x60>)
10006f6e:	3a01      	subs	r2, #1
10006f70:	600a      	str	r2, [r1, #0]
10006f72:	4798      	blx	r3
10006f74:	4b0c      	ldr	r3, [pc, #48]	@ (10006fa8 <cyw43_do_poll+0x60>)
10006f76:	681b      	ldr	r3, [r3, #0]
10006f78:	2b00      	cmp	r3, #0
10006f7a:	d10b      	bne.n	10006f94 <cyw43_do_poll+0x4c>
10006f7c:	6823      	ldr	r3, [r4, #0]
10006f7e:	699b      	ldr	r3, [r3, #24]
10006f80:	490a      	ldr	r1, [pc, #40]	@ (10006fac <cyw43_do_poll+0x64>)
10006f82:	0020      	movs	r0, r4
10006f84:	4798      	blx	r3
10006f86:	bd10      	pop	{r4, pc}
10006f88:	4b09      	ldr	r3, [pc, #36]	@ (10006fb0 <cyw43_do_poll+0x68>)
10006f8a:	4a0a      	ldr	r2, [pc, #40]	@ (10006fb4 <cyw43_do_poll+0x6c>)
10006f8c:	480a      	ldr	r0, [pc, #40]	@ (10006fb8 <cyw43_do_poll+0x70>)
10006f8e:	2160      	movs	r1, #96	@ 0x60
10006f90:	f7fc fd92 	bl	10003ab8 <__assert_func>
10006f94:	4905      	ldr	r1, [pc, #20]	@ (10006fac <cyw43_do_poll+0x64>)
10006f96:	2232      	movs	r2, #50	@ 0x32
10006f98:	0020      	movs	r0, r4
10006f9a:	f7ff ffaf 	bl	10006efc <async_context_add_at_time_worker_in_ms>
10006f9e:	e7f2      	b.n	10006f86 <cyw43_do_poll+0x3e>
10006fa0:	200017b0 	.word	0x200017b0
10006fa4:	200017b4 	.word	0x200017b4
10006fa8:	200017b8 	.word	0x200017b8
10006fac:	20000ec8 	.word	0x20000ec8
10006fb0:	10008908 	.word	0x10008908
10006fb4:	100094c8 	.word	0x100094c8
10006fb8:	1000888c 	.word	0x1000888c

10006fbc <cyw43_set_irq_enabled>:
10006fbc:	b510      	push	{r4, lr}
10006fbe:	0002      	movs	r2, r0
10006fc0:	2102      	movs	r1, #2
10006fc2:	2018      	movs	r0, #24
10006fc4:	f7f9 fb16 	bl	100005f4 <gpio_set_irq_enabled>
10006fc8:	bd10      	pop	{r4, pc}
	...

10006fcc <cyw43_irq_init>:
10006fcc:	b510      	push	{r4, lr}
10006fce:	23d0      	movs	r3, #208	@ 0xd0
10006fd0:	061b      	lsls	r3, r3, #24
10006fd2:	681a      	ldr	r2, [r3, #0]
10006fd4:	4b0c      	ldr	r3, [pc, #48]	@ (10007008 <cyw43_irq_init+0x3c>)
10006fd6:	681b      	ldr	r3, [r3, #0]
10006fd8:	7e9b      	ldrb	r3, [r3, #26]
10006fda:	429a      	cmp	r2, r3
10006fdc:	d10e      	bne.n	10006ffc <cyw43_irq_init+0x30>
10006fde:	490b      	ldr	r1, [pc, #44]	@ (1000700c <cyw43_irq_init+0x40>)
10006fe0:	2080      	movs	r0, #128	@ 0x80
10006fe2:	2240      	movs	r2, #64	@ 0x40
10006fe4:	0440      	lsls	r0, r0, #17
10006fe6:	f7f9 fb2d 	bl	10000644 <gpio_add_raw_irq_handler_with_order_priority_masked>
10006fea:	2001      	movs	r0, #1
10006fec:	f7ff ffe6 	bl	10006fbc <cyw43_set_irq_enabled>
10006ff0:	2101      	movs	r1, #1
10006ff2:	200d      	movs	r0, #13
10006ff4:	f7f9 fcf4 	bl	100009e0 <irq_set_enabled>
10006ff8:	2000      	movs	r0, #0
10006ffa:	bd10      	pop	{r4, pc}
10006ffc:	4b04      	ldr	r3, [pc, #16]	@ (10007010 <cyw43_irq_init+0x44>)
10006ffe:	4a05      	ldr	r2, [pc, #20]	@ (10007014 <cyw43_irq_init+0x48>)
10007000:	4805      	ldr	r0, [pc, #20]	@ (10007018 <cyw43_irq_init+0x4c>)
10007002:	2141      	movs	r1, #65	@ 0x41
10007004:	f7fc fd58 	bl	10003ab8 <__assert_func>
10007008:	200017b0 	.word	0x200017b0
1000700c:	1000701d 	.word	0x1000701d
10007010:	10008908 	.word	0x10008908
10007014:	100094d8 	.word	0x100094d8
10007018:	1000888c 	.word	0x1000888c

1000701c <cyw43_gpio_irq_handler>:
1000701c:	b510      	push	{r4, lr}
1000701e:	23d0      	movs	r3, #208	@ 0xd0
10007020:	061b      	lsls	r3, r3, #24
10007022:	681b      	ldr	r3, [r3, #0]
10007024:	2b00      	cmp	r3, #0
10007026:	d004      	beq.n	10007032 <cyw43_gpio_irq_handler+0x16>
10007028:	4b08      	ldr	r3, [pc, #32]	@ (1000704c <cyw43_gpio_irq_handler+0x30>)
1000702a:	6adb      	ldr	r3, [r3, #44]	@ 0x2c
1000702c:	079b      	lsls	r3, r3, #30
1000702e:	d402      	bmi.n	10007036 <cyw43_gpio_irq_handler+0x1a>
10007030:	bd10      	pop	{r4, pc}
10007032:	4b07      	ldr	r3, [pc, #28]	@ (10007050 <cyw43_gpio_irq_handler+0x34>)
10007034:	e7f9      	b.n	1000702a <cyw43_gpio_irq_handler+0xe>
10007036:	2000      	movs	r0, #0
10007038:	f7ff ffc0 	bl	10006fbc <cyw43_set_irq_enabled>
1000703c:	4b05      	ldr	r3, [pc, #20]	@ (10007054 <cyw43_gpio_irq_handler+0x38>)
1000703e:	6818      	ldr	r0, [r3, #0]
10007040:	6803      	ldr	r3, [r0, #0]
10007042:	6a5b      	ldr	r3, [r3, #36]	@ 0x24
10007044:	4904      	ldr	r1, [pc, #16]	@ (10007058 <cyw43_gpio_irq_handler+0x3c>)
10007046:	4798      	blx	r3
10007048:	e7f2      	b.n	10007030 <cyw43_gpio_irq_handler+0x14>
1000704a:	46c0      	nop			@ (mov r8, r8)
1000704c:	40014130 	.word	0x40014130
10007050:	40014100 	.word	0x40014100
10007054:	200017b0 	.word	0x200017b0
10007058:	20000eb8 	.word	0x20000eb8

1000705c <cyw43_irq_deinit>:
1000705c:	b510      	push	{r4, lr}
1000705e:	23d0      	movs	r3, #208	@ 0xd0
10007060:	061b      	lsls	r3, r3, #24
10007062:	681a      	ldr	r2, [r3, #0]
10007064:	4b0a      	ldr	r3, [pc, #40]	@ (10007090 <cyw43_irq_deinit+0x34>)
10007066:	681b      	ldr	r3, [r3, #0]
10007068:	7e9b      	ldrb	r3, [r3, #26]
1000706a:	429a      	cmp	r2, r3
1000706c:	d109      	bne.n	10007082 <cyw43_irq_deinit+0x26>
1000706e:	2000      	movs	r0, #0
10007070:	f7ff ffa4 	bl	10006fbc <cyw43_set_irq_enabled>
10007074:	4907      	ldr	r1, [pc, #28]	@ (10007094 <cyw43_irq_deinit+0x38>)
10007076:	2080      	movs	r0, #128	@ 0x80
10007078:	0440      	lsls	r0, r0, #17
1000707a:	f7f9 fb03 	bl	10000684 <gpio_remove_raw_irq_handler_masked>
1000707e:	2000      	movs	r0, #0
10007080:	bd10      	pop	{r4, pc}
10007082:	4b05      	ldr	r3, [pc, #20]	@ (10007098 <cyw43_irq_deinit+0x3c>)
10007084:	4a05      	ldr	r2, [pc, #20]	@ (1000709c <cyw43_irq_deinit+0x40>)
10007086:	4806      	ldr	r0, [pc, #24]	@ (100070a0 <cyw43_irq_deinit+0x44>)
10007088:	214b      	movs	r1, #75	@ 0x4b
1000708a:	f7fc fd15 	bl	10003ab8 <__assert_func>
1000708e:	46c0      	nop			@ (mov r8, r8)
10007090:	200017b0 	.word	0x200017b0
10007094:	1000701d 	.word	0x1000701d
10007098:	10008908 	.word	0x10008908
1000709c:	10009498 	.word	0x10009498
100070a0:	1000888c 	.word	0x1000888c

100070a4 <cyw43_driver_init>:
100070a4:	b510      	push	{r4, lr}
100070a6:	0004      	movs	r4, r0
100070a8:	4808      	ldr	r0, [pc, #32]	@ (100070cc <cyw43_driver_init+0x28>)
100070aa:	f7ff fe13 	bl	10006cd4 <cyw43_init>
100070ae:	4b08      	ldr	r3, [pc, #32]	@ (100070d0 <cyw43_driver_init+0x2c>)
100070b0:	601c      	str	r4, [r3, #0]
100070b2:	6823      	ldr	r3, [r4, #0]
100070b4:	691b      	ldr	r3, [r3, #16]
100070b6:	4907      	ldr	r1, [pc, #28]	@ (100070d4 <cyw43_driver_init+0x30>)
100070b8:	2200      	movs	r2, #0
100070ba:	0020      	movs	r0, r4
100070bc:	4798      	blx	r3
100070be:	6823      	ldr	r3, [r4, #0]
100070c0:	69db      	ldr	r3, [r3, #28]
100070c2:	4905      	ldr	r1, [pc, #20]	@ (100070d8 <cyw43_driver_init+0x34>)
100070c4:	0020      	movs	r0, r4
100070c6:	4798      	blx	r3
100070c8:	2001      	movs	r0, #1
100070ca:	bd10      	pop	{r4, pc}
100070cc:	200017bc 	.word	0x200017bc
100070d0:	200017b0 	.word	0x200017b0
100070d4:	10006fcd 	.word	0x10006fcd
100070d8:	20000eb8 	.word	0x20000eb8

100070dc <cyw43_driver_deinit>:
100070dc:	b510      	push	{r4, lr}
100070de:	0004      	movs	r4, r0
100070e0:	4b10      	ldr	r3, [pc, #64]	@ (10007124 <cyw43_driver_deinit+0x48>)
100070e2:	681b      	ldr	r3, [r3, #0]
100070e4:	2b00      	cmp	r3, #0
100070e6:	d016      	beq.n	10007116 <cyw43_driver_deinit+0x3a>
100070e8:	4283      	cmp	r3, r0
100070ea:	d115      	bne.n	10007118 <cyw43_driver_deinit+0x3c>
100070ec:	6803      	ldr	r3, [r0, #0]
100070ee:	699b      	ldr	r3, [r3, #24]
100070f0:	490d      	ldr	r1, [pc, #52]	@ (10007128 <cyw43_driver_deinit+0x4c>)
100070f2:	4798      	blx	r3
100070f4:	6823      	ldr	r3, [r4, #0]
100070f6:	6a1b      	ldr	r3, [r3, #32]
100070f8:	490c      	ldr	r1, [pc, #48]	@ (1000712c <cyw43_driver_deinit+0x50>)
100070fa:	0020      	movs	r0, r4
100070fc:	4798      	blx	r3
100070fe:	6823      	ldr	r3, [r4, #0]
10007100:	691b      	ldr	r3, [r3, #16]
10007102:	490b      	ldr	r1, [pc, #44]	@ (10007130 <cyw43_driver_deinit+0x54>)
10007104:	2200      	movs	r2, #0
10007106:	0020      	movs	r0, r4
10007108:	4798      	blx	r3
1000710a:	480a      	ldr	r0, [pc, #40]	@ (10007134 <cyw43_driver_deinit+0x58>)
1000710c:	f7ff fe28 	bl	10006d60 <cyw43_deinit>
10007110:	4b04      	ldr	r3, [pc, #16]	@ (10007124 <cyw43_driver_deinit+0x48>)
10007112:	2200      	movs	r2, #0
10007114:	601a      	str	r2, [r3, #0]
10007116:	bd10      	pop	{r4, pc}
10007118:	4b07      	ldr	r3, [pc, #28]	@ (10007138 <cyw43_driver_deinit+0x5c>)
1000711a:	4a08      	ldr	r2, [pc, #32]	@ (1000713c <cyw43_driver_deinit+0x60>)
1000711c:	4808      	ldr	r0, [pc, #32]	@ (10007140 <cyw43_driver_deinit+0x64>)
1000711e:	21d2      	movs	r1, #210	@ 0xd2
10007120:	f7fc fcca 	bl	10003ab8 <__assert_func>
10007124:	200017b0 	.word	0x200017b0
10007128:	20000ec8 	.word	0x20000ec8
1000712c:	20000eb8 	.word	0x20000eb8
10007130:	1000705d 	.word	0x1000705d
10007134:	200017bc 	.word	0x200017bc
10007138:	1000886c 	.word	0x1000886c
1000713c:	10009484 	.word	0x10009484
10007140:	1000888c 	.word	0x1000888c

10007144 <cyw43_thread_enter>:
10007144:	b510      	push	{r4, lr}
10007146:	4b03      	ldr	r3, [pc, #12]	@ (10007154 <cyw43_thread_enter+0x10>)
10007148:	6818      	ldr	r0, [r3, #0]
1000714a:	6803      	ldr	r3, [r0, #0]
1000714c:	685b      	ldr	r3, [r3, #4]
1000714e:	4798      	blx	r3
10007150:	bd10      	pop	{r4, pc}
10007152:	46c0      	nop			@ (mov r8, r8)
10007154:	200017b0 	.word	0x200017b0

10007158 <cyw43_thread_exit>:
10007158:	b510      	push	{r4, lr}
1000715a:	4b03      	ldr	r3, [pc, #12]	@ (10007168 <cyw43_thread_exit+0x10>)
1000715c:	6818      	ldr	r0, [r3, #0]
1000715e:	6803      	ldr	r3, [r0, #0]
10007160:	689b      	ldr	r3, [r3, #8]
10007162:	4798      	blx	r3
10007164:	bd10      	pop	{r4, pc}
10007166:	46c0      	nop			@ (mov r8, r8)
10007168:	200017b0 	.word	0x200017b0

1000716c <cyw43_cb_tcpip_deinit>:
1000716c:	4770      	bx	lr

1000716e <async_context_threadsafe_background_acquire_lock_blocking>:
1000716e:	b510      	push	{r4, lr}
10007170:	3030      	adds	r0, #48	@ 0x30
10007172:	f000 fb4d 	bl	10007810 <__recursive_mutex_enter_blocking_veneer>
10007176:	bd10      	pop	{r4, pc}

10007178 <async_context_threadsafe_background_wake_up>:
10007178:	b510      	push	{r4, lr}
1000717a:	0004      	movs	r4, r0
1000717c:	2344      	movs	r3, #68	@ 0x44
1000717e:	5cc0      	ldrb	r0, [r0, r3]
10007180:	f7f9 fc38 	bl	100009f4 <irq_set_pending>
10007184:	0020      	movs	r0, r4
10007186:	3038      	adds	r0, #56	@ 0x38
10007188:	f000 fb12 	bl	100077b0 <__sem_release_veneer>
1000718c:	bd10      	pop	{r4, pc}

1000718e <alarm_handler>:
1000718e:	b510      	push	{r4, lr}
10007190:	0008      	movs	r0, r1
10007192:	2345      	movs	r3, #69	@ 0x45
10007194:	2200      	movs	r2, #0
10007196:	54ca      	strb	r2, [r1, r3]
10007198:	f7ff ffee 	bl	10007178 <async_context_threadsafe_background_wake_up>
1000719c:	2000      	movs	r0, #0
1000719e:	2100      	movs	r1, #0
100071a0:	bd10      	pop	{r4, pc}

100071a2 <async_context_threadsafe_background_set_work_pending>:
100071a2:	b510      	push	{r4, lr}
100071a4:	2301      	movs	r3, #1
100071a6:	720b      	strb	r3, [r1, #8]
100071a8:	f7ff ffe6 	bl	10007178 <async_context_threadsafe_background_wake_up>
100071ac:	bd10      	pop	{r4, pc}
	...

100071b0 <async_context_threadsafe_background_lock_check>:
100071b0:	b510      	push	{r4, lr}
100071b2:	0003      	movs	r3, r0
100071b4:	3330      	adds	r3, #48	@ 0x30
100071b6:	795b      	ldrb	r3, [r3, #5]
100071b8:	2b00      	cmp	r3, #0
100071ba:	d009      	beq.n	100071d0 <async_context_threadsafe_background_lock_check+0x20>
100071bc:	3030      	adds	r0, #48	@ 0x30
100071be:	2304      	movs	r3, #4
100071c0:	56c3      	ldrsb	r3, [r0, r3]
100071c2:	22d0      	movs	r2, #208	@ 0xd0
100071c4:	0612      	lsls	r2, r2, #24
100071c6:	7812      	ldrb	r2, [r2, #0]
100071c8:	b252      	sxtb	r2, r2
100071ca:	429a      	cmp	r2, r3
100071cc:	d100      	bne.n	100071d0 <async_context_threadsafe_background_lock_check+0x20>
100071ce:	bd10      	pop	{r4, pc}
100071d0:	4801      	ldr	r0, [pc, #4]	@ (100071d8 <async_context_threadsafe_background_lock_check+0x28>)
100071d2:	f7f9 faa5 	bl	10000720 <panic>
100071d6:	46c0      	nop			@ (mov r8, r8)
100071d8:	10008220 	.word	0x10008220

100071dc <process_under_lock>:
100071dc:	b5d0      	push	{r4, r6, r7, lr}
100071de:	b084      	sub	sp, #16
100071e0:	0004      	movs	r4, r0
100071e2:	f7ff ffe5 	bl	100071b0 <async_context_threadsafe_background_lock_check>
100071e6:	7ea2      	ldrb	r2, [r4, #26]
100071e8:	23d0      	movs	r3, #208	@ 0xd0
100071ea:	061b      	lsls	r3, r3, #24
100071ec:	681b      	ldr	r3, [r3, #0]
100071ee:	429a      	cmp	r2, r3
100071f0:	d031      	beq.n	10007256 <process_under_lock+0x7a>
100071f2:	4b2c      	ldr	r3, [pc, #176]	@ (100072a4 <process_under_lock+0xc8>)
100071f4:	4a2c      	ldr	r2, [pc, #176]	@ (100072a8 <process_under_lock+0xcc>)
100071f6:	482d      	ldr	r0, [pc, #180]	@ (100072ac <process_under_lock+0xd0>)
100071f8:	21fe      	movs	r1, #254	@ 0xfe
100071fa:	f7fc fc5d 	bl	10003ab8 <__assert_func>
100071fe:	2b00      	cmp	r3, #0
10007200:	d129      	bne.n	10007256 <process_under_lock+0x7a>
10007202:	2a00      	cmp	r2, #0
10007204:	d134      	bne.n	10007270 <process_under_lock+0x94>
10007206:	e026      	b.n	10007256 <process_under_lock+0x7a>
10007208:	42bb      	cmp	r3, r7
1000720a:	d136      	bne.n	1000727a <process_under_lock+0x9e>
1000720c:	6c23      	ldr	r3, [r4, #64]	@ 0x40
1000720e:	2b00      	cmp	r3, #0
10007210:	dc01      	bgt.n	10007216 <process_under_lock+0x3a>
10007212:	b004      	add	sp, #16
10007214:	bdd0      	pop	{r4, r6, r7, pc}
10007216:	6c21      	ldr	r1, [r4, #64]	@ 0x40
10007218:	6a20      	ldr	r0, [r4, #32]
1000721a:	f7fa f9c9 	bl	100015b0 <alarm_pool_cancel_alarm>
1000721e:	2300      	movs	r3, #0
10007220:	6423      	str	r3, [r4, #64]	@ 0x40
10007222:	e7f6      	b.n	10007212 <process_under_lock+0x36>
10007224:	6c23      	ldr	r3, [r4, #64]	@ 0x40
10007226:	2b00      	cmp	r3, #0
10007228:	dc37      	bgt.n	1000729a <process_under_lock+0xbe>
1000722a:	62a6      	str	r6, [r4, #40]	@ 0x28
1000722c:	62e7      	str	r7, [r4, #44]	@ 0x2c
1000722e:	2345      	movs	r3, #69	@ 0x45
10007230:	2201      	movs	r2, #1
10007232:	54e2      	strb	r2, [r4, r3]
10007234:	6a20      	ldr	r0, [r4, #32]
10007236:	2300      	movs	r3, #0
10007238:	9302      	str	r3, [sp, #8]
1000723a:	9401      	str	r4, [sp, #4]
1000723c:	4b1c      	ldr	r3, [pc, #112]	@ (100072b0 <process_under_lock+0xd4>)
1000723e:	9300      	str	r3, [sp, #0]
10007240:	0032      	movs	r2, r6
10007242:	003b      	movs	r3, r7
10007244:	f7fa f97e 	bl	10001544 <alarm_pool_add_alarm_at>
10007248:	6420      	str	r0, [r4, #64]	@ 0x40
1000724a:	6c23      	ldr	r3, [r4, #64]	@ 0x40
1000724c:	2b00      	cmp	r3, #0
1000724e:	dce0      	bgt.n	10007212 <process_under_lock+0x36>
10007250:	2345      	movs	r3, #69	@ 0x45
10007252:	2200      	movs	r2, #0
10007254:	54e2      	strb	r2, [r4, r3]
10007256:	0020      	movs	r0, r4
10007258:	f000 fa58 	bl	1000770c <async_context_base_execute_once>
1000725c:	0006      	movs	r6, r0
1000725e:	000f      	movs	r7, r1
10007260:	f7fa fb4a 	bl	100018f8 <time_us_64>
10007264:	0032      	movs	r2, r6
10007266:	003b      	movs	r3, r7
10007268:	1a12      	subs	r2, r2, r0
1000726a:	418b      	sbcs	r3, r1
1000726c:	2b00      	cmp	r3, #0
1000726e:	ddc6      	ble.n	100071fe <process_under_lock+0x22>
10007270:	4b10      	ldr	r3, [pc, #64]	@ (100072b4 <process_under_lock+0xd8>)
10007272:	681a      	ldr	r2, [r3, #0]
10007274:	685b      	ldr	r3, [r3, #4]
10007276:	42b2      	cmp	r2, r6
10007278:	d0c6      	beq.n	10007208 <process_under_lock+0x2c>
1000727a:	2345      	movs	r3, #69	@ 0x45
1000727c:	5ce3      	ldrb	r3, [r4, r3]
1000727e:	2b00      	cmp	r3, #0
10007280:	d0d0      	beq.n	10007224 <process_under_lock+0x48>
10007282:	6aa2      	ldr	r2, [r4, #40]	@ 0x28
10007284:	6ae3      	ldr	r3, [r4, #44]	@ 0x2c
10007286:	0030      	movs	r0, r6
10007288:	0039      	movs	r1, r7
1000728a:	1a80      	subs	r0, r0, r2
1000728c:	4199      	sbcs	r1, r3
1000728e:	2900      	cmp	r1, #0
10007290:	dcbf      	bgt.n	10007212 <process_under_lock+0x36>
10007292:	d1c7      	bne.n	10007224 <process_under_lock+0x48>
10007294:	2800      	cmp	r0, #0
10007296:	d0c5      	beq.n	10007224 <process_under_lock+0x48>
10007298:	e7bb      	b.n	10007212 <process_under_lock+0x36>
1000729a:	6c21      	ldr	r1, [r4, #64]	@ 0x40
1000729c:	6a20      	ldr	r0, [r4, #32]
1000729e:	f7fa f987 	bl	100015b0 <alarm_pool_cancel_alarm>
100072a2:	e7c2      	b.n	1000722a <process_under_lock+0x4e>
100072a4:	10008948 	.word	0x10008948
100072a8:	10009584 	.word	0x10009584
100072ac:	10008970 	.word	0x10008970
100072b0:	1000718f 	.word	0x1000718f
100072b4:	10008d08 	.word	0x10008d08

100072b8 <lock_release>:
100072b8:	b510      	push	{r4, lr}
100072ba:	0004      	movs	r4, r0
100072bc:	0003      	movs	r3, r0
100072be:	3330      	adds	r3, #48	@ 0x30
100072c0:	795b      	ldrb	r3, [r3, #5]
100072c2:	2b01      	cmp	r3, #1
100072c4:	d004      	beq.n	100072d0 <lock_release+0x18>
100072c6:	0020      	movs	r0, r4
100072c8:	3030      	adds	r0, #48	@ 0x30
100072ca:	f000 fad1 	bl	10007870 <__recursive_mutex_exit_veneer>
100072ce:	bd10      	pop	{r4, pc}
100072d0:	f7ff ff84 	bl	100071dc <process_under_lock>
100072d4:	e7f7      	b.n	100072c6 <lock_release+0xe>

100072d6 <async_context_threadsafe_background_execute_sync>:
100072d6:	b570      	push	{r4, r5, r6, lr}
100072d8:	0004      	movs	r4, r0
100072da:	000d      	movs	r5, r1
100072dc:	0016      	movs	r6, r2
100072de:	3030      	adds	r0, #48	@ 0x30
100072e0:	f000 fa96 	bl	10007810 <__recursive_mutex_enter_blocking_veneer>
100072e4:	0030      	movs	r0, r6
100072e6:	47a8      	blx	r5
100072e8:	0005      	movs	r5, r0
100072ea:	0020      	movs	r0, r4
100072ec:	f7ff ffe4 	bl	100072b8 <lock_release>
100072f0:	0028      	movs	r0, r5
100072f2:	bd70      	pop	{r4, r5, r6, pc}

100072f4 <async_context_threadsafe_background_release_lock>:
100072f4:	b510      	push	{r4, lr}
100072f6:	f7ff ffdf 	bl	100072b8 <lock_release>
100072fa:	bd10      	pop	{r4, pc}

100072fc <low_prio_irq_deinit>:
100072fc:	b570      	push	{r4, r5, r6, lr}
100072fe:	0004      	movs	r4, r0
10007300:	2344      	movs	r3, #68	@ 0x44
10007302:	5cc0      	ldrb	r0, [r0, r3]
10007304:	2800      	cmp	r0, #0
10007306:	d012      	beq.n	1000732e <low_prio_irq_deinit+0x32>
10007308:	23d0      	movs	r3, #208	@ 0xd0
1000730a:	061b      	lsls	r3, r3, #24
1000730c:	681b      	ldr	r3, [r3, #0]
1000730e:	7ea2      	ldrb	r2, [r4, #26]
10007310:	429a      	cmp	r2, r3
10007312:	d10d      	bne.n	10007330 <low_prio_irq_deinit+0x34>
10007314:	2100      	movs	r1, #0
10007316:	f7f9 fb63 	bl	100009e0 <irq_set_enabled>
1000731a:	2544      	movs	r5, #68	@ 0x44
1000731c:	5d60      	ldrb	r0, [r4, r5]
1000731e:	4907      	ldr	r1, [pc, #28]	@ (1000733c <low_prio_irq_deinit+0x40>)
10007320:	f7f9 fccc 	bl	10000cbc <irq_remove_handler>
10007324:	5d60      	ldrb	r0, [r4, r5]
10007326:	f7f9 fe1d 	bl	10000f64 <user_irq_unclaim>
1000732a:	2300      	movs	r3, #0
1000732c:	5563      	strb	r3, [r4, r5]
1000732e:	bd70      	pop	{r4, r5, r6, pc}
10007330:	4b03      	ldr	r3, [pc, #12]	@ (10007340 <low_prio_irq_deinit+0x44>)
10007332:	4a04      	ldr	r2, [pc, #16]	@ (10007344 <low_prio_irq_deinit+0x48>)
10007334:	4804      	ldr	r0, [pc, #16]	@ (10007348 <low_prio_irq_deinit+0x4c>)
10007336:	21b7      	movs	r1, #183	@ 0xb7
10007338:	f7fc fbbe 	bl	10003ab8 <__assert_func>
1000733c:	100073a5 	.word	0x100073a5
10007340:	100089e4 	.word	0x100089e4
10007344:	10009518 	.word	0x10009518
10007348:	10008970 	.word	0x10008970

1000734c <async_context_threadsafe_background_deinit>:
1000734c:	b570      	push	{r4, r5, r6, lr}
1000734e:	0004      	movs	r4, r0
10007350:	23d0      	movs	r3, #208	@ 0xd0
10007352:	061b      	lsls	r3, r3, #24
10007354:	681b      	ldr	r3, [r3, #0]
10007356:	7e82      	ldrb	r2, [r0, #26]
10007358:	429a      	cmp	r2, r3
1000735a:	d112      	bne.n	10007382 <async_context_threadsafe_background_deinit+0x36>
1000735c:	f7ff ffce 	bl	100072fc <low_prio_irq_deinit>
10007360:	6c23      	ldr	r3, [r4, #64]	@ 0x40
10007362:	2b00      	cmp	r3, #0
10007364:	dc13      	bgt.n	1000738e <async_context_threadsafe_background_deinit+0x42>
10007366:	0025      	movs	r5, r4
10007368:	3530      	adds	r5, #48	@ 0x30
1000736a:	0028      	movs	r0, r5
1000736c:	f000 fa50 	bl	10007810 <__recursive_mutex_enter_blocking_veneer>
10007370:	0028      	movs	r0, r5
10007372:	f000 fa7d 	bl	10007870 <__recursive_mutex_exit_veneer>
10007376:	2248      	movs	r2, #72	@ 0x48
10007378:	2100      	movs	r1, #0
1000737a:	0020      	movs	r0, r4
1000737c:	f7fb fa92 	bl	100028a4 <__wrap_memset>
10007380:	bd70      	pop	{r4, r5, r6, pc}
10007382:	4b05      	ldr	r3, [pc, #20]	@ (10007398 <async_context_threadsafe_background_deinit+0x4c>)
10007384:	4a05      	ldr	r2, [pc, #20]	@ (1000739c <async_context_threadsafe_background_deinit+0x50>)
10007386:	4806      	ldr	r0, [pc, #24]	@ (100073a0 <async_context_threadsafe_background_deinit+0x54>)
10007388:	21ed      	movs	r1, #237	@ 0xed
1000738a:	f7fc fb95 	bl	10003ab8 <__assert_func>
1000738e:	6c21      	ldr	r1, [r4, #64]	@ 0x40
10007390:	6a20      	ldr	r0, [r4, #32]
10007392:	f7fa f90d 	bl	100015b0 <alarm_pool_cancel_alarm>
10007396:	e7e6      	b.n	10007366 <async_context_threadsafe_background_deinit+0x1a>
10007398:	10008a0c 	.word	0x10008a0c
1000739c:	1000952c 	.word	0x1000952c
100073a0:	10008970 	.word	0x10008970

100073a4 <low_priority_irq_handler>:
100073a4:	b570      	push	{r4, r5, r6, lr}
100073a6:	f3ef 8305 	mrs	r3, IPSR
100073aa:	3b2a      	subs	r3, #42	@ 0x2a
100073ac:	2b05      	cmp	r3, #5
100073ae:	d819      	bhi.n	100073e4 <low_priority_irq_handler+0x40>
100073b0:	4a15      	ldr	r2, [pc, #84]	@ (10007408 <low_priority_irq_handler+0x64>)
100073b2:	009b      	lsls	r3, r3, #2
100073b4:	589c      	ldr	r4, [r3, r2]
100073b6:	2c00      	cmp	r4, #0
100073b8:	d013      	beq.n	100073e2 <low_priority_irq_handler+0x3e>
100073ba:	7ea2      	ldrb	r2, [r4, #26]
100073bc:	23d0      	movs	r3, #208	@ 0xd0
100073be:	061b      	lsls	r3, r3, #24
100073c0:	681b      	ldr	r3, [r3, #0]
100073c2:	429a      	cmp	r2, r3
100073c4:	d115      	bne.n	100073f2 <low_priority_irq_handler+0x4e>
100073c6:	0025      	movs	r5, r4
100073c8:	3530      	adds	r5, #48	@ 0x30
100073ca:	2100      	movs	r1, #0
100073cc:	0028      	movs	r0, r5
100073ce:	f000 fa0f 	bl	100077f0 <__recursive_mutex_try_enter_veneer>
100073d2:	2800      	cmp	r0, #0
100073d4:	d005      	beq.n	100073e2 <low_priority_irq_handler+0x3e>
100073d6:	796b      	ldrb	r3, [r5, #5]
100073d8:	2b01      	cmp	r3, #1
100073da:	d011      	beq.n	10007400 <low_priority_irq_handler+0x5c>
100073dc:	0028      	movs	r0, r5
100073de:	f000 fa47 	bl	10007870 <__recursive_mutex_exit_veneer>
100073e2:	bd70      	pop	{r4, r5, r6, pc}
100073e4:	4b09      	ldr	r3, [pc, #36]	@ (1000740c <low_priority_irq_handler+0x68>)
100073e6:	4a0a      	ldr	r2, [pc, #40]	@ (10007410 <low_priority_irq_handler+0x6c>)
100073e8:	2124      	movs	r1, #36	@ 0x24
100073ea:	480a      	ldr	r0, [pc, #40]	@ (10007414 <low_priority_irq_handler+0x70>)
100073ec:	31ff      	adds	r1, #255	@ 0xff
100073ee:	f7fc fb63 	bl	10003ab8 <__assert_func>
100073f2:	4b09      	ldr	r3, [pc, #36]	@ (10007418 <low_priority_irq_handler+0x74>)
100073f4:	4a06      	ldr	r2, [pc, #24]	@ (10007410 <low_priority_irq_handler+0x6c>)
100073f6:	2193      	movs	r1, #147	@ 0x93
100073f8:	4806      	ldr	r0, [pc, #24]	@ (10007414 <low_priority_irq_handler+0x70>)
100073fa:	0049      	lsls	r1, r1, #1
100073fc:	f7fc fb5c 	bl	10003ab8 <__assert_func>
10007400:	0020      	movs	r0, r4
10007402:	f7ff feeb 	bl	100071dc <process_under_lock>
10007406:	e7e9      	b.n	100073dc <low_priority_irq_handler+0x38>
10007408:	2000165c 	.word	0x2000165c
1000740c:	10008a34 	.word	0x10008a34
10007410:	100094fc 	.word	0x100094fc
10007414:	10008970 	.word	0x10008970
10007418:	10008948 	.word	0x10008948

1000741c <async_context_threadsafe_background_wait_for_work_until>:
1000741c:	b510      	push	{r4, lr}
1000741e:	3038      	adds	r0, #56	@ 0x38
10007420:	f000 fa4e 	bl	100078c0 <__sem_acquire_block_until_veneer>
10007424:	bd10      	pop	{r4, pc}

10007426 <async_context_threadsafe_background_wait_until>:
10007426:	b510      	push	{r4, lr}
10007428:	0010      	movs	r0, r2
1000742a:	0019      	movs	r1, r3
1000742c:	f3ef 8305 	mrs	r3, IPSR
10007430:	2b00      	cmp	r3, #0
10007432:	d002      	beq.n	1000743a <async_context_threadsafe_background_wait_until+0x14>
10007434:	f7fa fa72 	bl	1000191c <busy_wait_until>
10007438:	bd10      	pop	{r4, pc}
1000743a:	f7fa f8ff 	bl	1000163c <sleep_until>
1000743e:	e7fb      	b.n	10007438 <async_context_threadsafe_background_wait_until+0x12>

10007440 <async_context_threadsafe_background_when_pending_worker>:
10007440:	b570      	push	{r4, r5, r6, lr}
10007442:	0004      	movs	r4, r0
10007444:	000d      	movs	r5, r1
10007446:	3030      	adds	r0, #48	@ 0x30
10007448:	f000 f9e2 	bl	10007810 <__recursive_mutex_enter_blocking_veneer>
1000744c:	0029      	movs	r1, r5
1000744e:	0020      	movs	r0, r4
10007450:	f000 f8ea 	bl	10007628 <async_context_base_remove_when_pending_worker>
10007454:	0005      	movs	r5, r0
10007456:	0020      	movs	r0, r4
10007458:	f7ff ff2e 	bl	100072b8 <lock_release>
1000745c:	0028      	movs	r0, r5
1000745e:	bd70      	pop	{r4, r5, r6, pc}

10007460 <async_context_threadsafe_background_add_when_pending_worker>:
10007460:	b570      	push	{r4, r5, r6, lr}
10007462:	0004      	movs	r4, r0
10007464:	000d      	movs	r5, r1
10007466:	3030      	adds	r0, #48	@ 0x30
10007468:	f000 f9d2 	bl	10007810 <__recursive_mutex_enter_blocking_veneer>
1000746c:	0029      	movs	r1, r5
1000746e:	0020      	movs	r0, r4
10007470:	f000 f8ca 	bl	10007608 <async_context_base_add_when_pending_worker>
10007474:	0005      	movs	r5, r0
10007476:	0020      	movs	r0, r4
10007478:	f7ff ff1e 	bl	100072b8 <lock_release>
1000747c:	0028      	movs	r0, r5
1000747e:	bd70      	pop	{r4, r5, r6, pc}

10007480 <async_context_threadsafe_background_remove_at_time_worker>:
10007480:	b570      	push	{r4, r5, r6, lr}
10007482:	0004      	movs	r4, r0
10007484:	000d      	movs	r5, r1
10007486:	3030      	adds	r0, #48	@ 0x30
10007488:	f000 f9c2 	bl	10007810 <__recursive_mutex_enter_blocking_veneer>
1000748c:	0029      	movs	r1, r5
1000748e:	0020      	movs	r0, r4
10007490:	f000 f8a9 	bl	100075e6 <async_context_base_remove_at_time_worker>
10007494:	0005      	movs	r5, r0
10007496:	0020      	movs	r0, r4
10007498:	f7ff ff0e 	bl	100072b8 <lock_release>
1000749c:	0028      	movs	r0, r5
1000749e:	bd70      	pop	{r4, r5, r6, pc}

100074a0 <async_context_threadsafe_background_add_at_time_worker>:
100074a0:	b570      	push	{r4, r5, r6, lr}
100074a2:	0004      	movs	r4, r0
100074a4:	000d      	movs	r5, r1
100074a6:	3030      	adds	r0, #48	@ 0x30
100074a8:	f000 f9b2 	bl	10007810 <__recursive_mutex_enter_blocking_veneer>
100074ac:	0029      	movs	r1, r5
100074ae:	0020      	movs	r0, r4
100074b0:	f000 f888 	bl	100075c4 <async_context_base_add_at_time_worker>
100074b4:	0005      	movs	r5, r0
100074b6:	0020      	movs	r0, r4
100074b8:	f7ff fefe 	bl	100072b8 <lock_release>
100074bc:	0028      	movs	r0, r5
100074be:	bd70      	pop	{r4, r5, r6, pc}

100074c0 <low_prio_irq_init>:
100074c0:	b570      	push	{r4, r5, r6, lr}
100074c2:	0004      	movs	r4, r0
100074c4:	000d      	movs	r5, r1
100074c6:	23d0      	movs	r3, #208	@ 0xd0
100074c8:	061b      	lsls	r3, r3, #24
100074ca:	681b      	ldr	r3, [r3, #0]
100074cc:	7e82      	ldrb	r2, [r0, #26]
100074ce:	429a      	cmp	r2, r3
100074d0:	d11d      	bne.n	1000750e <low_prio_irq_init+0x4e>
100074d2:	2000      	movs	r0, #0
100074d4:	f7f9 fd52 	bl	10000f7c <user_irq_claim_unused>
100074d8:	2800      	cmp	r0, #0
100074da:	db24      	blt.n	10007526 <low_prio_irq_init+0x66>
100074dc:	2344      	movs	r3, #68	@ 0x44
100074de:	54e0      	strb	r0, [r4, r3]
100074e0:	0003      	movs	r3, r0
100074e2:	3b1a      	subs	r3, #26
100074e4:	2b05      	cmp	r3, #5
100074e6:	d818      	bhi.n	1000751a <low_prio_irq_init+0x5a>
100074e8:	4a10      	ldr	r2, [pc, #64]	@ (1000752c <low_prio_irq_init+0x6c>)
100074ea:	009b      	lsls	r3, r3, #2
100074ec:	509c      	str	r4, [r3, r2]
100074ee:	4910      	ldr	r1, [pc, #64]	@ (10007530 <low_prio_irq_init+0x70>)
100074f0:	23ff      	movs	r3, #255	@ 0xff
100074f2:	4018      	ands	r0, r3
100074f4:	f7f9 faac 	bl	10000a50 <irq_set_exclusive_handler>
100074f8:	2644      	movs	r6, #68	@ 0x44
100074fa:	5da0      	ldrb	r0, [r4, r6]
100074fc:	2101      	movs	r1, #1
100074fe:	f7f9 fa6f 	bl	100009e0 <irq_set_enabled>
10007502:	5da0      	ldrb	r0, [r4, r6]
10007504:	0029      	movs	r1, r5
10007506:	f7f9 fc9f 	bl	10000e48 <irq_set_priority>
1000750a:	2001      	movs	r0, #1
1000750c:	bd70      	pop	{r4, r5, r6, pc}
1000750e:	4b09      	ldr	r3, [pc, #36]	@ (10007534 <low_prio_irq_init+0x74>)
10007510:	4a09      	ldr	r2, [pc, #36]	@ (10007538 <low_prio_irq_init+0x78>)
10007512:	480a      	ldr	r0, [pc, #40]	@ (1000753c <low_prio_irq_init+0x7c>)
10007514:	21a8      	movs	r1, #168	@ 0xa8
10007516:	f7fc facf 	bl	10003ab8 <__assert_func>
1000751a:	4b09      	ldr	r3, [pc, #36]	@ (10007540 <low_prio_irq_init+0x80>)
1000751c:	4a06      	ldr	r2, [pc, #24]	@ (10007538 <low_prio_irq_init+0x78>)
1000751e:	4807      	ldr	r0, [pc, #28]	@ (1000753c <low_prio_irq_init+0x7c>)
10007520:	21ad      	movs	r1, #173	@ 0xad
10007522:	f7fc fac9 	bl	10003ab8 <__assert_func>
10007526:	2000      	movs	r0, #0
10007528:	e7f0      	b.n	1000750c <low_prio_irq_init+0x4c>
1000752a:	46c0      	nop			@ (mov r8, r8)
1000752c:	2000165c 	.word	0x2000165c
10007530:	100073a5 	.word	0x100073a5
10007534:	100089e4 	.word	0x100089e4
10007538:	100094e8 	.word	0x100094e8
1000753c:	10008970 	.word	0x10008970
10007540:	10008a34 	.word	0x10008a34

10007544 <async_context_threadsafe_background_default_config>:
10007544:	23ff      	movs	r3, #255	@ 0xff
10007546:	7003      	strb	r3, [r0, #0]
10007548:	2300      	movs	r3, #0
1000754a:	6043      	str	r3, [r0, #4]
1000754c:	4770      	bx	lr
	...

10007550 <async_context_threadsafe_background_init>:
10007550:	b570      	push	{r4, r5, r6, lr}
10007552:	0004      	movs	r4, r0
10007554:	000d      	movs	r5, r1
10007556:	2248      	movs	r2, #72	@ 0x48
10007558:	2100      	movs	r1, #0
1000755a:	f7fb f9a3 	bl	100028a4 <__wrap_memset>
1000755e:	4b15      	ldr	r3, [pc, #84]	@ (100075b4 <async_context_threadsafe_background_init+0x64>)
10007560:	6023      	str	r3, [r4, #0]
10007562:	2303      	movs	r3, #3
10007564:	8323      	strh	r3, [r4, #24]
10007566:	23d0      	movs	r3, #208	@ 0xd0
10007568:	061b      	lsls	r3, r3, #24
1000756a:	681b      	ldr	r3, [r3, #0]
1000756c:	76a3      	strb	r3, [r4, #26]
1000756e:	686b      	ldr	r3, [r5, #4]
10007570:	2b00      	cmp	r3, #0
10007572:	d015      	beq.n	100075a0 <async_context_threadsafe_background_init+0x50>
10007574:	6223      	str	r3, [r4, #32]
10007576:	7ea6      	ldrb	r6, [r4, #26]
10007578:	6a20      	ldr	r0, [r4, #32]
1000757a:	f7fa f85d 	bl	10001638 <alarm_pool_core_num>
1000757e:	4286      	cmp	r6, r0
10007580:	d112      	bne.n	100075a8 <async_context_threadsafe_background_init+0x58>
10007582:	0020      	movs	r0, r4
10007584:	3038      	adds	r0, #56	@ 0x38
10007586:	2201      	movs	r2, #1
10007588:	2101      	movs	r1, #1
1000758a:	f7f9 fd0d 	bl	10000fa8 <sem_init>
1000758e:	0020      	movs	r0, r4
10007590:	3030      	adds	r0, #48	@ 0x30
10007592:	f7f9 fd2e 	bl	10000ff2 <recursive_mutex_init>
10007596:	7829      	ldrb	r1, [r5, #0]
10007598:	0020      	movs	r0, r4
1000759a:	f7ff ff91 	bl	100074c0 <low_prio_irq_init>
1000759e:	bd70      	pop	{r4, r5, r6, pc}
100075a0:	f7f9 ff68 	bl	10001474 <alarm_pool_get_default>
100075a4:	6220      	str	r0, [r4, #32]
100075a6:	e7e6      	b.n	10007576 <async_context_threadsafe_background_init+0x26>
100075a8:	4b03      	ldr	r3, [pc, #12]	@ (100075b8 <async_context_threadsafe_background_init+0x68>)
100075aa:	4a04      	ldr	r2, [pc, #16]	@ (100075bc <async_context_threadsafe_background_init+0x6c>)
100075ac:	4804      	ldr	r0, [pc, #16]	@ (100075c0 <async_context_threadsafe_background_init+0x70>)
100075ae:	21de      	movs	r1, #222	@ 0xde
100075b0:	f7fc fa82 	bl	10003ab8 <__assert_func>
100075b4:	10009598 	.word	0x10009598
100075b8:	10008a64 	.word	0x10008a64
100075bc:	10009558 	.word	0x10009558
100075c0:	10008970 	.word	0x10008970

100075c4 <async_context_base_add_at_time_worker>:
100075c4:	0002      	movs	r2, r0
100075c6:	3208      	adds	r2, #8
100075c8:	6883      	ldr	r3, [r0, #8]
100075ca:	e001      	b.n	100075d0 <async_context_base_add_at_time_worker+0xc>
100075cc:	001a      	movs	r2, r3
100075ce:	681b      	ldr	r3, [r3, #0]
100075d0:	2b00      	cmp	r3, #0
100075d2:	d004      	beq.n	100075de <async_context_base_add_at_time_worker+0x1a>
100075d4:	6813      	ldr	r3, [r2, #0]
100075d6:	428b      	cmp	r3, r1
100075d8:	d1f8      	bne.n	100075cc <async_context_base_add_at_time_worker+0x8>
100075da:	2000      	movs	r0, #0
100075dc:	e002      	b.n	100075e4 <async_context_base_add_at_time_worker+0x20>
100075de:	6011      	str	r1, [r2, #0]
100075e0:	600b      	str	r3, [r1, #0]
100075e2:	2001      	movs	r0, #1
100075e4:	4770      	bx	lr

100075e6 <async_context_base_remove_at_time_worker>:
100075e6:	0002      	movs	r2, r0
100075e8:	3208      	adds	r2, #8
100075ea:	6883      	ldr	r3, [r0, #8]
100075ec:	e001      	b.n	100075f2 <async_context_base_remove_at_time_worker+0xc>
100075ee:	001a      	movs	r2, r3
100075f0:	681b      	ldr	r3, [r3, #0]
100075f2:	2b00      	cmp	r3, #0
100075f4:	d006      	beq.n	10007604 <async_context_base_remove_at_time_worker+0x1e>
100075f6:	6813      	ldr	r3, [r2, #0]
100075f8:	428b      	cmp	r3, r1
100075fa:	d1f8      	bne.n	100075ee <async_context_base_remove_at_time_worker+0x8>
100075fc:	680b      	ldr	r3, [r1, #0]
100075fe:	6013      	str	r3, [r2, #0]
10007600:	2001      	movs	r0, #1
10007602:	e000      	b.n	10007606 <async_context_base_remove_at_time_worker+0x20>
10007604:	2000      	movs	r0, #0
10007606:	4770      	bx	lr

10007608 <async_context_base_add_when_pending_worker>:
10007608:	1d02      	adds	r2, r0, #4
1000760a:	6843      	ldr	r3, [r0, #4]
1000760c:	e001      	b.n	10007612 <async_context_base_add_when_pending_worker+0xa>
1000760e:	001a      	movs	r2, r3
10007610:	681b      	ldr	r3, [r3, #0]
10007612:	2b00      	cmp	r3, #0
10007614:	d004      	beq.n	10007620 <async_context_base_add_when_pending_worker+0x18>
10007616:	6813      	ldr	r3, [r2, #0]
10007618:	428b      	cmp	r3, r1
1000761a:	d1f8      	bne.n	1000760e <async_context_base_add_when_pending_worker+0x6>
1000761c:	2000      	movs	r0, #0
1000761e:	e002      	b.n	10007626 <async_context_base_add_when_pending_worker+0x1e>
10007620:	6011      	str	r1, [r2, #0]
10007622:	600b      	str	r3, [r1, #0]
10007624:	2001      	movs	r0, #1
10007626:	4770      	bx	lr

10007628 <async_context_base_remove_when_pending_worker>:
10007628:	1d02      	adds	r2, r0, #4
1000762a:	6843      	ldr	r3, [r0, #4]
1000762c:	e001      	b.n	10007632 <async_context_base_remove_when_pending_worker+0xa>
1000762e:	001a      	movs	r2, r3
10007630:	681b      	ldr	r3, [r3, #0]
10007632:	2b00      	cmp	r3, #0
10007634:	d006      	beq.n	10007644 <async_context_base_remove_when_pending_worker+0x1c>
10007636:	6813      	ldr	r3, [r2, #0]
10007638:	428b      	cmp	r3, r1
1000763a:	d1f8      	bne.n	1000762e <async_context_base_remove_when_pending_worker+0x6>
1000763c:	680b      	ldr	r3, [r1, #0]
1000763e:	6013      	str	r3, [r2, #0]
10007640:	2001      	movs	r0, #1
10007642:	e000      	b.n	10007646 <async_context_base_remove_when_pending_worker+0x1e>
10007644:	2000      	movs	r0, #0
10007646:	4770      	bx	lr

10007648 <async_context_base_remove_ready_at_time_worker>:
10007648:	b5f8      	push	{r3, r4, r5, r6, r7, lr}
1000764a:	0006      	movs	r6, r0
1000764c:	6883      	ldr	r3, [r0, #8]
1000764e:	2b00      	cmp	r3, #0
10007650:	d02b      	beq.n	100076aa <async_context_base_remove_ready_at_time_worker+0x62>
10007652:	f7fa f951 	bl	100018f8 <time_us_64>
10007656:	0004      	movs	r4, r0
10007658:	000d      	movs	r5, r1
1000765a:	2308      	movs	r3, #8
1000765c:	469c      	mov	ip, r3
1000765e:	44b4      	add	ip, r6
10007660:	2000      	movs	r0, #0
10007662:	e008      	b.n	10007676 <async_context_base_remove_ready_at_time_worker+0x2e>
10007664:	4283      	cmp	r3, r0
10007666:	d117      	bne.n	10007698 <async_context_base_remove_ready_at_time_worker+0x50>
10007668:	4b12      	ldr	r3, [pc, #72]	@ (100076b4 <async_context_base_remove_ready_at_time_worker+0x6c>)
1000766a:	4a13      	ldr	r2, [pc, #76]	@ (100076b8 <async_context_base_remove_ready_at_time_worker+0x70>)
1000766c:	4813      	ldr	r0, [pc, #76]	@ (100076bc <async_context_base_remove_ready_at_time_worker+0x74>)
1000766e:	2142      	movs	r1, #66	@ 0x42
10007670:	f7fc fa22 	bl	10003ab8 <__assert_func>
10007674:	468c      	mov	ip, r1
10007676:	4663      	mov	r3, ip
10007678:	6819      	ldr	r1, [r3, #0]
1000767a:	2900      	cmp	r1, #0
1000767c:	d010      	beq.n	100076a0 <async_context_base_remove_ready_at_time_worker+0x58>
1000767e:	688a      	ldr	r2, [r1, #8]
10007680:	68cb      	ldr	r3, [r1, #12]
10007682:	0026      	movs	r6, r4
10007684:	002f      	movs	r7, r5
10007686:	1ab6      	subs	r6, r6, r2
10007688:	419f      	sbcs	r7, r3
1000768a:	2f00      	cmp	r7, #0
1000768c:	dbf2      	blt.n	10007674 <async_context_base_remove_ready_at_time_worker+0x2c>
1000768e:	480c      	ldr	r0, [pc, #48]	@ (100076c0 <async_context_base_remove_ready_at_time_worker+0x78>)
10007690:	6804      	ldr	r4, [r0, #0]
10007692:	6840      	ldr	r0, [r0, #4]
10007694:	42a2      	cmp	r2, r4
10007696:	d0e5      	beq.n	10007664 <async_context_base_remove_ready_at_time_worker+0x1c>
10007698:	0014      	movs	r4, r2
1000769a:	001d      	movs	r5, r3
1000769c:	4660      	mov	r0, ip
1000769e:	e7e9      	b.n	10007674 <async_context_base_remove_ready_at_time_worker+0x2c>
100076a0:	2800      	cmp	r0, #0
100076a2:	d004      	beq.n	100076ae <async_context_base_remove_ready_at_time_worker+0x66>
100076a4:	6803      	ldr	r3, [r0, #0]
100076a6:	681a      	ldr	r2, [r3, #0]
100076a8:	6002      	str	r2, [r0, #0]
100076aa:	0018      	movs	r0, r3
100076ac:	bdf8      	pop	{r3, r4, r5, r6, r7, pc}
100076ae:	0003      	movs	r3, r0
100076b0:	e7fb      	b.n	100076aa <async_context_base_remove_ready_at_time_worker+0x62>
100076b2:	46c0      	nop			@ (mov r8, r8)
100076b4:	10008aa4 	.word	0x10008aa4
100076b8:	100095d0 	.word	0x100095d0
100076bc:	10008ac8 	.word	0x10008ac8
100076c0:	10008d08 	.word	0x10008d08

100076c4 <async_context_base_refresh_next_timeout>:
100076c4:	b5f0      	push	{r4, r5, r6, r7, lr}
100076c6:	b083      	sub	sp, #12
100076c8:	4b0f      	ldr	r3, [pc, #60]	@ (10007708 <async_context_base_refresh_next_timeout+0x44>)
100076ca:	681c      	ldr	r4, [r3, #0]
100076cc:	685d      	ldr	r5, [r3, #4]
100076ce:	6883      	ldr	r3, [r0, #8]
100076d0:	e004      	b.n	100076dc <async_context_base_refresh_next_timeout+0x18>
100076d2:	2b00      	cmp	r3, #0
100076d4:	d101      	bne.n	100076da <async_context_base_refresh_next_timeout+0x16>
100076d6:	2a00      	cmp	r2, #0
100076d8:	d10f      	bne.n	100076fa <async_context_base_refresh_next_timeout+0x36>
100076da:	000b      	movs	r3, r1
100076dc:	2b00      	cmp	r3, #0
100076de:	d00f      	beq.n	10007700 <async_context_base_refresh_next_timeout+0x3c>
100076e0:	6819      	ldr	r1, [r3, #0]
100076e2:	689e      	ldr	r6, [r3, #8]
100076e4:	68df      	ldr	r7, [r3, #12]
100076e6:	0022      	movs	r2, r4
100076e8:	002b      	movs	r3, r5
100076ea:	1b92      	subs	r2, r2, r6
100076ec:	41bb      	sbcs	r3, r7
100076ee:	9200      	str	r2, [sp, #0]
100076f0:	9301      	str	r3, [sp, #4]
100076f2:	9a00      	ldr	r2, [sp, #0]
100076f4:	9b01      	ldr	r3, [sp, #4]
100076f6:	2b00      	cmp	r3, #0
100076f8:	ddeb      	ble.n	100076d2 <async_context_base_refresh_next_timeout+0xe>
100076fa:	0034      	movs	r4, r6
100076fc:	003d      	movs	r5, r7
100076fe:	e7ec      	b.n	100076da <async_context_base_refresh_next_timeout+0x16>
10007700:	6104      	str	r4, [r0, #16]
10007702:	6145      	str	r5, [r0, #20]
10007704:	b003      	add	sp, #12
10007706:	bdf0      	pop	{r4, r5, r6, r7, pc}
10007708:	10008d08 	.word	0x10008d08

1000770c <async_context_base_execute_once>:
1000770c:	b570      	push	{r4, r5, r6, lr}
1000770e:	0005      	movs	r5, r0
10007710:	e002      	b.n	10007718 <async_context_base_execute_once+0xc>
10007712:	684b      	ldr	r3, [r1, #4]
10007714:	0028      	movs	r0, r5
10007716:	4798      	blx	r3
10007718:	0028      	movs	r0, r5
1000771a:	f7ff ff95 	bl	10007648 <async_context_base_remove_ready_at_time_worker>
1000771e:	1e01      	subs	r1, r0, #0
10007720:	d1f7      	bne.n	10007712 <async_context_base_execute_once+0x6>
10007722:	686c      	ldr	r4, [r5, #4]
10007724:	e000      	b.n	10007728 <async_context_base_execute_once+0x1c>
10007726:	6824      	ldr	r4, [r4, #0]
10007728:	2c00      	cmp	r4, #0
1000772a:	d009      	beq.n	10007740 <async_context_base_execute_once+0x34>
1000772c:	7a23      	ldrb	r3, [r4, #8]
1000772e:	2b00      	cmp	r3, #0
10007730:	d0f9      	beq.n	10007726 <async_context_base_execute_once+0x1a>
10007732:	2300      	movs	r3, #0
10007734:	7223      	strb	r3, [r4, #8]
10007736:	6863      	ldr	r3, [r4, #4]
10007738:	0021      	movs	r1, r4
1000773a:	0028      	movs	r0, r5
1000773c:	4798      	blx	r3
1000773e:	e7f2      	b.n	10007726 <async_context_base_execute_once+0x1a>
10007740:	0028      	movs	r0, r5
10007742:	f7ff ffbf 	bl	100076c4 <async_context_base_refresh_next_timeout>
10007746:	6928      	ldr	r0, [r5, #16]
10007748:	6969      	ldr	r1, [r5, #20]
1000774a:	bd70      	pop	{r4, r5, r6, pc}

1000774c <strlen>:
1000774c:	b510      	push	{r4, lr}
1000774e:	0783      	lsls	r3, r0, #30
10007750:	d00a      	beq.n	10007768 <strlen+0x1c>
10007752:	0003      	movs	r3, r0
10007754:	2103      	movs	r1, #3
10007756:	e002      	b.n	1000775e <strlen+0x12>
10007758:	3301      	adds	r3, #1
1000775a:	420b      	tst	r3, r1
1000775c:	d005      	beq.n	1000776a <strlen+0x1e>
1000775e:	781a      	ldrb	r2, [r3, #0]
10007760:	2a00      	cmp	r2, #0
10007762:	d1f9      	bne.n	10007758 <strlen+0xc>
10007764:	1a18      	subs	r0, r3, r0
10007766:	bd10      	pop	{r4, pc}
10007768:	0003      	movs	r3, r0
1000776a:	6819      	ldr	r1, [r3, #0]
1000776c:	4a0c      	ldr	r2, [pc, #48]	@ (100077a0 <strlen+0x54>)
1000776e:	4c0d      	ldr	r4, [pc, #52]	@ (100077a4 <strlen+0x58>)
10007770:	188a      	adds	r2, r1, r2
10007772:	438a      	bics	r2, r1
10007774:	4222      	tst	r2, r4
10007776:	d10f      	bne.n	10007798 <strlen+0x4c>
10007778:	6859      	ldr	r1, [r3, #4]
1000777a:	4a09      	ldr	r2, [pc, #36]	@ (100077a0 <strlen+0x54>)
1000777c:	3304      	adds	r3, #4
1000777e:	188a      	adds	r2, r1, r2
10007780:	438a      	bics	r2, r1
10007782:	4222      	tst	r2, r4
10007784:	d108      	bne.n	10007798 <strlen+0x4c>
10007786:	6859      	ldr	r1, [r3, #4]
10007788:	4a05      	ldr	r2, [pc, #20]	@ (100077a0 <strlen+0x54>)
1000778a:	3304      	adds	r3, #4
1000778c:	188a      	adds	r2, r1, r2
1000778e:	438a      	bics	r2, r1
10007790:	4222      	tst	r2, r4
10007792:	d0f1      	beq.n	10007778 <strlen+0x2c>
10007794:	e000      	b.n	10007798 <strlen+0x4c>
10007796:	3301      	adds	r3, #1
10007798:	781a      	ldrb	r2, [r3, #0]
1000779a:	2a00      	cmp	r2, #0
1000779c:	d1fb      	bne.n	10007796 <strlen+0x4a>
1000779e:	e7e1      	b.n	10007764 <strlen+0x18>
100077a0:	fefefeff 	.word	0xfefefeff
100077a4:	80808080 	.word	0x80808080

100077a8 <_fini>:
100077a8:	b5f8      	push	{r3, r4, r5, r6, r7, lr}
100077aa:	46c0      	nop			@ (mov r8, r8)
100077ac:	0000      	movs	r0, r0
	...

100077b0 <__sem_release_veneer>:
100077b0:	b401      	push	{r0}
100077b2:	4802      	ldr	r0, [pc, #8]	@ (100077bc <__sem_release_veneer+0xc>)
100077b4:	4684      	mov	ip, r0
100077b6:	bc01      	pop	{r0}
100077b8:	4760      	bx	ip
100077ba:	bf00      	nop
100077bc:	20000123 	.word	0x20000123

100077c0 <__flash_do_cmd_veneer>:
100077c0:	b401      	push	{r0}
100077c2:	4802      	ldr	r0, [pc, #8]	@ (100077cc <__flash_do_cmd_veneer+0xc>)
100077c4:	4684      	mov	ip, r0
100077c6:	bc01      	pop	{r0}
100077c8:	4760      	bx	ip
100077ca:	bf00      	nop
100077cc:	200004fd 	.word	0x200004fd

100077d0 <__mutex_exit_veneer>:
100077d0:	b401      	push	{r0}
100077d2:	4802      	ldr	r0, [pc, #8]	@ (100077dc <__mutex_exit_veneer+0xc>)
100077d4:	4684      	mov	ip, r0
100077d6:	bc01      	pop	{r0}
100077d8:	4760      	bx	ip
100077da:	bf00      	nop
100077dc:	20000395 	.word	0x20000395

100077e0 <____aeabi_ldiv0_veneer>:
100077e0:	b401      	push	{r0}
100077e2:	4802      	ldr	r0, [pc, #8]	@ (100077ec <____aeabi_ldiv0_veneer+0xc>)
100077e4:	4684      	mov	ip, r0
100077e6:	bc01      	pop	{r0}
100077e8:	4760      	bx	ip
100077ea:	bf00      	nop
100077ec:	20000d45 	.word	0x20000d45

100077f0 <__recursive_mutex_try_enter_veneer>:
100077f0:	b401      	push	{r0}
100077f2:	4802      	ldr	r0, [pc, #8]	@ (100077fc <__recursive_mutex_try_enter_veneer+0xc>)
100077f4:	4684      	mov	ip, r0
100077f6:	bc01      	pop	{r0}
100077f8:	4760      	bx	ip
100077fa:	bf00      	nop
100077fc:	20000225 	.word	0x20000225

10007800 <____aeabi_idiv0_veneer>:
10007800:	b401      	push	{r0}
10007802:	4802      	ldr	r0, [pc, #8]	@ (1000780c <____aeabi_idiv0_veneer+0xc>)
10007804:	4684      	mov	ip, r0
10007806:	bc01      	pop	{r0}
10007808:	4760      	bx	ip
1000780a:	bf00      	nop
1000780c:	20000d45 	.word	0x20000d45

10007810 <__recursive_mutex_enter_blocking_veneer>:
10007810:	b401      	push	{r0}
10007812:	4802      	ldr	r0, [pc, #8]	@ (1000781c <__recursive_mutex_enter_blocking_veneer+0xc>)
10007814:	4684      	mov	ip, r0
10007816:	bc01      	pop	{r0}
10007818:	4760      	bx	ip
1000781a:	bf00      	nop
1000781c:	2000016d 	.word	0x2000016d

10007820 <__mutex_try_enter_veneer>:
10007820:	b401      	push	{r0}
10007822:	4802      	ldr	r0, [pc, #8]	@ (1000782c <__mutex_try_enter_veneer+0xc>)
10007824:	4684      	mov	ip, r0
10007826:	bc01      	pop	{r0}
10007828:	4760      	bx	ip
1000782a:	bf00      	nop
1000782c:	200001dd 	.word	0x200001dd

10007830 <__reset_non_control_endpoints_veneer>:
10007830:	b401      	push	{r0}
10007832:	4802      	ldr	r0, [pc, #8]	@ (1000783c <__reset_non_control_endpoints_veneer+0xc>)
10007834:	4684      	mov	ip, r0
10007836:	bc01      	pop	{r0}
10007838:	4760      	bx	ip
1000783a:	bf00      	nop
1000783c:	200005e9 	.word	0x200005e9

10007840 <__mutex_enter_timeout_ms_veneer>:
10007840:	b401      	push	{r0}
10007842:	4802      	ldr	r0, [pc, #8]	@ (1000784c <__mutex_enter_timeout_ms_veneer+0xc>)
10007844:	4684      	mov	ip, r0
10007846:	bc01      	pop	{r0}
10007848:	4760      	bx	ip
1000784a:	bf00      	nop
1000784c:	20000359 	.word	0x20000359

10007850 <__mutex_try_enter_block_until_veneer>:
10007850:	b401      	push	{r0}
10007852:	4802      	ldr	r0, [pc, #8]	@ (1000785c <__mutex_try_enter_block_until_veneer+0xc>)
10007854:	4684      	mov	ip, r0
10007856:	bc01      	pop	{r0}
10007858:	4760      	bx	ip
1000785a:	bf00      	nop
1000785c:	20000325 	.word	0x20000325

10007860 <__hw_endpoint_start_next_buffer_veneer>:
10007860:	b401      	push	{r0}
10007862:	4802      	ldr	r0, [pc, #8]	@ (1000786c <__hw_endpoint_start_next_buffer_veneer+0xc>)
10007864:	4684      	mov	ip, r0
10007866:	bc01      	pop	{r0}
10007868:	4760      	bx	ip
1000786a:	bf00      	nop
1000786c:	20000a89 	.word	0x20000a89

10007870 <__recursive_mutex_exit_veneer>:
10007870:	b401      	push	{r0}
10007872:	4802      	ldr	r0, [pc, #8]	@ (1000787c <__recursive_mutex_exit_veneer+0xc>)
10007874:	4684      	mov	ip, r0
10007876:	bc01      	pop	{r0}
10007878:	4760      	bx	ip
1000787a:	bf00      	nop
1000787c:	200003e1 	.word	0x200003e1

10007880 <__hw_endpoint_reset_transfer_veneer>:
10007880:	b401      	push	{r0}
10007882:	4802      	ldr	r0, [pc, #8]	@ (1000788c <__hw_endpoint_reset_transfer_veneer+0xc>)
10007884:	4684      	mov	ip, r0
10007886:	bc01      	pop	{r0}
10007888:	4760      	bx	ip
1000788a:	bf00      	nop
1000788c:	20000a31 	.word	0x20000a31

10007890 <__e15_is_critical_frame_period_veneer>:
10007890:	b401      	push	{r0}
10007892:	4802      	ldr	r0, [pc, #8]	@ (1000789c <__e15_is_critical_frame_period_veneer+0xc>)
10007894:	4684      	mov	ip, r0
10007896:	bc01      	pop	{r0}
10007898:	4760      	bx	ip
1000789a:	bf00      	nop
1000789c:	20000961 	.word	0x20000961

100078a0 <___hw_endpoint_buffer_control_update32_veneer>:
100078a0:	b401      	push	{r0}
100078a2:	4802      	ldr	r0, [pc, #8]	@ (100078ac <___hw_endpoint_buffer_control_update32_veneer+0xc>)
100078a4:	4684      	mov	ip, r0
100078a6:	bc01      	pop	{r0}
100078a8:	4760      	bx	ip
100078aa:	bf00      	nop
100078ac:	20000a3d 	.word	0x20000a3d

100078b0 <__e15_is_bulkin_ep_veneer>:
100078b0:	b401      	push	{r0}
100078b2:	4802      	ldr	r0, [pc, #8]	@ (100078bc <__e15_is_bulkin_ep_veneer+0xc>)
100078b4:	4684      	mov	ip, r0
100078b6:	bc01      	pop	{r0}
100078b8:	4760      	bx	ip
100078ba:	bf00      	nop
100078bc:	20000935 	.word	0x20000935

100078c0 <__sem_acquire_block_until_veneer>:
100078c0:	b401      	push	{r0}
100078c2:	4802      	ldr	r0, [pc, #8]	@ (100078cc <__sem_acquire_block_until_veneer+0xc>)
100078c4:	4684      	mov	ip, r0
100078c6:	bc01      	pop	{r0}
100078c8:	4760      	bx	ip
100078ca:	bf00      	nop
100078cc:	200000c1 	.word	0x200000c1

100078d0 <__pre_init_runtime_init_early_resets>:
100078d0:	10001d19                                ....

100078d4 <__pre_init_runtime_init_usb_power_down>:
100078d4:	10001d45 10001ed9 10002895 10002561     E........(..a%..
100078e4:	1000280d                                .(..

100078e8 <__pre_init_runtime_init_clocks>:
100078e8:	10001e0d                                ....

100078ec <__pre_init_runtime_init_post_clock_resets>:
100078ec:	10001d61                                a...

100078f0 <__pre_init_runtime_init_rp2040_gpio_ie_disable>:
100078f0:	10001d81                                ....

100078f4 <__pre_init_runtime_init_spin_locks_reset>:
100078f4:	10001d95                                ....

100078f8 <__pre_init_runtime_init_mutex>:
100078f8:	10001011                                ....

100078fc <__pre_init_runtime_init_install_ram_vector_table>:
100078fc:	10001d9d                                ....

10007900 <__pre_init_runtime_init_default_alarm_pool>:
10007900:	10001849                                I...

10007904 <__pre_init_first_per_core_initializer>:
10007904:	10001d05                                ....

10007908 <__pre_init_runtime_init_per_core_irq_priorities>:
10007908:	100008d1                                ....

1000790c <__init_array_start>:
1000790c:	10004475 	.word	0x10004475

10007910 <__frame_dummy_init_array_entry>:
10007910:	100002b1                                ....

Disassembly of section .data:

200000c0 <sem_acquire_block_until>:
200000c0:	b5f8      	push	{r3, r4, r5, r6, r7, lr}
200000c2:	46ce      	mov	lr, r9
200000c4:	4647      	mov	r7, r8
200000c6:	b580      	push	{r7, lr}
200000c8:	0005      	movs	r5, r0
200000ca:	4691      	mov	r9, r2
200000cc:	4698      	mov	r8, r3
200000ce:	682f      	ldr	r7, [r5, #0]
200000d0:	f3ef 8410 	mrs	r4, PRIMASK
200000d4:	b672      	cpsid	i
200000d6:	683e      	ldr	r6, [r7, #0]
200000d8:	2e00      	cmp	r6, #0
200000da:	d0fc      	beq.n	200000d6 <sem_acquire_block_until+0x16>
200000dc:	f3bf 8f5f 	dmb	sy
200000e0:	2304      	movs	r3, #4
200000e2:	5eee      	ldrsh	r6, [r5, r3]
200000e4:	2e00      	cmp	r6, #0
200000e6:	dc0e      	bgt.n	20000106 <sem_acquire_block_until+0x46>
200000e8:	682b      	ldr	r3, [r5, #0]
200000ea:	f3bf 8f5f 	dmb	sy
200000ee:	2200      	movs	r2, #0
200000f0:	601a      	str	r2, [r3, #0]
200000f2:	f384 8810 	msr	PRIMASK, r4
200000f6:	4648      	mov	r0, r9
200000f8:	4641      	mov	r1, r8
200000fa:	f000 fe3d 	bl	20000d78 <__best_effort_wfe_or_timeout_veneer>
200000fe:	2800      	cmp	r0, #0
20000100:	d0e5      	beq.n	200000ce <sem_acquire_block_until+0xe>
20000102:	2000      	movs	r0, #0
20000104:	e009      	b.n	2000011a <sem_acquire_block_until+0x5a>
20000106:	3e01      	subs	r6, #1
20000108:	80ae      	strh	r6, [r5, #4]
2000010a:	682b      	ldr	r3, [r5, #0]
2000010c:	f3bf 8f5f 	dmb	sy
20000110:	2200      	movs	r2, #0
20000112:	601a      	str	r2, [r3, #0]
20000114:	f384 8810 	msr	PRIMASK, r4
20000118:	2001      	movs	r0, #1
2000011a:	bcc0      	pop	{r6, r7}
2000011c:	46b9      	mov	r9, r7
2000011e:	46b0      	mov	r8, r6
20000120:	bdf8      	pop	{r3, r4, r5, r6, r7, pc}

20000122 <sem_release>:
20000122:	b510      	push	{r4, lr}
20000124:	6801      	ldr	r1, [r0, #0]
20000126:	f3ef 8310 	mrs	r3, PRIMASK
2000012a:	b672      	cpsid	i
2000012c:	680a      	ldr	r2, [r1, #0]
2000012e:	2a00      	cmp	r2, #0
20000130:	d0fc      	beq.n	2000012c <sem_release+0xa>
20000132:	f3bf 8f5f 	dmb	sy
20000136:	2104      	movs	r1, #4
20000138:	5e42      	ldrsh	r2, [r0, r1]
2000013a:	2406      	movs	r4, #6
2000013c:	5f01      	ldrsh	r1, [r0, r4]
2000013e:	428a      	cmp	r2, r1
20000140:	da0b      	bge.n	2000015a <sem_release+0x38>
20000142:	3201      	adds	r2, #1
20000144:	8082      	strh	r2, [r0, #4]
20000146:	6802      	ldr	r2, [r0, #0]
20000148:	f3bf 8f5f 	dmb	sy
2000014c:	2100      	movs	r1, #0
2000014e:	6011      	str	r1, [r2, #0]
20000150:	f383 8810 	msr	PRIMASK, r3
20000154:	bf40      	sev
20000156:	2001      	movs	r0, #1
20000158:	bd10      	pop	{r4, pc}
2000015a:	6802      	ldr	r2, [r0, #0]
2000015c:	f3bf 8f5f 	dmb	sy
20000160:	2100      	movs	r1, #0
20000162:	6011      	str	r1, [r2, #0]
20000164:	f383 8810 	msr	PRIMASK, r3
20000168:	2000      	movs	r0, #0
2000016a:	e7f5      	b.n	20000158 <sem_release+0x36>

2000016c <recursive_mutex_enter_blocking>:
2000016c:	b510      	push	{r4, lr}
2000016e:	23d0      	movs	r3, #208	@ 0xd0
20000170:	061b      	lsls	r3, r3, #24
20000172:	2400      	movs	r4, #0
20000174:	571c      	ldrsb	r4, [r3, r4]
20000176:	e00d      	b.n	20000194 <recursive_mutex_enter_blocking+0x28>
20000178:	4b15      	ldr	r3, [pc, #84]	@ (200001d0 <recursive_mutex_enter_blocking+0x64>)
2000017a:	4a16      	ldr	r2, [pc, #88]	@ (200001d4 <recursive_mutex_enter_blocking+0x68>)
2000017c:	4816      	ldr	r0, [pc, #88]	@ (200001d8 <recursive_mutex_enter_blocking+0x6c>)
2000017e:	2159      	movs	r1, #89	@ 0x59
20000180:	f000 fe2a 	bl	20000dd8 <____assert_func_veneer>
20000184:	6802      	ldr	r2, [r0, #0]
20000186:	f3bf 8f5f 	dmb	sy
2000018a:	2100      	movs	r1, #0
2000018c:	6011      	str	r1, [r2, #0]
2000018e:	f383 8810 	msr	PRIMASK, r3
20000192:	bf20      	wfe
20000194:	6801      	ldr	r1, [r0, #0]
20000196:	f3ef 8310 	mrs	r3, PRIMASK
2000019a:	b672      	cpsid	i
2000019c:	680a      	ldr	r2, [r1, #0]
2000019e:	2a00      	cmp	r2, #0
200001a0:	d0fc      	beq.n	2000019c <recursive_mutex_enter_blocking+0x30>
200001a2:	f3bf 8f5f 	dmb	sy
200001a6:	2204      	movs	r2, #4
200001a8:	5682      	ldrsb	r2, [r0, r2]
200001aa:	42a2      	cmp	r2, r4
200001ac:	d001      	beq.n	200001b2 <recursive_mutex_enter_blocking+0x46>
200001ae:	2a00      	cmp	r2, #0
200001b0:	dae8      	bge.n	20000184 <recursive_mutex_enter_blocking+0x18>
200001b2:	7104      	strb	r4, [r0, #4]
200001b4:	7942      	ldrb	r2, [r0, #5]
200001b6:	3201      	adds	r2, #1
200001b8:	b2d2      	uxtb	r2, r2
200001ba:	7142      	strb	r2, [r0, #5]
200001bc:	6801      	ldr	r1, [r0, #0]
200001be:	f3bf 8f5f 	dmb	sy
200001c2:	2000      	movs	r0, #0
200001c4:	6008      	str	r0, [r1, #0]
200001c6:	f383 8810 	msr	PRIMASK, r3
200001ca:	2a00      	cmp	r2, #0
200001cc:	d0d4      	beq.n	20000178 <recursive_mutex_enter_blocking+0xc>
200001ce:	bd10      	pop	{r4, pc}
200001d0:	10007de4 	.word	0x10007de4
200001d4:	10008ca4 	.word	0x10008ca4
200001d8:	10007d9c 	.word	0x10007d9c

200001dc <mutex_try_enter>:
200001dc:	b510      	push	{r4, lr}
200001de:	0003      	movs	r3, r0
200001e0:	6804      	ldr	r4, [r0, #0]
200001e2:	f3ef 8210 	mrs	r2, PRIMASK
200001e6:	b672      	cpsid	i
200001e8:	6820      	ldr	r0, [r4, #0]
200001ea:	2800      	cmp	r0, #0
200001ec:	d0fc      	beq.n	200001e8 <mutex_try_enter+0xc>
200001ee:	f3bf 8f5f 	dmb	sy
200001f2:	2004      	movs	r0, #4
200001f4:	5618      	ldrsb	r0, [r3, r0]
200001f6:	2800      	cmp	r0, #0
200001f8:	db0b      	blt.n	20000212 <mutex_try_enter+0x36>
200001fa:	2900      	cmp	r1, #0
200001fc:	d010      	beq.n	20000220 <mutex_try_enter+0x44>
200001fe:	6008      	str	r0, [r1, #0]
20000200:	2000      	movs	r0, #0
20000202:	681b      	ldr	r3, [r3, #0]
20000204:	f3bf 8f5f 	dmb	sy
20000208:	2100      	movs	r1, #0
2000020a:	6019      	str	r1, [r3, #0]
2000020c:	f382 8810 	msr	PRIMASK, r2
20000210:	bd10      	pop	{r4, pc}
20000212:	21d0      	movs	r1, #208	@ 0xd0
20000214:	0609      	lsls	r1, r1, #24
20000216:	7809      	ldrb	r1, [r1, #0]
20000218:	b249      	sxtb	r1, r1
2000021a:	7119      	strb	r1, [r3, #4]
2000021c:	2001      	movs	r0, #1
2000021e:	e7f0      	b.n	20000202 <mutex_try_enter+0x26>
20000220:	2000      	movs	r0, #0
20000222:	e7ee      	b.n	20000202 <mutex_try_enter+0x26>

20000224 <recursive_mutex_try_enter>:
20000224:	b570      	push	{r4, r5, r6, lr}
20000226:	0003      	movs	r3, r0
20000228:	22d0      	movs	r2, #208	@ 0xd0
2000022a:	0612      	lsls	r2, r2, #24
2000022c:	2000      	movs	r0, #0
2000022e:	5610      	ldrsb	r0, [r2, r0]
20000230:	681d      	ldr	r5, [r3, #0]
20000232:	f3ef 8410 	mrs	r4, PRIMASK
20000236:	b672      	cpsid	i
20000238:	682a      	ldr	r2, [r5, #0]
2000023a:	2a00      	cmp	r2, #0
2000023c:	d0fc      	beq.n	20000238 <recursive_mutex_try_enter+0x14>
2000023e:	f3bf 8f5f 	dmb	sy
20000242:	2204      	movs	r2, #4
20000244:	569a      	ldrsb	r2, [r3, r2]
20000246:	2a00      	cmp	r2, #0
20000248:	db06      	blt.n	20000258 <recursive_mutex_try_enter+0x34>
2000024a:	4282      	cmp	r2, r0
2000024c:	d004      	beq.n	20000258 <recursive_mutex_try_enter+0x34>
2000024e:	2900      	cmp	r1, #0
20000250:	d018      	beq.n	20000284 <recursive_mutex_try_enter+0x60>
20000252:	600a      	str	r2, [r1, #0]
20000254:	2000      	movs	r0, #0
20000256:	e007      	b.n	20000268 <recursive_mutex_try_enter+0x44>
20000258:	7118      	strb	r0, [r3, #4]
2000025a:	795a      	ldrb	r2, [r3, #5]
2000025c:	3201      	adds	r2, #1
2000025e:	b2d2      	uxtb	r2, r2
20000260:	715a      	strb	r2, [r3, #5]
20000262:	2a00      	cmp	r2, #0
20000264:	d008      	beq.n	20000278 <recursive_mutex_try_enter+0x54>
20000266:	2001      	movs	r0, #1
20000268:	681b      	ldr	r3, [r3, #0]
2000026a:	f3bf 8f5f 	dmb	sy
2000026e:	2200      	movs	r2, #0
20000270:	601a      	str	r2, [r3, #0]
20000272:	f384 8810 	msr	PRIMASK, r4
20000276:	bd70      	pop	{r4, r5, r6, pc}
20000278:	4b03      	ldr	r3, [pc, #12]	@ (20000288 <recursive_mutex_try_enter+0x64>)
2000027a:	4a04      	ldr	r2, [pc, #16]	@ (2000028c <recursive_mutex_try_enter+0x68>)
2000027c:	4804      	ldr	r0, [pc, #16]	@ (20000290 <recursive_mutex_try_enter+0x6c>)
2000027e:	2186      	movs	r1, #134	@ 0x86
20000280:	f000 fdaa 	bl	20000dd8 <____assert_func_veneer>
20000284:	2000      	movs	r0, #0
20000286:	e7ef      	b.n	20000268 <recursive_mutex_try_enter+0x44>
20000288:	10007de4 	.word	0x10007de4
2000028c:	10008c88 	.word	0x10008c88
20000290:	10007d9c 	.word	0x10007d9c

20000294 <mutex_enter_block_until>:
20000294:	b5f0      	push	{r4, r5, r6, r7, lr}
20000296:	46d6      	mov	lr, sl
20000298:	464f      	mov	r7, r9
2000029a:	4646      	mov	r6, r8
2000029c:	b5c0      	push	{r6, r7, lr}
2000029e:	0005      	movs	r5, r0
200002a0:	4690      	mov	r8, r2
200002a2:	4699      	mov	r9, r3
200002a4:	6803      	ldr	r3, [r0, #0]
200002a6:	2b00      	cmp	r3, #0
200002a8:	d020      	beq.n	200002ec <mutex_enter_block_until+0x58>
200002aa:	23d0      	movs	r3, #208	@ 0xd0
200002ac:	061b      	lsls	r3, r3, #24
200002ae:	781b      	ldrb	r3, [r3, #0]
200002b0:	b25b      	sxtb	r3, r3
200002b2:	469a      	mov	sl, r3
200002b4:	682f      	ldr	r7, [r5, #0]
200002b6:	f3ef 8410 	mrs	r4, PRIMASK
200002ba:	b672      	cpsid	i
200002bc:	683e      	ldr	r6, [r7, #0]
200002be:	2e00      	cmp	r6, #0
200002c0:	d0fc      	beq.n	200002bc <mutex_enter_block_until+0x28>
200002c2:	f3bf 8f5f 	dmb	sy
200002c6:	2304      	movs	r3, #4
200002c8:	56eb      	ldrsb	r3, [r5, r3]
200002ca:	2b00      	cmp	r3, #0
200002cc:	db14      	blt.n	200002f8 <mutex_enter_block_until+0x64>
200002ce:	682b      	ldr	r3, [r5, #0]
200002d0:	f3bf 8f5f 	dmb	sy
200002d4:	2200      	movs	r2, #0
200002d6:	601a      	str	r2, [r3, #0]
200002d8:	f384 8810 	msr	PRIMASK, r4
200002dc:	4640      	mov	r0, r8
200002de:	4649      	mov	r1, r9
200002e0:	f000 fd4a 	bl	20000d78 <__best_effort_wfe_or_timeout_veneer>
200002e4:	2800      	cmp	r0, #0
200002e6:	d0e5      	beq.n	200002b4 <mutex_enter_block_until+0x20>
200002e8:	2000      	movs	r0, #0
200002ea:	e00f      	b.n	2000030c <mutex_enter_block_until+0x78>
200002ec:	4b0a      	ldr	r3, [pc, #40]	@ (20000318 <mutex_enter_block_until+0x84>)
200002ee:	4a0b      	ldr	r2, [pc, #44]	@ (2000031c <mutex_enter_block_until+0x88>)
200002f0:	480b      	ldr	r0, [pc, #44]	@ (20000320 <mutex_enter_block_until+0x8c>)
200002f2:	21a6      	movs	r1, #166	@ 0xa6
200002f4:	f000 fd70 	bl	20000dd8 <____assert_func_veneer>
200002f8:	4653      	mov	r3, sl
200002fa:	712b      	strb	r3, [r5, #4]
200002fc:	682b      	ldr	r3, [r5, #0]
200002fe:	f3bf 8f5f 	dmb	sy
20000302:	2200      	movs	r2, #0
20000304:	601a      	str	r2, [r3, #0]
20000306:	f384 8810 	msr	PRIMASK, r4
2000030a:	2001      	movs	r0, #1
2000030c:	bce0      	pop	{r5, r6, r7}
2000030e:	46ba      	mov	sl, r7
20000310:	46b1      	mov	r9, r6
20000312:	46a8      	mov	r8, r5
20000314:	bdf0      	pop	{r4, r5, r6, r7, pc}
20000316:	46c0      	nop			@ (mov r8, r8)
20000318:	10007dec 	.word	0x10007dec
2000031c:	10008c70 	.word	0x10008c70
20000320:	10007d9c 	.word	0x10007d9c

20000324 <mutex_try_enter_block_until>:
20000324:	b570      	push	{r4, r5, r6, lr}
20000326:	b082      	sub	sp, #8
20000328:	0006      	movs	r6, r0
2000032a:	0015      	movs	r5, r2
2000032c:	001c      	movs	r4, r3
2000032e:	a901      	add	r1, sp, #4
20000330:	f7ff ff54 	bl	200001dc <mutex_try_enter>
20000334:	2800      	cmp	r0, #0
20000336:	d107      	bne.n	20000348 <mutex_try_enter_block_until+0x24>
20000338:	9b01      	ldr	r3, [sp, #4]
2000033a:	b25b      	sxtb	r3, r3
2000033c:	22d0      	movs	r2, #208	@ 0xd0
2000033e:	0612      	lsls	r2, r2, #24
20000340:	7812      	ldrb	r2, [r2, #0]
20000342:	b252      	sxtb	r2, r2
20000344:	4293      	cmp	r3, r2
20000346:	d101      	bne.n	2000034c <mutex_try_enter_block_until+0x28>
20000348:	b002      	add	sp, #8
2000034a:	bd70      	pop	{r4, r5, r6, pc}
2000034c:	002a      	movs	r2, r5
2000034e:	0023      	movs	r3, r4
20000350:	0030      	movs	r0, r6
20000352:	f7ff ff9f 	bl	20000294 <mutex_enter_block_until>
20000356:	e7f7      	b.n	20000348 <mutex_try_enter_block_until+0x24>

20000358 <mutex_enter_timeout_ms>:
20000358:	b5f8      	push	{r3, r4, r5, r6, r7, lr}
2000035a:	0006      	movs	r6, r0
2000035c:	000f      	movs	r7, r1
2000035e:	f000 fcfb 	bl	20000d58 <__time_us_64_veneer>
20000362:	0004      	movs	r4, r0
20000364:	000d      	movs	r5, r1
20000366:	22fa      	movs	r2, #250	@ 0xfa
20000368:	0092      	lsls	r2, r2, #2
2000036a:	2300      	movs	r3, #0
2000036c:	0038      	movs	r0, r7
2000036e:	2100      	movs	r1, #0
20000370:	f000 fcfa 	bl	20000d68 <____wrap___aeabi_lmul_veneer>
20000374:	0022      	movs	r2, r4
20000376:	002b      	movs	r3, r5
20000378:	1812      	adds	r2, r2, r0
2000037a:	414b      	adcs	r3, r1
2000037c:	2b00      	cmp	r3, #0
2000037e:	db03      	blt.n	20000388 <mutex_enter_timeout_ms+0x30>
20000380:	0030      	movs	r0, r6
20000382:	f7ff ff87 	bl	20000294 <mutex_enter_block_until>
20000386:	bdf8      	pop	{r3, r4, r5, r6, r7, pc}
20000388:	2201      	movs	r2, #1
2000038a:	4252      	negs	r2, r2
2000038c:	4b00      	ldr	r3, [pc, #0]	@ (20000390 <mutex_enter_timeout_ms+0x38>)
2000038e:	e7f7      	b.n	20000380 <mutex_enter_timeout_ms+0x28>
20000390:	7fffffff 	.word	0x7fffffff

20000394 <mutex_exit>:
20000394:	b510      	push	{r4, lr}
20000396:	6801      	ldr	r1, [r0, #0]
20000398:	f3ef 8310 	mrs	r3, PRIMASK
2000039c:	b672      	cpsid	i
2000039e:	680a      	ldr	r2, [r1, #0]
200003a0:	2a00      	cmp	r2, #0
200003a2:	d0fc      	beq.n	2000039e <mutex_exit+0xa>
200003a4:	f3bf 8f5f 	dmb	sy
200003a8:	2204      	movs	r2, #4
200003aa:	5682      	ldrsb	r2, [r0, r2]
200003ac:	2a00      	cmp	r2, #0
200003ae:	db0a      	blt.n	200003c6 <mutex_exit+0x32>
200003b0:	22ff      	movs	r2, #255	@ 0xff
200003b2:	7102      	strb	r2, [r0, #4]
200003b4:	6802      	ldr	r2, [r0, #0]
200003b6:	f3bf 8f5f 	dmb	sy
200003ba:	2100      	movs	r1, #0
200003bc:	6011      	str	r1, [r2, #0]
200003be:	f383 8810 	msr	PRIMASK, r3
200003c2:	bf40      	sev
200003c4:	bd10      	pop	{r4, pc}
200003c6:	4b03      	ldr	r3, [pc, #12]	@ (200003d4 <mutex_exit+0x40>)
200003c8:	4a03      	ldr	r2, [pc, #12]	@ (200003d8 <mutex_exit+0x44>)
200003ca:	4804      	ldr	r0, [pc, #16]	@ (200003dc <mutex_exit+0x48>)
200003cc:	21d5      	movs	r1, #213	@ 0xd5
200003ce:	f000 fd03 	bl	20000dd8 <____assert_func_veneer>
200003d2:	46c0      	nop			@ (mov r8, r8)
200003d4:	10007e00 	.word	0x10007e00
200003d8:	10008c64 	.word	0x10008c64
200003dc:	10007d9c 	.word	0x10007d9c

200003e0 <recursive_mutex_exit>:
200003e0:	b510      	push	{r4, lr}
200003e2:	6801      	ldr	r1, [r0, #0]
200003e4:	f3ef 8210 	mrs	r2, PRIMASK
200003e8:	b672      	cpsid	i
200003ea:	680b      	ldr	r3, [r1, #0]
200003ec:	2b00      	cmp	r3, #0
200003ee:	d0fc      	beq.n	200003ea <recursive_mutex_exit+0xa>
200003f0:	f3bf 8f5f 	dmb	sy
200003f4:	2304      	movs	r3, #4
200003f6:	56c3      	ldrsb	r3, [r0, r3]
200003f8:	2b00      	cmp	r3, #0
200003fa:	db12      	blt.n	20000422 <recursive_mutex_exit+0x42>
200003fc:	7943      	ldrb	r3, [r0, #5]
200003fe:	2b00      	cmp	r3, #0
20000400:	d015      	beq.n	2000042e <recursive_mutex_exit+0x4e>
20000402:	3b01      	subs	r3, #1
20000404:	b2db      	uxtb	r3, r3
20000406:	7143      	strb	r3, [r0, #5]
20000408:	2b00      	cmp	r3, #0
2000040a:	d116      	bne.n	2000043a <recursive_mutex_exit+0x5a>
2000040c:	33ff      	adds	r3, #255	@ 0xff
2000040e:	7103      	strb	r3, [r0, #4]
20000410:	6803      	ldr	r3, [r0, #0]
20000412:	f3bf 8f5f 	dmb	sy
20000416:	2100      	movs	r1, #0
20000418:	6019      	str	r1, [r3, #0]
2000041a:	f382 8810 	msr	PRIMASK, r2
2000041e:	bf40      	sev
20000420:	bd10      	pop	{r4, pc}
20000422:	4b0a      	ldr	r3, [pc, #40]	@ (2000044c <recursive_mutex_exit+0x6c>)
20000424:	4a0a      	ldr	r2, [pc, #40]	@ (20000450 <recursive_mutex_exit+0x70>)
20000426:	480b      	ldr	r0, [pc, #44]	@ (20000454 <recursive_mutex_exit+0x74>)
20000428:	21dc      	movs	r1, #220	@ 0xdc
2000042a:	f000 fcd5 	bl	20000dd8 <____assert_func_veneer>
2000042e:	4b0a      	ldr	r3, [pc, #40]	@ (20000458 <recursive_mutex_exit+0x78>)
20000430:	4a07      	ldr	r2, [pc, #28]	@ (20000450 <recursive_mutex_exit+0x70>)
20000432:	4808      	ldr	r0, [pc, #32]	@ (20000454 <recursive_mutex_exit+0x74>)
20000434:	21dd      	movs	r1, #221	@ 0xdd
20000436:	f000 fccf 	bl	20000dd8 <____assert_func_veneer>
2000043a:	6803      	ldr	r3, [r0, #0]
2000043c:	f3bf 8f5f 	dmb	sy
20000440:	2100      	movs	r1, #0
20000442:	6019      	str	r1, [r3, #0]
20000444:	f382 8810 	msr	PRIMASK, r2
20000448:	e7ea      	b.n	20000420 <recursive_mutex_exit+0x40>
2000044a:	46c0      	nop			@ (mov r8, r8)
2000044c:	10007e00 	.word	0x10007e00
20000450:	10008c4c 	.word	0x10008c4c
20000454:	10007d9c 	.word	0x10007d9c
20000458:	10007e24 	.word	0x10007e24

2000045c <flash_init_boot2_copyout>:
2000045c:	4b09      	ldr	r3, [pc, #36]	@ (20000484 <flash_init_boot2_copyout+0x28>)
2000045e:	781b      	ldrb	r3, [r3, #0]
20000460:	2b00      	cmp	r3, #0
20000462:	d008      	beq.n	20000476 <flash_init_boot2_copyout+0x1a>
20000464:	e00c      	b.n	20000480 <flash_init_boot2_copyout+0x24>
20000466:	009a      	lsls	r2, r3, #2
20000468:	2180      	movs	r1, #128	@ 0x80
2000046a:	0549      	lsls	r1, r1, #21
2000046c:	1851      	adds	r1, r2, r1
2000046e:	6808      	ldr	r0, [r1, #0]
20000470:	4905      	ldr	r1, [pc, #20]	@ (20000488 <flash_init_boot2_copyout+0x2c>)
20000472:	5050      	str	r0, [r2, r1]
20000474:	3301      	adds	r3, #1
20000476:	2b3f      	cmp	r3, #63	@ 0x3f
20000478:	ddf5      	ble.n	20000466 <flash_init_boot2_copyout+0xa>
2000047a:	4b02      	ldr	r3, [pc, #8]	@ (20000484 <flash_init_boot2_copyout+0x28>)
2000047c:	2201      	movs	r2, #1
2000047e:	701a      	strb	r2, [r3, #0]
20000480:	4770      	bx	lr
20000482:	46c0      	nop			@ (mov r8, r8)
20000484:	2000273b 	.word	0x2000273b
20000488:	20001674 	.word	0x20001674

2000048c <flash_enable_xip_via_boot2>:
2000048c:	b510      	push	{r4, lr}
2000048e:	4b01      	ldr	r3, [pc, #4]	@ (20000494 <flash_enable_xip_via_boot2+0x8>)
20000490:	4798      	blx	r3
20000492:	bd10      	pop	{r4, pc}
20000494:	20001675 	.word	0x20001675

20000498 <flash_save_hardware_state>:
20000498:	2300      	movs	r3, #0
2000049a:	e005      	b.n	200004a8 <flash_save_hardware_state+0x10>
2000049c:	009a      	lsls	r2, r3, #2
2000049e:	4904      	ldr	r1, [pc, #16]	@ (200004b0 <flash_save_hardware_state+0x18>)
200004a0:	1851      	adds	r1, r2, r1
200004a2:	6849      	ldr	r1, [r1, #4]
200004a4:	5011      	str	r1, [r2, r0]
200004a6:	3301      	adds	r3, #1
200004a8:	2b05      	cmp	r3, #5
200004aa:	d9f7      	bls.n	2000049c <flash_save_hardware_state+0x4>
200004ac:	4770      	bx	lr
200004ae:	46c0      	nop			@ (mov r8, r8)
200004b0:	40020000 	.word	0x40020000

200004b4 <flash_restore_hardware_state>:
200004b4:	b510      	push	{r4, lr}
200004b6:	2200      	movs	r2, #0
200004b8:	e006      	b.n	200004c8 <flash_restore_hardware_state+0x14>
200004ba:	0093      	lsls	r3, r2, #2
200004bc:	5819      	ldr	r1, [r3, r0]
200004be:	4c04      	ldr	r4, [pc, #16]	@ (200004d0 <flash_restore_hardware_state+0x1c>)
200004c0:	46a4      	mov	ip, r4
200004c2:	4463      	add	r3, ip
200004c4:	6059      	str	r1, [r3, #4]
200004c6:	3201      	adds	r2, #1
200004c8:	2a05      	cmp	r2, #5
200004ca:	d9f6      	bls.n	200004ba <flash_restore_hardware_state+0x6>
200004cc:	bd10      	pop	{r4, pc}
200004ce:	46c0      	nop			@ (mov r8, r8)
200004d0:	40020000 	.word	0x40020000

200004d4 <flash_cs_force>:
200004d4:	2800      	cmp	r0, #0
200004d6:	d00a      	beq.n	200004ee <flash_cs_force+0x1a>
200004d8:	2303      	movs	r3, #3
200004da:	021b      	lsls	r3, r3, #8
200004dc:	4a05      	ldr	r2, [pc, #20]	@ (200004f4 <flash_cs_force+0x20>)
200004de:	6812      	ldr	r2, [r2, #0]
200004e0:	4053      	eors	r3, r2
200004e2:	22c0      	movs	r2, #192	@ 0xc0
200004e4:	0092      	lsls	r2, r2, #2
200004e6:	4013      	ands	r3, r2
200004e8:	4a03      	ldr	r2, [pc, #12]	@ (200004f8 <flash_cs_force+0x24>)
200004ea:	6013      	str	r3, [r2, #0]
200004ec:	4770      	bx	lr
200004ee:	2302      	movs	r3, #2
200004f0:	e7f3      	b.n	200004da <flash_cs_force+0x6>
200004f2:	46c0      	nop			@ (mov r8, r8)
200004f4:	4001800c 	.word	0x4001800c
200004f8:	4001900c 	.word	0x4001900c

200004fc <flash_do_cmd>:
200004fc:	b5f0      	push	{r4, r5, r6, r7, lr}
200004fe:	46d6      	mov	lr, sl
20000500:	464f      	mov	r7, r9
20000502:	4646      	mov	r6, r8
20000504:	b5c0      	push	{r6, r7, lr}
20000506:	b086      	sub	sp, #24
20000508:	0007      	movs	r7, r0
2000050a:	000e      	movs	r6, r1
2000050c:	0015      	movs	r5, r2
2000050e:	2318      	movs	r3, #24
20000510:	469a      	mov	sl, r3
20000512:	881b      	ldrh	r3, [r3, #0]
20000514:	2214      	movs	r2, #20
20000516:	4690      	mov	r8, r2
20000518:	8810      	ldrh	r0, [r2, #0]
2000051a:	492d      	ldr	r1, [pc, #180]	@ (200005d0 <flash_do_cmd+0xd4>)
2000051c:	4798      	blx	r3
2000051e:	4681      	mov	r9, r0
20000520:	4653      	mov	r3, sl
20000522:	881b      	ldrh	r3, [r3, #0]
20000524:	4642      	mov	r2, r8
20000526:	8810      	ldrh	r0, [r2, #0]
20000528:	492a      	ldr	r1, [pc, #168]	@ (200005d4 <flash_do_cmd+0xd8>)
2000052a:	4798      	blx	r3
2000052c:	0004      	movs	r4, r0
2000052e:	4653      	mov	r3, sl
20000530:	881b      	ldrh	r3, [r3, #0]
20000532:	4642      	mov	r2, r8
20000534:	8810      	ldrh	r0, [r2, #0]
20000536:	4928      	ldr	r1, [pc, #160]	@ (200005d8 <flash_do_cmd+0xdc>)
20000538:	4798      	blx	r3
2000053a:	4680      	mov	r8, r0
2000053c:	464b      	mov	r3, r9
2000053e:	2b00      	cmp	r3, #0
20000540:	d00f      	beq.n	20000562 <flash_do_cmd+0x66>
20000542:	2c00      	cmp	r4, #0
20000544:	d00d      	beq.n	20000562 <flash_do_cmd+0x66>
20000546:	2800      	cmp	r0, #0
20000548:	d00b      	beq.n	20000562 <flash_do_cmd+0x66>
2000054a:	f7ff ff87 	bl	2000045c <flash_init_boot2_copyout>
2000054e:	4668      	mov	r0, sp
20000550:	f7ff ffa2 	bl	20000498 <flash_save_hardware_state>
20000554:	47c8      	blx	r9
20000556:	47a0      	blx	r4
20000558:	2000      	movs	r0, #0
2000055a:	f7ff ffbb 	bl	200004d4 <flash_cs_force>
2000055e:	002a      	movs	r2, r5
20000560:	e010      	b.n	20000584 <flash_do_cmd+0x88>
20000562:	4b1e      	ldr	r3, [pc, #120]	@ (200005dc <flash_do_cmd+0xe0>)
20000564:	4a1e      	ldr	r2, [pc, #120]	@ (200005e0 <flash_do_cmd+0xe4>)
20000566:	218a      	movs	r1, #138	@ 0x8a
20000568:	481e      	ldr	r0, [pc, #120]	@ (200005e4 <flash_do_cmd+0xe8>)
2000056a:	0049      	lsls	r1, r1, #1
2000056c:	f000 fc34 	bl	20000dd8 <____assert_func_veneer>
20000570:	2b00      	cmp	r3, #0
20000572:	d007      	beq.n	20000584 <flash_do_cmd+0x88>
20000574:	2a00      	cmp	r2, #0
20000576:	d005      	beq.n	20000584 <flash_do_cmd+0x88>
20000578:	23c0      	movs	r3, #192	@ 0xc0
2000057a:	055b      	lsls	r3, r3, #21
2000057c:	6e1b      	ldr	r3, [r3, #96]	@ 0x60
2000057e:	7033      	strb	r3, [r6, #0]
20000580:	3a01      	subs	r2, #1
20000582:	3601      	adds	r6, #1
20000584:	002b      	movs	r3, r5
20000586:	4313      	orrs	r3, r2
20000588:	d012      	beq.n	200005b0 <flash_do_cmd+0xb4>
2000058a:	23c0      	movs	r3, #192	@ 0xc0
2000058c:	055b      	lsls	r3, r3, #21
2000058e:	6a9c      	ldr	r4, [r3, #40]	@ 0x28
20000590:	2308      	movs	r3, #8
20000592:	4023      	ands	r3, r4
20000594:	07a4      	lsls	r4, r4, #30
20000596:	d5eb      	bpl.n	20000570 <flash_do_cmd+0x74>
20000598:	2d00      	cmp	r5, #0
2000059a:	d0e9      	beq.n	20000570 <flash_do_cmd+0x74>
2000059c:	1b51      	subs	r1, r2, r5
2000059e:	290d      	cmp	r1, #13
200005a0:	d8e6      	bhi.n	20000570 <flash_do_cmd+0x74>
200005a2:	7838      	ldrb	r0, [r7, #0]
200005a4:	21c0      	movs	r1, #192	@ 0xc0
200005a6:	0549      	lsls	r1, r1, #21
200005a8:	6608      	str	r0, [r1, #96]	@ 0x60
200005aa:	3d01      	subs	r5, #1
200005ac:	3701      	adds	r7, #1
200005ae:	e7df      	b.n	20000570 <flash_do_cmd+0x74>
200005b0:	2001      	movs	r0, #1
200005b2:	f7ff ff8f 	bl	200004d4 <flash_cs_force>
200005b6:	47c0      	blx	r8
200005b8:	f7ff ff68 	bl	2000048c <flash_enable_xip_via_boot2>
200005bc:	4668      	mov	r0, sp
200005be:	f7ff ff79 	bl	200004b4 <flash_restore_hardware_state>
200005c2:	b006      	add	sp, #24
200005c4:	bce0      	pop	{r5, r6, r7}
200005c6:	46ba      	mov	sl, r7
200005c8:	46b1      	mov	r9, r6
200005ca:	46a8      	mov	r8, r5
200005cc:	bdf0      	pop	{r4, r5, r6, r7, pc}
200005ce:	46c0      	nop			@ (mov r8, r8)
200005d0:	00004649 	.word	0x00004649
200005d4:	00005845 	.word	0x00005845
200005d8:	00004346 	.word	0x00004346
200005dc:	10008550 	.word	0x10008550
200005e0:	10009158 	.word	0x10009158
200005e4:	10008400 	.word	0x10008400

200005e8 <reset_non_control_endpoints>:
200005e8:	b510      	push	{r4, lr}
200005ea:	2300      	movs	r3, #0
200005ec:	e008      	b.n	20000600 <reset_non_control_endpoints+0x18>
200005ee:	3301      	adds	r3, #1
200005f0:	00da      	lsls	r2, r3, #3
200005f2:	2100      	movs	r1, #0
200005f4:	4808      	ldr	r0, [pc, #32]	@ (20000618 <reset_non_control_endpoints+0x30>)
200005f6:	5011      	str	r1, [r2, r0]
200005f8:	4684      	mov	ip, r0
200005fa:	4462      	add	r2, ip
200005fc:	6051      	str	r1, [r2, #4]
200005fe:	b2db      	uxtb	r3, r3
20000600:	2b0e      	cmp	r3, #14
20000602:	d9f4      	bls.n	200005ee <reset_non_control_endpoints+0x6>
20000604:	4805      	ldr	r0, [pc, #20]	@ (2000061c <reset_non_control_endpoints+0x34>)
20000606:	22f0      	movs	r2, #240	@ 0xf0
20000608:	0092      	lsls	r2, r2, #2
2000060a:	2100      	movs	r1, #0
2000060c:	f000 fb9c 	bl	20000d48 <____wrap_memset_veneer>
20000610:	4b03      	ldr	r3, [pc, #12]	@ (20000620 <reset_non_control_endpoints+0x38>)
20000612:	4a04      	ldr	r2, [pc, #16]	@ (20000624 <reset_non_control_endpoints+0x3c>)
20000614:	601a      	str	r2, [r3, #0]
20000616:	bd10      	pop	{r4, pc}
20000618:	50100000 	.word	0x50100000
2000061c:	2000210c 	.word	0x2000210c
20000620:	200024d0 	.word	0x200024d0
20000624:	50100180 	.word	0x50100180

20000628 <hw_handle_buff_status>:
20000628:	b5f0      	push	{r4, r5, r6, r7, lr}
2000062a:	46ce      	mov	lr, r9
2000062c:	4647      	mov	r7, r8
2000062e:	b580      	push	{r7, lr}
20000630:	b085      	sub	sp, #20
20000632:	4b21      	ldr	r3, [pc, #132]	@ (200006b8 <hw_handle_buff_status+0x90>)
20000634:	6d9f      	ldr	r7, [r3, #88]	@ 0x58
20000636:	2400      	movs	r4, #0
20000638:	2601      	movs	r6, #1
2000063a:	e003      	b.n	20000644 <hw_handle_buff_status+0x1c>
2000063c:	43b7      	bics	r7, r6
2000063e:	0076      	lsls	r6, r6, #1
20000640:	3401      	adds	r4, #1
20000642:	b2e4      	uxtb	r4, r4
20000644:	2f00      	cmp	r7, #0
20000646:	d031      	beq.n	200006ac <hw_handle_buff_status+0x84>
20000648:	2c1f      	cmp	r4, #31
2000064a:	d82f      	bhi.n	200006ac <hw_handle_buff_status+0x84>
2000064c:	423e      	tst	r6, r7
2000064e:	d0f6      	beq.n	2000063e <hw_handle_buff_status+0x16>
20000650:	4b1a      	ldr	r3, [pc, #104]	@ (200006bc <hw_handle_buff_status+0x94>)
20000652:	659e      	str	r6, [r3, #88]	@ 0x58
20000654:	0863      	lsrs	r3, r4, #1
20000656:	4699      	mov	r9, r3
20000658:	2301      	movs	r3, #1
2000065a:	4023      	ands	r3, r4
2000065c:	2201      	movs	r2, #1
2000065e:	4053      	eors	r3, r2
20000660:	b2db      	uxtb	r3, r3
20000662:	4698      	mov	r8, r3
20000664:	464b      	mov	r3, r9
20000666:	005d      	lsls	r5, r3, #1
20000668:	4445      	add	r5, r8
2000066a:	016d      	lsls	r5, r5, #5
2000066c:	4b14      	ldr	r3, [pc, #80]	@ (200006c0 <hw_handle_buff_status+0x98>)
2000066e:	18ed      	adds	r5, r5, r3
20000670:	0028      	movs	r0, r5
20000672:	f000 fa47 	bl	20000b04 <hw_endpoint_xfer_continue>
20000676:	2800      	cmp	r0, #0
20000678:	d0e0      	beq.n	2000063c <hw_handle_buff_status+0x14>
2000067a:	4a11      	ldr	r2, [pc, #68]	@ (200006c0 <hw_handle_buff_status+0x98>)
2000067c:	464b      	mov	r3, r9
2000067e:	005b      	lsls	r3, r3, #1
20000680:	4443      	add	r3, r8
20000682:	015b      	lsls	r3, r3, #5
20000684:	18d3      	adds	r3, r2, r3
20000686:	7899      	ldrb	r1, [r3, #2]
20000688:	8ada      	ldrh	r2, [r3, #22]
2000068a:	a801      	add	r0, sp, #4
2000068c:	2300      	movs	r3, #0
2000068e:	4698      	mov	r8, r3
20000690:	7003      	strb	r3, [r0, #0]
20000692:	3307      	adds	r3, #7
20000694:	7043      	strb	r3, [r0, #1]
20000696:	7101      	strb	r1, [r0, #4]
20000698:	6082      	str	r2, [r0, #8]
2000069a:	4643      	mov	r3, r8
2000069c:	7143      	strb	r3, [r0, #5]
2000069e:	2101      	movs	r1, #1
200006a0:	f000 fa50 	bl	20000b44 <dcd_event_handler>
200006a4:	0028      	movs	r0, r5
200006a6:	f000 f9c3 	bl	20000a30 <hw_endpoint_reset_transfer>
200006aa:	e7c7      	b.n	2000063c <hw_handle_buff_status+0x14>
200006ac:	b005      	add	sp, #20
200006ae:	bcc0      	pop	{r6, r7}
200006b0:	46b9      	mov	r9, r7
200006b2:	46b0      	mov	r8, r6
200006b4:	bdf0      	pop	{r4, r5, r6, r7, pc}
200006b6:	46c0      	nop			@ (mov r8, r8)
200006b8:	50110000 	.word	0x50110000
200006bc:	50113000 	.word	0x50113000
200006c0:	200020cc 	.word	0x200020cc

200006c4 <dcd_rp2040_irq>:
200006c4:	b5f0      	push	{r4, r5, r6, r7, lr}
200006c6:	46ce      	mov	lr, r9
200006c8:	4647      	mov	r7, r8
200006ca:	b580      	push	{r7, lr}
200006cc:	b085      	sub	sp, #20
200006ce:	4a75      	ldr	r2, [pc, #468]	@ (200008a4 <dcd_rp2040_irq+0x1e0>)
200006d0:	2398      	movs	r3, #152	@ 0x98
200006d2:	58d5      	ldr	r5, [r2, r3]
200006d4:	2380      	movs	r3, #128	@ 0x80
200006d6:	029b      	lsls	r3, r3, #10
200006d8:	002f      	movs	r7, r5
200006da:	401f      	ands	r7, r3
200006dc:	421d      	tst	r5, r3
200006de:	d045      	beq.n	2000076c <dcd_rp2040_irq+0xa8>
200006e0:	4b71      	ldr	r3, [pc, #452]	@ (200008a8 <dcd_rp2040_irq+0x1e4>)
200006e2:	6a9a      	ldr	r2, [r3, #40]	@ 0x28
200006e4:	4b71      	ldr	r3, [pc, #452]	@ (200008ac <dcd_rp2040_irq+0x1e8>)
200006e6:	601a      	str	r2, [r3, #0]
200006e8:	2400      	movs	r4, #0
200006ea:	2100      	movs	r1, #0
200006ec:	e009      	b.n	20000702 <dcd_rp2040_irq+0x3e>
200006ee:	4b70      	ldr	r3, [pc, #448]	@ (200008b0 <dcd_rp2040_irq+0x1ec>)
200006f0:	185b      	adds	r3, r3, r1
200006f2:	333c      	adds	r3, #60	@ 0x3c
200006f4:	2200      	movs	r2, #0
200006f6:	701a      	strb	r2, [r3, #0]
200006f8:	f000 f9c6 	bl	20000a88 <hw_endpoint_start_next_buffer>
200006fc:	0031      	movs	r1, r6
200006fe:	3401      	adds	r4, #1
20000700:	b2e4      	uxtb	r4, r4
20000702:	2c0f      	cmp	r4, #15
20000704:	d818      	bhi.n	20000738 <dcd_rp2040_irq+0x74>
20000706:	01a6      	lsls	r6, r4, #6
20000708:	0030      	movs	r0, r6
2000070a:	3020      	adds	r0, #32
2000070c:	4b68      	ldr	r3, [pc, #416]	@ (200008b0 <dcd_rp2040_irq+0x1ec>)
2000070e:	18c0      	adds	r0, r0, r3
20000710:	199b      	adds	r3, r3, r6
20000712:	333b      	adds	r3, #59	@ 0x3b
20000714:	781b      	ldrb	r3, [r3, #0]
20000716:	2b02      	cmp	r3, #2
20000718:	d1f1      	bne.n	200006fe <dcd_rp2040_irq+0x3a>
2000071a:	4b65      	ldr	r3, [pc, #404]	@ (200008b0 <dcd_rp2040_irq+0x1ec>)
2000071c:	199b      	adds	r3, r3, r6
2000071e:	333a      	adds	r3, #58	@ 0x3a
20000720:	781e      	ldrb	r6, [r3, #0]
20000722:	2e00      	cmp	r6, #0
20000724:	d0eb      	beq.n	200006fe <dcd_rp2040_irq+0x3a>
20000726:	4b62      	ldr	r3, [pc, #392]	@ (200008b0 <dcd_rp2040_irq+0x1ec>)
20000728:	01a1      	lsls	r1, r4, #6
2000072a:	185b      	adds	r3, r3, r1
2000072c:	333c      	adds	r3, #60	@ 0x3c
2000072e:	781b      	ldrb	r3, [r3, #0]
20000730:	2b00      	cmp	r3, #0
20000732:	d1dc      	bne.n	200006ee <dcd_rp2040_irq+0x2a>
20000734:	0031      	movs	r1, r6
20000736:	e7e2      	b.n	200006fe <dcd_rp2040_irq+0x3a>
20000738:	2900      	cmp	r1, #0
2000073a:	d108      	bne.n	2000074e <dcd_rp2040_irq+0x8a>
2000073c:	4b5d      	ldr	r3, [pc, #372]	@ (200008b4 <dcd_rp2040_irq+0x1f0>)
2000073e:	781b      	ldrb	r3, [r3, #0]
20000740:	2b00      	cmp	r3, #0
20000742:	d104      	bne.n	2000074e <dcd_rp2040_irq+0x8a>
20000744:	4a5c      	ldr	r2, [pc, #368]	@ (200008b8 <dcd_rp2040_irq+0x1f4>)
20000746:	3390      	adds	r3, #144	@ 0x90
20000748:	2180      	movs	r1, #128	@ 0x80
2000074a:	0289      	lsls	r1, r1, #10
2000074c:	50d1      	str	r1, [r2, r3]
2000074e:	4b55      	ldr	r3, [pc, #340]	@ (200008a4 <dcd_rp2040_irq+0x1e0>)
20000750:	6c9b      	ldr	r3, [r3, #72]	@ 0x48
20000752:	055b      	lsls	r3, r3, #21
20000754:	0d5b      	lsrs	r3, r3, #21
20000756:	a801      	add	r0, sp, #4
20000758:	2200      	movs	r2, #0
2000075a:	7002      	strb	r2, [r0, #0]
2000075c:	3203      	adds	r2, #3
2000075e:	7042      	strb	r2, [r0, #1]
20000760:	6043      	str	r3, [r0, #4]
20000762:	2101      	movs	r1, #1
20000764:	f000 f9ee 	bl	20000b44 <dcd_event_handler>
20000768:	2780      	movs	r7, #128	@ 0x80
2000076a:	02bf      	lsls	r7, r7, #10
2000076c:	06eb      	lsls	r3, r5, #27
2000076e:	d406      	bmi.n	2000077e <dcd_rp2040_irq+0xba>
20000770:	03eb      	lsls	r3, r5, #15
20000772:	d551      	bpl.n	20000818 <dcd_rp2040_irq+0x154>
20000774:	2380      	movs	r3, #128	@ 0x80
20000776:	025b      	lsls	r3, r3, #9
20000778:	431f      	orrs	r7, r3
2000077a:	2400      	movs	r4, #0
2000077c:	e019      	b.n	200007b2 <dcd_rp2040_irq+0xee>
2000077e:	2310      	movs	r3, #16
20000780:	431f      	orrs	r7, r3
20000782:	f7ff ff51 	bl	20000628 <hw_handle_buff_status>
20000786:	e7f3      	b.n	20000770 <dcd_rp2040_irq+0xac>
20000788:	2302      	movs	r3, #2
2000078a:	4699      	mov	r9, r3
2000078c:	e01e      	b.n	200007cc <dcd_rp2040_irq+0x108>
2000078e:	4b4b      	ldr	r3, [pc, #300]	@ (200008bc <dcd_rp2040_irq+0x1f8>)
20000790:	464a      	mov	r2, r9
20000792:	661a      	str	r2, [r3, #96]	@ 0x60
20000794:	4b43      	ldr	r3, [pc, #268]	@ (200008a4 <dcd_rp2040_irq+0x1e0>)
20000796:	6e5b      	ldr	r3, [r3, #100]	@ 0x64
20000798:	464a      	mov	r2, r9
2000079a:	4013      	ands	r3, r2
2000079c:	4599      	cmp	r9, r3
2000079e:	d1f9      	bne.n	20000794 <dcd_rp2040_irq+0xd0>
200007a0:	e018      	b.n	200007d4 <dcd_rp2040_irq+0x110>
200007a2:	4b43      	ldr	r3, [pc, #268]	@ (200008b0 <dcd_rp2040_irq+0x1ec>)
200007a4:	4642      	mov	r2, r8
200007a6:	0152      	lsls	r2, r2, #5
200007a8:	189b      	adds	r3, r3, r2
200007aa:	2201      	movs	r2, #1
200007ac:	70da      	strb	r2, [r3, #3]
200007ae:	3401      	adds	r4, #1
200007b0:	b2e4      	uxtb	r4, r4
200007b2:	2c01      	cmp	r4, #1
200007b4:	d820      	bhi.n	200007f8 <dcd_rp2040_irq+0x134>
200007b6:	46a0      	mov	r8, r4
200007b8:	0166      	lsls	r6, r4, #5
200007ba:	4b3d      	ldr	r3, [pc, #244]	@ (200008b0 <dcd_rp2040_irq+0x1ec>)
200007bc:	18f6      	adds	r6, r6, r3
200007be:	7eb3      	ldrb	r3, [r6, #26]
200007c0:	2b00      	cmp	r3, #0
200007c2:	d0ee      	beq.n	200007a2 <dcd_rp2040_irq+0xde>
200007c4:	2c00      	cmp	r4, #0
200007c6:	d0df      	beq.n	20000788 <dcd_rp2040_irq+0xc4>
200007c8:	2301      	movs	r3, #1
200007ca:	4699      	mov	r9, r3
200007cc:	f000 fadc 	bl	20000d88 <__rp2040_chip_version_veneer>
200007d0:	2801      	cmp	r0, #1
200007d2:	d8dc      	bhi.n	2000078e <dcd_rp2040_irq+0xca>
200007d4:	22c0      	movs	r2, #192	@ 0xc0
200007d6:	0192      	lsls	r2, r2, #6
200007d8:	2100      	movs	r1, #0
200007da:	0030      	movs	r0, r6
200007dc:	f000 f92e 	bl	20000a3c <_hw_endpoint_buffer_control_update32>
200007e0:	0030      	movs	r0, r6
200007e2:	f000 f925 	bl	20000a30 <hw_endpoint_reset_transfer>
200007e6:	f000 facf 	bl	20000d88 <__rp2040_chip_version_veneer>
200007ea:	2801      	cmp	r0, #1
200007ec:	d9d9      	bls.n	200007a2 <dcd_rp2040_irq+0xde>
200007ee:	4b32      	ldr	r3, [pc, #200]	@ (200008b8 <dcd_rp2040_irq+0x1f4>)
200007f0:	464a      	mov	r2, r9
200007f2:	665a      	str	r2, [r3, #100]	@ 0x64
200007f4:	661a      	str	r2, [r3, #96]	@ 0x60
200007f6:	e7d4      	b.n	200007a2 <dcd_rp2040_irq+0xde>
200007f8:	a801      	add	r0, sp, #4
200007fa:	2300      	movs	r3, #0
200007fc:	7003      	strb	r3, [r0, #0]
200007fe:	3306      	adds	r3, #6
20000800:	7043      	strb	r3, [r0, #1]
20000802:	4a2f      	ldr	r2, [pc, #188]	@ (200008c0 <dcd_rp2040_irq+0x1fc>)
20000804:	ab02      	add	r3, sp, #8
20000806:	ca12      	ldmia	r2!, {r1, r4}
20000808:	c312      	stmia	r3!, {r1, r4}
2000080a:	2101      	movs	r1, #1
2000080c:	f000 f99a 	bl	20000b44 <dcd_event_handler>
20000810:	4b29      	ldr	r3, [pc, #164]	@ (200008b8 <dcd_rp2040_irq+0x1f4>)
20000812:	2280      	movs	r2, #128	@ 0x80
20000814:	0292      	lsls	r2, r2, #10
20000816:	651a      	str	r2, [r3, #80]	@ 0x50
20000818:	04eb      	lsls	r3, r5, #19
2000081a:	d40a      	bmi.n	20000832 <dcd_rp2040_irq+0x16e>
2000081c:	046b      	lsls	r3, r5, #17
2000081e:	d41d      	bmi.n	2000085c <dcd_rp2040_irq+0x198>
20000820:	042b      	lsls	r3, r5, #16
20000822:	d42a      	bmi.n	2000087a <dcd_rp2040_irq+0x1b6>
20000824:	42af      	cmp	r7, r5
20000826:	d138      	bne.n	2000089a <dcd_rp2040_irq+0x1d6>
20000828:	b005      	add	sp, #20
2000082a:	bcc0      	pop	{r6, r7}
2000082c:	46b9      	mov	r9, r7
2000082e:	46b0      	mov	r8, r6
20000830:	bdf0      	pop	{r4, r5, r6, r7, pc}
20000832:	2380      	movs	r3, #128	@ 0x80
20000834:	015b      	lsls	r3, r3, #5
20000836:	431f      	orrs	r7, r3
20000838:	2400      	movs	r4, #0
2000083a:	4b1a      	ldr	r3, [pc, #104]	@ (200008a4 <dcd_rp2040_irq+0x1e0>)
2000083c:	601c      	str	r4, [r3, #0]
2000083e:	f7ff fed3 	bl	200005e8 <reset_non_control_endpoints>
20000842:	a801      	add	r0, sp, #4
20000844:	7004      	strb	r4, [r0, #0]
20000846:	2301      	movs	r3, #1
20000848:	7043      	strb	r3, [r0, #1]
2000084a:	7104      	strb	r4, [r0, #4]
2000084c:	2101      	movs	r1, #1
2000084e:	f000 f979 	bl	20000b44 <dcd_event_handler>
20000852:	4b19      	ldr	r3, [pc, #100]	@ (200008b8 <dcd_rp2040_irq+0x1f4>)
20000854:	2280      	movs	r2, #128	@ 0x80
20000856:	0312      	lsls	r2, r2, #12
20000858:	651a      	str	r2, [r3, #80]	@ 0x50
2000085a:	e7df      	b.n	2000081c <dcd_rp2040_irq+0x158>
2000085c:	2380      	movs	r3, #128	@ 0x80
2000085e:	01db      	lsls	r3, r3, #7
20000860:	431f      	orrs	r7, r3
20000862:	a801      	add	r0, sp, #4
20000864:	2300      	movs	r3, #0
20000866:	7003      	strb	r3, [r0, #0]
20000868:	3304      	adds	r3, #4
2000086a:	7043      	strb	r3, [r0, #1]
2000086c:	2101      	movs	r1, #1
2000086e:	f000 f969 	bl	20000b44 <dcd_event_handler>
20000872:	4b11      	ldr	r3, [pc, #68]	@ (200008b8 <dcd_rp2040_irq+0x1f4>)
20000874:	2210      	movs	r2, #16
20000876:	651a      	str	r2, [r3, #80]	@ 0x50
20000878:	e7d2      	b.n	20000820 <dcd_rp2040_irq+0x15c>
2000087a:	2380      	movs	r3, #128	@ 0x80
2000087c:	021b      	lsls	r3, r3, #8
2000087e:	431f      	orrs	r7, r3
20000880:	a801      	add	r0, sp, #4
20000882:	2300      	movs	r3, #0
20000884:	7003      	strb	r3, [r0, #0]
20000886:	3305      	adds	r3, #5
20000888:	7043      	strb	r3, [r0, #1]
2000088a:	2101      	movs	r1, #1
2000088c:	f000 f95a 	bl	20000b44 <dcd_event_handler>
20000890:	4b09      	ldr	r3, [pc, #36]	@ (200008b8 <dcd_rp2040_irq+0x1f4>)
20000892:	2280      	movs	r2, #128	@ 0x80
20000894:	0112      	lsls	r2, r2, #4
20000896:	651a      	str	r2, [r3, #80]	@ 0x50
20000898:	e7c4      	b.n	20000824 <dcd_rp2040_irq+0x160>
2000089a:	0039      	movs	r1, r7
2000089c:	4069      	eors	r1, r5
2000089e:	4809      	ldr	r0, [pc, #36]	@ (200008c4 <dcd_rp2040_irq+0x200>)
200008a0:	f000 faa2 	bl	20000de8 <__panic_veneer>
200008a4:	50110000 	.word	0x50110000
200008a8:	40054000 	.word	0x40054000
200008ac:	200020c4 	.word	0x200020c4
200008b0:	200020cc 	.word	0x200020cc
200008b4:	20002739 	.word	0x20002739
200008b8:	50113000 	.word	0x50113000
200008bc:	50112000 	.word	0x50112000
200008c0:	50100000 	.word	0x50100000
200008c4:	10008648 	.word	0x10008648

200008c8 <prepare_ep_buffer>:
200008c8:	b5f8      	push	{r3, r4, r5, r6, r7, lr}
200008ca:	0004      	movs	r4, r0
200008cc:	000f      	movs	r7, r1
200008ce:	8a83      	ldrh	r3, [r0, #20]
200008d0:	8b02      	ldrh	r2, [r0, #24]
200008d2:	1c1e      	adds	r6, r3, #0
200008d4:	4293      	cmp	r3, r2
200008d6:	d900      	bls.n	200008da <prepare_ep_buffer+0x12>
200008d8:	1c16      	adds	r6, r2, #0
200008da:	b2b6      	uxth	r6, r6
200008dc:	1b9b      	subs	r3, r3, r6
200008de:	82a3      	strh	r3, [r4, #20]
200008e0:	2280      	movs	r2, #128	@ 0x80
200008e2:	00d2      	lsls	r2, r2, #3
200008e4:	4332      	orrs	r2, r6
200008e6:	78e3      	ldrb	r3, [r4, #3]
200008e8:	2b00      	cmp	r3, #0
200008ea:	d013      	beq.n	20000914 <prepare_ep_buffer+0x4c>
200008ec:	2580      	movs	r5, #128	@ 0x80
200008ee:	01ad      	lsls	r5, r5, #6
200008f0:	4315      	orrs	r5, r2
200008f2:	2201      	movs	r2, #1
200008f4:	4053      	eors	r3, r2
200008f6:	70e3      	strb	r3, [r4, #3]
200008f8:	7863      	ldrb	r3, [r4, #1]
200008fa:	2b00      	cmp	r3, #0
200008fc:	d00c      	beq.n	20000918 <prepare_ep_buffer+0x50>
200008fe:	8aa3      	ldrh	r3, [r4, #20]
20000900:	2b00      	cmp	r3, #0
20000902:	d102      	bne.n	2000090a <prepare_ep_buffer+0x42>
20000904:	2380      	movs	r3, #128	@ 0x80
20000906:	01db      	lsls	r3, r3, #7
20000908:	431d      	orrs	r5, r3
2000090a:	2f00      	cmp	r7, #0
2000090c:	d000      	beq.n	20000910 <prepare_ep_buffer+0x48>
2000090e:	042d      	lsls	r5, r5, #16
20000910:	0028      	movs	r0, r5
20000912:	bdf8      	pop	{r3, r4, r5, r6, r7, pc}
20000914:	2500      	movs	r5, #0
20000916:	e7eb      	b.n	200008f0 <prepare_ep_buffer+0x28>
20000918:	68e0      	ldr	r0, [r4, #12]
2000091a:	01bb      	lsls	r3, r7, #6
2000091c:	18c0      	adds	r0, r0, r3
2000091e:	6921      	ldr	r1, [r4, #16]
20000920:	0032      	movs	r2, r6
20000922:	f000 fa41 	bl	20000da8 <__unaligned_memcpy_veneer>
20000926:	6923      	ldr	r3, [r4, #16]
20000928:	199b      	adds	r3, r3, r6
2000092a:	6123      	str	r3, [r4, #16]
2000092c:	2380      	movs	r3, #128	@ 0x80
2000092e:	021b      	lsls	r3, r3, #8
20000930:	431d      	orrs	r5, r3
20000932:	e7e4      	b.n	200008fe <prepare_ep_buffer+0x36>

20000934 <e15_is_bulkin_ep>:
20000934:	4b09      	ldr	r3, [pc, #36]	@ (2000095c <e15_is_bulkin_ep+0x28>)
20000936:	6c1b      	ldr	r3, [r3, #64]	@ 0x40
20000938:	079b      	lsls	r3, r3, #30
2000093a:	d40c      	bmi.n	20000956 <e15_is_bulkin_ep+0x22>
2000093c:	7883      	ldrb	r3, [r0, #2]
2000093e:	09db      	lsrs	r3, r3, #7
20000940:	2b01      	cmp	r3, #1
20000942:	d001      	beq.n	20000948 <e15_is_bulkin_ep+0x14>
20000944:	2000      	movs	r0, #0
20000946:	e007      	b.n	20000958 <e15_is_bulkin_ep+0x24>
20000948:	7ec3      	ldrb	r3, [r0, #27]
2000094a:	2b02      	cmp	r3, #2
2000094c:	d001      	beq.n	20000952 <e15_is_bulkin_ep+0x1e>
2000094e:	2000      	movs	r0, #0
20000950:	e002      	b.n	20000958 <e15_is_bulkin_ep+0x24>
20000952:	2001      	movs	r0, #1
20000954:	e000      	b.n	20000958 <e15_is_bulkin_ep+0x24>
20000956:	2000      	movs	r0, #0
20000958:	4770      	bx	lr
2000095a:	46c0      	nop			@ (mov r8, r8)
2000095c:	50110000 	.word	0x50110000

20000960 <e15_is_critical_frame_period>:
20000960:	b510      	push	{r4, lr}
20000962:	f7ff ffe7 	bl	20000934 <e15_is_bulkin_ep>
20000966:	2800      	cmp	r0, #0
20000968:	d009      	beq.n	2000097e <e15_is_critical_frame_period+0x1e>
2000096a:	4b06      	ldr	r3, [pc, #24]	@ (20000984 <e15_is_critical_frame_period+0x24>)
2000096c:	6a9b      	ldr	r3, [r3, #40]	@ 0x28
2000096e:	4a06      	ldr	r2, [pc, #24]	@ (20000988 <e15_is_critical_frame_period+0x28>)
20000970:	6812      	ldr	r2, [r2, #0]
20000972:	1a9b      	subs	r3, r3, r2
20000974:	4a05      	ldr	r2, [pc, #20]	@ (2000098c <e15_is_critical_frame_period+0x2c>)
20000976:	4694      	mov	ip, r2
20000978:	4463      	add	r3, ip
2000097a:	2bc6      	cmp	r3, #198	@ 0xc6
2000097c:	d800      	bhi.n	20000980 <e15_is_critical_frame_period+0x20>
2000097e:	bd10      	pop	{r4, pc}
20000980:	2000      	movs	r0, #0
20000982:	e7fc      	b.n	2000097e <e15_is_critical_frame_period+0x1e>
20000984:	40054000 	.word	0x40054000
20000988:	200020c4 	.word	0x200020c4
2000098c:	fffffce0 	.word	0xfffffce0

20000990 <sync_ep_buffer>:
20000990:	b570      	push	{r4, r5, r6, lr}
20000992:	0004      	movs	r4, r0
20000994:	6883      	ldr	r3, [r0, #8]
20000996:	681b      	ldr	r3, [r3, #0]
20000998:	2900      	cmp	r1, #0
2000099a:	d000      	beq.n	2000099e <sync_ep_buffer+0xe>
2000099c:	0c1b      	lsrs	r3, r3, #16
2000099e:	059d      	lsls	r5, r3, #22
200009a0:	0dad      	lsrs	r5, r5, #22
200009a2:	7862      	ldrb	r2, [r4, #1]
200009a4:	2a00      	cmp	r2, #0
200009a6:	d111      	bne.n	200009cc <sync_ep_buffer+0x3c>
200009a8:	041b      	lsls	r3, r3, #16
200009aa:	d409      	bmi.n	200009c0 <sync_ep_buffer+0x30>
200009ac:	8ae3      	ldrh	r3, [r4, #22]
200009ae:	195b      	adds	r3, r3, r5
200009b0:	82e3      	strh	r3, [r4, #22]
200009b2:	8b23      	ldrh	r3, [r4, #24]
200009b4:	42ab      	cmp	r3, r5
200009b6:	d901      	bls.n	200009bc <sync_ep_buffer+0x2c>
200009b8:	2300      	movs	r3, #0
200009ba:	82a3      	strh	r3, [r4, #20]
200009bc:	0028      	movs	r0, r5
200009be:	bd70      	pop	{r4, r5, r6, pc}
200009c0:	4b0d      	ldr	r3, [pc, #52]	@ (200009f8 <sync_ep_buffer+0x68>)
200009c2:	4a0e      	ldr	r2, [pc, #56]	@ (200009fc <sync_ep_buffer+0x6c>)
200009c4:	480e      	ldr	r0, [pc, #56]	@ (20000a00 <sync_ep_buffer+0x70>)
200009c6:	21e8      	movs	r1, #232	@ 0xe8
200009c8:	f000 fa06 	bl	20000dd8 <____assert_func_veneer>
200009cc:	041b      	lsls	r3, r3, #16
200009ce:	d50d      	bpl.n	200009ec <sync_ep_buffer+0x5c>
200009d0:	6920      	ldr	r0, [r4, #16]
200009d2:	68e3      	ldr	r3, [r4, #12]
200009d4:	0189      	lsls	r1, r1, #6
200009d6:	1859      	adds	r1, r3, r1
200009d8:	002a      	movs	r2, r5
200009da:	f000 f9e5 	bl	20000da8 <__unaligned_memcpy_veneer>
200009de:	8ae3      	ldrh	r3, [r4, #22]
200009e0:	195b      	adds	r3, r3, r5
200009e2:	82e3      	strh	r3, [r4, #22]
200009e4:	6923      	ldr	r3, [r4, #16]
200009e6:	195b      	adds	r3, r3, r5
200009e8:	6123      	str	r3, [r4, #16]
200009ea:	e7e2      	b.n	200009b2 <sync_ep_buffer+0x22>
200009ec:	4b05      	ldr	r3, [pc, #20]	@ (20000a04 <sync_ep_buffer+0x74>)
200009ee:	4a03      	ldr	r2, [pc, #12]	@ (200009fc <sync_ep_buffer+0x6c>)
200009f0:	4803      	ldr	r0, [pc, #12]	@ (20000a00 <sync_ep_buffer+0x70>)
200009f2:	21ee      	movs	r1, #238	@ 0xee
200009f4:	f000 f9f0 	bl	20000dd8 <____assert_func_veneer>
200009f8:	10008668 	.word	0x10008668
200009fc:	100091b8 	.word	0x100091b8
20000a00:	10008688 	.word	0x10008688
20000a04:	100086ec 	.word	0x100086ec

20000a08 <_hw_endpoint_xfer_sync>:
20000a08:	b510      	push	{r4, lr}
20000a0a:	0004      	movs	r4, r0
20000a0c:	6883      	ldr	r3, [r0, #8]
20000a0e:	681b      	ldr	r3, [r3, #0]
20000a10:	2100      	movs	r1, #0
20000a12:	f7ff ffbd 	bl	20000990 <sync_ep_buffer>
20000a16:	6863      	ldr	r3, [r4, #4]
20000a18:	681b      	ldr	r3, [r3, #0]
20000a1a:	005b      	lsls	r3, r3, #1
20000a1c:	d502      	bpl.n	20000a24 <_hw_endpoint_xfer_sync+0x1c>
20000a1e:	8b23      	ldrh	r3, [r4, #24]
20000a20:	4283      	cmp	r3, r0
20000a22:	d000      	beq.n	20000a26 <_hw_endpoint_xfer_sync+0x1e>
20000a24:	bd10      	pop	{r4, pc}
20000a26:	2101      	movs	r1, #1
20000a28:	0020      	movs	r0, r4
20000a2a:	f7ff ffb1 	bl	20000990 <sync_ep_buffer>
20000a2e:	e7f9      	b.n	20000a24 <_hw_endpoint_xfer_sync+0x1c>

20000a30 <hw_endpoint_reset_transfer>:
20000a30:	2300      	movs	r3, #0
20000a32:	7683      	strb	r3, [r0, #26]
20000a34:	8283      	strh	r3, [r0, #20]
20000a36:	82c3      	strh	r3, [r0, #22]
20000a38:	6103      	str	r3, [r0, #16]
20000a3a:	4770      	bx	lr

20000a3c <_hw_endpoint_buffer_control_update32>:
20000a3c:	b510      	push	{r4, lr}
20000a3e:	2900      	cmp	r1, #0
20000a40:	d002      	beq.n	20000a48 <_hw_endpoint_buffer_control_update32+0xc>
20000a42:	6883      	ldr	r3, [r0, #8]
20000a44:	681b      	ldr	r3, [r3, #0]
20000a46:	4019      	ands	r1, r3
20000a48:	2a00      	cmp	r2, #0
20000a4a:	d010      	beq.n	20000a6e <_hw_endpoint_buffer_control_update32+0x32>
20000a4c:	4311      	orrs	r1, r2
20000a4e:	0552      	lsls	r2, r2, #21
20000a50:	d50d      	bpl.n	20000a6e <_hw_endpoint_buffer_control_update32+0x32>
20000a52:	6882      	ldr	r2, [r0, #8]
20000a54:	6813      	ldr	r3, [r2, #0]
20000a56:	055b      	lsls	r3, r3, #21
20000a58:	d40c      	bmi.n	20000a74 <_hw_endpoint_buffer_control_update32+0x38>
20000a5a:	4b08      	ldr	r3, [pc, #32]	@ (20000a7c <_hw_endpoint_buffer_control_update32+0x40>)
20000a5c:	400b      	ands	r3, r1
20000a5e:	6013      	str	r3, [r2, #0]
20000a60:	4b07      	ldr	r3, [pc, #28]	@ (20000a80 <_hw_endpoint_buffer_control_update32+0x44>)
20000a62:	6c1b      	ldr	r3, [r3, #64]	@ 0x40
20000a64:	079b      	lsls	r3, r3, #30
20000a66:	d402      	bmi.n	20000a6e <_hw_endpoint_buffer_control_update32+0x32>
20000a68:	230c      	movs	r3, #12
20000a6a:	3b03      	subs	r3, #3
20000a6c:	d2fd      	bcs.n	20000a6a <_hw_endpoint_buffer_control_update32+0x2e>
20000a6e:	6883      	ldr	r3, [r0, #8]
20000a70:	6019      	str	r1, [r3, #0]
20000a72:	bd10      	pop	{r4, pc}
20000a74:	7881      	ldrb	r1, [r0, #2]
20000a76:	4803      	ldr	r0, [pc, #12]	@ (20000a84 <_hw_endpoint_buffer_control_update32+0x48>)
20000a78:	f000 f9b6 	bl	20000de8 <__panic_veneer>
20000a7c:	fffffbff 	.word	0xfffffbff
20000a80:	50110000 	.word	0x50110000
20000a84:	1000870c 	.word	0x1000870c

20000a88 <hw_endpoint_start_next_buffer>:
20000a88:	b570      	push	{r4, r5, r6, lr}
20000a8a:	0004      	movs	r4, r0
20000a8c:	6843      	ldr	r3, [r0, #4]
20000a8e:	681e      	ldr	r6, [r3, #0]
20000a90:	2100      	movs	r1, #0
20000a92:	f7ff ff19 	bl	200008c8 <prepare_ep_buffer>
20000a96:	2580      	movs	r5, #128	@ 0x80
20000a98:	016d      	lsls	r5, r5, #5
20000a9a:	4305      	orrs	r5, r0
20000a9c:	4b16      	ldr	r3, [pc, #88]	@ (20000af8 <hw_endpoint_start_next_buffer+0x70>)
20000a9e:	6c1b      	ldr	r3, [r3, #64]	@ 0x40
20000aa0:	079b      	lsls	r3, r3, #30
20000aa2:	d515      	bpl.n	20000ad0 <hw_endpoint_start_next_buffer+0x48>
20000aa4:	78a3      	ldrb	r3, [r4, #2]
20000aa6:	065b      	lsls	r3, r3, #25
20000aa8:	d117      	bne.n	20000ada <hw_endpoint_start_next_buffer+0x52>
20000aaa:	2300      	movs	r3, #0
20000aac:	8aa2      	ldrh	r2, [r4, #20]
20000aae:	2a00      	cmp	r2, #0
20000ab0:	d001      	beq.n	20000ab6 <hw_endpoint_start_next_buffer+0x2e>
20000ab2:	2b00      	cmp	r3, #0
20000ab4:	d015      	beq.n	20000ae2 <hw_endpoint_start_next_buffer+0x5a>
20000ab6:	4b11      	ldr	r3, [pc, #68]	@ (20000afc <hw_endpoint_start_next_buffer+0x74>)
20000ab8:	401e      	ands	r6, r3
20000aba:	2380      	movs	r3, #128	@ 0x80
20000abc:	059b      	lsls	r3, r3, #22
20000abe:	4333      	orrs	r3, r6
20000ac0:	6862      	ldr	r2, [r4, #4]
20000ac2:	6013      	str	r3, [r2, #0]
20000ac4:	002a      	movs	r2, r5
20000ac6:	2100      	movs	r1, #0
20000ac8:	0020      	movs	r0, r4
20000aca:	f7ff ffb7 	bl	20000a3c <_hw_endpoint_buffer_control_update32>
20000ace:	bd70      	pop	{r4, r5, r6, pc}
20000ad0:	78a3      	ldrb	r3, [r4, #2]
20000ad2:	09db      	lsrs	r3, r3, #7
20000ad4:	d103      	bne.n	20000ade <hw_endpoint_start_next_buffer+0x56>
20000ad6:	3301      	adds	r3, #1
20000ad8:	e7e8      	b.n	20000aac <hw_endpoint_start_next_buffer+0x24>
20000ada:	2301      	movs	r3, #1
20000adc:	e7e6      	b.n	20000aac <hw_endpoint_start_next_buffer+0x24>
20000ade:	2300      	movs	r3, #0
20000ae0:	e7e4      	b.n	20000aac <hw_endpoint_start_next_buffer+0x24>
20000ae2:	2101      	movs	r1, #1
20000ae4:	0020      	movs	r0, r4
20000ae6:	f7ff feef 	bl	200008c8 <prepare_ep_buffer>
20000aea:	4305      	orrs	r5, r0
20000aec:	4a04      	ldr	r2, [pc, #16]	@ (20000b00 <hw_endpoint_start_next_buffer+0x78>)
20000aee:	4032      	ands	r2, r6
20000af0:	23a0      	movs	r3, #160	@ 0xa0
20000af2:	05db      	lsls	r3, r3, #23
20000af4:	4313      	orrs	r3, r2
20000af6:	e7e3      	b.n	20000ac0 <hw_endpoint_start_next_buffer+0x38>
20000af8:	50110000 	.word	0x50110000
20000afc:	afffffff 	.word	0xafffffff
20000b00:	dfffffff 	.word	0xdfffffff

20000b04 <hw_endpoint_xfer_continue>:
20000b04:	b570      	push	{r4, r5, r6, lr}
20000b06:	0004      	movs	r4, r0
20000b08:	7e85      	ldrb	r5, [r0, #26]
20000b0a:	2d00      	cmp	r5, #0
20000b0c:	d006      	beq.n	20000b1c <hw_endpoint_xfer_continue+0x18>
20000b0e:	f7ff ff7b 	bl	20000a08 <_hw_endpoint_xfer_sync>
20000b12:	8aa3      	ldrh	r3, [r4, #20]
20000b14:	2b00      	cmp	r3, #0
20000b16:	d105      	bne.n	20000b24 <hw_endpoint_xfer_continue+0x20>
20000b18:	0028      	movs	r0, r5
20000b1a:	bd70      	pop	{r4, r5, r6, pc}
20000b1c:	7881      	ldrb	r1, [r0, #2]
20000b1e:	4808      	ldr	r0, [pc, #32]	@ (20000b40 <hw_endpoint_xfer_continue+0x3c>)
20000b20:	f000 f962 	bl	20000de8 <__panic_veneer>
20000b24:	0020      	movs	r0, r4
20000b26:	f7ff ff1b 	bl	20000960 <e15_is_critical_frame_period>
20000b2a:	1e05      	subs	r5, r0, #0
20000b2c:	d003      	beq.n	20000b36 <hw_endpoint_xfer_continue+0x32>
20000b2e:	2301      	movs	r3, #1
20000b30:	7723      	strb	r3, [r4, #28]
20000b32:	2500      	movs	r5, #0
20000b34:	e7f0      	b.n	20000b18 <hw_endpoint_xfer_continue+0x14>
20000b36:	0020      	movs	r0, r4
20000b38:	f7ff ffa6 	bl	20000a88 <hw_endpoint_start_next_buffer>
20000b3c:	e7ec      	b.n	20000b18 <hw_endpoint_xfer_continue+0x14>
20000b3e:	46c0      	nop			@ (mov r8, r8)
20000b40:	1000872c 	.word	0x1000872c

20000b44 <dcd_event_handler>:
20000b44:	b570      	push	{r4, r5, r6, lr}
20000b46:	b084      	sub	sp, #16
20000b48:	0006      	movs	r6, r0
20000b4a:	000d      	movs	r5, r1
20000b4c:	7843      	ldrb	r3, [r0, #1]
20000b4e:	2b06      	cmp	r3, #6
20000b50:	d812      	bhi.n	20000b78 <dcd_event_handler+0x34>
20000b52:	009b      	lsls	r3, r3, #2
20000b54:	4a72      	ldr	r2, [pc, #456]	@ (20000d20 <dcd_event_handler+0x1dc>)
20000b56:	58d3      	ldr	r3, [r2, r3]
20000b58:	469f      	mov	pc, r3
20000b5a:	4b72      	ldr	r3, [pc, #456]	@ (20000d24 <dcd_event_handler+0x1e0>)
20000b5c:	781a      	ldrb	r2, [r3, #0]
20000b5e:	2101      	movs	r1, #1
20000b60:	438a      	bics	r2, r1
20000b62:	701a      	strb	r2, [r3, #0]
20000b64:	781a      	ldrb	r2, [r3, #0]
20000b66:	3101      	adds	r1, #1
20000b68:	438a      	bics	r2, r1
20000b6a:	701a      	strb	r2, [r3, #0]
20000b6c:	2200      	movs	r2, #0
20000b6e:	705a      	strb	r2, [r3, #1]
20000b70:	781a      	ldrb	r2, [r3, #0]
20000b72:	3102      	adds	r1, #2
20000b74:	438a      	bics	r2, r1
20000b76:	701a      	strb	r2, [r3, #0]
20000b78:	4b6b      	ldr	r3, [pc, #428]	@ (20000d28 <dcd_event_handler+0x1e4>)
20000b7a:	681c      	ldr	r4, [r3, #0]
20000b7c:	6962      	ldr	r2, [r4, #20]
20000b7e:	f3ef 8110 	mrs	r1, PRIMASK
20000b82:	b672      	cpsid	i
20000b84:	6813      	ldr	r3, [r2, #0]
20000b86:	2b00      	cmp	r3, #0
20000b88:	d0fc      	beq.n	20000b84 <dcd_event_handler+0x40>
20000b8a:	f3bf 8f5f 	dmb	sy
20000b8e:	61a1      	str	r1, [r4, #24]
20000b90:	0031      	movs	r1, r6
20000b92:	0020      	movs	r0, r4
20000b94:	f000 f910 	bl	20000db8 <__tu_fifo_write_veneer>
20000b98:	6962      	ldr	r2, [r4, #20]
20000b9a:	69a3      	ldr	r3, [r4, #24]
20000b9c:	f3bf 8f5f 	dmb	sy
20000ba0:	2100      	movs	r1, #0
20000ba2:	6011      	str	r1, [r2, #0]
20000ba4:	f383 8810 	msr	PRIMASK, r3
20000ba8:	2800      	cmp	r0, #0
20000baa:	d100      	bne.n	20000bae <dcd_event_handler+0x6a>
20000bac:	e0b0      	b.n	20000d10 <dcd_event_handler+0x1cc>
20000bae:	7830      	ldrb	r0, [r6, #0]
20000bb0:	7871      	ldrb	r1, [r6, #1]
20000bb2:	002a      	movs	r2, r5
20000bb4:	f000 f908 	bl	20000dc8 <__tud_event_hook_cb_veneer>
20000bb8:	b004      	add	sp, #16
20000bba:	bd70      	pop	{r4, r5, r6, pc}
20000bbc:	4b59      	ldr	r3, [pc, #356]	@ (20000d24 <dcd_event_handler+0x1e0>)
20000bbe:	781b      	ldrb	r3, [r3, #0]
20000bc0:	07db      	lsls	r3, r3, #31
20000bc2:	d5f9      	bpl.n	20000bb8 <dcd_event_handler+0x74>
20000bc4:	4a57      	ldr	r2, [pc, #348]	@ (20000d24 <dcd_event_handler+0x1e0>)
20000bc6:	7813      	ldrb	r3, [r2, #0]
20000bc8:	2104      	movs	r1, #4
20000bca:	430b      	orrs	r3, r1
20000bcc:	7013      	strb	r3, [r2, #0]
20000bce:	e7d3      	b.n	20000b78 <dcd_event_handler+0x34>
20000bd0:	4b54      	ldr	r3, [pc, #336]	@ (20000d24 <dcd_event_handler+0x1e0>)
20000bd2:	781b      	ldrb	r3, [r3, #0]
20000bd4:	07db      	lsls	r3, r3, #31
20000bd6:	d5ef      	bpl.n	20000bb8 <dcd_event_handler+0x74>
20000bd8:	4a52      	ldr	r2, [pc, #328]	@ (20000d24 <dcd_event_handler+0x1e0>)
20000bda:	7813      	ldrb	r3, [r2, #0]
20000bdc:	2104      	movs	r1, #4
20000bde:	438b      	bics	r3, r1
20000be0:	7013      	strb	r3, [r2, #0]
20000be2:	e7c9      	b.n	20000b78 <dcd_event_handler+0x34>
20000be4:	1a9b      	subs	r3, r3, r2
20000be6:	015b      	lsls	r3, r3, #5
20000be8:	4a50      	ldr	r2, [pc, #320]	@ (20000d2c <dcd_event_handler+0x1e8>)
20000bea:	189b      	adds	r3, r3, r2
20000bec:	69db      	ldr	r3, [r3, #28]
20000bee:	2b00      	cmp	r3, #0
20000bf0:	d002      	beq.n	20000bf8 <dcd_event_handler+0xb4>
20000bf2:	7830      	ldrb	r0, [r6, #0]
20000bf4:	6871      	ldr	r1, [r6, #4]
20000bf6:	4798      	blx	r3
20000bf8:	3401      	adds	r4, #1
20000bfa:	b2e4      	uxtb	r4, r4
20000bfc:	4b4c      	ldr	r3, [pc, #304]	@ (20000d30 <dcd_event_handler+0x1ec>)
20000bfe:	781a      	ldrb	r2, [r3, #0]
20000c00:	0023      	movs	r3, r4
20000c02:	1c51      	adds	r1, r2, #1
20000c04:	42a1      	cmp	r1, r4
20000c06:	db0a      	blt.n	20000c1e <dcd_event_handler+0xda>
20000c08:	42a2      	cmp	r2, r4
20000c0a:	d9eb      	bls.n	20000be4 <dcd_event_handler+0xa0>
20000c0c:	4b49      	ldr	r3, [pc, #292]	@ (20000d34 <dcd_event_handler+0x1f0>)
20000c0e:	681b      	ldr	r3, [r3, #0]
20000c10:	0162      	lsls	r2, r4, #5
20000c12:	189b      	adds	r3, r3, r2
20000c14:	2b00      	cmp	r3, #0
20000c16:	d1e9      	bne.n	20000bec <dcd_event_handler+0xa8>
20000c18:	e7ee      	b.n	20000bf8 <dcd_event_handler+0xb4>
20000c1a:	2400      	movs	r4, #0
20000c1c:	e7ee      	b.n	20000bfc <dcd_event_handler+0xb8>
20000c1e:	4b41      	ldr	r3, [pc, #260]	@ (20000d24 <dcd_event_handler+0x1e0>)
20000c20:	781b      	ldrb	r3, [r3, #0]
20000c22:	075b      	lsls	r3, r3, #29
20000c24:	d52e      	bpl.n	20000c84 <dcd_event_handler+0x140>
20000c26:	4a3f      	ldr	r2, [pc, #252]	@ (20000d24 <dcd_event_handler+0x1e0>)
20000c28:	7813      	ldrb	r3, [r2, #0]
20000c2a:	2104      	movs	r1, #4
20000c2c:	438b      	bics	r3, r1
20000c2e:	7013      	strb	r3, [r2, #0]
20000c30:	ac01      	add	r4, sp, #4
20000c32:	220c      	movs	r2, #12
20000c34:	2100      	movs	r1, #0
20000c36:	0020      	movs	r0, r4
20000c38:	f000 f886 	bl	20000d48 <____wrap_memset_veneer>
20000c3c:	7833      	ldrb	r3, [r6, #0]
20000c3e:	7023      	strb	r3, [r4, #0]
20000c40:	2305      	movs	r3, #5
20000c42:	7063      	strb	r3, [r4, #1]
20000c44:	4b38      	ldr	r3, [pc, #224]	@ (20000d28 <dcd_event_handler+0x1e4>)
20000c46:	681c      	ldr	r4, [r3, #0]
20000c48:	6962      	ldr	r2, [r4, #20]
20000c4a:	f3ef 8110 	mrs	r1, PRIMASK
20000c4e:	b672      	cpsid	i
20000c50:	6813      	ldr	r3, [r2, #0]
20000c52:	2b00      	cmp	r3, #0
20000c54:	d0fc      	beq.n	20000c50 <dcd_event_handler+0x10c>
20000c56:	f3bf 8f5f 	dmb	sy
20000c5a:	61a1      	str	r1, [r4, #24]
20000c5c:	a901      	add	r1, sp, #4
20000c5e:	0020      	movs	r0, r4
20000c60:	f000 f8aa 	bl	20000db8 <__tu_fifo_write_veneer>
20000c64:	6962      	ldr	r2, [r4, #20]
20000c66:	69a3      	ldr	r3, [r4, #24]
20000c68:	f3bf 8f5f 	dmb	sy
20000c6c:	2100      	movs	r1, #0
20000c6e:	6011      	str	r1, [r2, #0]
20000c70:	f383 8810 	msr	PRIMASK, r3
20000c74:	2800      	cmp	r0, #0
20000c76:	d037      	beq.n	20000ce8 <dcd_event_handler+0x1a4>
20000c78:	ab01      	add	r3, sp, #4
20000c7a:	7818      	ldrb	r0, [r3, #0]
20000c7c:	7859      	ldrb	r1, [r3, #1]
20000c7e:	002a      	movs	r2, r5
20000c80:	f000 f8a2 	bl	20000dc8 <__tud_event_hook_cb_veneer>
20000c84:	4b27      	ldr	r3, [pc, #156]	@ (20000d24 <dcd_event_handler+0x1e0>)
20000c86:	78db      	ldrb	r3, [r3, #3]
20000c88:	07db      	lsls	r3, r3, #31
20000c8a:	d400      	bmi.n	20000c8e <dcd_event_handler+0x14a>
20000c8c:	e794      	b.n	20000bb8 <dcd_event_handler+0x74>
20000c8e:	ac01      	add	r4, sp, #4
20000c90:	220c      	movs	r2, #12
20000c92:	2100      	movs	r1, #0
20000c94:	0020      	movs	r0, r4
20000c96:	f000 f857 	bl	20000d48 <____wrap_memset_veneer>
20000c9a:	7833      	ldrb	r3, [r6, #0]
20000c9c:	7023      	strb	r3, [r4, #0]
20000c9e:	2303      	movs	r3, #3
20000ca0:	7063      	strb	r3, [r4, #1]
20000ca2:	6873      	ldr	r3, [r6, #4]
20000ca4:	9302      	str	r3, [sp, #8]
20000ca6:	4b20      	ldr	r3, [pc, #128]	@ (20000d28 <dcd_event_handler+0x1e4>)
20000ca8:	681c      	ldr	r4, [r3, #0]
20000caa:	6962      	ldr	r2, [r4, #20]
20000cac:	f3ef 8110 	mrs	r1, PRIMASK
20000cb0:	b672      	cpsid	i
20000cb2:	6813      	ldr	r3, [r2, #0]
20000cb4:	2b00      	cmp	r3, #0
20000cb6:	d0fc      	beq.n	20000cb2 <dcd_event_handler+0x16e>
20000cb8:	f3bf 8f5f 	dmb	sy
20000cbc:	61a1      	str	r1, [r4, #24]
20000cbe:	a901      	add	r1, sp, #4
20000cc0:	0020      	movs	r0, r4
20000cc2:	f000 f879 	bl	20000db8 <__tu_fifo_write_veneer>
20000cc6:	6962      	ldr	r2, [r4, #20]
20000cc8:	69a3      	ldr	r3, [r4, #24]
20000cca:	f3bf 8f5f 	dmb	sy
20000cce:	2100      	movs	r1, #0
20000cd0:	6011      	str	r1, [r2, #0]
20000cd2:	f383 8810 	msr	PRIMASK, r3
20000cd6:	2800      	cmp	r0, #0
20000cd8:	d00d      	beq.n	20000cf6 <dcd_event_handler+0x1b2>
20000cda:	ab01      	add	r3, sp, #4
20000cdc:	7818      	ldrb	r0, [r3, #0]
20000cde:	7859      	ldrb	r1, [r3, #1]
20000ce0:	002a      	movs	r2, r5
20000ce2:	f000 f871 	bl	20000dc8 <__tud_event_hook_cb_veneer>
20000ce6:	e767      	b.n	20000bb8 <dcd_event_handler+0x74>
20000ce8:	2266      	movs	r2, #102	@ 0x66
20000cea:	4913      	ldr	r1, [pc, #76]	@ (20000d38 <dcd_event_handler+0x1f4>)
20000cec:	4813      	ldr	r0, [pc, #76]	@ (20000d3c <dcd_event_handler+0x1f8>)
20000cee:	32ff      	adds	r2, #255	@ 0xff
20000cf0:	f000 f852 	bl	20000d98 <____wrap_printf_veneer>
20000cf4:	e7c6      	b.n	20000c84 <dcd_event_handler+0x140>
20000cf6:	2266      	movs	r2, #102	@ 0x66
20000cf8:	490f      	ldr	r1, [pc, #60]	@ (20000d38 <dcd_event_handler+0x1f4>)
20000cfa:	4810      	ldr	r0, [pc, #64]	@ (20000d3c <dcd_event_handler+0x1f8>)
20000cfc:	32ff      	adds	r2, #255	@ 0xff
20000cfe:	f000 f84b 	bl	20000d98 <____wrap_printf_veneer>
20000d02:	e759      	b.n	20000bb8 <dcd_event_handler+0x74>
20000d04:	4a0e      	ldr	r2, [pc, #56]	@ (20000d40 <dcd_event_handler+0x1fc>)
20000d06:	7813      	ldrb	r3, [r2, #0]
20000d08:	3301      	adds	r3, #1
20000d0a:	b2db      	uxtb	r3, r3
20000d0c:	7013      	strb	r3, [r2, #0]
20000d0e:	e733      	b.n	20000b78 <dcd_event_handler+0x34>
20000d10:	2266      	movs	r2, #102	@ 0x66
20000d12:	4909      	ldr	r1, [pc, #36]	@ (20000d38 <dcd_event_handler+0x1f4>)
20000d14:	4809      	ldr	r0, [pc, #36]	@ (20000d3c <dcd_event_handler+0x1f8>)
20000d16:	32ff      	adds	r2, #255	@ 0xff
20000d18:	f000 f83e 	bl	20000d98 <____wrap_printf_veneer>
20000d1c:	e74c      	b.n	20000bb8 <dcd_event_handler+0x74>
20000d1e:	46c0      	nop			@ (mov r8, r8)
20000d20:	10009208 	.word	0x10009208
20000d24:	20001268 	.word	0x20001268
20000d28:	200012c0 	.word	0x200012c0
20000d2c:	10009328 	.word	0x10009328
20000d30:	20002738 	.word	0x20002738
20000d34:	200010b8 	.word	0x200010b8
20000d38:	100092a4 	.word	0x100092a4
20000d3c:	1000878c 	.word	0x1000878c
20000d40:	2000273a 	.word	0x2000273a

20000d44 <__aeabi_idiv0>:
20000d44:	4770      	bx	lr
20000d46:	46c0      	nop			@ (mov r8, r8)

20000d48 <____wrap_memset_veneer>:
20000d48:	b401      	push	{r0}
20000d4a:	4802      	ldr	r0, [pc, #8]	@ (20000d54 <____wrap_memset_veneer+0xc>)
20000d4c:	4684      	mov	ip, r0
20000d4e:	bc01      	pop	{r0}
20000d50:	4760      	bx	ip
20000d52:	bf00      	nop
20000d54:	100028a5 	.word	0x100028a5

20000d58 <__time_us_64_veneer>:
20000d58:	b401      	push	{r0}
20000d5a:	4802      	ldr	r0, [pc, #8]	@ (20000d64 <__time_us_64_veneer+0xc>)
20000d5c:	4684      	mov	ip, r0
20000d5e:	bc01      	pop	{r0}
20000d60:	4760      	bx	ip
20000d62:	bf00      	nop
20000d64:	100018f9 	.word	0x100018f9

20000d68 <____wrap___aeabi_lmul_veneer>:
20000d68:	b401      	push	{r0}
20000d6a:	4802      	ldr	r0, [pc, #8]	@ (20000d74 <____wrap___aeabi_lmul_veneer+0xc>)
20000d6c:	4684      	mov	ip, r0
20000d6e:	bc01      	pop	{r0}
20000d70:	4760      	bx	ip
20000d72:	bf00      	nop
20000d74:	10002665 	.word	0x10002665

20000d78 <__best_effort_wfe_or_timeout_veneer>:
20000d78:	b401      	push	{r0}
20000d7a:	4802      	ldr	r0, [pc, #8]	@ (20000d84 <__best_effort_wfe_or_timeout_veneer+0xc>)
20000d7c:	4684      	mov	ip, r0
20000d7e:	bc01      	pop	{r0}
20000d80:	4760      	bx	ip
20000d82:	bf00      	nop
20000d84:	10001725 	.word	0x10001725

20000d88 <__rp2040_chip_version_veneer>:
20000d88:	b401      	push	{r0}
20000d8a:	4802      	ldr	r0, [pc, #8]	@ (20000d94 <__rp2040_chip_version_veneer+0xc>)
20000d8c:	4684      	mov	ip, r0
20000d8e:	bc01      	pop	{r0}
20000d90:	4760      	bx	ip
20000d92:	bf00      	nop
20000d94:	100006cd 	.word	0x100006cd

20000d98 <____wrap_printf_veneer>:
20000d98:	b401      	push	{r0}
20000d9a:	4802      	ldr	r0, [pc, #8]	@ (20000da4 <____wrap_printf_veneer+0xc>)
20000d9c:	4684      	mov	ip, r0
20000d9e:	bc01      	pop	{r0}
20000da0:	4760      	bx	ip
20000da2:	bf00      	nop
20000da4:	10003e61 	.word	0x10003e61

20000da8 <__unaligned_memcpy_veneer>:
20000da8:	b401      	push	{r0}
20000daa:	4802      	ldr	r0, [pc, #8]	@ (20000db4 <__unaligned_memcpy_veneer+0xc>)
20000dac:	4684      	mov	ip, r0
20000dae:	bc01      	pop	{r0}
20000db0:	4760      	bx	ip
20000db2:	bf00      	nop
20000db4:	10004881 	.word	0x10004881

20000db8 <__tu_fifo_write_veneer>:
20000db8:	b401      	push	{r0}
20000dba:	4802      	ldr	r0, [pc, #8]	@ (20000dc4 <__tu_fifo_write_veneer+0xc>)
20000dbc:	4684      	mov	ip, r0
20000dbe:	bc01      	pop	{r0}
20000dc0:	4760      	bx	ip
20000dc2:	bf00      	nop
20000dc4:	10006abf 	.word	0x10006abf

20000dc8 <__tud_event_hook_cb_veneer>:
20000dc8:	b401      	push	{r0}
20000dca:	4802      	ldr	r0, [pc, #8]	@ (20000dd4 <__tud_event_hook_cb_veneer+0xc>)
20000dcc:	4684      	mov	ip, r0
20000dce:	bc01      	pop	{r0}
20000dd0:	4760      	bx	ip
20000dd2:	bf00      	nop
20000dd4:	10004b95 	.word	0x10004b95

20000dd8 <____assert_func_veneer>:
20000dd8:	b401      	push	{r0}
20000dda:	4802      	ldr	r0, [pc, #8]	@ (20000de4 <____assert_func_veneer+0xc>)
20000ddc:	4684      	mov	ip, r0
20000dde:	bc01      	pop	{r0}
20000de0:	4760      	bx	ip
20000de2:	bf00      	nop
20000de4:	10003ab9 	.word	0x10003ab9

20000de8 <__panic_veneer>:
20000de8:	b401      	push	{r0}
20000dea:	4802      	ldr	r0, [pc, #8]	@ (20000df4 <__panic_veneer+0xc>)
20000dec:	4684      	mov	ip, r0
20000dee:	bc01      	pop	{r0}
20000df0:	4760      	bx	ip
20000df2:	bf00      	nop
20000df4:	10000721 	.word	0x10000721

20000df8 <striped_spin_lock_num>:
20000df8:	00000010                                ....

20000dfc <irq_handler_chain_slots>:
20000dfc:	00000000 	.word	0x00000000
20000e00:	00010000 	.word	0x00010000
	...
20000e0c:	00020000 	.word	0x00020000
	...
20000e18:	00030000 	.word	0x00030000
	...
20000e24:	00ff0000 	.word	0x00ff0000
20000e28:	00000000 	.word	0x00000000

20000e2c <irq_handler_chain_first_slot>:
20000e2c:	b501      	push	{r0, lr}
20000e2e:	6848      	ldr	r0, [r1, #4]
20000e30:	3101      	adds	r1, #1
20000e32:	468e      	mov	lr, r1
20000e34:	4700      	bx	r0

20000e36 <irq_handler_chain_remove_tail>:
20000e36:	4670      	mov	r0, lr
20000e38:	3809      	subs	r0, #9
20000e3a:	4901      	ldr	r1, [pc, #4]	@ (20000e40 <irq_handler_chain_remove_tail+0xa>)
20000e3c:	4788      	blx	r1
20000e3e:	bd01      	pop	{r0, pc}
20000e40:	10000e71 	.word	0x10000e71

20000e44 <default_alarm_pool>:
	...
20000e58:	20000f30 00000000                       0.. ....

20000e60 <aeabi_bits_funcs>:
20000e60:	00003350 	.word	0x00003350
20000e64:	0000334c 	.word	0x0000334c
20000e68:	00003354 	.word	0x00003354
20000e6c:	00003352 	.word	0x00003352

20000e70 <aeabi_bits_funcs_end>:
20000e70:	0000534d 	.word	0x0000534d
20000e74:	0000434d 	.word	0x0000434d
20000e78:	00003453 	.word	0x00003453
20000e7c:	00003443 	.word	0x00003443

20000e80 <stdio_usb>:
20000e80:	10004311 10003fad 10004279 10003f99     .C...?..yB...?..
20000e90:	00000000 00000100                       ........

20000e98 <_usbd_qdef>:
20000e98:	200012c4 000c0010 00000000 00000000     ... ............
	...

20000eb4 <_usbd_rhport>:
20000eb4:	000000ff                                ....

20000eb8 <cyw43_poll_worker>:
20000eb8:	00000000 10006f49 00000000 00000000     ....Io..........

20000ec8 <sleep_timeout_worker>:
20000ec8:	00000000 10006ead 00000000 00000000     .....n..........
	...

20000ee0 <print_mutex>:
	...
