:020000041000EA
:1000000000B5324B212058609868022188439860DF
:10001000D860186158612E4B002199600221596106
:100020000121F02299502B49196001219960352056
:1000300000F044F80222904214D00621196600F024
:1000400034F8196E01211966002018661A6600F04E
:100050002CF8196E196E196E052000F02FF8012189
:100060000842F9D1002199601B49196000215960AB
:100070001A491B48016001219960EB211966A021F2
:10008000196600F012F800219960164914480160C1
:100090000121996001BC002800D000471248134993
:1000A000086003C880F30888084703B5996A0420EC
:1000B0000142FBD001200142F8D103BD02B5186610
:1000C0001866FFF7F2FF186E186E02BD00000240BE
:1000D000000000180000070000035F00212200005C
:1000E000F4000018222000A00001001008ED00E03C
:1000F00000000000000000000000000074B24E7A12
:1001000000200420F7010010CB010010CD010010E9
:10011000C9010010C9010010C9010010C901001077
:10012000C9010010C9010010C9010010CF01001061
:10013000C9010010C9010010D1010010D301001045
:10014000C1010010C1010010C1010010C101001067
:10015000C1010010C1010010C1010010C101001057
:10016000C1010010C1010010C1010010C101001047
:10017000C1010010C1010010C1010010C101001037
:10018000C1010010C1010010C1010010C101001027
:10019000C1010010C1010010C1010010C101001017
:1001A000C1010010C1010010C1010010C101001007
:1001B000C1010010C1010010C1010010C1010010F7
:1001C000EFF30580103800BE00BE00BE00BE00BECA
:1001D00000BE00BEF2EB887100960010249600105D
:1001E0003802001090A31AE71E481F49086006C88D
:1001F00081F3088810471D480068002801D019487D
:10020000F3E70DA40ECC002902D000F012F8F9E7B4
:100210001749184A002000E001C19142FCD116495B
:100220008847164988471649884700BEFDE701C937
:1002300001C29A42FBD3704724960010C0000020F0
:10024000E80E00204CA40010000004200000042050
:100250004CA4001000100420001004200000000036
:10026000704700000000000008ED00E0000000D032
:10027000E80E002044270020F13A0010610400102D
:10028000B13A0010F8B5C04606480749091A8B1064
:10029000C90FC91810B5491003D0044B002B00D06A
:1002A000984710BDE80E0020E80E00200000000076
:1002B000054B10B5002B03D00449054800E000BFF2
:1002C000FFF7E2FF10BDC04600000000D42400206C
:1002D0001479001083001B189B000948844663446E
:1002E000100000290AD01004064A1968484010403E
:1002F000802252019446634418607047024AF4E732
:100300000C0005400000FFFFFFFF000070B5050076
:10031000081C111C02F0C3F944006408280002F014
:1003200013FA211C02F0D5F902F030FAC11701F0DE
:10033000DDF970BDF0B5C64600B505000C1C002106
:10034000201C02F0F5F9002805D12049201C02F0FC
:10035000F5F9002802D080BCB846F0BD6869AB69E9
:100360009846C01A02F0F0F902F044FA06000F00B5
:10037000201C02F03FFA0022154B02F022F8020086
:100380000B003000390002F036F806000F0040463E
:1003900002F09CF832003B0002F00EF802F0AEF8DA
:1003A0000600286A02F0F2F907002C62EE60686825
:1003B000A968B2B2FFF78EFF380002F0C5F9021C3F
:1003C000E869211CFFF7A2FFC5E7C04600003443DF
:1003D0000080664070B504000D001D4B4361FA2398
:1003E0005B0083610023C360FA23DB00C361002349
:1003F000036201600421280000F0C6F81F2D22D8F6
:100400006B0807221A40626001210D40A56093002D
:100410009B189B000F4A94466344FA22D2005A600C
:10042000606883001A18920062440B4D15611B1816
:100430009B0062469A1812689143084A94466344A6
:100440001960200070BD6B0803221A400832DAE7F9
:10045000C409000000000540204E000000100540C7
:10046000F0B5A5B006F0D4FB03F09CFC1E2403F00D
:10047000FDFE002806D1002C04DD643001F048F9AF
:10048000013CF4E7FA267600300001F041F92748F4
:1004900003F0B6FC1BAD0E212800FFF79BFFFA24EA
:1004A000E4002094FA27BF002197229412AD0D2179
:1004B0002800FFF78FFF17941897199409AD1021A2
:1004C0002800FFF787FF1A4F0E970F9610941121FF
:1004D0006846FFF77FFF059706960794134803F0D9
:1004E0008FFCFA20400001F013F9124803F05EFC83
:1004F0005328F3D1104803F083FC00216846FFF72E
:1005000019FF0E4803F07CFC0D496846FFF712FF07
:100510000C4803F075FCFA20C00001F0F9F80A4815
:1005200003F06EFC002025B0F0BDC0461879001025
:10053000C4090000A086010020790010287900106D
:1005400000003443307900103879001030B50724AA
:100550000440A400C008A14004003C34A400094D9C
:10056000615180001B18002A05D080229201944618
:100570006344196030BDC0229201944663441960FF
:10058000F8E7C0460040014010B58300084A9A18B9
:1005900014684022544080322240064CA4466344F2
:1005A0001A60C000044B9C466044416010BDC046C8
:1005B00004C0014004D001400040014080000C4BC9
:1005C0009C46604400290ED00823002A0DD0042246
:1005D0001343026853400C22134080225201944678
:1005E0006044036070470023EFE70022F0E7C04655
:1005F00004C0014070B506000D00141E0BD1D023BD
:100600001B061B68002B11D0094B2200290030006B
:10061000FFF79CFF70BD0D2000F00AFA0028EED114
:10062000044B054A0548BD2103F046FA044BECE7AC
:100630003041014040790010808B00106C7900102F
:100640000041014070B5D0231B061B68094C9D007A
:100650002C59204207D1074D9B0004435C510D20CB
:1006600000F020FA70BD044B044A0548DB2103F07A
:1006700023FAC04604250020BC7900104C8B0010E2
:100680006C79001010B50400D0231B061A680B4BC0
:100690009200D35818420BD00D2000F00FFBD0234E
:1006A0001B061B6805499B005A58A2435A5010BDAF
:1006B000034B044A0448EF2103F0FEF9042500200F
:1006C000E8790010288B00106C79001010B5802399
:1006D000DB05186803051B0D0B4A934207D10B4B32
:1006E000034080229201934207D1000F10BD084BB6
:1006F000084A0948132103F0DFF9084B054A064868
:10070000142103F0D9F9C0462709000000F0FF0FBB
:10071000147A0010988B0010387A0010887A001034
:100720000FB400B583B0084803F06AFB049B002BAC
:1007300007D005A90191180003F072FB034803F0EC
:100740005FFB012003F0B2F99C7A0010AC7A001034
:10075000EFF3108072B6034B1B68002BFBD0BFF386
:100760005F8F70472C0100D0BFF35F8F024B0022D8
:100770001A6080F3108870472C0100D0F8B506008D
:100780000C001500FFF7E4FFE308F718F15C0722FF
:100790002240012393400B4205D1DBB20B433B7057
:1007A000FFF7E2FFF8BD21002800FFF7B9FFF0B521
:1007B00083B00600019114001F00FFF7C9FF00E09D
:1007C0000134BC420CD8E308F518F35C0721214042
:1007D00001228A401A42F3D1D2B21A432A7001E0B0
:1007E00001246442FFF7C0FF002C02DB200003B0AD
:1007F000F0BD019B002BF9D00898FFF791FF000096
:1008000070B505000C00FFF7A3FFE308EE18EA5CE3
:100810000721214001238B40134204D09A433270B8
:10082000FFF7A2FF70BD034B034A0448332103F0D6
:1008300043F9C046B07A0010AC8B0010D07A00109B
:10084000054A1078431CDBB21370172B02D9130032
:1008500010221A707047C046F80D002010B582B003
:100860000100054C054B00931F2318222000FFF7C1
:100870009EFF02B010BDC0467C1700201C7B0010FC
:10088000002307E0054A9A189200BFF35F8F00210A
:10089000116001331F2BF5D97047C046400000346A
:1008A000074B9B68103080001950BFF35F8FBFF378
:1008B0005F8F044B0021196082F310887047C04697
:1008C00000ED00E0240100D00048704700E400E0A3
:1008D00010B5FFF7F9FF002302E0034A04C001331B
:1008E000072BFAD910BDC046808080801F23181ABC
:1008F0007047000010B50388DA0A1C2A05D15B0591
:100900005B1502335B00C01810BD034B034A8E21F8
:100910000348490003F0D0F8387B0010088C001021
:10092000507B001010B5091A0B1F0A4A88180A4A92
:10093000904208D8C90706D45B105B055B0D0748D9
:10094000184380B210BD064B064A8721064849006D
:1009500003F0B2F8FC070000FE0F000000E0FFFF0C
:100960009C7B0010FC8B0010507B001010B5091A06
:1009700004394A08090B08D14905490D064B0B43B8
:100980000380064B1343438010BD054B054A8B2162
:100990000548490003F090F800F0FFFF00F8FFFF62
:1009A000CC7B0010D88B0010507B001001238340BB
:1009B000034A10681840431E9841C0B27047C046B1
:1009C00000E100E0002A05D0044BC02252009950FB
:1009D00019607047014A8023D150FAE700E100E036
:1009E00010B50A001F230340012199404009FFF779
:1009F000E9FF10BD01238340014A13607047C046E0
:100A000000E200E0024B9B6810308000C058704745
:100A100000ED00E010B5FFF7F5FF044BC31A00200E
:100A20002F229A424041C0B210BDC046FC0D0020AA
:100A300010B5FFF7E7FF002806D0044B984201D01D
:100A4000012010BD0020FCE70020FAE7C1010010E2
:100A500070B504000D00EFF3108672B60C4B1B68E6
:100A6000002BFBD0BFF35F8F2000FFF7CBFF094BBC
:100A7000984201D0A84205D1320029002000FFF79A
:100A80000FFF70BD044B054A0548ED2103F014F833
:100A9000240100D0C1010010DC7B0010308C00105C
:100AA000507B0010F0B5DE4657464E464546E0B551
:100AB00089B0814601911500EFF3108B72B66F4B30
:100AC0001B68002BFBD0BFF35F8F6D4B00269E573A
:100AD000002E40DB7400A419A4006A4824180622E2
:100AE000A256674B1A70684B9A684B4610339B00AE
:100AF000D35898461B1A2F2B3BD9644B984531D1BC
:100B000005AF634B3B80634973009A469819800098
:100B10005C4B984640440230FFF704FF78805E4B00
:100B2000BB80FF23BB71FD71019B079333005344CE
:100B30009B00434407CF07C301231C43A0465A46EA
:100B400041464846FFF7ACFE09B0F0BCBB46B24692
:100B5000A946A046F0BD514B514ABE21514849001B
:100B600002F0AAFF504B4E4A84214E48FF3102F05A
:100B7000A3FF012342469A439246101A0C2101F02A
:100B8000DBF900290FD153460027DA79AA4212D99E
:100B90000621595600290DDB4A00521892003949A6
:100BA0001F008B18F1E7414B3D4ACA213D484900DF
:100BB00002F082FF1F00002F2ED005AB3C4A1A80A6
:100BC000813A5A800623FB560293002B17DA3948E4
:100BD00005AB9A469880029A9A71DD71019A079244
:100BE000381D2100FFF79EFEB880BE71254B7200B4
:100BF000921992009B18524613CA13C39FE7381DDF
:100C0000FFF778FE01007000801980001D4BC018AE
:100C10000430FFF787FEDBE705AF1D4B3B801D4926
:100C2000730002939B199B00164A90461A00424497
:100C30000392901CFFF776FE7880039A101D5146B0
:100C4000FFF770FEB8801C4B52464146521A524183
:100C500053431B0DBB71FD71019A0792029B9B19B7
:100C60009B00434407CF07C3114B52461380813B7F
:100C7000538001231C43A04661E7C046240100D0F5
:100C80003C270020FC0D002000ED00E0C101001019
:100C900000A1FFFF2C0E002001BDFFFF147C0010FF
:100CA000188C0010507B00103C7C0010647C0010FD
:100CB0000148000001BD0000AAAA0000F0B5CE4620
:100CC000474680B583B006000D00EFF3108872B67A
:100CD0004F4B1B68002BFBD0BFF35F8F4D4B9A68C7
:100CE00034001034A300D7584B4B9F4207D0AF427B
:100CF00000D18AE00197494BFB1A2F2B09D94246B4
:100D000039003000FFF7CCFD03B0C0BCB946B04697
:100D1000F0BD3000FFF74AFE814600213000FFF7AA
:100D20005FFEBFF35F8FEFF30581002901D08C4296
:100D300011D10123019C9C430020A3689D4211D046
:100D40000622A256002A0CDB53009B189B00334A54
:100D50002000D418F1E7324B324A3348334902F0CD
:100D6000ABFE20009D4249D106256557002D2BDBA7
:100D70002A4B6A00521992009B189A68A260DA798D
:100D8000E2719B795BB2A371002B0FDA2848A08037
:100D9000224B6A00521992009B18264A11789971C9
:100DA000157049463000FFF71BFEA8E768004019A0
:100DB00080001A4BC0180430FFF79CFD0100231D72
:100DC0001800FFF7AFFDE2E7002912D100280ED08E
:100DD000FF238371184B838016490B78A3710F4A48
:100DE000164BA41A644163431B0D0B70D9E70A4FDD
:100DF000F2E71349201DFFF7B9FDD2E7114B094A6D
:100E000091210948890002F057FE034F77E7C04659
:100E1000240100D000ED00E0C1010010FC0D002015
:100E2000E87C0010E88B0010507B001002020000EC
:100E300001BD00003C27002001BDFFFFAAAA000061
:100E4000360E00201C7D001070B505000C00FFF769
:100E50003BFDAB089B00C218116803232B40DB004D
:100E6000FF20984081439C402143116070BD0000E9
:100E7000F8B5012202432C4BD31A2F2B28D8EFF3BD
:100E80000583002B2AD0EFF3108472B62749096836
:100E90000029FBD0BFF35F8F234D25490600761B49
:100EA00076417143090D4DB2224989689B00C958AA
:100EB000914219D00021032930D81B4B4A00521807
:100EC00092009B189B795BB2AB421DD00131F2E7D7
:100ED000194B1A4A1A481B4902F0EEFD1A4B174AE1
:100EE00017481A4902F0E8FD124A92681849D15091
:100EF000184B1A7882711D70BFF35F8F0B4B002265
:100F00001A6084F31088F8BD074B4A005618B600E3
:100F10009E19FF27B771104AB280E9E70F4B074AC5
:100F200007480F4902F0C8FDFC0D0020240100D045
:100F3000AAAA000000ED00E0247D0010BC8B001088
:100F4000507B00107F0200004C7D001082020000E8
:100F5000C10100103C27002001BDFFFF587D00109B
:100F60009302000010B5FFF7C1FC0100024B18000E
:100F7000FFF746FC10BDC0464027002010B582B0E8
:100F80000100074C074B0093052300222000FFF7C8
:100F90000EFC002801DB1F23181A02B010BDC0464A
:100FA00040270020607D001070B504000E00150081
:100FB000FFF746FC0100200000F006F8A680E5805F
:100FC000BFF35F8F70BD0000024B9C4661448900F7
:100FD000016070474000003410B50400FFF730FC9A
:100FE00001002000FFF7F0FFFF232371BFF35F8FA5
:100FF00010BD10B50400FFF723FC01002000FFF72F
:10100000E3FFFF23237100236371BFF35F8F10BDE4
:1010100010B50D4C09E00D4B0D4A0E481A2102F097
:101020004BFD2000FFF7D8FF08340B4B9C4209D240
:101030002368002BF5D0012BEDD12000FFF7D9FF5D
:101040000834F2E710BDC046E00E00207C7D0010A1
:10105000C48C00109C7D0010E80E0020034B9C46C1
:10106000614489000160BFF35F8F70474000003426
:1010700010B504000120FFF7F1FB01002000FFF78D
:10108000EDFF10BD30B5846A151B0B1D9B001B586E
:101090001B1B9D4204D3046A01238B40234202D1CF
:1010A000043189000A5030BD000408437047000035
:1010B0000A4B1968EFF3108372B60A68002AFCD055
:1010C000BFF35F8F054A1268BFF35F8F0021116085
:1010D00083F3108840BF00200021704718270020AC
:1010E000F0B5DE4657464E464546E0B587B0EFF3CD
:1010F000058303221A409246AE4B9200D7583B78A4
:10110000534507D10123524693409946AA4B4A467C
:101110001A6025E1A94BAA4AAA48922102F0CCFC08
:101120007A6973009B19DB009046984443469C689B
:10113000DD68A54800F0AEFB001BA941002900DADC
:1011400016E1002D74DB43461B699B469F4B9B4574
:101150004FD00823F85E4346598889B2FFF7A4FFB1
:1011600043465969D847029003910299039A0B00AC
:10117000100013435CD013000A00002847DAA41AB9
:101180009D41009401954346009C019D9C60DD605B
:101190000021595E002900DAEAE078694B005B180B
:1011A000DB00C3189A68DB68A41A9D41002D00DAA1
:1011B000DEE039813D000835844604912A00059718
:1011C000B346009E019F049B002B2ADB0023D45EC4
:1011D00063001B19DB0063449C68DD683000390044
:1011E000001BA94100291CDB1A000021595E049153
:1011F000E9E743465B699B461B69584698470028C8
:1012000016D05B461A685B6802920393ADE76E489E
:1012100000F040FB029B039C1B184C41009301947F
:10122000B1E70499059F5E464346198016809FE00A
:10123000434600229B5E3B813A69EFF3108372B60E
:1012400011680029FCD0BFF35F8F02217A5E41460E
:101250000A807E803A69BFF35F8F0021116083F3BB
:10126000108885E03969EFF3108372B60A68002AA6
:10127000FCD0BFF35F8FB88800B201225242BA801F
:101280003A69BFF35F8F0021116083F31088050076
:10129000BC461CE0049300229A5E002A0EDB049BED
:1012A0000021595E4B005B18DB0063449868D968E5
:1012B00034003D00241A8D41002DEBDA04995D467F
:1012C000009B9C4644460D800023E55E2280002D55
:1012D00012DB634658696C006419E4000419A668BF
:1012E000E7686146083108229A5EAB46049163467E
:1012F0000093A0468446D0E767463EE00023BB71DA
:10130000390008310823F85E0EE001246442E51735
:101310009460D56008243B5F834204D00E8008248B
:101320003B5F138038813000431C29D07C69430027
:101330001B18DB00E218E65E53881BB2002BE4DBCF
:101340001100F0E722002B0051461F48FFF79AFEDC
:101350001D4800F09FFA241A8D41002D22DC1FD079
:10136000194B4A465A630823FE5E002E00DBD7E67F
:10137000BB881BB2002B00DB74E7BB79002BBDD10F
:101380000823FA5E002A0DDB796953009B18DB0005
:10139000CB189C68DD68631CD4D16B1CD8D0D1E716
:1013A000002CDDD040BF07B0F0BCBB46B246A9461A
:1013B000A046F0BDF42400203C700540387E0010AB
:1013C000F08C0010647E001000400540E110001019
:1013D00070B504000D0011000126AE400662280021
:1013E000FFF736FB01212800FFF7FAFA024B9C4673
:1013F0006444266070BDC04638200000F8B5CE4673
:10140000474680B50600894690461F00C160FFF739
:1014100017FA154B9C466044800030614346337098
:10142000BBB27381D022120612787270012252422E
:101430003281B2809B187380002406E0621E7369BB
:1014400065002D19ED005A530134BC42F6D3074B09
:1014500042469200D650064A41464846FFF7B8FF3A
:10146000C0BCB946B046F8BD40000034F4240020AA
:10147000E110001010B5064B1B69002B01D0044889
:1014800010BD044B044A0548652102F015FBC04617
:10149000440E0020AC7E0010D88C0010647E00103A
:1014A000F8B504000569EFF3108072B629680029C9
:1014B000FCD0BFF35F8F0221665E656971008919F8
:1014C000C9006D18002E02DB0027E95F61802169E9
:1014D000BFF35F8F00270F6080F31088002E2CDB96
:1014E0000699296107996961AA60EB606B880133ED
:1014F0005B04590C002B00D1012169803000FFF7FB
:10150000D3FD2169EFF3108372B60A68002AFCD07C
:10151000BFF35F8FA2882A80A6802269BFF35F8F06
:101520000021116083F31088E368217801228A404A
:1015300003498C4663441A60F8BD01204042FBE732
:101540003C20000070B582B0060014001D0008ABFE
:101550001B78002B07D100F0CFF922002B00121AC4
:101560008B41002B0ADB079B0193069B0093220013
:101570002B003000FFF794FF02B070BD0020FBE7A6
:10158000F0B5C64600B584B00500884616001F00B9
:101590000AAB1C78FFF76EFF0294019700962A00B1
:1015A0004346FFF7CFFF04B080BCB846F0BD000053
:1015B00030B504000A1443899A422EDA4069530078
:1015C0009B18DB00C3182569EFF3108272B62868F8
:1015D0000028FCD0BFF35F8F588885B20904090C3E
:1015E000884212D000202369BFF35F8F0021196069
:1015F00082F31088002811D0E368217801228A4004
:1016000007498C4663441A6008E00649294389B2B9
:1016100059800123A3710120E5E7002030BDC046B9
:101620003C2000000080FFFF10B50400FFF722FF00
:101630002100FFF7BDFF10BD40787047F0B583B0C3
:1016400006000F00EFF30583002B1AD10624644235
:10165000E517A4197D418D4202D803D1844201D9F6
:101660000024002500F048F922002B00121A8B41BB
:10167000002B0BDC08D03000390000F04FF903B02C
:10168000F0BD1648FFF74CF8002AF4D0144A0023A6
:10169000009320002900FFF773FF002813DAEAE720
:1016A000104B1968EFF3108372B60A68002AFCD059
:1016B000BFF35F8F0B4A1268BFF35F8F0021116089
:1016C00083F3108820BF084B5B6A9D42E8D8064927
:1016D000896AA142CFD29D42CDD1E1E7D07E0010F0
:1016E000B1100010182700200040054070B504001C
:1016F0000D0000F001F900196941002902DBFFF734
:101700009DFF70BD012040420049F8E7FFFFFF7FC9
:1017100010B5FA2292000023002100F0A3FFFFF78A
:10172000E5FF10BDF0B5CE46474680B583B0050055
:101730000C00EFF30583002B15D03F4B5B6A8B4207
:1017400009D33D4A926A82420BD28B4201D00120DA
:1017500002E0002000E0002003B0C0BCB946B04663
:10176000F0BD0120F8E7FFF785FEC36899460378CE
:1017700098462E002700484600F08CF802000B0027
:10178000B61A9F41434604339B004A469B581B1A96
:101790000022BA420FDC0CD020BF274B5B6A9C4270
:1017A0002DD8254A926AAA422BD29C4225D00120EC
:1017B000D2E7B342F0D9214A002300932800210048
:1017C000FFF7DEFE00281EDD1B4B5B6A9C4205D83E
:1017D000194A926AAA4202D29C4200D120BFFFF766
:1017E00023FF154B5B6A9C4221D8134A926AAA4296
:1017F0001FD29C4219D00120AEE70020ACE70020A8
:10180000AAE70120A8E70C4B5B6A9C4209D80A4A68
:10181000926AAA4207D29C4201D001209CE7002094
:101820009AE7002098E7012096E7002094E700203F
:1018300092E7012090E7C04600400540B11000103B
:10184000004870470040054010B50B4B1B69002B4A
:1018500004D00A480A21FFF7B7FB10BDFFF7F0FFDD
:101860000400032100F00CF8034810230322210098
:10187000FFF7C4FDEDE7C046440E00201827002006
:1018800010B5024A0248FEF779FF10BD207F001014
:10189000801700200200436A906A1900536A994237
:1018A000FAD17047416A00E0416A9942FCD300E0F6
:1018B000416A994202D1816A9142F9D37047F0B5E9
:1018C000C64600B5804614001D00FFF7E3FF060082
:1018D0000F0022002B0092197B41994202D804D1BB
:1018E000904202D901225242D3174046FFF7DAFF55
:1018F00080BCB846F0BD000010B50248FFF7CAFF33
:1019000010BDC0460040054010B502000B00024863
:10191000FFF7D5FF10BDC0460040054010B50200DE
:101920000B000248FFF7BEFF10BDC0460040054057
:10193000F8B5D646474680B506000D001700984614
:1019400044002418A400294B9C4664446368089A08
:10195000934200D26260331FDBB29A46012B2ED92C
:1019600080221201C0239B01E3181A60204BB200B1
:10197000D158002907D0586900F0DEFA0130430041
:101980001B18033BFDD27F0123685F40E0233B40EF
:1019900080225201A21813605346012B1AD98023CA
:1019A0009B01E318802212011A60089B6360104BB0
:1019B000B6004246F250C0BCBA46B046F8BD012D52
:1019C000CED10322C0239B01E3181A60A368DB0772
:1019D000FCD5D8E72168694003230B401360A36856
:1019E0000122AA401A42FAD0D9E7C046008000403E
:1019F00088170020F0B583B005000E00170018000E
:101A0000089900F099FA0300089A140200943A0029
:101A100031002800FFF78CFF03B0F0BD10B582B095
:101A2000802464000094FFF783FF02B010BD000023
:101A3000014B8000C058704788170020F0B5C6469B
:101A400000B504000E0017001D00374800F074FABE
:101A50008046364BFA18364B9A4239D80100380086
:101A600000F06AFA0200103A98235B009A4235D8D7
:101A70006B1E062B38D8069B013B062B34D83F093A
:101A8000474537D32D04069B1B031D432368002BBA
:101A900036DB284B9C4244D00C2201239340264A3B
:101AA0001360264A1360264A1268190091430A1EE1
:101AB000F9D12660A060234BE31821321A60226816
:101AC000002AFCDAE56008221A6080BCB846F0BD46
:101AD0001D4B1E4A1E48112101F0EEFF1D4B1B4AF3
:101AE0001B48192101F0E8FF1B4B184A18481C211C
:101AF00001F0E2FF194B154A1548232101F0DCFFE4
:101B000022683F231340B342C3D1A3681B051B0DBA
:101B10008342BED1E368EE22D2021340AB42B8D179
:101B2000D3E70D22B9E7C046001BB70080E84BD3CE
:101B300080F8A93200C0024000E0004000F0004000
:101B400008C0004004300000447F0010108D0010D9
:101B5000947F0010E07F0010FC7F00104880001090
:101B6000024B1A68024B5A607047C046CC240020D2
:101B70000080054010B5174B8022D2051A60164B25
:101B8000164A1A6000290AD0154BE022D2041A60C6
:101B9000002809D1124B802212061A6010BD0D4B8D
:101BA000E022D2041A60F3E743011B1A9B001818C5
:101BB00000010C4B186080235B04984202D3094B50
:101BC000094A1A60FFF7CCFF054B8022D2051A6044
:101BD000E4E7C04600B0054008200140FCFF0100DA
:101BE00000A00540CC240020FFFFFF0010B503003B
:101BF00010000C4A8024E4051460002B0DD0012253
:101C00001343094A094CD461094C5C401462516287
:101C100093620021FFF7AEFF10BD034B0022DA6193
:101C2000F7E7C04600B0054000800540D3C007B0CC
:101C30002D3FF84F80239B000B43014AD36270472E
:101C40000080054010B5010018231B88142210885D
:101C5000984710BD10B5010018231B881622108864
:101C6000984710BDF0B5C64600B507000E00002528
:101C70000123984600E00135B5420AD2AC003C1978
:101C80002068FFF7DFFF20600028F4D1002398468A
:101C9000F1E7404680BCB846F0BD000070B50400D6
:101CA0000D000648FFF7CEFF0300002C03DB0120E8
:101CB000A040290098470020FBE7C046554200009D
:101CC000074BAA2212011A608D225200DA60054BDE
:101CD000054A1A60024B5B68002BFBDA7047C0466E
:101CE000004002400060024000B0FA0010B504005D
:101CF00001E008CC9847024B9C42FAD310BDC04685
:101D00000C7900107047000010B50248FFF7EEFF95
:101D100010BDC046D0780010054B064A1A60064B2D
:101D2000064A1A60064B1A68044B9343FAD170476F
:101D300000E00040BFCDFBFE00F00040FE7F3C0015
:101D400008C00040044BDB6C002B03D1034B802206
:101D5000D2021A607047C046000011504C2011504A
:101D6000044B054A1A60054B1B68DB43DB01FAD1C3
:101D70007047C04600F00040FFFFFF0108C0004070
:101D8000034B40229A675A671A67DA667047C04663
:101D900000F0014010B5FEF773FD10BD10B50C4A00
:101DA0000C4BD21A92101400302A00D93022920023
:101DB0000948084900F07CFD04E0084A064BA100F0
:101DC000CA5001342F2CF8D9034B054A936010BD3B
:101DD000C00100100001001000000020C10100102F
:101DE00000ED00E070B50420FFF722FE064900F088
:101DF000A3F805000024002C00DD70BDE0B229002E
:101E0000FFF718FF0134F6E740420F0030B583B00A
:101E1000274B00229A67FFF753FF264B01221A60D7
:101E2000234B5B6C012BFBD1234B03221A60204B0D
:101E30009B6B012BFBD10133009304331F4A01211B
:101E40001F48FFF7FBFD052300931E4A01211E4892
:101E5000FFF7F4FD1D4B002202210420FFF7DEFDF9
:101E60001B4D2B00002201210520FFF7D7FD194C47
:101E70002300002200210720FFF7D0FD23000022CD
:101E800000210820FFF7CAFD8023DB000093230018
:101E9000002200210920FFF7ADFD2B0000220021C8
:101EA0000620FFF7BBFDFFF79DFF03B030BDC04626
:101EB000008000403CB0004030B00040002F685926
:101EC00000800240008C864700C00240001BB70023
:101ED00040597307006CDC0201480421014B18478C
:101EE000600E0020651C0010124A936F9B0815D2EB
:101EF0009066D166002905D0FFE7FFE7FFE7516F45
:101F0000106F704704B580210906C21751400028A0
:101F100000D0C84305F074FC002104BDF0B5146E78
:101F2000556E576F166FFFF7E3FF146655665767D8
:101F30001667F0BD000000D0114A936F9B0813D2C2
:101F400010665166002905D0FFE7FFE7FFE7516FF4
:101F5000106F704704B5002801D00020C04305F081
:101F60004FFC002104BDC046F0B5146E556E576F8E
:101F7000166FFFF7E5FF1466556657671667F0BDE5
:101F8000000000D094464A4A926F9208624601D2FD
:101F900028E0C046F0B5464E346E756E776F366FEA
:101FA00000F020F89446424A146655665767166753
:101FB0006246F0BD94463E4A926F9208624601D254
:101FC00054E0C046F0B53A4E346E756E776F366F9A
:101FD00000F04CF89446364A146655665767166703
:101FE0006246F0BD002B24DB11D000293EDA00B59B
:101FF000C943404200D1013100F038F8C9434042A2
:1020000000D10131DB43524200D1013300BD002A2F
:10201000EBD1002801D1002905D00020C90FC90744
:1020200001D1C043410800B505F0DAFB00220023CE
:1020300000BD00B500290ADBDB43524200D1013369
:1020400000F014F8C943404200D1013100BDC9433A
:10205000404200D10131DB43524200D1013300F054
:1020600005F8DB43524200D1013300BD002923D1E2
:10207000002B18D1002A0CD0BC460D4F38667A666A
:1020800000210023FFE7FFE7FFE77A6F386F67461D
:102090007047002801D00748010000B505F0A0FBFB
:1020A0000022002300BD02000B0000200021704729
:1020B000000000D0FFFFFFFF002B00D0BFE0130C9B
:1020C00028D1002AE7D080B4114F39667A66FFE73D
:1020D000FFE730B4040C7B6F396F1B0423433B666E
:1020E0007A66FFE7FFE7FFE7C04684B27B6F3D6F8C
:1020F0001B0423433B667A66FFE7FFE7C0460023E5
:102100002C042D0C7A6F386F00196941B0BC7047F0
:10211000000000D0F0B594460025140E01D1120243
:102120000835140F01D112010435940F01D192002A
:102130000235D40F01D152000135D40B0134254FA3
:102140007C66254C3C660E0C93B2FFE7FFE7FFE789
:102150003C6F6643360C7703BE467343DF0B5B046C
:10216000C01AB941130C7343DB18C91ACE08664371
:10217000360CB64493B273431F0F1B01C01AB9410A
:10218000130C73431F0B1B05C01AB941860D8F0238
:102190003E436643360C092D24DB520A7243801AF3
:1021A0007703460A6643360C16235B1BDE40DF408E
:1021B000BF1964466643821B70460435063301002E
:1021C000D940A840C01900D30131A24206D2002351
:1021D000F0BD0000000000D0FFFFFFFF121B013028
:1021E000F3D3F1E709277F1BFE406446A2B2724396
:1021F000801A00D20139220C7243130C1204821A85
:1022000099410B007046043513370100F940A8408E
:10221000801900D30131002B02D1A2420AD2F0BDB5
:10222000013000D30131121BFAD2013BF8D1A24296
:1022300000D2F0BD013000D30131121BF7E7F0B539
:102240001C0C00D080E00CB400251C0A04D11B0239
:10225000160E3343120208351C0B04D11B01160F56
:102260003343120104359C0B04D19B00960F33437A
:1022700092000235DC0B02D192185B4101351C0043
:10228000971864410134464F7C66464C3C660E0C00
:10229000FFE7FFE7FFE7C0463C6F6643360C770376
:1022A000BE4697B27743C01B00D20139C01B00D293
:1022B00001399FB27743C91BC91B170C77437E04B2
:1022C000FF0B801BB941CE086643360C0C2D33DB67
:1022D000B644120B1F053A431B0B97B27743C01B42
:1022E00000D201399FB27743C91B170C77433E04D4
:1022F0003F0C801BB941860D8F023E436643292760
:102300007F1BFE400C3D7746AF40BF1930BCA2B2E8
:10231000ABB272437343801A9941220C7243130C7F
:102320001204801A994102000B000137001BA941D9
:10233000F9D2781E0021F0BD0C277F1BFE407746A6
:102340007F0BAF40FF19E0E700245D1C07D0144F5E
:102350007D663966FFE7FFE7FFE7FFE73C6F95B271
:102360009EB265436643401BB141150C1E0C65438C
:10237000664336042F0C3E432D04401BB141994265
:1023800004D202000B0020000021F0BD01D19042D8
:10239000F7D3801A994101349942F2D3F6E700004D
:1023A000000000D0FFFFFFFF48404140484018B404
:1023B000134B5B68019308BD18B4114B1B68019364
:1023C00008BD94460F4A926F920805D2624618B42F
:1023D0000B4BDB68019308BD0A4AF0B5146E556ECD
:1023E000576F166F6246FFF7F2FF064A146655668E
:1023F00057671667F0BD18B4014B9B68019308BD81
:1024000014250020000000D0FFB55040424050404D
:1024100059404B40594000E0FFB5154F4C00640D4A
:1024200003D0BC4204D10C0314D80020090D0905C7
:102430005C00640D03D0BC4204D11C030AD8002206
:102440001B0D1B0501264B4009D44B4003D58B4285
:1024500000D18242FFBD9942FCD19042FFBD0B43A7
:10246000DB1803431343F5D0C9434918FFBD0000EF
:10247000FF07000000B5FFF7CFFF804100BDC04659
:1024800000B5FFF7C9FF01D9002000BD012000BD44
:1024900000B5FFF7B9FF01D9002000BD012000BD44
:1024A00000B5FFF7B1FF804100BD012040054A00A3
:1024B000121804D85A00121801D8002070470120C1
:1024C000704700000021002805D17047C11748401F
:1024D000401AFAD0C90713B5064B1B6898470CBCC5
:1024E000441CA2401005120B0349091B090519439E
:1024F000114310BD142600201F04000010B54C002D
:10250000620D8023D218DB00D21A5B057E2A10DD13
:102510009E3A13DACC170903490819435242D140B5
:10252000640001341532202A05DAD04008436043A4
:1025300010BD002010BD0846604310BDC80FC01874
:10254000013810BD18B4024B5B6A019308BD00004E
:102550001425002010B50148FEF7E2F86480001051
:1025600070B513231C78012C12D0012C12DC214BE6
:10257000214A93642148FFF765FB214B186070BD29
:1025800020491D4A9800815001331F2BF8D9ECE7F0
:102590000023FAE71C48FFF75DFB05001B48FFF727
:1025A00059FB023803789B007F2B09DD12488022FB
:1025B000290000F07DF9022C08D0022CDADCD6E7E5
:1025C000134B144A1448332101F076FA134B1A883E
:1025D000B5231B029A4209D1114B1A88114B9A421A
:1025E00004D1114B1A88114B9A42E6D00020FEF715
:1025F00097F8C04631260010142500204C33000007
:1026000014260020552500105344000053460000B6
:102610007C8000101C8D0010C08000105438000019
:10262000D8380000494600009C3800005946000098
:1026300007B56046002800D100BE01880A0A0230B2
:10264000DF2AFAD1C9B2820804D302884088000484
:10265000104300E00068024A5050039007BD00009C
:102660001425002051434343C9188C46110C83B2F2
:102670004B4310B4040C614392B280B250436243A6
:102680001C041B0C001910BC59411304120CC01877
:1026900051416144704700004840414048400E4B62
:1026A0005B6818470C4B1B6818470C4A936F9B08D4
:1026B00002D2094BDB681847F0B5146E556E576FA0
:1026C000166FFFF7F6FF054A1466556657671667DB
:1026D000F0BD014B9B68184718260020000000D071
:1026E00007B548404140484001E0C04607B54200B8
:1026F000120E03D0FF2A03D1420218D8C00DC00524
:102700004A00120E03D0FF2A03D14A020FD8C90D86
:10271000C9050122414005D4414001D5814207BD90
:10272000884207BD0143491801D0C043001807BDC6
:1027300000B5FFF7DBFF804100BDC04600B5FFF7E5
:10274000CFFF804100BD0000C10FC90700D5404246
:10275000002817D0F44603B40B4B1B68984706BCFF
:1027600081409E384042803107D20B0607D0490095
:10277000490AC0051043084360470130F8E7490A99
:102780008902F5E7704700001426002041000A0E78
:1027900080231B067E2A0BDD9E3A0BDAC11740020E
:1027A000400818435242D040490001314843704725
:1027B00000207047C00FC01801387047C0420DD3C9
:1027C00000B540004008002100F00EF8002801D4B8
:1027D000404200BD8020000600BD0000014BDB69C7
:1027E0001847000018260020014B5B6A18470000BC
:1027F00018260020014BDB6F184700001826002028
:1028000010B50148FDF78CFF2082001070B513232E
:102810001E781848FFF71EFA0500012E11D0012E70
:1028200009DDAB1E1B789B007F2B1DDD124880222B
:10283000290000F03DF81148FFF704FA104B18602A
:1028400070BD0D485422290000F032F8002300E04A
:1028500001331F2BE3D8084A9C00A258002AF7D165
:102860000849054AA150F3E7074B084A08484221A6
:1028700001F022F953460000182600204C330000D6
:10288000142600200128001020810010308D001037
:102890005481001001480421014B1847700E00209C
:1028A000651C0010014B1B6818470000700E0020CB
:1028B000014B5B6818470000700E0020704710B590
:1028C000002802D00B684968984710BD010000201D
:1028D00007E083001B185B00501C08601078C018CC
:1028E00030380A681378303BDBB2092BF1D97047D6
:1028F000F0B5DE4657464E464546E0B583B09346B2
:102900001F000C9B9A460D9C0E9B99460F9B9B07A4
:1029100017D0B8460F00060022E0551C4B46414632
:102920002020B84701342A00B442F6D33D004F4678
:102930005C46019B9B46B1464646B84637002E0092
:102940000EE00192A34688464E46B9460700EBE7E3
:10295000013C551C5346185D43463900B0472A00D8
:10296000002CF5D135003E0047460F9B9B0711D444
:10297000100003B0F0BCBB46B246A946A046F0BD6D
:10298000541C4B4641462020B8472200531BB342FB
:10299000F6D3EDE7B0464E46B9462F005D46F5E763
:1029A000F0B5CE46474680B585B0944698460C9D16
:1029B0000D9C0EAB1B789946109A119B129EB7077F
:1029C0001CD4002B0CD0F7070AD54F46002F02D19C
:1029D0000C37374204D0013B02E030272F55013439
:1029E000944201D21F2CF8D9F70707D59C4205D293
:1029F0001F2C03D830272F550134F5E7F70612D5E1
:102A0000770505D4002C03D0944221D09C421FD0DE
:102A10000F9A102A2FD00F9A022A36D01F2C0AD8CC
:102A200030222A5501341F2C05D84A46002A32D0BC
:102A30002D222A55013403960293019400954346B2
:102A40006246FFF755FF05B0C0BCB946B046F0BDC1
:102A5000621E012C17D00F9F102F0BD014000F9A5D
:102A6000102AD8D1B206D6D51F2CD4D858222A5530
:102A70000134D3E7023CB206F1D41F2CEFD8782200
:102A80002A550134CAE71400C2E71F2CD3D860329C
:102A90002A550134C2E7720703D52B222A55013487
:102AA000C9E73207C7D520222A550134C3E7F0B55C
:102AB000DE4657464E464546E0B593B081468A46C7
:102AC000089209931CAB10CB1B789B461E9D219B43
:102AD0009846002C03D1102342469A439046802307
:102AE000DB0046461E4042461A4218D0002C22D037
:102AF000002614E0424692061BD54121C918C9B2EE
:102B00000A39C9B2771C0AAB995529002000FFF792
:102B100013FAAC4210D31F2F0ED83E000400290038
:102B20002000FFF709FACBB2092BE3D83033D9B232
:102B3000E8E76121E2E7270043460693209B0593DF
:102B40001F9B049303955B46029301970AAB009386
:102B5000099B089A51464846FFF722FF13B0F0BC84
:102B6000BB46B246A946A046F0BDF0B5DE46574684
:102B70004E464546E0B597B00A900B910C929A46A6
:102B8000209B9946219F22AA13789B46249B099358
:102B9000259C289B98464A463A4302D110329343DB
:102BA00098468022D20045461540434613420AD03B
:102BB0004A463A4341D000252E0053460D934D46D8
:102BC000099B9A4621E02E0053460D934D46099BE2
:102BD0009A461AE04246920623D54122D218D2B232
:102BE0000A3AD2B2731C99460EAB9A55524623004C
:102BF00028003900FFF7DEF9BC4220D813D04B463D
:102C00001F2B16D84E4605000F0052462300280001
:102C10003900FFF7CFF9D3B2092BDBD83033DAB262
:102C2000E0E76122DAE7AA45E9D94E460D9B9A46CC
:102C300008E04E460D9B9A4604E0002602E04E4610
:102C40000D9B9A4643460693279B0593269B049328
:102C5000099B03935B46029301960EAB0093534688
:102C60000C9A0B990A98FFF79BFE17B0F0BCBB4675
:102C7000B246A946A046F0BDF0B5DE4657464E46E0
:102C80004546E0B591B0804689460C929A461A9C1A
:102C90001B9D22002B0020002900FFF706FC0028C6
:102CA00000D0F2E001225242D54B20002900FFF76C
:102CB000F7FB002800D0E8E001225242D14B20006F
:102CC0002900FFF7D7FB002800D0DEE00022002318
:102CD00020002900FFF7CEFB002800D0EAE0069490
:102CE00007958023DB001E9A1A400D921E9A1A4205
:102CF00001D106231C930698079902000B00089245
:102D0000099303000A00024300D1DFE0080D4005EB
:102D1000400DBD4EB4466044079E3203120B1E00A8
:102D2000BA4B13431F00FFF7D1FBB94AB94BFFF76A
:102D300062FBB94AB94BFFF73FFB089009910022AB
:102D4000B74B30003900FFF732FBB64AB64BFFF7FE
:102D500052FB02000B0008980999FFF72DFBFFF7C3
:102D6000CDFB8346FFF7B2FB06000F00AF4AB04B26
:102D7000FFF741FB0022AF4BFFF71EFBFFF7BEFB47
:102D80000890AD4AAD4B30003900FFF734FB060028
:102D90000F000898FFF79AFBA94AAA4BFFF72BFBF5
:102DA00002000B0030003900FFF701FB06000F00A6
:102DB00002000B00FFF71FFB0A900B91089BA24A31
:102DC0009446634400210022089109921B0509934F
:102DD0000023089332003B0030003900FFF7ECFA83
:102DE0000E900F9132003B0000208021C905FFF7B3
:102DF000DEFA06000F000022944B0A980B99FFF7A9
:102E0000E0FA0022924BFFF7D7FA02000B000A9873
:102E10000B99FFF7D6FA00228E4BFFF7CDFA02008E
:102E20000B000A980B99FFF7CCFA02000B00300058
:102E30003900FFF7C1FA02000B000E980F99FFF757
:102E4000C0FA0022714BFFF7B7FA089A099BFFF707
:102E5000D2FA06000F0008960997069A079BFFF71B
:102E60001FFB00280BD001235B429C46E344002259
:102E7000774B30003900FFF7A4FA089009915B46C0
:102E80006333C62B45D8042623E01E9B04931D9B69
:102E900003931C9B02930094019553460C9A494658
:102EA000404600F0FBF811B0F0BCBB46B246A94664
:102EB000A046F0BD002100220691079206948023CF
:102EC0001B069C46AC44634607930AE700239B46D7
:102ED00004261E9B1B0528D5089A099B190011433F
:102EE0000FD05D4A5D4B06980799FFF7D1FA00288D
:102EF0007AD000225A4B06980799FFF7BBFA0028B0
:102F000072D01C9B5B4506DD5A469B1A013B1C9305
:102F100003E00526DDE700231C938023DB001E9AD7
:102F20001A431E92002600239B461D9B9E4265D29B
:102F30009F1B02231E9A1A400A921E9A134202D025
:102F4000002E00D000275B46002B07D0089A099B73
:102F500006980799FFF735FA06900791002200239B
:102F600020002900FFF786FA002800D07CE03D4BC6
:102F70001E9A1340049303971C9B0293069B079C85
:102F80000093019453460C9A4946404600F086F857
:102F9000002E00D187E71E9B9B0671D54525441C5A
:102FA0005346020049462800C0475A46D317D21854
:102FB0005A4005230593013E0496002303930A33E8
:102FC00002935B46DB0F0193009253462200494671
:102FD0004046FFF76CFD0A9B002B00D163E702001F
:102FE00047460C9E1D9D53E01C9B002B9DD00D9BC6
:102FF000002B9AD01C9B013B1C9396E7002798E777
:10300000FFFFEF7FFFFFEFFF01FCFFFF0000F03F3E
:10301000FB799F501344D33FB3C8608B288AC63FC7
:103020000000F83F61436F63A787D23F71A379091E
:103030004F930A400000E03F1655B5BBB16B02400C
:10304000EF39FAFE422EE63FFF03000000002C405D
:1030500000002440000018402D431CEBE2361A3FCC
:1030600080842E41FFF7FFFF069C079D2200290068
:1030700080200006844661440B000692079376E7A1
:1030800065258CE7541C534649462020B84722004A
:10309000931BAB42F6D3100005E7C046F0B5DE4601
:1030A00057464E464546E0B595B006900791934683
:1030B0009946209F1E9A1F9B10001900FFF7F5F9F3
:1030C000002831D101225242BC4B1E981F99FFF7B4
:1030D000D1F9002837D101225242B94B1E981F99CD
:1030E000FFF7DEF900283DD10022B64B1E981F994C
:1030F000FFF7D6F900284AD10022B34B1E981F993A
:10310000FFF7B8F9002842D1002200231E981F992A
:10311000FFF7B0F900284AD100239846229B5B05AF
:1031200000D4B0E0002452E0229B0393219B029341
:1031300003230193A54B00934B465A4607990698E3
:10314000FFF7D6FB08E1229B0393219B0293042304
:1031500001939F4B00934B465A4607990698FFF7F9
:10316000C7FBF9E0229B5B070ED59A4B04222299FC
:10317000039121990291019200934B465A46079977
:103180000698FFF7B5FBE7E0934B0322EFE7229B9E
:103190000493219B039302971E9B1F9C0093019411
:1031A0004B465A4607990698FFF766FDD4E01E9AEB
:1031B0001F9B00200021FFF7FAF81E901F910123AA
:1031C0009846ABE70CAB30221A55013F01341F2C57
:1031D00001D8092FF6D81E981F99FFF78FF905001F
:1031E000FFF774F902000B001E981F99FFF7DFF834
:1031F0007A4BFA009B181A685B680A920B93FFF7E8
:10320000FAF808900991FFF79DF90600FFF75AF9BF
:1032100002000B0008980999FFF7C9F80890099176
:1032200000226F4BFFF73CF900282ED0013630000A
:10323000FFF748F902000B000A980B99FFF720F9F5
:10324000002801D001350026002F2CD12800FFF7DF
:103250003DF902000B001E981F99FFF7A8F8060021
:103260000F0000225E4BFFF705F9002846D100222F
:103270005B4B30003900FFF713F900283ED1EB0714
:103280003CD501353AE006274CE70022544B08981C
:103290000999FFF7EFF80028D6D1002E01D0F307E7
:1032A000D2D50136D0E7AA461F2C11D8013F0A21FA
:1032B0003000FEF741FE651C30310CAB19550A2178
:1032C0003000FEF739FE092E0ED906002C00EBE780
:1032D00055461F2C0CD87B1E002F09D00CAA30217C
:1032E00011551F000134F4E72B0055461C00F0E790
:1032F0001F2C03D80CAB2E221A5501341F2C10D8CA
:103300000A212800FEF7F0FD661C30310CAB195580
:103310000A212800FEF7E8FD051E01D03400EDE784
:1033200034000323229A1340012B1CD01F2C06D8F3
:103330004346002B32D00CAB2D221A550134229B70
:103340000393219B029301940CAB00934B465A4686
:1033500007990698FFF7CCFA15B0F0BCBB46B24609
:10336000A946A046F0BD219B002B13D04346002B5D
:1033700002D10C3313420FD0219B013B2193190042
:1033800003E00CAB30221A5501348C42CED21F2CF4
:10339000F7D9CBE72199F8E72199F6E7229B5B075C
:1033A00004D50CAB2B221A550134C8E7229B1B070E
:1033B000C5D50CAB20221A550134C0E7FFFFEFFF43
:1033C000FFFFEF7F65CDCD4165CDCDC108820010F7
:1033D0000C820010FC81001004820010408F00104D
:1033E0000000E03FF0B5DE4657464E464546E0B5A4
:1033F00093B007008A4693461193002900D12CE32D
:10340000002508E06C1C5B462A005146B847119B1A
:10341000013311932500119B1878002800D11EE379
:103420002528EFD1013311930023180020E0012358
:10343000184301321192012418E00223184301328B
:103440001192012412E00423184301321192012445
:103450000CE00823184301321192012406E01023E6
:10346000184301321192012400E00024002C09D0FD
:10347000119A1378203BD9B21029F6D88B00C44991
:10348000CB589F468146119B1A781300303BDBB224
:10349000092B10D92A2A13D00B94119B1A782E2AA3
:1034A00020D0119A1378683BD9B2122965D88B00C5
:1034B000B849CB589F4611A8FFF708FA0B90ECE7E4
:1034C0001C9B1A1D1C921B68002B04DB0B93119B89
:1034D00001331193E1E702220100114389465B4267
:1034E0000B93F4E78022D2004946114389465A1CC7
:1034F00011925A781300303BDBB2092B0BD92A2AE0
:10350000CFD11C9B1A1D1C921C68002C08DB119B40
:1035100001331193C5E711A8FFF7D8F90400C0E7FC
:103520000024F4E780235B0049460B43511C1191B2
:1035300051786C2901D099461FE0C0239B00494671
:10354000194389460232119217E0802349460B4302
:10355000511C11915178682901D099460DE0C02382
:103560004946194389460232119206E080235B00E6
:1035700049461943894601321192119B18786728F0
:103580001CD8252800D25EE20300253BDAB2422A8D
:1035900000D958E29300804AD3589F4680239B006D
:1035A00049461943894601321192E6E780235B00C0
:1035B00049461943894601321192DEE7782800D93D
:1035C00041E2692800D23EE20200693AD2B2012308
:1035D0009340724A134210D11A0600D50CE25B05E3
:1035E00000D430E21C9B1A1D1C921E68002C00D0D7
:1035F000BAE101225242330096E16F2842D005D849
:10360000582841D0622803D1022606E078283DD010
:1036100010234A469A4391460A26582838D06928EA
:1036200005D0642803D00C224B46934399464B4661
:103630005A0502D501229343994669282DD0642862
:103640002BD04B469A0500D5AAE0DA0500D5C2E09A
:103650005A0600D4D3E01C9A111D1C911168FF2258
:103660000A404B4605930B9B049303940296002358
:10367000019300925B462A0051463800FFF717FA83
:1036800005002AE00826C8E71026C6E71026C4E78A
:1036900020224B4613439946C1E74B469A0520D456
:1036A000DA0551D45A0666D51C9A111D1C91116871
:1036B000FF220A40D017111841404B4605930B9B3F
:1036C000049303940296D20F019200915B462A0064
:1036D00051463800FFF7EBF90500119B01331193B8
:1036E00099E61C9A073207218A43110008311C9180
:1036F000116853689C46DB170C930D930C9A0D9B35
:10370000100048400E900D9B61464B400F930E9861
:103710000F990C9A0D9B801A99410E900F914B4670
:1037200008930B9B07930694049600230593634626
:10373000DA0F0292009001915B462A005146380050
:10374000FFF713FA0500C8E71C9A111D1C911268B7
:10375000D0171118414005930B9B049303940296D4
:10376000D20F019200915B462A0051463800FFF7C4
:103770009EF90500B1E71A0605D51C9A111D1C918A
:103780000023D25E96E71C9A111D1C91126891E7E6
:10379000A48D0010E88D0010348E001041900000C0
:1037A0001C9A073207218A43110008311C910893A3
:1037B0000B9B07930694049600230593029353688A
:1037C0001268009201935B462A0051463800FFF7C9
:1037D000CCF9050081E71C9A111D1C9105930B9BE8
:1037E00004930394029600230193136800935B46AD
:1037F0002A0051463800FFF75AF905006DE71A060E
:1038000006D51C9A111D1C9112681204120C28E78F
:103810001C9A111D1C91126823E746281AD01C9B84
:103820000733072293431A0008321C924A46049237
:103830000B9A039202941A685B68009201935B46AC
:103840002A0051463800FFF729FC0500119B01337F
:103850001193E0E520234A461A439146DFE76728A3
:1038600001D0472804D180231B014A461A439146C0
:10387000452801D0472803D120234A461A439146C0
:103880001C9B0733072293431A0008321C924A46B6
:1038900004920B9A039202941A685B680092019357
:1038A0005B462A0051463800FFF7E6F90500119BF8
:1038B00001331193AFE502234E461E404A461342A0
:1038C0001ED001241C9B1A1D1C926A1C904618785D
:1038D0005B462A005146B847002E14D1119B013394
:1038E0001193454697E5551C5B4651462020B84745
:1038F00023002A005C1C0B999942F4D81500E1E7DB
:1039000001232A00F6E7424606E0561C5B46514674
:103910002020B8472C003200651C0B9BA342F4D832
:103920009046DBE701330A001978002902D0511EC6
:10393000002AF7D19B1B8022D200494611408846BD
:103940004946114202D0A34200D92300022249462F
:103950001140109149460A4208D02A002500994694
:103960003B004746984626E0220044E6A1462A004E
:103970005146B2460E0006E0551C5B463100202041
:10398000B84723002A005C1C0B999942F4D8150013
:1039900022004C46330056469A4691462A0025009E
:1039A0003B004746984606E01D000136541C5B4626
:1039B0005146C04722003078002804D0002FF4D0B0
:1039C0006B1E002DF0D115004B464746109A002A79
:1039D00003D1119B013311931DE50B9E2A0006E0D4
:1039E000551C5B4651462020B84723002A005C1C2A
:1039F0009E42F5D81500ECE721234A461A431300EE
:103A00001C9A111D1C9112680593082304930394BA
:103A1000083302930023019300925B462A0051462B
:103A20003800FFF744F80500119B01331193F2E4CD
:103A30006C1C5B462A0051462520B847119B013378
:103A400011932500E7E46C1C5B462A005146B847F9
:103A5000119B013311932500DDE40A4FD0E45D454D
:103A60000DD35B465A1E5B4651460020B8472800DE
:103A700013B0F0BCBB46B246A946A046F0BD2A0032
:103A8000F1E7C046BD28001010B584B00C0002A9B3
:103A900002904C6001240448009313006242FFF737
:103AA000A1FC04B010BDC046BF28001000BEFDE759
:103AB00010B5FFF7FBFF000030B583B00D00190013
:103AC000002A0BD0074B084C019200932B000200F8
:103AD000200000F0C5F90120FFF7E8FF034B1A00B2
:103AE000F1E7C046148200102482001020820010EA
:103AF00010B5EFF30583002B00D000BEFEF704F9EC
:103B0000034C01E008CC9847024B9C42FAD310BD0D
:103B10000C7900101479001010B503000800110092
:103B20001B68984710BD0000F8B507000D0016008F
:103B3000437D002B02D0002400200CE0036811001C
:103B4000280098472DE03B7D10E03B681548022196
:103B50009847601C0134B44214DA002CF3DD2B19B1
:103B6000013B1B780D3B5A425341DBB22A5D0A2AC6
:103B7000F0D1002BEED1A042E7DA3B68211A2818D9
:103B80009847E2E7B04203DA3B68311A28189847B1
:103B9000002E06DDAD19013D2B780D3B5A425341F5
:103BA0003B75F8BDAC8F001070B505000368002BA5
:103BB00016D00C4B1C6805E0290004C92000FFF753
:103BC000B3FF2469002C09D02368002BF9D0064BE1
:103BD0001B68002BF0D0A342F3D1EDE700232B604C
:103BE00070BDC046C0200020C820002070B5050070
:103BF0000C000B68802B05D023685A1C2260E41847
:103C0000257170BD0800FFF7CFFFF5E710B5FDF790
:103C100073FE074A002312184B41002B03DB0548B3
:103C200003F016FE10BD01225242034BF7E7C046D7
:103C300040420F00E00E0020FFFFFF7F10B502485A
:103C400003F0C6FD10BDC046E00E0020F0B5CE4624
:103C5000474680B583B006000D0090461C00FFF774
:103C6000D5FF81466B1C05D0002C08D0184F194B8E
:103C70001C6807E0300003F069FD0500F4E7164F0B
:103C8000F5E72469002C17D02368002BF9D0134BDB
:103C90001B68002B01D0A342F3D12A003100200081
:103CA000B8474346002BECD06B46D91D0A230B7056
:103CB00001222000B847E4E74B46002B05D128003D
:103CC00003B0C0BCB946B046F0BDFFF7B7FFF6E79A
:103CD000293B0010C0200020193B0010C820002004
:103CE000F0B583B006000F0001920093164B1C68DC
:103CF00008E0A368002B04D0390030009847002862
:103D000020DC2469002C06D0104B1D68002DF0D05B
:103D1000A542F6D1EDE700990A000D4B5B6A994286
:103D200009D80B49896A0198814209D29A4202D086
:103D30000220404206E001200021FDF7E5FDD5E725
:103D40000220404203B0F0BDC0200020C820002067
:103D5000004005400A4A136802E01A0010321B694D
:103D6000002B09D013688342F7D1002907D10369DA
:103D700013600023036102E0002900D01060704747
:103D8000C020002010B5064B1C6800E02469002C00
:103D900004D06368002BF9D09847F7E710BDC04600
:103DA000C020002010B500F0F1F910BD30B583B08F
:103DB00004000025FDF7A0FD22002B0012184B4146
:103DC000002B0ADB012101A8FFF78AFF002802DB94
:103DD00007D001AB187803B030BD01225242044B2A
:103DE000F0E7044B044A04210448FF31FFF764FE66
:103DF000FFFFFF7F54820010908F00105882001048
:103E000070B5050003F0A2FC0400012301220100AB
:103E10002800FFF71BFFFFF7B5FF200070BD000073
:103E2000F0B5A3B004000E00FFF7F0FE050001AFEF
:103E3000002301930948330022003900FFF724FED4
:103E400004003800FFF7B0FEFFF79CFF002D02D101
:103E5000200023B0F0BDFFF7F1FEF9E7ED3B0010C5
:103E60000FB400B583B004A901C90191FFF7D8FFD1
:103E700003B008BC04B0184770470000014B002293
:103E80001A7070473D2700204B79FF2B0CD18B799E
:103E9000002B0BD1CB79012B0AD1082A0AD98A78B9
:103EA000054B1A70092000E0002070470020FCE755
:103EB0000020FAE70020F8E73D27002001207047A6
:103EC00010B5012927D1117953791B020B431349EE
:103ED00009788B4201D000201EE05378012B03D0DB
:103EE000022B11D0002017E09178D3781B021943E0
:103EF000DB0506D5480A8A05D20F7F231940FDF756
:103F0000CDFE01204042F6E7642200210020FDF7AB
:103F10006DFE012000E0012010BDC0463D270020BD
:103F2000004870477890001010B51400012910D196
:103F30005378012B0FD1127963791B021343072B9E
:103F400001D0002006E0054A9F33210001F054FB18
:103F500000E0012010BD0020FCE7C046D08F00101B
:103F60000123037000487047B08F001010B50A7825
:103F70004B781B0213438A7812041A43CB781B0632
:103F800013439622D200934200D010BD012000229C
:103F900011004042FDF782FE024B1860024B19608F
:103FA0007047C046741700207817002010B5FDF741
:103FB000A3FC0E4A002312184B41002B12DB0C48C5
:103FC00003F046FC00280CD001200021404201F003
:103FD000D9F9002001F078FC0028F5D1044803F05D
:103FE000F7FB10BD01225242024BE8E740420F00AE
:103FF0001C270020FFFFFF7F10B5024B1878FCF74D
:10400000F9FC10BD3E27002070B5174B1B68002B34
:1040100020D0EFF3108272B6100019680029FCD08E
:10402000BFF35F8F10494A60104B00221A700B6873
:10403000BFF35F8F1A6080F31088002400250C4BBB
:104040001878FCF7B3FC002808D1002400252000D4
:10405000290070BDFA24A4000025F0E7044B18786D
:10406000FCF7C8FCF3E7C046EC2400203F27002003
:104070003E270020F0B585B0060014001D000CABF3
:104080001F78FDF739FC22002B0012184B41002B42
:1040900009DB02970B9901910A9900913000FDF715
:1040A00051FA05B0F0BD01225242014BF1E7C04682
:1040B000FFFFFF7FF0B5C64600B584B00500884617
:1040C00016001F000AAB1C78FDF7D4F90294019783
:1040D00000962A004346FFF7CDFF04B080BCB846E7
:1040E000F0BD000010B582B02248002103F098FB1B
:1040F00000281ED1204B1B68002B18D0EFF3108135
:1041000072B608001A68002AFCD0BFF35F8F1A4A03
:1041100051601A490B78DBB201240C701268BFF3AE
:104120005F8F0021116080F31088002B17D002B040
:1041300010BD01200021404201F024F9002001F0CF
:104140009BFB04000B4803F043FB002CEFD00C4B0F
:104150001B68002BEBD00B4A10689847E7E70A4A28
:10416000013300930023FA2080000021FFF7A2FF13
:10417000DDE7C0461C270020EC2400203F2700205C
:1041800074170020781700200940001010B582B085
:10419000D0231B061C68FDF76DF9FDF74DFAA04210
:1041A00030D1274B1B780021002002F04FF8254B1F
:1041B0001B68002B2CD00120FCF7E0FE224C207065
:1041C0002249FF231840FCF743FC20780121FCF72B
:1041D00007FC0520FCF71EFC041E1DD00120FCF787
:1041E0003DFB01001A4B1800FCF738FF194900226B
:1041F0000520FCF757FC18480121FFF7ABFD200014
:1042000002B010BD154B164A1648C621FFF754FCE4
:104210000C48FCF7E1FECEE70D4808220021FEF72E
:1042200041FB114A012300930023FA208000002162
:10423000FFF740FFC043C40F0028E0DADBE7C046C9
:10424000209600101C2700203E270020E54000108B
:10425000EC240020F93F0010800E00201C7D00108F
:10426000A8900010A48200100940001010B5002092
:1042700001F0E6FA10BD000070B505000C00FFF774
:10428000F5FF002834D0002001F0F6FA002832D0E3
:10429000FDF732FB1B4A002312184B41002B19DBA0
:1042A000194803F0D5FA002828D0FFF7DFFF0028CF
:1042B00004D0002001F0E0FA00280FD101200021F5
:1042C000404201F05FF8032464420F4803F080FA93
:1042D000200070BD012252420C4BE1E72200290070
:1042E000002001F0D5FA041EEFD103246442ECE76C
:1042F00003246442ECE703246442E9E703246442B4
:10430000E6E7C04640420F001C270020FFFFFF7F6A
:10431000F0B5C64600B580460C00FDF7EDFA314A0F
:10432000002312184B41002B07DB2F4803F090FAB3
:10433000002806D180BCB846F0BD012252422B4B6A
:10434000F3E7FFF793FF002849D1294B0020002114
:1043500018605960244803F03BFAEBE70120002184
:10436000404201F00FF8002001F0AEFAFFF77EFFA7
:104370000028EFD0002001F023FB002820D0A54228
:10438000E8DA661B002001F01BFB0200864200DC1D
:104390003200002AE2D043465919002001F0ECFA1D
:1043A000060001200021404200F0ECFF002001F057
:1043B0008BFAAD19FDF7A0FA0D4B18605960DEE7D6
:1043C000FDF79AFA0A4B1E685F680A4A00239219A1
:1043D0007B419942BED8D2D19042D0D9BAE70025CC
:1043E000CDE7C04640420F001C270020FFFFFF7FA3
:1043F000B010002020A10700004870472491001051
:1044000000487047D090001010B50400154B1B7881
:10441000002B0ED0002C11D1134B144A5A800123CB
:1044200001335B009BB21048C0229200134303800B
:1044300010BD0C48112100F025F8EBE7052C0ED833
:104440000B4BA400E4580023122BE9D8E15C0029AF
:10445000E6D00133044A58008152DBB2F4E7002071
:10446000E6E7C04624270020982000200904000029
:10447000B890001010B5024800F030F810BDC046EA
:104480000C25002010B5002901D0002308E00F4BB7
:104490000F4A10483B31FFF70FFB3732C25401334C
:1044A0004A1E9A420ED90F2B0CD85A080A4CA45C0B
:1044B00001229A43920014410F222240092AECDC87
:1044C0003032EBE7C0180023037010BD38830010B2
:1044D00038910010408300100C25002070B588B082
:1044E000040004AD0D2200212800FEF7DBF90D22A7
:1044F00000216846FEF7D6F94B232B700D22694642
:10450000280003F05DF9002304E05A1D69468A5C27
:10451000E2540133072BF8DD08B070BD70B582B0EE
:104520007F230340C509274C5E0076197601A41944
:10453000A0706842684160700020E0702183E276DC
:10454000012D1ED0D800204A944660441D4A5900CF
:1045500049194901521890601A4A590049194901EC
:104560005218926800211160002B10D1154A5B008F
:104570005B195B01D31800225A60144ADA6002B05A
:1045800070BDD800124A94466044A060E4E7012D53
:104590000BD0591EC9000F4A94466144094A5B007A
:1045A0005B195B01D2185160E9E7591EC9000A4A3C
:1045B00094466144034A5B005B195B01D218516069
:1045C000DDE7C046CC2000208400105000011050D0
:1045D000800010500C0010500800105010B5038BD4
:1045E0003F333F229343C27E022A08D008490A681B
:1045F000C260D3180B60074A934202D810BD5B001B
:10460000F4E7054B054A06485221FFF755FAC04624
:10461000D0240020FF0F1050A085001098910010AA
:10462000E4850010F8B57F250540C6096B009B198D
:104630005B010E4C1C19FFF771FF002D00D1F8BD76
:104640000A4B6D00AD196D015D19298B2000FFF734
:10465000C5FFEB7E9B06E968054A4A40134380226A
:10466000120613436A681360E9E7C046CC200020B5
:104670000000105010B504007F202040E4094000E5
:1046800000194001024BC01800F026F910BDC046C9
:10469000CC20002010B5002804D101210520FCF712
:1046A0009FF910BD034B044A98210448FF31FFF7DE
:1046B00003FAC0465C86001088910010E485001063
:1046C00010B5002805D1002200218020FFF7D2FF7D
:1046D00010BD034B034AA2210348FF31FFF7ECF959
:1046E0005C86001078910010E4850010024B802257
:1046F0005202DA647047C0460020115070B5041EA3
:1047000027D100F0C7F8164D0C23AB671549FF22DF
:104710000520FCF7C7F9144840220021FEF7C2F833
:10472000002240210020FFF77DFF00224021802051
:10473000FFF778FF03F07CF801232B6480239B05AF
:10474000EB649023094AEA502000FFF7CFFF0120D5
:1047500070BD074B074A64210748FF31FFF7ACF9EA
:1047600000001150C5060020CC20002010D0010010
:104770005C860010AC910010E4850010044B1970A9
:10478000002904D0034A902380218902D150704728
:1047900039270020002011500B785B0602D14B789E
:1047A000052B00D070478A78014B1A60FAE7C046A3
:1047B0000000115010B5CA789207920F012A0AD052
:1047C00088780B794979090219434905490DFFF7A2
:1047D00029FF012010BD0020FCE710B503F028F8E8
:1047E00010BD000010B50400080011001A00002CD4
:1047F00003D1FFF73FFF012010BD034B034A812186
:1048000003488900FFF758F95C8600106891001092
:10481000E485001010B57F23180008400B4205D135
:10482000CB09012B0ED00222074B9A66C909400022
:1048300040184001054BC01880221201002103F0EE
:104840002FF810BD0122EFE700201150CC200020EE
:1048500010B57F22100008400A4200D110BDC909DE
:10486000400040184001044BC0180023C3700022D0
:10487000024903F015F8F1E7CC200020FFF7FFFF15
:1048800004E00A780270013101301A00531E002A38
:10489000F7D1704710B580235B040A4A13600A4AB7
:1048A00013600A4B1A6880235B049343F9D180227A
:1048B000520100210648FDF7F5FF064B09225A6711
:1048C00010BDC04600E0004000F0004008C00040BD
:1048D000000010500000115070B504000D001600CB
:1048E000837E002B17D1A6820023E3820133A376B7
:1048F0002561200002F0DCFF002804D00C4A902340
:1049000080218902D150200002F0C2FF00280AD085
:104910000123237770BD81780648FFF7A1FA2000B4
:1049200002F0AEFFDFE7200002F09AFFF2E7C04698
:10493000002011505487001070B50500002408E0D5
:104940009B1A5B01164A9B18DB68280098470134C4
:10495000E4B2144B1A782300511CA1420DDBA24291
:10496000EED9114B1B6862019B18002BECD10F494B
:104970000F48104AFFF774FA10E00F4C5422002140
:104980002000FDF78FFF201D1022FF21FDF78AFF79
:10499000200014302022FF21FDF784FF70BDC046A7
:1049A0002893001038270020B8100020F49200103F
:1049B0008C870010250200006812002010B5FFF758
:1049C000BBFF00F065FE10BD70B505000C001600C1
:1049D000486900F067FE63693200012128009847AA
:1049E00070BD0000F0B5DE4657464E464546E0B580
:1049F00083B082460139C8B2FFF702FD002803D018
:104A000043789946022B0CD056495748574AFFF72E
:104A100027FA002003B0F0BCBB46B246A946A04628
:104A2000F0BDC5796C110122514B14402401197855
:104A30001026B14321431970AD112A405201C9B269
:104A40002024A1430A431A70060009368278C378ED
:104A50001B02134383469B444B460193370066E099
:104A6000FB7899463A78BF1868E03E493E48414A8B
:104A7000FFF7F6F90020CDE7009AD31A5B013E4E0E
:104A80009E1933692200390050469847082801D9F9
:104A9000844216D20135EDB2384B1B7800955A1C72
:104AA000AA423EDBAB42E7D9354B1B686E019E192B
:104AB000002EE6D12B492C48324AFFF7D1F90020CD
:104AC000A8E73400009E00904B46012B11D0002037
:104AD000494681421BD9BB781B18DBB2244AD21845
:104AE0001279FF2A0CD1224AD3181D710130C0B2AD
:104AF000EFE72169244A9142E9D1019B9946E6E713
:104B000018491948214AFFF7ABF9002082E72048ED
:104B10002B00009C2200390001F06EFCA446674483
:104B200000E02E00154B1B7801339E420FDC5F45E1
:104B300015D27B780B2B93D0012399467A78042ADF
:104B400093D15B46DA1B93B200251C00A4E78522B3
:104B500004490548D200FFF783F900205AE70120F5
:104B600058E7C046C89200108C870010D60300009A
:104B700068120020F103000028930010382700205D
:104B8000B8100020FA0300003D5B0010190400007B
:104B90007C1200207047704700207047002070474B
:104BA00070B505000C00CB7888780F2B53D89A008D
:104BB0002E498A589746FFF71FFC021E05D0122384
:104BC0002100280000F018FD46E0294929482A4A1A
:104BD000FFF746F900203FE0FFF7A2F9021E3CD0A4
:104BE0008178C3781B020B432100280000F004FDEC
:104BF00032E0022B0CD0FFF7D1FF021E2FD09178AC
:104C0000D3781B020B432100280000F0F5FC23E0C1
:104C1000FFF7F6FB021EF2D115491648174AFFF7B7
:104C20001FF9002018E02379617909021943FFF781
:104C3000EBFB021E15D003782100280000F0DCFCFD
:104C40000AE0FFF7A9FF021E0DD00378210028001B
:104C500000F0D2FC00E0002070BD0020FCE7002046
:104C6000FAE70020F8E70020F6E7C046C8910010F8
:104C7000B09200108C8700103A040000610400001C
:104C80007047704770477047024B5878431E9841F1
:104C9000C0B2704768120020024B18784007C00F5E
:104CA0007047C04668120020034B1878FF38431E37
:104CB0009841C0B27047C046B40E0020F8B5050058
:104CC0000F00FFF7F1FF061E48D1002F21D02E481C
:104CD00054220021FDF7E6FD2C4B00221A702C4CCB
:104CE0002000FCF779F92B4B1C602B4C2000FCF7C3
:104CF000BFF9143C200001F019FF284B1C60284B21
:104D0000002B04D02748FFF72BF9274B186000240D
:104D100010E0E922254926485200FFF7A1F81DE0DE
:104D20009B1A5B01234A9B185B68002B10D09847A5
:104D30000134E4B21B4B1A782300511CA1420FDB53
:104D4000A242EDD9184B1B6862019B18002BEBD1D6
:104D5000F822164916485200FFF782F83000F8BDD5
:104D6000154B1D7039002800FFF7C8FC061E03D044
:104D70002800FFF78FFCF1E7FC220C490C48520099
:104D8000FFF76EF8EAE7C046681200203A270020D5
:104D900060120020BC120020AC0E0020C0120020C7
:104DA000613F001038270020B81000201893001031
:104DB0008C87001028930010B40E002070B50D00F1
:104DC000104B1E788B7870221A420DD10E4B9978B9
:104DD000280001F0BBFA041E0DD029003000FFF7B7
:104DE000E9FC0400200070BD08490948094AFFF7A2
:104DF00037F80024F6E705490548074AFFF730F879
:104E0000F0E7C046B40E0020681200208092001027
:104E10008C8700100B0500000C050000F0B5D6468D
:104E20004F464646C0B581460C0017009846089B81
:104E30009A46002517E018491848194AFFF710F854
:104E400000263000E0BCBA46B146A846F0BD9D221F
:104E500011491248D200FFF703F8F2E7099A1370DC
:104E60002378E4180135AF4214DD6378052BE2D1D5
:104E7000E1788907890F4145DDD121004846FFF7D8
:104E80009DFF061EE3D0A378DA09012AE6D0524638
:104E90001370E5E70126D4E7909200108C8700108C
:104EA000E704000010B57F200840C9094000401801
:104EB0003030044BC0180430034B196801F002FA7B
:104EC00010BDC04668120020BC12002010B57F2023
:104ED0000840C909400040183030044BC018043065
:104EE000034B196801F016FA10BDC0466812002085
:104EF000BC120020F0B5C64600B582B001931A4836
:104F000000787F250D40CE09184C6F00E419A419D4
:104F100030342479E4071DD4144C6F00E419A4192B
:104F2000303423790127BC4667463B432371019BFC
:104F3000FFF758FC002813D10C4B6D005B199B192F
:104F400030331A7901218A431A711A7903318A435D
:104F50001A7105E006490748074AFEF781FF00205D
:104F600002B080BCB846F0BDB40E0020681200202C
:104F7000709200108C8700103905000070B50A4B44
:104F800018787F240C40CD09FFF744FC074A6400E1
:104F900013195B1930331A7902210A431A711A79ED
:104FA00001210A431A7170BDB40E0020681200205E
:104FB00070B50A4B18787F240C40CD09FFF748FCE8
:104FC000074A640013195B1930331A7902218A43A6
:104FD0001A711A7901398A431A7170BDB40E002012
:104FE000681200207F220A40C909044B52009B1816
:104FF0005B18303318798007C00F704768120020A3
:10500000F0B585B005000C00002000F04BFB2378C4
:1050100060221A40602A1AD0402A20D02378DB066A
:10502000DB0E012B00D1D6E0022B00D116E1002BC4
:1050300000D07CE1202A1CD0002A00D07FE16378D8
:10504000092B00D97DE19B00C54AD3589F465532B4
:10505000C449C5489200FEF703FF002668E1C34833
:1050600000F020FB220001212800FEF75DFF060072
:105070005EE123790F2B00D95DE1BD4AD3181B797E
:10508000BC4A1278934207D2BB4A11685B01C91827
:10509000002909D100264BE1511C994200DA4CE16C
:1050A0009B1A5B01B549591822002800FFF78CFCB8
:1050B00006003DE1200000F0FBFAA1782800FFF790
:1050C000FFFAAB4A137802210B43137001262FE13C
:1050D000A74B5B7802AA0632137001232100280037
:1050E00000F08AFA012623E1A678A14B5B78B3424F
:1050F0002CD09F4B5B78002B0CD19D4B5E70002E0B
:1051000022D031002800FFF76DFC061E12D0FFF7F9
:10511000B7FD1BE000212800FFF730FB2800FFF758
:105120005CFB934FBB7801932800FFF705FC019BC4
:10513000BB70E2E7C9228B498B489200FEF790FED4
:105140008B4B00225A70F3E0FFF79BFD21002800F3
:1051500000F03EFA0126EBE021002800FFF720FDD9
:105160000600E5E0A278E3781B021343012B01D08F
:105170000026DDE07E4A137808210B4313702100DE
:10518000280000F025FA0126D2E0A278E3781B027D
:105190001343012B01D00026CAE0754A1378082179
:1051A0008B4313702100280000F012FA0126BFE0A3
:1051B0006F4B1A78510992080223134001220A40CA
:1051C000134302AA0632138002232100280000F0B4
:1051D00013FA0126ACE023790F2B00D9B3E0644A1F
:1051E000D3181B79634A1278934223D2624A11681A
:1051F0005B01C918002900D1A7E022002800FFF7B1
:10520000E3FB061E00D093E0237860221A4200D010
:105210008EE063780A3B012B00D989E0002000F082
:1052200041FA63780A2B0ED02100280000F0D0F953
:1052300001267DE0511C994200DA88E09B1A5B014F
:105240004E495918D9E702AB9A1D00231370013358
:105250002100280000F0D0F9013669E021797F2093
:105260000840CE0970230B4217D1414B40001B1858
:105270009B191B7D3F480078834215D23E48066843
:105280005B01F618002A19D0002E62D022003100EE
:105290002800FFF799FB06004AE032493248384AB5
:1052A000FEF7DEFD002643E0461C9E4204DB1B1A8F
:1052B0005B01324E9E19E5E70026E3E76378012B98
:1052C00010D0032B0ED0002B45D12800FFF78AFE0B
:1052D00002AB9A1D108002232100280000F08CF9F7
:1052E000012625E0A078E2781202024304D1012BC6
:1052F00019D02800FFF742FE002E2ED022003100E8
:105300002800FFF761FB002000F0CCF9184B352294
:105310009B5CDB07DE0F002B0AD12100280000F088
:1053200057F9012604E02800FFF742FEE4E70026D3
:10533000300005B0F0BD0026FAE70026F8E70026A9
:10534000F6E70026F4E70026F2E70026F0E700265D
:10535000EEE70026ECE70026EAE70126E8E7C0468C
:1053600024920010DC9200108C870010293F00105E
:105370006812002038270020B81000202893001061
:105380009503000030B585B0FFF78EFC002808D1EA
:1053900005B030BD01AC2078FFF710FB2279634BDC
:1053A0009A70634B1C686269EFF3108172B61368E0
:1053B000002BFCD0BFF35F8FA16101A9200001F099
:1053C00058FB6269A369BFF35F8F0021116083F30B
:1053D00010880028DCD001AB5B78082BE1D89B005B
:1053E000544AD3589F4601AB1878FFF7E7FAFFF706
:1053F00048FCD6E7504B1B78002B2DD04E4A137833
:10540000013BDBB213701378002BCAD1474B1A78DB
:10541000012401210A431A703422995CA143995452
:10542000995C0420814399540132995CA1439954B9
:10543000995C8143995401AB187802A9FFF7E0FD0C
:105440000028AED101AC20780021FFF7E3F92078E5
:105450008021FFF7DFF9A4E738493948394AFEF7D8
:10546000FFFC95E701AB19797F220A40CC092F4B4D
:1054700050001B181B19303318790125A8431871E7
:1054800018790335A8431871002A15D0274B52000C
:105490009B181B191B7D2C4A1278934213D22B4A5E
:1054A00012685B01D318002B15D09C6901A84279C2
:1054B000039B0078A04774E701A84279039B00781A
:1054C00000F004F96DE7501C984204DB9B1A5B0165
:1054D0001F4A9B18E9E7A422184919489200FEF7D1
:1054E000BFFC55E7114B1B78DB0700D459E70F4B86
:1054F00018780007C00FFFF7C5FB52E70B4B1B786E
:10550000DB0700D44DE7FFF7BEFB4AE7029B002B09
:1055100000D146E70398984743E7044BDB78DB0765
:1055200000D43EE70298FFF736FB3AE76812002006
:10553000C01200204C9200103A270020089300105F
:105540008C8700106502000038270020B81000206A
:105550002893001010B50023CB56002B05DB8021CB
:1055600000230022FFF7C6FC10BD0021F8E7000071
:10557000F8B50500144B9F89DE89BB1B9BB21C1C30
:10558000402B00D94024A4B20F4B1B785BB2002BF8
:1055900008DB0021B74213D00C4A23002800FFF794
:1055A000A9FCF8BDB74209D0074B9968402C09D82F
:1055B00006482200FDF77CF98021EBE78021E9E72E
:1055C0000022EAE70020ECE7481200200812002041
:1055D00070B506000D00074C08222000FDF768F9A1
:1055E0000023A360E381A38129003000FFF7B2FF0D
:1055F00070BDC04648120020F0B5C64600B58046D2
:105600000C0016001D001F4B08221F001800FDF79C
:105610004FF9BE600023FB81A379E17909021943A8
:105620000B1CA94200D92B1C99B2164A9381A2796E
:10563000E3791B02134319D0002901D0002E08D0B2
:105640004046FFF795FF041E0AD0200080BCB846F4
:10565000F0BD0D490D487222FEF702FC0024F4E76C
:1056600009490A487422FEF7FBFBEEE72100404699
:10567000FFF770FF041EE8D1034904487622FEF7C5
:10568000EFFBE2E748120020809300108C870010A7
:1056900010B5034814220021FDF704F910BDC046DF
:1056A00048120020014B18617047C0464812002084
:1056B00010B50100044C08222000FDF7F9F8002382
:1056C000A360E381A38110BD4812002070B50500DE
:1056D0001C00C909314B1B78DB098B4216D0002C0A
:1056E00007D02F492F489D22FEF7BAFB0024200047
:1056F00070BD2A4C2100FFF74FF82369002B03D01F
:10570000264A0321280098470124F0E7234B1B7801
:105710005BB2002B07DB214B986800283CD0224964
:105720002200FDF7C5F81D4AD389A1B25B189BB2D0
:10573000D381916809199160D288934201D03F2C9E
:105740001FD8164B1B69002B05D0144A02212800D4
:10575000984700280BD011492800FFF7FBFE041ED4
:10576000C5D10F490F48C522FEF77AFBBFE70021DC
:105770002800FFF74FF880212800FFF74BF801249D
:10578000B5E72800FFF7F4FE041EB0D10449054830
:10579000CD22FEF765FBAAE70024A8E74812002007
:1057A000689300108C8700100812002070B5050067
:1057B000FFF76AFA002802D10024200070BDFFF72D
:1057C0006BFA041EF8D11C4BC8226A439B18DB7885
:1057D000002BF1D0C8266E431036174BF618300058
:1057E00001F030F93F28E8D9134BC8226A439B18CF
:1057F000D9780020FFF756FB002801D10400DCE730
:10580000300001F01FF93F280DD9EA010B4BD218E7
:10581000094BC82169435B18D97840230020FFF762
:1058200069FB0400C9E7044BC8226A439B18D97876
:105830000020FFF74BFBC0E740110020BC10002008
:1058400010B50400FFF720FA002801D1002010BD98
:10585000FFF722FA002808D1064BC82262439B18A2
:105860001B79DB0703D50130F1E70020EFE70020CB
:10587000EDE7C0464011002010B5C8234343103364
:105880000248181801F0ACF810BDC04640110020C5
:1058900070B50400C820604303001033074818188F
:1058A000074B9A4208D892B201F004F90500200093
:1058B000FFF77CFF280070BD024AF5E74011002089
:1058C000FEFF0000FFFF000070B50500FFF7DCF9E8
:1058D000002801D1002070BDFFF7DEF90028F9D1C2
:1058E000C8246C432034204BE4180434200001F019
:1058F00077F8002801D10020EDE71B4BC8226A434E
:105900009B1899780020FFF7CDFA002801D10020DC
:10591000E1E7EE014036154BF61840223100200039
:1059200001F0C8F8041E14D00F4BC8226A439B181C
:105930009978030032000020FFF7DCFA002801D03C
:105940002000C8E70A490B48D522FEF789FA002053
:10595000C1E7054BC8226A439B1899780020FFF7DE
:10596000B5FA0020B7E7C04640110020BC10002067
:10597000B09300108C87001070B50500C824444314
:1059800020340C4BE41804340B4B9A420BD892B2DF
:10599000200001F0C6F80600200001F021F83F28A1
:1059A00003D8300070BD054AF2E72800FFF78CFFEE
:1059B000F7E7C04640110020FEFF0000FFFF000097
:1059C00010B5C82358432030024BC018043001F0F2
:1059D00039F810BD40110020F0B5CE46474680B5DD
:1059E00083B02648C8220021FCF75CFF244B00222C
:1059F0001A700027002F04D003B0C0BCB946B046CF
:105A0000F0BD1E4EC8247C433519FF236B71E12382
:105A10005B02AB60002398462B736B730833AB7348
:105A20002100383189192000103080194346009335
:105A30000133402200F096FF2100783189192000BF
:105A400020308019043001230093402200F08AFFA7
:105A50002300B8339946B1444846FBF7BDFAC03439
:105A6000A4192000FBF7B8FA4346EB614B462B62C2
:105A70002C6343466B630137FFB2BBE74011002044
:105A80003C11002010B50023002B01D0012010BDD7
:105A900019000D4AC82058431218106A146B0028C8
:105AA00006D0094AC820584312180020D06110625D
:105AB000002C06D0044AC82041435218002111632B
:105AC00051630133DBB2DFE74011002070B50024E1
:105AD000002C00D070BD2500C8206043154BC018B5
:105AE00005220021FCF7DEFE134B1B78DB070FD5E8
:105AF000114B1B789B0713D5C820684320300D4BF2
:105B0000C0180430012101F030F80134E4B2DFE7BD
:105B1000C82060431030074BC01801F007F8E7E7D2
:105B2000C82068432030034BC018043000F0FEFF4B
:105B3000E2E7C046401100203C110020F0B585B0DE
:105B400003904B79022B63D18B79022B64D1002710
:105B5000002F07D0002F0FD18B7833700C780C19E1
:105B6000092515E0C8237B432C4E9E19B378002BE2
:105B7000F0D00137FFB2EBE7422229492948FF3232
:105B8000FEF76EF9002544E023785D19ADB2E41804
:105B90006378242B01D19542F6D9052B09D063787F
:105BA000042B02D163790A2B18D03800FFF7FEFDD1
:105BB0002FE021000398FFF701F9002806D0A37811
:105BC000737023785D19ADB2E418E8E754221449E4
:105BD0001448FF32FEF744F900251AE021784D19E8
:105BE000ADB26118B31C0193F31C0093022302228F
:105BF0000398FFF713F9002802D00E35ADB2D4E7B1
:105C0000B122074907485200FEF72AF9002500E0B3
:105C10000025280005B0F0BD0025FAE7401100205E
:105C2000A49300108C870010F8B51400127860233C
:105C30001340202B00D082E00025002D0ED0002D37
:105C400000D07EE06378222B42D017D8202B1FD0C3
:105C5000212B11D1012933D0012071E0C8236B43DE
:105C60003C4A9E18D25C277963791B023B439A42D7
:105C7000E5D00135EDB2E0E7002061E0232B05D14E
:105C800001294BD003294ED0012059E0002057E0D4
:105C9000012903D0032909D0012051E03200083244
:105CA00007232100FFF7A8FC012049E02A4B002B25
:105CB00049D0310008312800FEF758F901203FE0B3
:105CC0003200083207232100FFF796FC012037E05D
:105CD000012903D0032906D0012031E02100FFF77C
:105CE00077FC01202CE0A278E3781B021343012407
:105CF00027001F405A081440337101217940C9B26E
:105D00003000243000F031FF144B002B1DD0220056
:105D10003900280000E000BF012011E02100FFF75A
:105D200057FC01200CE00E4B002B10D0A378E1783B
:105D300009021943280000E000BF012000E0002014
:105D4000F8BD0020FCE70120FAE70120F8E7012078
:105D5000F6E7C046401100206D3F00100000000033
:105D600000000000F0B5D646474680B583B00190EC
:105D70000F0000930024002C0FD0002C1AD1A04655
:105D8000EB78BB421ED0AB78BB4254D0012420003C
:105D900003B0C0BCBA46B046F0BDC82565433C4B15
:105DA000ED18EB78BB42E8D0AB78BB42E5D00134CC
:105DB000E4B2E0E7E622374937485200FEF750F8F0
:105DC0000024E4E710239A46AA44E101334BC918A2
:105DD0006B461A88504600F0A4FE314B002B1AD0B7
:105DE0006B79FF2B17D0002600E00136009B9E4206
:105DF00011D26A79294B4146C9015B189B5D9A42D1
:105E0000F3D1504600F002FE0028EED1697920005F
:105E100000E000BFE9E7234B002B04D0504600F020
:105E2000F5FD002803D02000FFF7C0FCABE7200001
:105E300000E000BFF7E71C4B002B02D0200000E081
:105E400000BF2000FFF740FD002801D001249EE79D
:105E50002800243000F0C4FD002815D1009B002B41
:105E600014D09E0601D0012491E7A9780198FFF78C
:105E700019F8041E01D1012489E7A9780023002222
:105E80000198FFF737F882E7012480E701247EE7D5
:105E900040110020949300108C870010BC1000204B
:105EA000000000000000000000000000002817D1E2
:105EB0000C4B9322920042439B182A33FF331B78EA
:105EC000002B09D1074B9322920042439B185B7928
:105ED000002B03D0013004E0012002E0002000E0AC
:105EE000002070470C14002010B5002801D00020BD
:105EF00010BD932189004143024BC918043100F0C1
:105F000001FBF5E70C140020F0B5D6464F46464697
:105F1000C0B584B02148932292000021FCF7C2FC56
:105F20000025002D05D004B0E0BCBA46B146A84615
:105F3000F0BD9324A4006C4323004933FF33174A78
:105F400091464B440433EE01154A9246B2182000A4
:105F50002930FF304844402188460391029280272F
:105F60007F000197009300230022002100F057FAE0
:105F7000230020334B440833403656442000484425
:105F800004304246039202960197009300233F3A61
:105F9000002100F044FA0135EDB2C2E70C140020F4
:105FA0008C13002070B50025002D01D0012070BD9C
:105FB0009324A4006C4320002930FF30054E801943
:105FC00000F05EFAA019043000F05AFA0135EDB283
:105FD000EAE7C0460C140020F0B5C64600B500251F
:105FE000002D02D080BCB846F0BD9324A4006C43C1
:105FF0000C4B9846E6180027377020003130FF30F0
:10600000404400F093FD083420004044043000F088
:106010008DFD33002A33FF331F7077710135EDB2E8
:10602000DEE7C0460C140020F0B5C64600B582B0CD
:1060300001900F004B79FF2B00D08CE00C780C19ED
:10604000A5180026002E01D0002085E03000FFF7C3
:106050002DFF002802D00136F6B2F3E793239B0010
:1060600073433F4A98469044BB784246137033E0EE
:10607000AC426DD221000198FEF7A0FE002836D078
:106080000136F6B2A378DB09012B37D04046313018
:10609000FF3000F04BFDA1789422520043469B183C
:1060A0005970217963791B020B435B055B0D2D4908
:1060B0008C46634459424B415B004146895C022057
:1060C00081430B4341468B548918019800F05CFAD8
:1060D000002836D02378E4183B79B34238D9637866
:1060E000052BC5D0AC42C3D22378E418F7E71E498C
:1060F0001E48E022FDF7B4FE00202DE040460C30A3
:1061000000F014FDA37842465371227963791B0293
:1061100013435B055B0D134A944663445A42534153
:106120005B004246127902218A43134342461371AF
:106130000B4BD31A9B100E485843C0B2FFF7D4FE46
:10614000C8E709490948E822FDF78AFE002003E074
:10615000E01B80B200E0002002B080BCB846F0BD79
:106160000C14002000FEFFFFC89300108C87001065
:106170009B1DB508F0B583B006001D000024002C5F
:106180000CD0002C57D101942A23FF33FB5C8B42A7
:1061900015D07B798B4236D001204DE093239B00B4
:1061A0006343264FDF193B002A33FF331B788B42B2
:1061B000E7D07B798B42E4D00134E4B2DFE73B00E7
:1061C0003133FF339B88002B12D11D4B002B07D09E
:1061D000019BD9011B4BC918AAB2200000E000BFE7
:1061E00039002931FF31300000F0CEF9012023E0E1
:1061F0003B002933FF335968AAB238003130FF30F1
:1062000000F08FFCE1E7104B002B04D02904090CAF
:10621000200000E000BF3C1D2100300000F072F9BA
:10622000002801D0012007E02A002100300000F002
:1062300029F9012000E0002003B0F0BD0C1400207B
:10624000000000008C1300200000000010B582B098
:1062500000290AD001281CD80B78002B19D0164A27
:106260001354012B1ED0012419E001A901230B7046
:1062700000234B700020FEF721FD041E03D00E4BBF
:1062800001221A700BE00D490D484722FDF7E8FD89
:1062900005E00A490A485A22FDF7E2FD00242000E1
:1062A00002B010BDFEF70AFD041EF8D103490448F0
:1062B0005F22FDF7D5FDF2E75C1200204894001044
:1062C0008C87001070B504000D000378DB07D80F31
:1062D000002B1DD123785B07DE0F002B19DB01217A
:1062E0004942280001F0ACFA2378DB07DA0F002BD3
:1062F00007D123785B0709D4237804221343237042
:106300000126280001F064FA300002E01600F8E7E8
:10631000002070BD70B506000C000121494220002C
:1063200001F08EFA33785B07DD0F002B04DB2000D1
:1063300001F04EFA280070BD3378DB0704D43378BF
:10634000042293433370F2E70025F0E710B5027999
:1063500043791B0213435B055B0DC2789207920FD2
:10636000022A14D0032A2DD0012A3CD1022904D0BC
:106370001E4A9A4204D3012036E08022D200F8E778
:106380001B491C48D122FDF76BFD00202CE002299F
:1063900003D0402B0FD8012026E0802292009342A8
:1063A00001D1012020E012491248293AFF3AFDF7B5
:1063B00057FD002018E00E490E48DB22FDF750FD86
:1063C000002011E0022904D040229A4204D3012087
:1063D0000AE08022D200F8E705490648E122FDF7ED
:1063E0003FFD002000E0002010BDC046FF0300007C
:1063F000349400108C87001030B58A1801E00C78B6
:10640000091991420AD24C78052CF8D18D787A344A
:106410002C4064000419ED096355F0E730BDF0B578
:1064200085B0040003920AAA40CA17880DAA1588ED
:1064300001220A400178012081431143217020008C
:106440000830009301233A00310000F08BFA002E4F
:1064500001D0002F05D10C9B63606580012005B041
:10646000F0BD26001C363000FAF7B6FD039B002B6A
:1064700004D0330000266361A661ECE70023FAE74D
:1064800001207047F8B506000C0015000B789B073B
:1064900011D58027BF002000083000F0A1FA0028A5
:1064A00025D1002D25D0013F3D4224D12378DB07A3
:1064B00003D500201CE04027EDE761783000FEF7AF
:1064C000F1FC0028F5D02378DB0707D5B5220B496E
:1064D0000B485200FDF7C4FC002009E0617800235E
:1064E00000223000FEF706FD002801D1EEE7002073
:1064F000F8BD0020FCE70020FAE7C0461094001029
:106500008C87001070B505000C000E0008363000B6
:1065100000F066FA002830D02378DB0701D5002090
:1065200070BD61782800FEF7BDFC0028F7D06168D7
:106530006288300000F0BEFA061E14D02378DB0714
:1065400007D5BC220E490F485200FDF789FC0020F8
:10655000E6E76268617803002800FEF7CBFC0028BC
:10656000EFD03000DCE72378DB0701D50020D7E748
:1065700061782800FEF7AAFCF8E70020D0E7C046C3
:10658000F49300108C870010F8B505000C008B897F
:10659000002B22D10B78DB0701D50020F8BD49780C
:1065A000FEF780FC0028F8D063882278D20707D550
:1065B000D922304930485200FDF752FC0020EDE767
:1065C0006178002B07D062682800FEF793FC002852
:1065D000EED06088E2E70022F6E70B789B070DD546
:1065E0008026B60027000837380000F02BFA8642D4
:1065F0003DD82378DB0703D50020CFE74026F1E71D
:1066000061782800FEF74EFC0028F5D0380000F035
:1066100019FA864221D87642B6B262883040031C0D
:10662000904200D9131C9EB22378DB0707D5C822FD
:1066300010491148FF32FDF713FC0020AEE76178E6
:10664000002E08D0626833002800FEF753FC0028B3
:10665000EDD03000A2E70022F5E72378DB0701D573
:1066600000209BE761782800FEF730FCF8E7002067
:1066700094E7C046D89300108C87001003008A1856
:1066800090B2814202D85A00904203DB5B009BB279
:10669000C01A80B2704770B505000800AC889A42F5
:1066A0000BD3D11A89B200291ED08C4210D2944249
:1066B00009D8121B93B26B810AE0D11A89B2660025
:1066C000891989B2EFE7A21893B2F4E71B1B9BB2BA
:1066D0009C42FBD92968EA885204520C5343C918DA
:1066E000FCF7E6F8012070BD0020FCE7F8B5CE46C7
:1066F000474680B505008C4608A909788488E01AC9
:1067000080B21C1B1419A4B2EF887F047E0C070012
:106710007743BFB27443A4B2A1462C68A04673432A
:106720004344002906D1904208D3724319006046C1
:10673000FCF7BEF8C0BCB946B046F8BD3A00190037
:1067400064462000FCF7B4F82968E0194A46FCF7D3
:10675000AFF8EFE7F0B5C64600B582B01E0008AB53
:106760001B8809AC277884889E420FD3F51AADB2F6
:10677000002D1FD0AC4205D2B44210D8331B9BB2BF
:106780004381250095420FD315000DE0F51AADB2F7
:10679000A8466500AC4645466544ADB2E8E7A61993
:1067A000B3B2EDE71B1B9BB29C42FBD900972A00BA
:1067B000FFF79CFF280002B080BCB846F0BDF0B5E2
:1067C00083B004000D0016001F000069002803D0EC
:1067D0000121494201F034F823899BB26289019773
:1067E0000092320029002000FFF7B4FF0500618904
:1067F00089B2A0882A00FFF741FF60812069002844
:1068000001D000F0E5FF280003B0F0BDF8B5CE469A
:10681000474680B505008C4608A90878AC88E11A7F
:1068200089B21C1B1419A4B2EF887F047E0C0F00E0
:106830007743BFB27443A4B2A1462C68A046734309
:106840004344002806D1914208D3724361461800A0
:10685000FCF72EF8C0BCB946B046F8BD3A00644615
:1068600021001800FCF724F82868E1194A46FCF7D3
:106870001FF8EFE7F0B585B006000391171E0293ED
:1068800000D16DE0C068002803D00121494200F02A
:10689000D7FF3489A4B2718989B2F379DB0918D1A1
:1068A000B3888C420FD3611A89B28B4256D95B1AD6
:1068B0009BB23A1C9F4200D91A1C95B2002D45D0BC
:1068C000B288230033E0611A89B25A00891889B26C
:1068D000EBE7B588BD420ED8029B002B21D17B1B74
:1068E000F7887F047F0C5F43039B9C46BC44634650
:1068F00003930C00E2E78C420DD3631A9BB2DB19C1
:106900006A0093420FDBEA1B92B22800FFF7B6FE43
:1069100004003D00D2E7631A9BB26A009B189BB249
:10692000EDE70C00CAE73D00C8E79B1A9BB29A420C
:10693000FBD9029A00922A0003993000FFF766FF04
:10694000B0882A002100FFF799FE3081F068002806
:1069500001D000F03DFF280005B0F0BD0025F5E7AF
:106960001500F8E7F0B583B00400019116001D0092
:1069700008AB1F7880231B029A422DD8C0680028DC
:1069800003D00121494200F05BFF2069002803D0B9
:106990000121494200F054FF019B2360A6806D0451
:1069A0006B0CE588ED0BED031D43E580FB01E279FF
:1069B0007F2717401F43E771002363812381E0682D
:1069C000002801D000F004FF2069002806D000F064
:1069D000FFFE012003B0F0BD0020FBE70120F9E736
:1069E00010B5828801898BB2408984B2884207D869
:1069F0001B1B9BB2101C9A4200D9181C80B210BD00
:106A00001B1B9BB251005B189BB2F3E703894089C3
:106A1000181A43425841C0B2704710B584880289A1
:106A200093B2418988B2914206D81B1A9BB20020CA
:106A3000A3424041C0B210BD1B1A9BB262009B181A
:106A40009BB2F4E710B5828801898BB2408984B289
:106A5000884206D81B1B9BB29A4208D9D01A80B232
:106A600010BD1B1B9BB251005B189BB2F4E70020CA
:106A7000F6E770B504000D000069002803D001217D
:106A8000494200F0DDFE228992B263899BB229005F
:106A90002000FFF700FE0500618989B2A0882A0066
:106AA000FFF7ECFD60812069002801D000F090FE26
:106AB000280070BD10B50023FFF781FE10BDF8B5AA
:106AC00004000E00C068002803D00121494200F0F4
:106AD000B7FE2589ADB22000FFF79FFF002802D046
:106AE000E779FF0916D0A2882B0001E09B1A9BB220
:106AF0009A42FBD92068E2885204520C5343C018D2
:106B00003100FBF7D5FEA08801222900FFF7B6FD72
:106B100020810127E068002801D000F059FE3800EC
:106B2000F8BD10B50023FFF7A5FE10BD10B5040099
:106B3000C068002803D00121494200F081FE20698D
:106B4000002803D00121494200F07AFE002363812E
:106B50002381E068002801D000F03AFE2069002877
:106B600001D000F035FE012010BD70B504000D000D
:106B7000C068002803D00121494200F061FE20696D
:106B8000002803D00121494200F05AFEED01E379CB
:106B90007F2119402943E171E068002801D000F00D
:106BA00017FE2069002801D000F012FE012070BD00
:106BB000014B18607047C04658160020014B1868FA
:106BC0007047C0465816002010B582B0684600F0E5
:106BD000B9FC0448694600F0BBFC002800D001481D
:106BE00002B010BDE80E002010B5FFF7E7FF04006B
:106BF00000F074FA054B9C4200D010BD23685B6B1B
:106C0000200098470020FFF7D3FFF6E7E80E0020AA
:106C100010B5FFF7D3FF041E06D0200000F042FAA3
:106C2000002808D0002010BDFFF7CEFF041E07D0BB
:106C3000FFF7BEFFF1E7FFF7D7FF01204042F2E781
:106C400001204042EFE7000070B50500154BC45825
:106C5000002C14D02168002906D06368A26812486D
:106C600000F0D6F8002323600C202056002807DA15
:106C70000D20205600280CDA0A4B0022EA5070BD85
:106C800000F0DEF80C20205600F0D0F8FF2323732C
:106C9000EEE700F0D5F80D20205600F0C7F8FF23EE
:106CA0006373E9E74C0800005C9400100160002366
:106CB0008360037301224273837303820022827410
:106CC000C274014A835070474C08000010B5FFF7AA
:106CD000BBFF10BD70B50400D0252D0680235B04DA
:106CE000AB62002200211820F9F768FC80263604E8
:106CF0006E62002200211720F9F760FCAE612100CE
:106D00002000FFF7D3FF002385221201A3540B4A72
:106D1000A3500B4AA3500B4AA3540B4AA3540B4A4B
:106D2000A35405320321A154094AA354094AA35488
:106D3000094A1360094B0122E25470BD5808000053
:106D40005C080000690800006A0800006B08000089
:106D50007108000072080000B417002068080000E5
:106D600010B5040000F0EEF90B4B1B68002B10D09F
:106D70000021200000F0FAF90121200000F0F6F9CE
:106D80002000FFF7A3FF2000FFF7A4FF00F0E4F9C5
:106D900010BD00F0E1F9FBE7B417002010B5054B7A
:106DA0009C466044000D800041180348F9F728FD17
:106DB00010BDC0460000E0AF8417002070B504008D
:106DC0000B7901259D40013D9540F9F7C1FC0B4B26
:106DD000E3181B0D0A4A99008A5829001140A9425C
:106DE00006D107499B00AA435A50F9F7BDFC70BD74
:106DF000044B054A0548CB21FCF75EFE0000E0AFDE
:106E0000841300201C88001070940010D08700109C
:106E100070B50C0015001A0001002000FFF7CEFF2E
:106E200029002000FFF7BAFF70BD000010B5010077
:106E3000024B1800F9F7E4FC10BDC04636270020CD
:106E400010B58201144BD118C30209684B40134995
:106E50000B4013498C4662441360002307E01A017B
:106E6000012181400F4CA446624411600133012B83
:106E7000F5D901228240A021C9050B4BCA508301DC
:106E8000A021C9058C466344DB68DB01F7D480236D
:106E9000DB00CA5010BDC046100000500178000051
:106EA00010100050043400504404000010B50C4B86
:106EB0001B68834207D10B4B99420AD103685B6A76
:106EC0000949984710BD094B094A0A487021FCF747
:106ED000F3FD094B064A07487121FCF7EDFDC0465A
:106EE000B0170020C80E0020B80E00206C880010DB
:106EF000AC9400108C880010E8880010F0B5C646ED
:106F000000B506000F009046FAF7F6FC04000D00ED
:106F1000FA229200002340460021FBF7A3FB001950
:106F20006941002909DBB860F96033685B693900A1
:106F30003000984780BCB846F0BD0120404201496E
:106F4000F1E7C046FFFFFF7F10B50400D0231B060A
:106F50001A68134B1B689B7E9A4215D1114B1B6814
:106F6000002B10D0104A1268002A02D00E49013AB4
:106F70000A6098470C4B1B68002B0BD123689B6958
:106F80000A492000984710BD094B0A4A0A48602167
:106F9000FCF792FD054932222000FFF7AFFFF2E730
:106FA000B0170020B4170020B8170020C80E00202A
:106FB00008890010C89400108C88001010B50200D9
:106FC00002211820F9F716FB10BD000010B5D023E0
:106FD0001B061A680C4B1B689B7E9A420ED10B490C
:106FE000802040224004F9F72DFB0120FFF7E6FF47
:106FF00001210D20F9F7F4FC002010BD044B054AD7
:1070000005484121FCF758FDB01700201D70001005
:1070100008890010D89400108C88001010B5D02377
:107020001B061B68002B04D0084BDB6A9B0702D4AD
:1070300010BD074BF9E70020FFF7C0FF054B1868AC
:1070400003685B6A04499847F2E7C0463041014053
:1070500000410140B0170020B80E002010B5D02329
:107060001B061A680A4B1B689B7E9A4209D10020B6
:10707000FFF7A4FF074980204004F9F703FB002035
:1070800010BD054B054A06484B21FCF715FDC046CF
:10709000B01700201D70001008890010989400108F
:1070A0008C88001010B504000848FFF713FE084B49
:1070B0001C6023681B690749002220009847236849
:1070C000DB69054920009847012010BDBC1700204E
:1070D000B0170020CD6F0010B80E002010B50400CE
:1070E000104B1B68002B16D0834215D103689B6997
:1070F0000D49984723681B6A0C492000984723686C
:107100001B690B490022200098470A48FFF728FE18
:10711000044B00221A6010BD074B084A0848D221D0
:10712000FCF7CAFCB0170020C80E0020B80E0020E3
:107130005D700010BC1700206C8800108494001053
:107140008C88001010B5034B186803685B6898477B
:1071500010BDC046B017002010B5034B1868036877
:107160009B68984710BDC046B0170020704710B507
:10717000303000F04DFB10BD10B504004423C05C5E
:10718000F9F738FC2000383000F012FB10BD10B5C4
:10719000080045230022CA54FFF7EEFF002000211B
:1071A00010BD10B501230B72FFF7E6FF10BD000004
:1071B00010B5030030335B79002B09D03030042345
:1071C000C356D0221206127852B29A4200D110BD94
:1071D0000148F9F7A5FAC04620820010D0B584B066
:1071E0000400FFF7E5FFA27ED0231B061B689A422E
:1071F00031D02C4B2C4A2D48FE21FCF75DFC002B96
:1072000029D1002A34D126E0BB4236D1236C002B91
:1072100001DC04B0D0BD216C206AFAF7C9F9002363
:107220002364F6E7236C002B37DCA662E762452374
:107230000122E254206A0023029301941C4B009324
:1072400032003B00FAF77EF92064236C002BE0DC6F
:1072500045230022E254200000F058FA06000F00F7
:10726000FAF74AFB32003B00121A8B41002BC6DDB5
:10727000104B1A685B68B242C6D04523E35C002B12
:10728000D0D0A26AE36A30003900801A99410029FF
:10729000BFDCC7D10028C5D0BBE7216C206AFAF754
:1072A00087F9C2E7488900108495001070890010A2
:1072B0008F710010088D001010B5040003003033EA
:1072C0005B79012B04D02000303000F0D1FA10BDE2
:1072D000FFF784FFF7E770B504000D0016003030AB
:1072E00000F096FA3000A84705002000FFF7E4FF01
:1072F000280070BD10B5FFF7DFFF10BD70B50400AA
:107300004423C05C002812D0D0231B061B68A27E39
:107310009A420DD10021F9F763FB4425605D0749CE
:10732000F9F7CCFC605DF9F71DFE0023635570BDD5
:10733000034B044A0448B721FCF7BEFBA5730010B9
:10734000E4890010189500107089001070B50400D1
:10735000D0231B061B68827E9A4212D1FFF7CEFF14
:10736000236C002B13DC25003035280000F050FA88
:10737000280000F07DFA482200212000FBF792FA55
:1073800070BD054B054A0648ED21FCF795FB216CC5
:10739000206AFAF70DF9E6E70C8A00102C95001028
:1073A0007089001070B5EFF305832A3B052B19D8BF
:1073B000154A9B009C58002C13D0A27ED0231B069C
:1073C0001B689A4215D1250030350021280000F0B5
:1073D0000FFA002805D06B79012B11D0280000F09E
:1073E00047FA70BD094B0A4A24210A48FF31FCF7CD
:1073F00063FB094B064A932106484900FCF75CFBF6
:107400002000FFF7EBFEE9E75C160020348A00104D
:10741000FC940010708900104889001010B53830B5
:1074200000F04EFA10BD10B510001900EFF30583FF
:10743000002B02D0FAF772FA10BDFAF7FFF8FBE75B
:1074400070B504000D00303000F0E2F92900200092
:1074500000F0EAF805002000FFF72EFF280070BDBD
:1074600070B504000D00303000F0D2F92900200082
:1074700000F0CAF805002000FFF71EFF280070BDCD
:1074800070B504000D00303000F0C2F92900200072
:1074900000F0A9F805002000FFF70EFF280070BDDE
:1074A00070B504000D00303000F0B2F92900200062
:1074B00000F088F805002000FFF7FEFE280070BDF0
:1074C00070B504000D00D0231B061B68827E9A4213
:1074D0001DD10020F9F752FD002824DB4423E0549D
:1074E00003001A3B052B18D8104A9B009C501049EA
:1074F000FF231840F9F7ACFA4426A05D0121F9F703
:107500006FFAA05D2900F9F79FFC012070BD094BBF
:10751000094A0A48A821FCF7CFFA094B064A07484E
:10752000AD21FCF7C9FA0020F0E7C0465C16002048
:10753000A5730010E4890010E89400107089001011
:10754000348A0010FF23037000234360704700005B
:1075500070B504000D0048220021FBF7A3F9154B7C
:10756000236003232383D0231B061B68A3766B6849
:10757000002B15D02362A67E206AFAF75DF88642BA
:1075800012D12000383001220121F9F70DFD200031
:107590003030F9F72EFD29782000FFF791FF70BDFC
:1075A000F9F768FF2062E6E7034B044A0448DE214E
:1075B000FCF782FA98950010648A00105895001024
:1075C0007089001002000832836801E01A001B680D
:1075D000002B04D013688B42F8D1002002E0116028
:1075E0000B600120704702000832836801E01A0036
:1075F0001B68002B06D013688B42F8D10B68136010
:10760000012000E000207047021D436801E01A00DD
:107610001B68002B04D013688B42F8D1002002E0D5
:1076200011600B6001207047021D436801E01A00E1
:107630001B68002B06D013688B42F8D10B681360CF
:10764000012000E000207047F8B506008368002B99
:107650002BD0FAF751F904000D0008239C46B444DE
:10766000002008E0834217D1124B134A13484221ED
:10767000FCF722FA8C4663461968002910D08A6804
:10768000CB6826002F00B61A9F41002FF2DB0C4872
:1076900004684068A242E5D014001D006046E9E796
:1076A000002804D003681A6802601800F8BD0300BF
:1076B000FBE7C046A48A0010D0950010C88A0010CD
:1076C000088D0010F0B583B00F4B1C685D688368AF
:1076D00004E0002B01D1002A0FD10B00002B0FD0AA
:1076E00019689E68DF6822002B00921BBB41009244
:1076F0000193009A019B002BEBDD34003D00ECE789
:107700000461456103B0F0BD088D001070B505003F
:1077100002E04B68280098472800FFF795FF011EFC
:10772000F7D16C6800E02468002C09D0237A002B84
:10773000F9D0002323726368210028009847F2E7FC
:107740002800FFF7BFFF2869696970BD10B583077E
:107750000AD00300032102E001330B4205D01A785E
:10776000002AF9D1181A10BD030019680C4A0D4CF3
:107770008A188A4322420FD15968094A04338A1869
:107780008A43224208D15968054A04338A188A4339
:107790002242F1D000E001331A78002AFBD1E1E760
:1077A000FFFEFEFE80808080F8B5C046000000002D
:1077B00001B40248844601BC604700BF2301002099
:1077C00001B40248844601BC604700BFFD040020AC
:1077D00001B40248844601BC604700BF9503002005
:1077E00001B40248844601BC604700BF450D00203B
:1077F00001B40248844601BC604700BF2502002056
:1078000001B40248844601BC604700BF450D00201A
:1078100001B40248844601BC604700BF6D010020EE
:1078200001B40248844601BC604700BFDD0100206E
:1078300001B40248844601BC604700BFE90500204E
:1078400001B40248844601BC604700BF59030020D0
:1078500001B40248844601BC604700BF25030020F4
:1078600001B40248844601BC604700BF890A002079
:1078700001B40248844601BC604700BFE103002018
:1078800001B40248844601BC604700BF310A0020B1
:1078900001B40248844601BC604700BF6109002072
:1078A00001B40248844601BC604700BF3D0A002085
:1078B00001B40248844601BC604700BF350900207E
:1078C00001B40248844601BC604700BFC1000020EB
:1078D000191D0010451D0010D91E0010952800101C
:1078E000612500100D2800100D1E0010611D0010F4
:1078F000811D0010951D0010111000109D1D00101D
:1079000049180010051D0010D10800107544001022
:04791000B1020010B0
:107918005245414459000000474F5420530000008D
:10792800534554203000000053455420313830006E
:10793800444F4E450000000021656E61626C65642D
:10794800207C7C206972715F6861735F68616E6416
:107958006C657228494F5F4952515F42414E4B3026
:10796800290000002F55736572732F736162726965
:107978006E617069617A7A612F2E7069636F2D73F9
:10798800646B2F73646B2F322E322E302F73726319
:107998002F7270325F636F6D6D6F6E2F68617264E6
:1079A800776172655F6770696F2F6770696F2E63A3
:1079B8000000000021287261775F6972715F6D6154
:1079C800736B5B6765745F636F72655F6E756D2857
:1079D800295D2026206770696F5F6D61736B2900D0
:1079E8007261775F6972715F6D61736B5B676574F4
:1079F8005F636F72655F6E756D28295D202620674D
:107A080070696F5F6D61736B000000006D616E756A
:107A18006661637475726572203D3D204D414E5517
:107A280046414354555245525F52504900000000A8
:107A38002F55736572732F73616272696E61706915
:107A4800617A7A612F2E7069636F2D73646B2F735F
:107A5800646B2F322E322E302F7372632F72703276
:107A68003034302F7069636F5F706C6174666F7249
:107A78006D2F706C6174666F726D2E63000000006C
:107A880070617274203D3D20504152545F52503213
:107A9800000000000A2A2A2A2050414E4943202A81
:107AA8002A2A0A000A00000068775F69735F636C1E
:107AB80061696D656428626974732C206269745FFA
:107AC800696E6465782900002F55736572732F738A
:107AD800616272696E617069617A7A612F2E70696C
:107AE800636F2D73646B2F73646B2F322E322E30BD
:107AF8002F7372632F636F6D6D6F6E2F6861726481
:107B0800776172655F636C61696D2F636C61696D24
:107B18002E6300004E6F207370696E6C6F636B7319
:107B28002061726520617661696C61626C65000034
:107B380030783163203D3D20282A696E7374293ED0
:107B48003E313175000000002F55736572732F7335
:107B5800616272696E617069617A7A612F2E7069EB
:107B6800636F2D73646B2F73646B2F322E322E303C
:107B78002F7372632F7270325F636F6D6D6F6E2F2C
:107B880068617264776172655F6972712F69727179
:107B98002E63000064656C7461203E3D202D3230F8
:107BA80034382026262064656C7461203C3D2032E0
:107BB80030343620262620212864656C74612026FE
:107BC80020312900212864656C7461203E3E2031F3
:107BD8003175290063757272656E74203D3D205FB2
:107BE8005F756E68616E646C65645F757365725FFE
:107BF800697271207C7C2063757272656E74203D99
:107C08003D2068616E646C65720000006972715F86
:107C180068616E646C65725F636861696E5F6672E5
:107C280065655F736C6F745F68656164203E3D20B5
:107C380030000000767461626C655F68616E646C28
:107C48006572203D3D205F5F756E68616E646C658E
:107C5800645F757365725F69727100002128282856
:107C68002875696E747074725F742972656D6F76A9
:107C7800655F7468756D625F6269742876746162A5
:107C88006C655F68616E646C65722929202D2028F7
:107C98002875696E747074725F74296972715F688F
:107CA800616E646C65725F636861696E5F736C6F47
:107CB8007473292920252073697A656F662873747F
:107CC80072756374206972715F68616E646C657245
:107CD8005F636861696E5F736C6F742929000000C7
:107CE80021657863657074696F6E207C7C20657887
:107CF80063657074696F6E203D3D206E756D202B35
:107D080020565441424C455F46495253545F4952AC
:107D18005100000066616C736500000069735F7351
:107D280068617265645F6972715F7261775F6861CB
:107D38006E646C657228736C6F745F68616E646CD6
:107D480065722900657863657074696F6E0000005C
:107D5800666F756E640000004E6F20757365722043
:107D6800495251732061726520617661696C616264
:107D78006C65000031203D3D202875696E74707473
:107D8800725F74296C2D3E7370696E5F6C6F636BE4
:107D9800000000002F55736572732F73616272695A
:107DA8006E617069617A7A612F2E7069636F2D73C5
:107DB800646B2F73646B2F322E322E302F737263E5
:107DC8002F636F6D6D6F6E2F7069636F5F73796E60
:107DD800632F6D757465782E63000000746F74618D
:107DE8006C0000006D74782D3E636F72652E7370A1
:107DF800696E5F6C6F636B006C6F636B5F69735F59
:107E08006F776E65725F69645F76616C6964286D0F
:107E180074782D3E6F776E65722900006D74782D29
:107E28003E656E7465725F636F756E740000000066
:107E3800706F6F6C2D3E74696D65725F616C6172F5
:107E48006D5F6E756D203D3D2074696D65725F6173
:107E58006C61726D5F6E756D000000002F55736563
:107E680072732F73616272696E617069617A7A6187
:107E78002F2E7069636F2D73646B2F73646B2F32B1
:107E88002E322E302F7372632F636F6D6D6F6E2FCE
:107E98007069636F5F74696D652F74696D652E63B2
:107EA8000000000064656661756C745F616C6172E6
:107EB8006D5F706F6F6C5F696E697469616C697A08
:107EC8006564282900000000417474656D7074654C
:107ED8006420746F20736C65657020696E736964C3
:107EE80065206F6620616E20657863657074696FC0
:107EF8006E2068616E646C65723B207573652062E4
:107F08007573795F7761697420696620796F752068
:107F18006D75737400000000486172647761726562
:107F280020616C61726D20256420616C72656164EA
:107F38007920636C61696D656400000076636F5F2A
:107F480066726571203E3D205049434F5F504C4C4E
:107F58005F56434F5F4D494E5F465245515F485A01
:107F68002026262076636F5F66726571203C3D206F
:107F78005049434F5F504C4C5F56434F5F4D4158FB
:107F88005F465245515F485A000000002F557365FF
:107F980072732F73616272696E617069617A7A6156
:107FA8002F2E7069636F2D73646B2F73646B2F3280
:107FB8002E322E302F7372632F7270325F636F6DA3
:107FC8006D6F6E2F68617264776172655F706C6C3B
:107FD8002F706C6C2E6300006662646976203E3DEB
:107FE800203136202626206662646976203C3D20B2
:107FF8003332300028706F73745F64697631203EC5
:108008003D203120262620706F73745F64697631B5
:10801800203C3D2037292026262028706F73745F66
:1080280064697632203E3D203120262620706F7309
:10803800745F64697632203C3D20372900000000D7
:108048007265665F66726571203C3D202876636FB5
:108058005F66726571202F20313629006D69737350
:10806800696E6720646F75626C652066756E6374EF
:10807800696F6E002A282875696E74385F74202A23
:1080880029282828766F6964202A29726F6D5F7401
:1080980061626C655F666C6F6174292D32292920D5
:1080A8002A2034203E3D2053465F5441424C455FD0
:1080B80056325F53495A45002F55736572732F73B3
:1080C800616272696E617069617A7A612F2E706976
:1080D800636F2D73646B2F73646B2F322E322E30C7
:1080E8002F7372632F7270325F636F6D6D6F6E2FB7
:1080F8007069636F5F646F75626C652F646F75621A
:108108006C655F696E69745F726F6D5F7270323033
:1081180034302E63000000002A282875696E7438F0
:108128005F74202A29726F6D5F7461626C652D32ED
:1081380029202A2034203E3D2053465F5441424C9A
:10814800455F56325F53495A450000002F55736505
:1081580072732F73616272696E617069617A7A6194
:108168002F2E7069636F2D73646B2F73646B2F32BE
:108178002E322E302F7372632F7270325F636F6DE1
:108188006D6F6E2F7069636F5F666C6F61742F66B9
:108198006C6F61745F696E69745F726F6D5F727026
:1081A800323034302E630000446562756700000089
:1081B800626F6F74325F773235713038300000008B
:1081C800302E3100322E322E300000007069636F7D
:1081D8005F770000636C61775F636F6E74726F6CBA
:1081E8006C657276330000004170722031332032A2
:1081F80030323600666E692B00000000666E69003A
:108208006E616E00666E692D000000002C20667598
:108218006E6374696F6E3A200000000061737365C5
:108228007274696F6E2022257322206661696C65FD
:10823800643A2066696C6520222573222C206C69BB
:108248006E65202564257325730A0000726300009B
:108258002F55736572732F73616272696E617069ED
:10826800617A7A612F2E7069636F2D73646B2F7337
:10827800646B2F322E322E302F7372632F7270324E
:108288005F636F6D6D6F6E2F7069636F5F7374647A
:10829800696F2F737464696F2E6300002F557365BF
:1082A80072732F73616272696E617069617A7A6143
:1082B8002F2E7069636F2D73646B2F73646B2F326D
:1082C8002E322E302F7372632F7270325F636F6D90
:1082D8006D6F6E2F7069636F5F737464696F5F751C
:1082E80073622F737464696F5F7573622E63000025
:1082F80055534220737464696E202F207374646F21
:1083080075740000526173706265727279205069E9
:10831800000000005069636F00000000426F617246
:1083280064204344430000005265736574000000F4
:108338006C656E203E2030002F55736572732F7365
:10834800616272696E617069617A7A612F2E7069F3
:10835800636F2D73646B2F73646B2F322E322E3044
:108368002F7372632F7270325F636F6D6D6F6E2F34
:108378007069636F5F756E697175655F69642F7584
:108388006E697175655F69642E630000636F6E6E58
:108398006563745F696E7465726E616C5F666C614B
:1083A80073685F66756E6320262620666C61736845
:1083B8005F657869745F7869705F66756E6320269B
:1083C8002620666C6173685F666C7573685F6361AD
:1083D8006368655F66756E6320262620666C617328
:1083E800685F656E7465725F636D645F7869705FFE
:1083F80066756E63000000002F55736572732F73E6
:10840800616272696E617069617A7A612F2E706932
:10841800636F2D73646B2F73646B2F322E322E3083
:108428002F7372632F7270325F636F6D6D6F6E2F73
:1084380068617264776172655F666C6173682F66E4
:108448006C6173682E630000666C6173685F6F66A9
:108458006673202B20636F756E74203C3D20504955
:10846800434F5F464C4153485F53495A455F425911
:1084780054455300636F6E6E6563745F696E74650F
:10848800726E616C5F666C6173685F66756E63209F
:10849800262620666C6173685F657869745F786901
:1084A800705F66756E6320262620666C6173685F50
:1084B80072616E67655F65726173655F66756E632D
:1084C80020262620666C6173685F666C7573685F2A
:1084D80063616368655F66756E630000636F6E6EE7
:1084E8006563745F696E7465726E616C5F666C61FA
:1084F80073685F66756E6320262620666C617368F4
:108508005F657869745F7869705F66756E63202649
:108518002620666C6173685F72616E67655F707252
:108528006F6772616D5F66756E6320262620666CC4
:108538006173685F666C7573685F63616368655FC4
:1085480066756E6300000000636F6E6E6563745F2E
:10855800696E7465726E616C5F666C6173685F6684
:10856800756E6320262620666C6173685F6578697E
:10857800745F7869705F66756E6320262620666C66
:108588006173685F666C7573685F63616368655F74
:1085980066756E63000000006E6578745F627566CC
:1085A8006665725F707472203C207573625F6470D8
:1085B80072616D2D3E6570785F64617461202B2057
:1085C80073697A656F66287573625F647072616D2E
:1085D8002D3E6570785F6461746129002F5573655D
:1085E80072732F73616272696E617069617A7A6100
:1085F8002F2E7069636F2D73646B2F73646B2F322A
:108608002E322E302F6C69622F74696E7975736201
:108618002F7372632F706F727461626C652F726151
:108628007370626572727970692F7270323034308B
:108638002F6463645F7270323034302E6300000040
:10864800556E68616E646C656420495251203078BB
:1086580025780A007268706F7274203D3D203000E2
:1086680021286275665F6374726C20262055534218
:108678005F4255465F4354524C5F46554C4C290067
:108688002F55736572732F73616272696E617069B9
:10869800617A7A612F2E7069636F2D73646B2F7303
:1086A800646B2F322E322E302F6C69622F74696EF4
:1086B800797573622F7372632F706F727461626C55
:1086C800652F72617370626572727970692F72704A
:1086D800323034302F7270323034305F7573622E1E
:1086E800630000006275665F6374726C2026205513
:1086F80053425F4255465F4354524C5F46554C4C7B
:108708000000000065702025303258207761732002
:10871800616C726561647920617661696C61626C13
:108728006500000043616E277420636F6E74696E84
:1087380075652078666572206F6E20696E61637456
:108748006976652065702025303258005741524EB1
:108758003A207374617274696E67206E657720744D
:1087680072616E73666572206F6E20616C726561EE
:1087780064792061637469766520657020253032DC
:10878800580D0A0025732025643A20415353455259
:1087980054204641494C45440D0A000070726F67E9
:1087A80072616D2D3E6C656E677468203C3D20508B
:1087B800494F5F494E535452554354494F4E5F43B6
:1087C8004F554E54000000002F55736572732F7378
:1087D800616272696E617069617A7A612F2E70695F
:1087E800636F2D73646B2F73646B2F322E322E30B0
:1087F8002F7372632F7270325F636F6D6D6F6E2FA0
:1088080068617264776172655F70696F2F70696FF4
:108818002E63000070726F6772616D5F6D61736BBC
:10882800203D3D20285F757365645F696E737472BF
:10883800756374696F6E5F73706163655B70696F90
:108848005F6765745F696E6465782870696F295D14
:1088580020262070726F6772616D5F6D61736B297E
:1088680000000000636F6E74657874203D3D2063DE
:10887800797734335F6173796E635F636F6E7465A4
:10888800787400002F55736572732F736162726973
:108898006E617069617A7A612F2E7069636F2D73CA
:1088A800646B2F73646B2F322E322E302F737263EA
:1088B8002F7270325F636F6D6D6F6E2F7069636FAB
:1088C8005F63797734335F6472697665722F637991
:1088D8007734335F6472697665722E630000000036
:1088E800776F726B6572203D3D2026736C656570ED
:1088F8005F74696D656F75745F776F726B65720011
:108908006765745F636F72655F6E756D2829203DBA
:108918003D206173796E635F636F6E746578745F11
:10892800636F72655F6E756D2863797734335F6145
:1089380073796E635F636F6E7465787429000000E5
:1089480073656C662D3E636F72652E636F72655F2B
:108958006E756D203D3D206765745F636F72655F5E
:108968006E756D28290000002F55736572732F737B
:10897800616272696E617069617A7A612F2E7069BD
:10898800636F2D73646B2F73646B2F322E322E300E
:108998002F7372632F7270325F636F6D6D6F6E2FFE
:1089A8007069636F5F6173796E635F636F6E74651F
:1089B80078742F6173796E635F636F6E7465787412
:1089C8005F746872656164736166655F6261636B39
:1089D80067726F756E642E63000000006765745FD0
:1089E800636F72655F6E756D2829203D3D20736544
:1089F8006C662D3E636F72652E636F72655F6E7570
:108A08006D0000006765745F636F72655F6E756DFA
:108A18002829203D3D2073656C665F626173652D72
:108A28003E636F72655F6E756D000000696E646508
:108A380078203C20636F756E745F6F662861737968
:108A48006E635F636F6E74657874735F62795F7568
:108A58007365725F697271290000000073656C6646
:108A68002D3E636F72652E636F72655F6E756D2044
:108A78003D3D20616C61726D5F706F6F6C5F636FFD
:108A880072655F6E756D2873656C662D3E616C61ED
:108A9800726D5F706F6F6C29000000002169735F51
:108AA80061745F7468655F656E645F6F665F746943
:108AB8006D65286561726C69657374290000000032
:108AC8002F55736572732F73616272696E61706975
:108AD800617A7A612F2E7069636F2D73646B2F73BF
:108AE800646B2F322E322E302F7372632F727032D6
:108AF8005F636F6D6D6F6E2F7069636F5F61737900
:108B08006E635F636F6E746578742F6173796E63DB
:108B18005F636F6E746578745F626173652E63005E
:108B28006770696F5F72656D6F76655F7261775F99
:108B38006972715F68616E646C65725F6D61736B99
:108B4800656400006770696F5F6164645F72617774
:108B58005F6972715F68616E646C65725F77697472
:108B6800685F6F726465725F7072696F7269747939
:108B78005F6D61736B6564006770696F5F736574BF
:108B88005F6972715F656E61626C65640000000008
:108B98007270323034305F636869705F7665727303
:108BA800696F6E0068775F636C61696D5F636C65A0
:108BB800617200006972715F6164645F7461696CFD
:108BC8005F746F5F667265655F6C6973740000003F
:108BD800696E736572745F626C5F33320000000007
:108BE8006972715F72656D6F76655F68616E646CDE
:108BF800657200006D616B655F6A5F313600000069
:108C08007265736F6C76655F6A5F313600000000CD
:108C18006972715F6164645F7368617265645F68DB
:108C2800616E646C657200006972715F7365745F70
:108C38006578636C75736976655F68616E646C6589
:108C4800720000007265637572736976655F6D7591
:108C58007465785F65786974000000006D757465E7
:108C6800785F6578697400006D757465785F656E06
:108C78007465725F626C6F636B5F756E74696C00AC
:108C88007265637572736976655F6D757465785F13
:108C98007472795F656E7465720000007265637541
:108CA80072736976655F6D757465785F656E7465F6
:108CB800725F626C6F636B696E67000072756E74C9
:108CC800696D655F696E69745F6D757465780000BC
:108CD800616C61726D5F706F6F6C5F6765745F6404
:108CE800656661756C740000616C61726D5F706FB0
:108CF8006F6C5F6972715F68616E646C65720000A9
:108D0800FFFFFFFFFFFFFF7F706C6C5F696E697488
:108D1800000000005F5F61656162695F646F756292
:108D28006C655F696E6974005F5F61656162695F48
:108D3800666C6F61745F696E69740000060052505A
:108D4800D3F07542B081001006005250E182887F4E
:108D5800B8810010060052503ABCA911C881001011
:108D680006005250ABB36053CC810010060052503D
:108D7800BBFF3CB6D481001006005250861C03028B
:108D8800DC810010060052505422A29DF081001090
:108D980005005250DE65F4684CA4001052340010EF
:108DA8006A3400106A3400105E3400106A3400100F
:108DB8006A3400106A3400106A3400106A340010F3
:108DC8006A3400106A340010463400106A34001007
:108DD8003A3400106A3400106A3400102E3400103F
:108DE8004A3500107A3500109C3500107A3500108D
:108DF800243500107A3500107A3500107A350010C5
:108E08007A3500107A3500107A3500107A3500105E
:108E18006C3500107A3500107A3500107A3500105C
:108E28007A3500107A350010AC350010303A001051
:108E3800463A0010463A0010463A0010463A0010EA
:108E4800463A0010463A0010463A0010463A0010DA
:108E5800463A0010463A0010463A0010463A0010CA
:108E6800463A0010463A0010463A0010463A0010BA
:108E7800463A0010463A0010463A0010463A0010AA
:108E8800463A0010463A0010463A0010463A00109A
:108E9800463A0010463A0010463A0010463A00108A
:108EA800463A0010463A0010463A00105E38001064
:108EB8001A3800105E380010463A0010463A001082
:108EC800463A0010463A0010463A0010463A00105A
:108ED800463A0010463A0010463A0010463A00104A
:108EE800463A0010463A0010463A0010463A00103A
:108EF800463A0010463A0010FA350010463A00107B
:108F0800463A0010463A0010463A0010463A001019
:108F1800463A0010463A0010463A0010463A001009
:108F2800FA350010B6380010FA3500105E38001017
:108F38001A3800105E380010000000000000F03FF2
:108F4800000000000000244000000000000059401C
:108F58000000000000408F40000000000088C3406F
:108F680000000000006AF8400000000080842E41E4
:108F780000000000D01263410000000084D7974130
:108F88000000000065CDCD41737464696F5F67654B
:108F980074636861725F74696D656F75745F75730A
:108FA800000000000D0A000000000000793E0010DB
:108FB800000000007D3E0010893E0010C13E0010F8
:108FC800BD3E0010000000000A000000000003067B
:108FD800A6000800020002009C0014000300574984
:108FE8004E555342000000000000000000008000C1
:108FF8000400010028004400650076006900630051
:10900800650049006E00740065007200660061002A
:1090180063006500470055004900440000004E0009
:109028007B006200630037003300390038006300BA
:1090380031002D0037003300630064002D00340038
:109048006300620037002D003900380062003800E4
:109058002D003900310033006100380066006300DC
:10906800610037006200660036007D0000000000E5
:10907800050F2100011C100500DF60DDD88945C7F8
:109088004C9CD2659D9E648A9F00000306A6000141
:10909800000000000600525053B4F4A1F8820010FA
:1090A800737464696F5F7573625F696E69740000D9
:1090B800000000000C8300101C83001024270020EF
:1090C800248300103083001009025400030100803B
:1090D8007D080B00020202000009040000010202E0
:1090E80000040524002001052401000104240206CF
:1090F8000524060001070581030800100904010082
:10910800020A00000007050202400000070582026B
:109118004000000904020000FF00010512011002CE
:10912800EF0201408A2E0A0000010102030100003B
:109138007069636F5F6765745F756E697175655F88
:10914800626F6172645F69645F737472696E6700ED
:10915800666C6173685F646F5F636D640000000034
:109168006463645F656470745F78666572000000AC
:109178006463645F7365745F6164647265737300CC
:109188006463645F696E745F656E61626C6500003C
:1091980068775F656E64706F696E745F616C6C6F21
:1091A800630000006463645F696E69740000000016
:1091B80073796E635F65705F6275666665720000DD
:1091C800564C0010B64B0010F24B0010264C001005
:1091D800564C0010564C0010424C0010F24B001038
:1091E800564C0010564C0010564C0010564C0010AF
:1091F800564C0010564C0010564C0010D84B00101E
:10920800780B0020780B00205A0B00201A0C002045
:10921800BC0B0020D00B0020040D0020B051001022
:109228008A5100104253001064510010425300103C
:10923800B45000105851001042530010D050001084
:10924800E8500010A253001094530010E653001089
:109258001A550010E4540010FC540010F453001088
:10926800645400100C550010757362645F65647077
:10927800745F786665720000757362645F65647018
:10928800745F6F70656E0000757362645F6F706500
:109298006E5F656470745F70616972007175657581
:1092A800655F6576656E740070726F636573735F72
:1092B8006765745F64657363726970746F720000C8
:1092C80070726F636573735F7365745F636F6E66E7
:1092D8006967000070726F636573735F636F6E74A4
:1092E800726F6C5F7265717565737400636F6E661B
:1092F800696775726174696F6E5F72657365740012
:109308007475645F7461736B5F6578740000000046
:109318007475645F7268706F72745F696E697400E7
:1093280000000000D9590010855A0010CD5A0010CD
:109338003D5B0010295C0010655D00100000000016
:1093480000000000095F0010A55F0010D95F001041
:1093580029600010293F001075610010000000000E
:10936800757362645F636F6E74726F6C5F78666545
:10937800725F6362000000007475645F636F6E74EF
:10938800726F6C5F786665720000000063646364E6
:109398005F786665725F63620000000063646364FF
:1093A8005F6F70656E0000007475645F6364635F6F
:1093B8006E5F77726974655F666C7573680000002C
:1093C80076656E646F72645F6F70656E0000000092
:1093D80074755F656470745F73747265616D5F72D4
:1093E8006561645F786665720000000074755F658A
:1093F8006470745F73747265616D5F7772697465A8
:109408005F7866657200000074755F656470745FEC
:1094180073747265616D5F77726974655F7A6C7079
:109428005F69665F6E6565646564000074755F6595
:109438006470745F76616C69646174650000000033
:10944800747573625F7268706F72745F696E697445
:10945800000000006494001006FF00000160401046
:1094680080E042B00140841070696F5F72656D6F73
:1094780076655F70726F6772616D0000637977342B
:10948800335F6472697665725F6465696E697400DA
:1094980063797734335F6972715F6465696E697483
:1094A8000000000063797734335F736C6565705F23
:1094B80074696D656F75745F726561636865640072
:1094C80063797734335F646F5F706F6C6C00000092
:1094D80063797734335F6972715F696E697400000C
:1094E8006C6F775F7072696F5F6972715F696E69BF
:1094F800740000006C6F775F7072696F72697479BD
:109508005F6972715F68616E646C6572000000006B
:109518006C6F775F7072696F5F6972715F6465699C
:109528006E6974006173796E635F636F6E746578DA
:10953800745F746872656164736166655F626163B4
:109548006B67726F756E645F6465696E697400003D
:109558006173796E635F636F6E746578745F746846
:1095680072656164736166655F6261636B67726F80
:10957800756E645F696E69740000000070726F63D5
:109588006573735F756E6465725F6C6F636B000003
:10959800020000006F710010F5720010B171001028
:1095A800D7720010A174001081740010617400104B
:1095B80041740010A371001000000000277400100F
:1095C8001D7400104D7300106173796E635F636FD3
:1095D8006E746578745F626173655F72656D6F76CE
:1095E800655F72656164795F61745F74696D655FF9
:0895F800776F726B65720000D1
:10960000448D0010508D00105C8D0010688D00108E
:10961000748D0010808D00108C8D0010988D0010BE
:049620009C9000100A
:10962400F8B5CE46474680B50500914698462F6862
:10963400EFF3108472B63E68002EFCD0BFF35F8F48
:109644000423EE5E002E0EDC2B68BFF35F8F002236
:109654001A6084F310884846414600F03DFE002815
:10966400E5D0002009E0013EAE802B68BFF35F8F98
:1096740000221A6084F310880120C0BCB946B046A9
:10968400F8BD10B50168EFF3108372B60A68002ABA
:10969400FCD0BFF35F8F0421425E0624015F8A423F
:1096A4000BDA013282800268BFF35F8F0021116000
:1096B40083F3108840BF012010BD0268BFF35F8FA1
:1096C4000021116083F310880020F5E710B5D02342
:1096D4001B0600241C570DE0154B164A1648592149
:1096E40000F02AFE0268BFF35F8F0021116083F34C
:1096F400108820BF0168EFF3108372B60A68002A4D
:10970400FCD0BFF35F8F04228256A24201D0002A0C
:10971400E8DA047142790132D2B242710168BFF3CE
:109724005F8F0020086083F31088002AD4D010BD16
:10973400E47D0010A48C00109C7D001010B5030083
:109744000468EFF3108272B620680028FCD0BFF3DF
:109754005F8F0420185600280BDB002910D0086006
:1097640000201B68BFF35F8F0021196082F310880B
:1097740010BDD0210906097849B219710120F0E71A
:109784000020EEE770B50300D02212060020105628
:109794001D68EFF3108472B62A68002AFCD0BFF368
:1097A4005F8F04229A56002A06DB824204D00029E5
:1097B40018D00A60002007E018715A790132D2B239
:1097C4005A71002A08D001201B68BFF35F8F002262
:1097D4001A6084F3108870BD034B044A0448862140
:1097E40000F0AAFD0020EFE7E47D0010888C001053
:1097F4009C7D0010F0B5D6464F464646C0B50500E0
:10980400904699460368002B20D0D0231B061B7872
:109814005BB29A462F68EFF3108472B63E68002E4E
:10982400FCD0BFF35F8F0423EB56002B14DB2B68B3
:10983400BFF35F8F00221A6084F3108840464946C4
:1098440000F04AFD0028E5D000200FE00A4B0B4A47
:109854000B48A62100F070FD53462B712B68BFF313
:109864005F8F00221A6084F310880120E0BCBA469E
:10987400B146A846F0BDC046EC7D0010708C0010C7
:109884009C7D001070B582B0060015001C0001A973
:10989400FFF754FF002807D1019B5BB2D0221206C8
:1098A400127852B2934201D102B070BD2A00230053
:1098B4003000FFF79FFFF7E7F8B506000F0000F050
:1098C400FBFC04000D00FA22920000233800002162
:1098D40000F0FAFC22002B0012184B41002B03DB92
:1098E4003000FFF787FFF8BD01225242004BF7E733
:1098F400FFFFFF7F10B50168EFF3108372B60A68AB
:10990400002AFCD0BFF35F8F04228256002A0ADBB0
:10991400FF2202710268BFF35F8F0021116083F39D
:10992400108840BF10BD034B034A0448D52100F002
:1099340003FDC046007E0010648C00109C7D001066
:1099440010B50168EFF3108272B60B68002BFCD0DF
:10995400BFF35F8F0423C356002B12DB4379002B24
:1099640015D0013BDBB24371002B16D1FF330371D9
:109974000368BFF35F8F0021196082F3108840BF32
:1099840010BD0A4B0A4A0B48DC2100F0D5FC0A4BF7
:10999400074A0848DD2100F0CFFC0368BFF35F8F5E
:1099A4000021196082F31088EAE7C046007E0010A7
:1099B4004C8C00109C7D0010247E0010094B1B78F9
:1099C400002B08D00CE09A00802149055118086842
:1099D4000549505001333F2BF5DD024B01221A702B
:1099E4007047C0463B2700207416002010B5014B79
:1099F400984710BD75160020002305E09A0004491D
:109A04005118496811500133052BF7D97047C046E6
:109A14000000024010B5002206E093001958044CDF
:109A2400A446634459600132052AF6D910BDC046E4
:109A34000000024000280AD003231B02054A1268D2
:109A44005340C02292001340034A1360704702231C
:109A5400F3E7C0460C8001400C900140F0B5D646B7
:109A64004F464646C0B586B007000E0015001823C1
:109A74009A461B881422904610882D49984781469F
:109A840053461B88424610882A4998470400534687
:109A94001B88424610882849984780464B46002B2D
:109AA4000FD0002C0DD000280BD0FFF787FF68469D
:109AB400FFF7A2FFC847A0470020FFF7BBFF2A001B
:109AC40010E01E4B1E4A8A211E48490000F034FC57
:109AD400002B07D0002A05D0C0235B051B6E337012
:109AE400013A01362B00134312D0C0235B059C6A54
:109AF40008232340A407EBD5002DE9D0511B0D29E1
:109B0400E6D83878C02149050866013D0137DFE70A
:109B14000120FFF78FFFC047FFF768FF6846FFF794
:109B240079FF06B0E0BCBA46B146A846F0BDC046CF
:109B34004946000045580000464300005085001087
:109B4400589100100084001010B5002308E0013380
:109B5400DA00002108481150844662445160DBB2A7
:109B64000E2BF4D90548F0229200002100F09CFB52
:109B7400034B044A1A6010BD000010500C21002051
:109B8400D024002080011050F0B5CE46474680B561
:109B940085B0214B9F6D0024012603E0B743760076
:109BA4000134E4B2002F31D01F2C2FD83E42F6D01E
:109BB4001A4B9E65630899460123234001225340B2
:109BC400DBB298464B465D0045446D01144BED18DD
:109BD400280000F047FA0028E0D0114A4B465B0009
:109BE40043445B01D3189978DA8A01A80023984684
:109BF400037007334370017182604346437101214E
:109C040000F050FA280000F0C3F9C7E705B0C0BC63
:109C1400B946B046F0BDC0460000115000301150A6
:109C2400CC200020F0B5CE46474680B585B0754AB5
:109C34009823D55880239B022F001F401D4245D0F6
:109C4400714B9A6A714B1A600024002109E0704B31
:109C54005B183C3300221A7000F0C6F9310001345D
:109C6400E4B20F2C18D8A60130002030684BC0187D
:109C74009B193B331B78022BF1D1654B9B193A336B
:109C84001E78002EEBD0624BA1015B183C331B788D
:109C9400002BDCD13100E2E7002908D15D4B1B78B1
:109CA400002B04D15C4A903380218902D150554B5A
:109CB4009B6C5B055B0D01A80022027003324270AD
:109CC4004360012100F0EEF98027BF02EB0606D4C1
:109CD400EB0351D580235B021F43002419E01023BA
:109CE4001F43FFF751FFF3E7022399461EE04B4B56
:109CF4004A461A66434B5B6E4A4613409945F9D16E
:109D040018E0434B424652019B180122DA70013499
:109D1400E4B2012C20D8A04666013D4BF618B37E70
:109D2400002BEED0002CDFD00123994600F0DCFAA2
:109D34000128DCD8C02292010021300000F02EF965
:109D4400300000F025F900F0CFFA0128D9D9324BC0
:109D54004A465A661A66D4E701A8002303700633FC
:109D640043702F4A02AB12CA12C3012100F09AF9C0
:109D7400294B802292021A65EB040AD46B041DD489
:109D84002B042AD4AF4238D105B0C0BCB946B04682
:109D9400F0BD80235B011F4300241A4B1C60FFF7B6
:109DA400D3FE01A80470012343700471012100F063
:109DB40079F9194B802212031A65DFE78023DB014E
:109DC4001F4301A80023037004334370012100F0F2
:109DD40069F9114B10221A65D2E780231B021F4335
:109DE40001A80023037005334370012100F05AF9E0
:109DF400094B802212011A65C4E7390069400948F9
:109E040000F0A2FA0000115000400540C4200020D8
:109E1400CC200020392700200030115000201150A0
:109E24000000105048860010F8B504000F00838A23
:109E3400028B1E1C934200D9161CB6B29B1BA38234
:109E44008022D2003243E378002B13D08025AD0169
:109E5400154301225340E3706378002B0CD0A38A8E
:109E6400002B02D18023DB011D43002F00D02D04E1
:109E74002800F8BD0025EBE7E068BB01C0182169A4
:109E8400320000F041FA23699B19236180231B02ED
:109E94001D43E4E7094B1B6C9B070CD48378DB0957
:109EA400012B01D0002007E0C37E022B01D000204B
:109EB40002E0012000E000207047C046000011507D
:109EC40010B5FFF7E7FF002809D0064B9B6A064A46
:109ED40012689B1A054A94466344C62B00D810BDE9
:109EE4000020FCE700400540C4200020E0FCFFFF08
:109EF40070B5040083681B68002900D01B0C9D0505
:109F0400AD0D6278002A11D11B0409D4E38A5B19D0
:109F1400E382238BAB4201D90023A382280070BDC6
:109F24000D4B0E4A0E48E82100F006FA1B040DD52D
:109F34002069E368890159182A0000F0E5F9E38AE9
:109F44005B19E38223695B192361E2E7054B034A4A
:109F54000348EE2100F0F0F968860010B891001073
:109F640088860010EC86001010B5040083681B6816
:109F74000021FFF7BDFF63681B685B0002D5238BDC
:109F8400834200D010BD01212000FFF7B1FFF9E7A3
:109F9400002383768382C3820361704710B500294E
:109FA40002D083681B681940002A10D0114352055F
:109FB4000DD5826813685B050CD4084B0B40136005
:109FC400074B1B6C9B0702D40C23033BFDD2836815
:109FD400196010BD8178034800F0B6F9FFFBFFFF5C
:109FE400000011500C87001070B5040043681E680F
:109FF4000021FFF719FF80256D010543164B1B6CEB
:10A004009B0715D5A3785B0617D10023A28A002AE3
:10A0140001D0002B15D0114B1E4080239B053343E8
:10A02400626813602A0000212000FFF7B7FF70BDAB
:10A03400A378DB0903D10133E8E70123E6E7002332
:10A04400E4E701212000FFF7EFFE0543044A324014
:10A05400A023DB051343E3E700001150FFFFFFAF2C
:10A06400FFFFFFDF70B50400857E002D06D0FFF7EB
:10A074007BFFA38A002B05D1280070BD8178084896
:10A0840000F062F92000FFF71BFF051E03D0012337
:10A0940023770025F0E72000FFF7A6FFECE7C04692
:10A0A4002C87001070B584B006000D004378062B91
:10A0B40012D89B00724AD3589F46724B1A780121DA
:10A0C4008A431A701A7801318A431A7000225A702E
:10A0D4001A7802318A431A706B4B1C686269EFF379
:10A0E400108172B61368002BFCD0BFF35F8FA1619F
:10A0F4003100200000F010F96269A369BFF35F8F9B
:10A104000021116083F31088002800D1B0E030787A
:10A1140071782A0000F008F904B070BD594B1B781F
:10A12400DB07F9D5574A137804210B431370D3E79F
:10A13400544B1B78DB07EFD5524A137804218B4329
:10A144001370C9E79B1A5B01504A9B18DB69002B0B
:10A1540002D03078716898470134E4B24C4B1A78D5
:10A164002300511CA1420ADBA242EBD9494B1B68D4
:10A1740062019B18002BE9D1EEE70024EEE7414B86
:10A184001B785B072ED53F4A137804218B43137049
:10A1940001AC0C220021200000F086F833782370F3
:10A1A40005236370384B1C686269EFF3108172B643
:10A1B4001368002BFCD0BFF35F8FA16101A92000BD
:10A1C40000F0AAF86269A369BFF35F8F00211160F0
:10A1D40083F31088002837D001AB187859782A0007
:10A1E40000F0A2F8274BDB78DB0700D494E701AC3E
:10A1F4000C220021200000F057F833782370032349
:10A20400637073680293204B1C686269EFF31081DA
:10A2140072B61368002BFCD0BFF35F8FA16101A954
:10A22400200000F079F86269A369BFF35F8F002111
:10A23400116083F3108800280DD001AB1878597889
:10A244002A0000F071F867E7662213491348FF32C9
:10A2540000F052F8C6E766220F491048FF3200F0BA
:10A264004BF859E70E4A13780133DBB2137033E726
:10A27400662209490948FF3200F03EF84CE7C0461F
:10A284000892001068120020C012002028930010C9
:10A2940038270020B8100020A49200108C870010EA
:10A2A4003A2700207047C04601B40248844601BCE6
:10A2B400604700BFA528001001B40248844601BCD1
:10A2C400604700BFF918001001B40248844601BC7D
:10A2D400604700BF6526001001B40248844601BCF3
:10A2E400604700BF2517001001B40248844601BC32
:10A2F400604700BFCD06001001B40248844601BC8B
:10A30400604700BF613E001001B40248844601BCAE
:10A31400604700BF8148001001B40248844601BC74
:10A32400604700BFBF6A001001B40248844601BC04
:10A33400604700BF954B001001B40248844601BC3D
:10A34400604700BFB93A001001B40248844601BC1A
:10A35400604700BF2107001010000000000000004B
:10A3640000000100000000000000000000000200E6
:10A3740000000000000000000000030000000000D6
:10A38400000000000000FF000000000001B5486864
:10A3940001318E460047704609380149884701BD9E
:10A3A400710E00100000000000000000000000001A
:10A3B4000000000000000000300F0020000000003A
:10A3C400503300004C33000054330000523300007B
:10A3D4004D5300004D43000053340000433400004B
:10A3E40011430010AD3F001079420010993F001056
:10A3F4000000000000010000C412002010000C0046
:10A404000000000000000000000000000000000048
:10A4140000000000FF00000000000000496F001071
:10A42400000000000000000000000000AD6E0010FD
:10A434000000000000000000000000000000000018
:08A44400000000000000000010
:04000005100001E9FD
:00000001FF
